dataset,texture_type,model,method,param_id,screen_sigma_px,screen_sigma_screen,cone_sigma_deg,cone_radius_sigma_mult,status,error_type,error_message,elapsed_sec,report_path,stdout_log_path,gt_file,gt_match_type,n_vertices,n_faces,n_gt_covered,gt_coverage_pct,gt_smoothed,num_points,num_frames_with_points,projection_fov_mode,input_fov_deg,effective_vertical_fov_deg,nonzero_verts_or_faces,culled_back,hit_rate,successful_hits,total_gaze_points,CC,SIM,KLD,MSE,MAE,Spearman,Cosine,AUC_Judd_gt_top_10pct_proxy,AUC_Judd_gt_top_5pct_proxy,AUC_Judd_gt_top_1pct_proxy,NSS_gt_top_10pct_proxy,NSS_gt_top_5pct_proxy,NSS_gt_top_1pct_proxy,PredictionSum,GroundTruthSum,gt_mass_on_pred_zero,pred_mass_on_pred_zero,pred_count_zero,gt_mass_on_pred_le_1e_8,pred_mass_on_pred_le_1e_8,pred_count_le_1e_8,gt_mass_on_pred_le_1e_6,pred_mass_on_pred_le_1e_6,pred_count_le_1e_6,top100_kld_contrib_sum,top100_kld_gt_mass,top100_kld_pred_mass
meshmamba,non_texture,Flying_saucer_v1_L3,cone,cone_sigma1_radius3,,,1.0,3.0,ok,,,184.708,/home/29d_kon@lab.graphicon.ru/ssd1_link/projects/REPROJECTING/outputs/KLD_diagnostic_20260602_064256/MeshMamba_non_texture/cone/cone_sigma1_radius3/Flying_saucer_v1_L3/sweep_cone_sigma1_radius3_recenter_rotx90p0_horizontaltovertical_blender_rig/Flying_saucer_v1_L3_report.json,/home/29d_kon@lab.graphicon.ru/ssd1_link/projects/REPROJECTING/outputs/KLD_diagnostic_20260602_064256/_logs/MeshMamba_non_texture/cone/cone_sigma1_radius3/Flying_saucer_v1_L3.log,Flying_saucer_v1_L3.csv,,,32868,,,,28082,510,horizontal_to_vertical,60.000001669652114,35.98339890412515,19748,,0.9065593618688128,25458,28082,0.030535351999182572,0.3835052548018577,10.742173904097628,0.07443748637960221,0.18566704566957742,0.14481743360512653,0.3560798318749677,0.43562539172116577,0.5,0.5,-0.3416871103200675,-0.7640443253921052,-0.7640443253921054,3710555.7612559223,3754.2624929999997,0.5907098006958673,0.0,13120.0,0.5910090706595673,4.3033174648036075e-07,13203.0,0.5947132490503775,0.00032106791645825105,14032.0,0.5073499469181879,0.026175061595513215,0.0
meshmamba,non_texture,Flying_saucer_v1_L3,cone,cone_sigma1_radius5,,,1.0,5.0,ok,,,197.279,/home/29d_kon@lab.graphicon.ru/ssd1_link/projects/REPROJECTING/outputs/KLD_diagnostic_20260602_064256/MeshMamba_non_texture/cone/cone_sigma1_radius5/Flying_saucer_v1_L3/sweep_cone_sigma1_radius5_recenter_rotx90p0_horizontaltovertical_blender_rig/Flying_saucer_v1_L3_report.json,/home/29d_kon@lab.graphicon.ru/ssd1_link/projects/REPROJECTING/outputs/KLD_diagnostic_20260602_064256/_logs/MeshMamba_non_texture/cone/cone_sigma1_radius5/Flying_saucer_v1_L3.log,Flying_saucer_v1_L3.csv,,,32868,,,,28082,510,horizontal_to_vertical,60.000001669652114,35.98339890412515,22330,,0.9065593618688128,25458,28082,0.029682799010540287,0.3839302899420558,10.644687501123613,0.07478540867994282,0.18636550087877532,0.10588532626201186,0.3560768212695755,0.43565767508347786,0.5,0.5,-0.344800011308521,-0.766141477796726,-0.766141477796726,3748211.2031108113,3754.2624929999997,0.5687607115861837,0.0,10538.0,0.5888707103251558,1.6582870615322266e-06,12799.0,0.5937413527040769,0.00036535213485804687,13902.0,0.5073499469181878,0.026175061595513218,0.0
meshmamba,non_texture,Flying_saucer_v1_L3,cone,cone_sigma1_radius7,,,1.0,7.0,ok,,,200.047,/home/29d_kon@lab.graphicon.ru/ssd1_link/projects/REPROJECTING/outputs/KLD_diagnostic_20260602_064256/MeshMamba_non_texture/cone/cone_sigma1_radius7/Flying_saucer_v1_L3/sweep_cone_sigma1_radius7_recenter_rotx90p0_horizontaltovertical_blender_rig/Flying_saucer_v1_L3_report.json,/home/29d_kon@lab.graphicon.ru/ssd1_link/projects/REPROJECTING/outputs/KLD_diagnostic_20260602_064256/_logs/MeshMamba_non_texture/cone/cone_sigma1_radius7/Flying_saucer_v1_L3.log,Flying_saucer_v1_L3.csv,,,32868,,,,28082,510,horizontal_to_vertical,60.000001669652114,35.98339890412515,31572,,0.9065593618688128,25458,28082,0.029682271419162284,0.3839305039881404,10.461079516493408,0.07478552588149309,0.18636575868022906,0.07075592503683086,0.3560767921296909,0.20140313941762852,0.011440564778606273,0.020470128387436125,-0.3448013632261067,-0.7661426723706513,-0.7661426742387032,3748223.0650161295,3754.2624929999997,0.23132895944790827,0.0,1296.0,0.5888707103251558,1.7604417660672174e-06,12799.0,0.5937413527040769,0.00036559062633879295,13902.0,0.507349744520405,0.026175061595513215,7.772471462312528e-16
meshmamba,non_texture,Flying_saucer_v1_L3,cone,cone_sigma2_radius3,,,2.0,3.0,ok,,,189.990,/home/29d_kon@lab.graphicon.ru/ssd1_link/projects/REPROJECTING/outputs/KLD_diagnostic_20260602_064256/MeshMamba_non_texture/cone/cone_sigma2_radius3/Flying_saucer_v1_L3/sweep_cone_sigma2_radius3_recenter_rotx90p0_horizontaltovertical_blender_rig/Flying_saucer_v1_L3_report.json,/home/29d_kon@lab.graphicon.ru/ssd1_link/projects/REPROJECTING/outputs/KLD_diagnostic_20260602_064256/_logs/MeshMamba_non_texture/cone/cone_sigma2_radius3/Flying_saucer_v1_L3.log,Flying_saucer_v1_L3.csv,,,32868,,,,28082,510,horizontal_to_vertical,60.000001669652114,35.98339890412515,28131,,0.9065593618688128,25458,28082,-0.014653030130319666,0.3870802886841901,8.617175898655965,0.13075466093026175,0.26653513793356776,0.08694376283225866,0.35071933483117856,0.21362907704335451,0.08582730125868614,0.5,-0.4877508293537426,-0.8568669340455158,-0.8569784315607141,14194920.40319208,3754.2624929999997,0.4005973966402674,0.0,4737.0,0.42119631350987696,3.3816087463610373e-06,5502.0,0.58473856106044,0.0012802110724802552,12259.0,0.5073499469181879,0.026175061595513215,0.0
meshmamba,non_texture,Flying_saucer_v1_L3,cone,cone_sigma2_radius5,,,2.0,5.0,ok,,,213.401,/home/29d_kon@lab.graphicon.ru/ssd1_link/projects/REPROJECTING/outputs/KLD_diagnostic_20260602_064256/MeshMamba_non_texture/cone/cone_sigma2_radius5/Flying_saucer_v1_L3/sweep_cone_sigma2_radius5_recenter_rotx90p0_horizontaltovertical_blender_rig/Flying_saucer_v1_L3_report.json,/home/29d_kon@lab.graphicon.ru/ssd1_link/projects/REPROJECTING/outputs/KLD_diagnostic_20260602_064256/_logs/MeshMamba_non_texture/cone/cone_sigma2_radius5/Flying_saucer_v1_L3.log,Flying_saucer_v1_L3.csv,,,32868,,,,28082,510,horizontal_to_vertical,60.000001669652114,35.98339890412515,32868,,0.9065593618688128,25458,28082,-0.016255222344025978,0.3889733648876114,3.8811775778100923,0.13132527695124596,0.2674813403922554,0.10668486087470416,0.35161628719490773,0.21647744355098802,0.02193847665686075,0.0353769537812516,-0.49130450307684764,-0.8631151739485454,-0.8635185331477324,14378931.932892496,3754.2624929999997,0.0,0.0,0.0,0.00027717614363413135,1.0266647645453017e-07,17.0,0.5802822751637575,0.003519555387689156,11762.0,0.23094672826752155,0.025725616730337672,3.361529407438002e-06
meshmamba,non_texture,Flying_saucer_v1_L3,cone,cone_sigma2_radius7,,,2.0,7.0,ok,,,244.806,/home/29d_kon@lab.graphicon.ru/ssd1_link/projects/REPROJECTING/outputs/KLD_diagnostic_20260602_064256/MeshMamba_non_texture/cone/cone_sigma2_radius7/Flying_saucer_v1_L3/sweep_cone_sigma2_radius7_recenter_rotx90p0_horizontaltovertical_blender_rig/Flying_saucer_v1_L3_report.json,/home/29d_kon@lab.graphicon.ru/ssd1_link/projects/REPROJECTING/outputs/KLD_diagnostic_20260602_064256/_logs/MeshMamba_non_texture/cone/cone_sigma2_radius7/Flying_saucer_v1_L3.log,Flying_saucer_v1_L3.csv,,,32868,,,,28082,510,horizontal_to_vertical,60.000001669652114,35.98339890412515,32868,,0.9065593618688128,25458,28082,-0.016254157638153528,0.388975030311898,3.8777520925205136,0.13132501727455786,0.2674803155197677,0.10672734380368226,0.35161817156508585,0.2165251640992926,0.022010945710237248,0.03546947777700661,-0.4913017303787208,-0.8631106396684262,-0.8635136150598022,14379009.292628894,3754.2624929999997,0.0,0.0,0.0,0.00027717614363413135,1.0128311637392573e-07,16.0,0.5802822751637575,0.0035219505772456205,11762.0,0.23066317460335423,0.02572561673033767,3.3959467090634867e-06
meshmamba,non_texture,Flying_saucer_v1_L3,cone,cone_sigma3_radius3,,,3.0,3.0,ok,,,219.082,/home/29d_kon@lab.graphicon.ru/ssd1_link/projects/REPROJECTING/outputs/KLD_diagnostic_20260602_064256/MeshMamba_non_texture/cone/cone_sigma3_radius3/Flying_saucer_v1_L3/sweep_cone_sigma3_radius3_recenter_rotx90p0_horizontaltovertical_blender_rig/Flying_saucer_v1_L3_report.json,/home/29d_kon@lab.graphicon.ru/ssd1_link/projects/REPROJECTING/outputs/KLD_diagnostic_20260602_064256/_logs/MeshMamba_non_texture/cone/cone_sigma3_radius3/Flying_saucer_v1_L3.log,Flying_saucer_v1_L3.csv,,,32868,,,,28082,510,horizontal_to_vertical,60.000001669652114,35.98339890412515,32868,,0.9065593618688128,25458,28082,-0.07052059524695291,0.4096851226545236,2.0126742204043953,0.15935075883975142,0.30312610248869165,0.11702831154833668,0.35540843976338776,0.22888557802444887,0.04297011610009893,0.05718678852620251,-0.5998282439240805,-0.9647239482063827,-0.9671597854127035,31982410.06276972,3754.2624929999997,0.0,0.0,0.0,0.0,0.0,0.0,0.02886100937321966,0.0002916154562613605,348.0,0.13250279174007984,0.025667039313225778,0.00014955140429180939
meshmamba,non_texture,Flying_saucer_v1_L3,cone,cone_sigma3_radius5,,,3.0,5.0,ok,,,260.036,/home/29d_kon@lab.graphicon.ru/ssd1_link/projects/REPROJECTING/outputs/KLD_diagnostic_20260602_064256/MeshMamba_non_texture/cone/cone_sigma3_radius5/Flying_saucer_v1_L3/sweep_cone_sigma3_radius5_recenter_rotx90p0_horizontaltovertical_blender_rig/Flying_saucer_v1_L3_report.json,/home/29d_kon@lab.graphicon.ru/ssd1_link/projects/REPROJECTING/outputs/KLD_diagnostic_20260602_064256/_logs/MeshMamba_non_texture/cone/cone_sigma3_radius5/Flying_saucer_v1_L3.log,Flying_saucer_v1_L3.csv,,,32868,,,,28082,510,horizontal_to_vertical,60.000001669652114,35.98339890412515,32868,,0.9065593618688128,25458,28082,-0.06704175968982201,0.41379489518122003,1.834998746195677,0.15811614848121833,0.30055139218892296,0.13216690205838186,0.3610400953446818,0.2458188649138957,0.06804470078229174,0.08558871276376227,-0.590639907862044,-0.9490815828310446,-0.9501071278039619,32507978.13665572,3754.2624929999997,0.0,0.0,0.0,0.0,0.0,0.0,0.0,0.0,0.0,0.1195022111174948,0.025875724508110473,0.0002569552878542135
meshmamba,non_texture,Flying_saucer_v1_L3,cone,cone_sigma3_radius7,,,3.0,7.0,ok,,,297.186,/home/29d_kon@lab.graphicon.ru/ssd1_link/projects/REPROJECTING/outputs/KLD_diagnostic_20260602_064256/MeshMamba_non_texture/cone/cone_sigma3_radius7/Flying_saucer_v1_L3/sweep_cone_sigma3_radius7_recenter_rotx90p0_horizontaltovertical_blender_rig/Flying_saucer_v1_L3_report.json,/home/29d_kon@lab.graphicon.ru/ssd1_link/projects/REPROJECTING/outputs/KLD_diagnostic_20260602_064256/_logs/MeshMamba_non_texture/cone/cone_sigma3_radius7/Flying_saucer_v1_L3.log,Flying_saucer_v1_L3.csv,,,32868,,,,28082,510,horizontal_to_vertical,60.000001669652114,35.98339890412515,32868,,0.9065593618688128,25458,28082,-0.06704172497132617,0.41379562314613866,1.834982739928729,0.15811621814848226,0.30055143338697343,0.1321660019609579,0.36104089530791894,0.2458179804382159,0.0680430838652406,0.08558731159270086,-0.5906399751490851,-0.949081851055052,-0.9501074464806152,32508085.153995827,3754.2624929999997,0.0,0.0,0.0,0.0,0.0,0.0,0.0,0.0,0.0,0.11950125152258263,0.025875724508110473,0.00025696458604118215
meshmamba,non_texture,Flying_saucer_v1_L3,cone,cone_sigma5_radius3,,,5.0,3.0,ok,,,257.048,/home/29d_kon@lab.graphicon.ru/ssd1_link/projects/REPROJECTING/outputs/KLD_diagnostic_20260602_064256/MeshMamba_non_texture/cone/cone_sigma5_radius3/Flying_saucer_v1_L3/sweep_cone_sigma5_radius3_recenter_rotx90p0_horizontaltovertical_blender_rig/Flying_saucer_v1_L3_report.json,/home/29d_kon@lab.graphicon.ru/ssd1_link/projects/REPROJECTING/outputs/KLD_diagnostic_20260602_064256/_logs/MeshMamba_non_texture/cone/cone_sigma5_radius3/Flying_saucer_v1_L3.log,Flying_saucer_v1_L3.csv,,,32868,,,,28082,510,horizontal_to_vertical,60.000001669652114,35.98339890412515,32868,,0.9065593618688128,25458,28082,-0.015089719663264665,0.48252050898459864,0.9605118871028984,0.16329776953129846,0.31065175646481175,0.2831482434261825,0.47985341922027513,0.4350718230762317,0.3497465609148368,0.37389679964122546,-0.391176065011348,-0.6127120512721129,-0.586449621084741,101354766.67731687,3754.2624929999997,0.0,0.0,0.0,0.0,0.0,0.0,0.0,0.0,0.0,0.06624204052217303,0.026087074141088837,0.0020603517465177723
meshmamba,non_texture,Flying_saucer_v1_L3,cone,cone_sigma5_radius5,,,5.0,5.0,ok,,,307.495,/home/29d_kon@lab.graphicon.ru/ssd1_link/projects/REPROJECTING/outputs/KLD_diagnostic_20260602_064256/MeshMamba_non_texture/cone/cone_sigma5_radius5/Flying_saucer_v1_L3/sweep_cone_sigma5_radius5_recenter_rotx90p0_horizontaltovertical_blender_rig/Flying_saucer_v1_L3_report.json,/home/29d_kon@lab.graphicon.ru/ssd1_link/projects/REPROJECTING/outputs/KLD_diagnostic_20260602_064256/_logs/MeshMamba_non_texture/cone/cone_sigma5_radius5/Flying_saucer_v1_L3.log,Flying_saucer_v1_L3.csv,,,32868,,,,28082,510,horizontal_to_vertical,60.000001669652114,35.98339890412515,32868,,0.9065593618688128,25458,28082,-0.015219497848333954,0.48303542744726014,0.9589598244739652,0.16370239634311867,0.31134446337181204,0.2833138472240663,0.48088488430571324,0.43476848905646986,0.3490183053711881,0.37307641398477076,-0.3922381212666007,-0.6152007275187621,-0.5893488198572078,102118876.95172736,3754.2624929999997,0.0,0.0,0.0,0.0,0.0,0.0,0.0,0.0,0.0,0.06619351266026956,0.026087074141088833,0.0020641162189583263
meshmamba,non_texture,Flying_saucer_v1_L3,cone,cone_sigma5_radius7,,,5.0,7.0,ok,,,310.656,/home/29d_kon@lab.graphicon.ru/ssd1_link/projects/REPROJECTING/outputs/KLD_diagnostic_20260602_064256/MeshMamba_non_texture/cone/cone_sigma5_radius7/Flying_saucer_v1_L3/sweep_cone_sigma5_radius7_recenter_rotx90p0_horizontaltovertical_blender_rig/Flying_saucer_v1_L3_report.json,/home/29d_kon@lab.graphicon.ru/ssd1_link/projects/REPROJECTING/outputs/KLD_diagnostic_20260602_064256/_logs/MeshMamba_non_texture/cone/cone_sigma5_radius7/Flying_saucer_v1_L3.log,Flying_saucer_v1_L3.csv,,,32868,,,,28082,510,horizontal_to_vertical,60.000001669652114,35.98339890412515,32868,,0.9065593618688128,25458,28082,-0.015219643456568056,0.4830354355222888,0.9589599122741489,0.1637023724718703,0.311344399379482,0.2833137380421443,0.4808848899091243,0.43476833478745586,0.3490180521191198,0.3730762271619626,-0.39223854605372616,-0.6152014706250025,-0.5893495676120069,102118911.0458979,3754.2624929999997,0.0,0.0,0.0,0.0,0.0,0.0,0.0,0.0,0.0,0.066193521369893,0.026087074141088833,0.002064115529817308
meshmamba,non_texture,Flying_saucer_v1_L3,screen_space,screen_sigmascreen0p025,,0.025,,,ok,,,8.317,/home/29d_kon@lab.graphicon.ru/ssd1_link/projects/REPROJECTING/outputs/KLD_diagnostic_20260602_064256/MeshMamba_non_texture/screen_space/screen_sigmascreen0p025/Flying_saucer_v1_L3/sweep_screen_sigmascreen0p025_recenter_rotx90p0_horizontaltovertical_blender_rig/Flying_saucer_v1_L3_report.json,/home/29d_kon@lab.graphicon.ru/ssd1_link/projects/REPROJECTING/outputs/KLD_diagnostic_20260602_064256/_logs/MeshMamba_non_texture/screen_space/screen_sigmascreen0p025/Flying_saucer_v1_L3.log,Flying_saucer_v1_L3.csv,,,32868,,,,28082,510,horizontal_to_vertical,60.000001669652114,35.98339890412515,24960,8611747,,,28082,0.07154015307650632,0.4255465996712769,4.667917807129435,0.08126119394324652,0.2169005405404879,0.13319517974876238,0.4510087629425761,0.5011245182654358,0.5113615403928478,0.502700710515163,-0.030740052243564214,0.0019647371271031737,-0.04015576819660514,3.356426741776607,3754.2624929999997,0.22773080507666038,0.0,7908.0,0.22773080507666038,0.0,7908.0,0.22864885303053317,4.002750486669328e-05,7963.0,0.45992336045931687,0.023839744335106623,0.0
meshmamba,non_texture,Flying_saucer_v1_L3,screen_space,screen_sigmascreen0p05,,0.05,,,ok,,,7.676,/home/29d_kon@lab.graphicon.ru/ssd1_link/projects/REPROJECTING/outputs/KLD_diagnostic_20260602_064256/MeshMamba_non_texture/screen_space/screen_sigmascreen0p05/Flying_saucer_v1_L3/sweep_screen_sigmascreen0p05_recenter_rotx90p0_horizontaltovertical_blender_rig/Flying_saucer_v1_L3_report.json,/home/29d_kon@lab.graphicon.ru/ssd1_link/projects/REPROJECTING/outputs/KLD_diagnostic_20260602_064256/_logs/MeshMamba_non_texture/screen_space/screen_sigmascreen0p05/Flying_saucer_v1_L3.log,Flying_saucer_v1_L3.csv,,,32868,,,,28082,510,horizontal_to_vertical,60.000001669652114,35.98339890412515,24960,8611747,,,28082,0.09773689994518109,0.4342450793270481,4.622422424291278,0.11767118627952886,0.2656827411892708,0.10609363224484882,0.473810094201728,0.5328098618873742,0.5598496684034304,0.5586476961805292,0.12543810009546144,0.22918260007360092,0.2167876776513116,2.7723166738997804,3754.2624929999997,0.22773080507666038,0.0,7908.0,0.22773080507666038,0.0,7908.0,0.22821655081324654,7.351493586890728e-06,7919.0,0.45992336045931687,0.02383974433510662,0.0
meshmamba,non_texture,Flying_saucer_v1_L3,screen_space,screen_sigmascreen0p075,,0.075,,,ok,,,9.778,/home/29d_kon@lab.graphicon.ru/ssd1_link/projects/REPROJECTING/outputs/KLD_diagnostic_20260602_064256/MeshMamba_non_texture/screen_space/screen_sigmascreen0p075/Flying_saucer_v1_L3/sweep_screen_sigmascreen0p075_recenter_rotx90p0_horizontaltovertical_blender_rig/Flying_saucer_v1_L3_report.json,/home/29d_kon@lab.graphicon.ru/ssd1_link/projects/REPROJECTING/outputs/KLD_diagnostic_20260602_064256/_logs/MeshMamba_non_texture/screen_space/screen_sigmascreen0p075/Flying_saucer_v1_L3.log,Flying_saucer_v1_L3.csv,,,32868,,,,28082,510,horizontal_to_vertical,60.000001669652114,35.98339890412515,24960,8611747,,,28082,0.11033228577571141,0.4401566012022209,4.600943740756856,0.14568762817491773,0.2999600288107362,0.09147543812845373,0.486108421298921,0.5465514668633192,0.5835797865575985,0.5877861226336673,0.19886378211150466,0.33987643216192565,0.34903396251795576,2.2687972395814118,3754.2624929999997,0.22773080507666038,0.0,7908.0,0.22773080507666038,0.0,7908.0,0.22803802919914795,5.783250300368584e-06,7916.0,0.45992336045931687,0.023839744335106623,0.0
meshmamba,non_texture,Flying_saucer_v1_L3,screen_space,screen_sigmascreen0p1,,0.1,,,ok,,,10.230,/home/29d_kon@lab.graphicon.ru/ssd1_link/projects/REPROJECTING/outputs/KLD_diagnostic_20260602_064256/MeshMamba_non_texture/screen_space/screen_sigmascreen0p1/Flying_saucer_v1_L3/sweep_screen_sigmascreen0p1_recenter_rotx90p0_horizontaltovertical_blender_rig/Flying_saucer_v1_L3_report.json,/home/29d_kon@lab.graphicon.ru/ssd1_link/projects/REPROJECTING/outputs/KLD_diagnostic_20260602_064256/_logs/MeshMamba_non_texture/screen_space/screen_sigmascreen0p1/Flying_saucer_v1_L3.log,Flying_saucer_v1_L3.csv,,,32868,,,,28082,510,horizontal_to_vertical,60.000001669652114,35.98339890412515,24960,8611747,,,28082,0.10308134355302806,0.4411934196320495,4.599091089262789,0.1693013329626325,0.32731263900452945,0.08055243140327752,0.48678324709390375,0.5477077388341193,0.5873023289683585,0.5924251197837788,0.19842996341322625,0.3400833740202715,0.35268876019412376,1.8384460877133728,3754.2624929999997,0.22773080507666038,0.0,7908.0,0.22773080507666038,0.0,7908.0,0.2278880724497066,3.6401492003989045e-06,7913.0,0.45992336045931687,0.023839744335106623,0.0
meshmamba,non_texture,Flying_saucer_v1_L3,screen_space,screen_sigmascreen0p15,,0.15,,,ok,,,13.114,/home/29d_kon@lab.graphicon.ru/ssd1_link/projects/REPROJECTING/outputs/KLD_diagnostic_20260602_064256/MeshMamba_non_texture/screen_space/screen_sigmascreen0p15/Flying_saucer_v1_L3/sweep_screen_sigmascreen0p15_recenter_rotx90p0_horizontaltovertical_blender_rig/Flying_saucer_v1_L3_report.json,/home/29d_kon@lab.graphicon.ru/ssd1_link/projects/REPROJECTING/outputs/KLD_diagnostic_20260602_064256/_logs/MeshMamba_non_texture/screen_space/screen_sigmascreen0p15/Flying_saucer_v1_L3.log,Flying_saucer_v1_L3.csv,,,32868,,,,28082,510,horizontal_to_vertical,60.000001669652114,35.98339890412515,24960,8611747,,,28082,0.07804872057708118,0.43918288856630827,4.609852010469652,0.20749509797098592,0.3677710101839746,0.06330369484901963,0.479869023249852,0.5403989511887389,0.5750251946846053,0.580531979814543,0.1483655592872309,0.2611703647447486,0.26998263012402435,1.257605909900435,3754.2624929999997,0.22773080507666038,0.0,7908.0,0.22773080507666038,0.0,7908.0,0.22785780605245498,1.939570874950943e-06,7911.0,0.45992336045931687,0.023839744335106623,0.0
meshmamba,non_texture,Flying_saucer_v1_L3,screen_space,screen_sigmascreen0p2,,0.2,,,ok,,,14.275,/home/29d_kon@lab.graphicon.ru/ssd1_link/projects/REPROJECTING/outputs/KLD_diagnostic_20260602_064256/MeshMamba_non_texture/screen_space/screen_sigmascreen0p2/Flying_saucer_v1_L3/sweep_screen_sigmascreen0p2_recenter_rotx90p0_horizontaltovertical_blender_rig/Flying_saucer_v1_L3_report.json,/home/29d_kon@lab.graphicon.ru/ssd1_link/projects/REPROJECTING/outputs/KLD_diagnostic_20260602_064256/_logs/MeshMamba_non_texture/screen_space/screen_sigmascreen0p2/Flying_saucer_v1_L3.log,Flying_saucer_v1_L3.csv,,,32868,,,,28082,510,horizontal_to_vertical,60.000001669652114,35.98339890412515,24960,8611747,,,28082,0.06042794161548816,0.436987627828592,4.619731886220545,0.23277140594070436,0.3922877980728906,0.05052134011156752,0.47399862456390496,0.5328966176384999,0.5615281549285502,0.5666966766370886,0.1088526945971502,0.19857214179882637,0.20389859552100675,0.9454491672980981,3754.2624929999997,0.22773080507666038,0.0,7908.0,0.22773080507666038,0.0,7908.0,0.2278306989974236,1.9988257915759298e-06,7911.0,0.45992336045931687,0.023839744335106623,0.0
meshmamba,non_texture,MushroomShitake_L3,cone,cone_sigma1_radius3,,,1.0,3.0,ok,,,153.862,/home/29d_kon@lab.graphicon.ru/ssd1_link/projects/REPROJECTING/outputs/KLD_diagnostic_20260602_064256/MeshMamba_non_texture/cone/cone_sigma1_radius3/MushroomShitake_L3/sweep_cone_sigma1_radius3_recenter_rotx90p0_horizontaltovertical_blender_rig/MushroomShitake_L3_report.json,/home/29d_kon@lab.graphicon.ru/ssd1_link/projects/REPROJECTING/outputs/KLD_diagnostic_20260602_064256/_logs/MeshMamba_non_texture/cone/cone_sigma1_radius3/MushroomShitake_L3.log,MushroomShitake_v1-L3.csv,,,32868,,,,24428,510,horizontal_to_vertical,60.000001669652114,35.98339890412515,25146,,0.937366955952186,22898,24428,0.015041643655641885,0.43146648350579386,5.105757180358243,0.04672332554549055,0.1570572289496155,0.041638876748569545,0.4538127532407919,0.504874273479078,0.48138998605477223,0.5129081482861202,0.037156621114574274,-0.03894435060147724,0.1303321960939262,1683490.9214135548,5643.052412,0.20946676739815473,0.0,7722.0,0.22319004982511229,4.056945230305472e-06,8237.0,0.42103021282376135,0.0011569121040584354,13694.0,0.26121940163621626,0.01392455895552295,0.0
meshmamba,non_texture,MushroomShitake_L3,cone,cone_sigma1_radius5,,,1.0,5.0,ok,,,160.983,/home/29d_kon@lab.graphicon.ru/ssd1_link/projects/REPROJECTING/outputs/KLD_diagnostic_20260602_064256/MeshMamba_non_texture/cone/cone_sigma1_radius5/MushroomShitake_L3/sweep_cone_sigma1_radius5_recenter_rotx90p0_horizontaltovertical_blender_rig/MushroomShitake_L3_report.json,/home/29d_kon@lab.graphicon.ru/ssd1_link/projects/REPROJECTING/outputs/KLD_diagnostic_20260602_064256/_logs/MeshMamba_non_texture/cone/cone_sigma1_radius5/MushroomShitake_L3.log,MushroomShitake_v1-L3.csv,,,32868,,,,24428,510,horizontal_to_vertical,60.000001669652114,35.98339890412515,31120,,0.937366955952186,22898,24428,0.015676571280078738,0.43383678331198183,3.482810374732428,0.04669820524074283,0.1570421707350519,0.036844788961835725,0.45601374774960474,0.49919998146303524,0.47198813938744477,0.4883307671663772,0.039656692089920745,-0.034394715504293294,0.14046409857056694,1706139.0517990016,5643.052412,0.06591415263289602,0.0,1748.0,0.10787137661623405,5.442083050969433e-06,3976.0,0.4041975336166699,0.0020953765733489242,13189.0,0.2598533284235669,0.013854845443884564,0.0
meshmamba,non_texture,MushroomShitake_L3,cone,cone_sigma1_radius7,,,1.0,7.0,ok,,,151.721,/home/29d_kon@lab.graphicon.ru/ssd1_link/projects/REPROJECTING/outputs/KLD_diagnostic_20260602_064256/MeshMamba_non_texture/cone/cone_sigma1_radius7/MushroomShitake_L3/sweep_cone_sigma1_radius7_recenter_rotx90p0_horizontaltovertical_blender_rig/MushroomShitake_L3_report.json,/home/29d_kon@lab.graphicon.ru/ssd1_link/projects/REPROJECTING/outputs/KLD_diagnostic_20260602_064256/_logs/MeshMamba_non_texture/cone/cone_sigma1_radius7/MushroomShitake_L3.log,MushroomShitake_v1-L3.csv,,,32868,,,,24428,510,horizontal_to_vertical,60.000001669652114,35.98339890412515,32868,,0.937366955952186,22898,24428,0.01567646034177201,0.4338387226319603,3.4104303309990405,0.0466981294239822,0.15704203113647172,0.03646246724191341,0.4560151644889105,0.49948376445643355,0.4724684416753473,0.4894893021056519,0.03965664136538969,-0.034394947611675115,0.14046309769885998,1706147.9646353791,5643.052412,0.0,0.0,0.0,0.1075393144868774,5.599887359713563e-06,3960.0,0.4041395612683528,0.00209648606710895,13188.0,0.24515643652760435,0.013766830312402919,3.328725722379739e-10
meshmamba,non_texture,MushroomShitake_L3,cone,cone_sigma2_radius3,,,2.0,3.0,ok,,,149.196,/home/29d_kon@lab.graphicon.ru/ssd1_link/projects/REPROJECTING/outputs/KLD_diagnostic_20260602_064256/MeshMamba_non_texture/cone/cone_sigma2_radius3/MushroomShitake_L3/sweep_cone_sigma2_radius3_recenter_rotx90p0_horizontaltovertical_blender_rig/MushroomShitake_L3_report.json,/home/29d_kon@lab.graphicon.ru/ssd1_link/projects/REPROJECTING/outputs/KLD_diagnostic_20260602_064256/_logs/MeshMamba_non_texture/cone/cone_sigma2_radius3/MushroomShitake_L3.log,MushroomShitake_v1-L3.csv,,,32868,,,,24428,510,horizontal_to_vertical,60.000001669652114,35.98339890412515,32324,,0.937366955952186,22898,24428,0.05135841365594366,0.5348818976479743,1.3562858052417281,0.05472044018918832,0.16812692601703755,0.01953814729147381,0.5591973107344334,0.5039779962197304,0.4774787708531649,0.5296421474497145,0.1757955488830228,0.20359482343111104,0.6510285464156168,7532969.577634124,5643.052412,0.019196735222525872,0.0,544.0,0.027476007784419637,7.724154479080329e-07,725.0,0.07305250614425801,0.0004502950590870294,2177.0,0.14192335419117072,0.011020011238555904,2.0905777216420915e-06
meshmamba,non_texture,MushroomShitake_L3,cone,cone_sigma2_radius5,,,2.0,5.0,ok,,,164.929,/home/29d_kon@lab.graphicon.ru/ssd1_link/projects/REPROJECTING/outputs/KLD_diagnostic_20260602_064256/MeshMamba_non_texture/cone/cone_sigma2_radius5/MushroomShitake_L3/sweep_cone_sigma2_radius5_recenter_rotx90p0_horizontaltovertical_blender_rig/MushroomShitake_L3_report.json,/home/29d_kon@lab.graphicon.ru/ssd1_link/projects/REPROJECTING/outputs/KLD_diagnostic_20260602_064256/_logs/MeshMamba_non_texture/cone/cone_sigma2_radius5/MushroomShitake_L3.log,MushroomShitake_v1-L3.csv,,,32868,,,,24428,510,horizontal_to_vertical,60.000001669652114,35.98339890412515,32868,,0.937366955952186,22898,24428,0.05064803467412468,0.5385217380765023,0.9985984458270274,0.054754143851488364,0.16813936016052564,0.018323249322031984,0.5626954933360608,0.5026382006876757,0.4758224731054096,0.5279542500834398,0.17436021560801432,0.2014801916023237,0.6475242024303888,7633108.765909132,5643.052412,0.0,0.0,0.0,0.0,0.0,0.0,0.06623204370833335,0.0007726685662768126,1820.0,0.07993523013315451,0.013825918723364854,4.539131658023661e-05
meshmamba,non_texture,MushroomShitake_L3,cone,cone_sigma2_radius7,,,2.0,7.0,ok,,,184.191,/home/29d_kon@lab.graphicon.ru/ssd1_link/projects/REPROJECTING/outputs/KLD_diagnostic_20260602_064256/MeshMamba_non_texture/cone/cone_sigma2_radius7/MushroomShitake_L3/sweep_cone_sigma2_radius7_recenter_rotx90p0_horizontaltovertical_blender_rig/MushroomShitake_L3_report.json,/home/29d_kon@lab.graphicon.ru/ssd1_link/projects/REPROJECTING/outputs/KLD_diagnostic_20260602_064256/_logs/MeshMamba_non_texture/cone/cone_sigma2_radius7/MushroomShitake_L3.log,MushroomShitake_v1-L3.csv,,,32868,,,,24428,510,horizontal_to_vertical,60.000001669652114,35.98339890412515,32868,,0.937366955952186,22898,24428,0.05064778328449496,0.5385231176154479,0.9985048643533032,0.05475419887103088,0.16813942077108182,0.018322542537488256,0.5626968125849616,0.5026376761730285,0.47582184971570307,0.527953596203611,0.17435961196347022,0.20147960639252413,0.6475246352098469,7633140.76018545,5643.052412,0.0,0.0,0.0,0.0,0.0,0.0,0.06623204370833335,0.0007733150390873854,1820.0,0.07992494482602265,0.013825918723364854,4.542215582675782e-05
meshmamba,non_texture,MushroomShitake_L3,cone,cone_sigma3_radius3,,,3.0,3.0,ok,,,157.987,/home/29d_kon@lab.graphicon.ru/ssd1_link/projects/REPROJECTING/outputs/KLD_diagnostic_20260602_064256/MeshMamba_non_texture/cone/cone_sigma3_radius3/MushroomShitake_L3/sweep_cone_sigma3_radius3_recenter_rotx90p0_horizontaltovertical_blender_rig/MushroomShitake_L3_report.json,/home/29d_kon@lab.graphicon.ru/ssd1_link/projects/REPROJECTING/outputs/KLD_diagnostic_20260602_064256/_logs/MeshMamba_non_texture/cone/cone_sigma3_radius3/MushroomShitake_L3.log,MushroomShitake_v1-L3.csv,,,32868,,,,24428,510,horizontal_to_vertical,60.000001669652114,35.98339890412515,32868,,0.937366955952186,22898,24428,0.041967231791249726,0.6095448820984728,0.5806679050275168,0.06685482353257917,0.1883388131513205,-0.008847191506654885,0.6486792971019958,0.4949371017976073,0.46589148546286374,0.5124137217242513,0.19213071055466352,0.22731104897405924,0.6522399137843916,18558352.12836119,5643.052412,0.0,0.0,0.0,0.0,0.0,0.0,0.0,0.0,0.0,0.0459305353447063,0.01388721498197561,0.000516374656265421
meshmamba,non_texture,MushroomShitake_L3,cone,cone_sigma3_radius5,,,3.0,5.0,ok,,,190.198,/home/29d_kon@lab.graphicon.ru/ssd1_link/projects/REPROJECTING/outputs/KLD_diagnostic_20260602_064256/MeshMamba_non_texture/cone/cone_sigma3_radius5/MushroomShitake_L3/sweep_cone_sigma3_radius5_recenter_rotx90p0_horizontaltovertical_blender_rig/MushroomShitake_L3_report.json,/home/29d_kon@lab.graphicon.ru/ssd1_link/projects/REPROJECTING/outputs/KLD_diagnostic_20260602_064256/_logs/MeshMamba_non_texture/cone/cone_sigma3_radius5/MushroomShitake_L3.log,MushroomShitake_v1-L3.csv,,,32868,,,,24428,510,horizontal_to_vertical,60.000001669652114,35.98339890412515,32868,,0.937366955952186,22898,24428,0.04091772630452835,0.6115795935032626,0.5673568625252552,0.06642725162817581,0.18698650197231256,-0.010320543411776448,0.6514478703920765,0.4936877901845147,0.46464883600674006,0.5116832912499389,0.1896726176787579,0.2249743585945836,0.6535299585698581,18774763.391964972,5643.052412,0.0,0.0,0.0,0.0,0.0,0.0,0.0,0.0,0.0,0.0440346046721815,0.013946957117151083,0.0006069098845157321
meshmamba,non_texture,MushroomShitake_L3,cone,cone_sigma3_radius7,,,3.0,7.0,ok,,,217.961,/home/29d_kon@lab.graphicon.ru/ssd1_link/projects/REPROJECTING/outputs/KLD_diagnostic_20260602_064256/MeshMamba_non_texture/cone/cone_sigma3_radius7/MushroomShitake_L3/sweep_cone_sigma3_radius7_recenter_rotx90p0_horizontaltovertical_blender_rig/MushroomShitake_L3_report.json,/home/29d_kon@lab.graphicon.ru/ssd1_link/projects/REPROJECTING/outputs/KLD_diagnostic_20260602_064256/_logs/MeshMamba_non_texture/cone/cone_sigma3_radius7/MushroomShitake_L3.log,MushroomShitake_v1-L3.csv,,,32868,,,,24428,510,horizontal_to_vertical,60.000001669652114,35.98339890412515,32868,,0.937366955952186,22898,24428,0.040917446946564115,0.6115802429620825,0.5673537128278595,0.06642735705215293,0.18698665067287012,-0.010320363470688428,0.6514488012062366,0.49368774904611096,0.46464899185416675,0.5116835714841512,0.18967182897852283,0.22497326535153667,0.6535280466336125,18774853.162982672,5643.052412,0.0,0.0,0.0,0.0,0.0,0.0,0.0,0.0,0.0,0.04403422536888131,0.013946957117151083,0.0006069260636527122
meshmamba,non_texture,MushroomShitake_L3,cone,cone_sigma5_radius3,,,5.0,3.0,ok,,,182.419,/home/29d_kon@lab.graphicon.ru/ssd1_link/projects/REPROJECTING/outputs/KLD_diagnostic_20260602_064256/MeshMamba_non_texture/cone/cone_sigma5_radius3/MushroomShitake_L3/sweep_cone_sigma5_radius3_recenter_rotx90p0_horizontaltovertical_blender_rig/MushroomShitake_L3_report.json,/home/29d_kon@lab.graphicon.ru/ssd1_link/projects/REPROJECTING/outputs/KLD_diagnostic_20260602_064256/_logs/MeshMamba_non_texture/cone/cone_sigma5_radius3/MushroomShitake_L3.log,MushroomShitake_v1-L3.csv,,,32868,,,,24428,510,horizontal_to_vertical,60.000001669652114,35.98339890412515,32868,,0.937366955952186,22898,24428,-0.058388843232182436,0.6478689612128744,0.4303489518390624,0.092114542475046,0.23654235689975214,-0.12963173509029802,0.7182617286169538,0.4464866296536907,0.44286191123179935,0.5494219655608967,-0.03130746867352719,-0.03736019085028805,0.2989755551215292,54208024.58265369,5643.052412,0.0,0.0,0.0,0.0,0.0,0.0,0.0,0.0,0.0,0.026722117654459754,0.014487759466161768,0.0022955790982233134
meshmamba,non_texture,MushroomShitake_L3,cone,cone_sigma5_radius5,,,5.0,5.0,ok,,,237.015,/home/29d_kon@lab.graphicon.ru/ssd1_link/projects/REPROJECTING/outputs/KLD_diagnostic_20260602_064256/MeshMamba_non_texture/cone/cone_sigma5_radius5/MushroomShitake_L3/sweep_cone_sigma5_radius5_recenter_rotx90p0_horizontaltovertical_blender_rig/MushroomShitake_L3_report.json,/home/29d_kon@lab.graphicon.ru/ssd1_link/projects/REPROJECTING/outputs/KLD_diagnostic_20260602_064256/_logs/MeshMamba_non_texture/cone/cone_sigma5_radius5/MushroomShitake_L3.log,MushroomShitake_v1-L3.csv,,,32868,,,,24428,510,horizontal_to_vertical,60.000001669652114,35.98339890412515,32868,,0.937366955952186,22898,24428,-0.06038552222903466,0.648356763833233,0.4290628759308289,0.09193146770603174,0.23624982980197498,-0.12897962278537792,0.7188598835679478,0.4464228394164365,0.44273651249615836,0.5488994221663954,-0.037086081101048524,-0.045674116273806534,0.2840053433755807,54900701.907470375,5643.052412,0.0,0.0,0.0,0.0,0.0,0.0,0.0,0.0,0.0,0.026635005433706234,0.014487759466161768,0.0023093996157196707
meshmamba,non_texture,MushroomShitake_L3,cone,cone_sigma5_radius7,,,5.0,7.0,ok,,,253.391,/home/29d_kon@lab.graphicon.ru/ssd1_link/projects/REPROJECTING/outputs/KLD_diagnostic_20260602_064256/MeshMamba_non_texture/cone/cone_sigma5_radius7/MushroomShitake_L3/sweep_cone_sigma5_radius7_recenter_rotx90p0_horizontaltovertical_blender_rig/MushroomShitake_L3_report.json,/home/29d_kon@lab.graphicon.ru/ssd1_link/projects/REPROJECTING/outputs/KLD_diagnostic_20260602_064256/_logs/MeshMamba_non_texture/cone/cone_sigma5_radius7/MushroomShitake_L3.log,MushroomShitake_v1-L3.csv,,,32868,,,,24428,510,horizontal_to_vertical,60.000001669652114,35.98339890412515,32868,,0.937366955952186,22898,24428,-0.060384908807298424,0.6483568830880779,0.42906259841475214,0.09193143756755327,0.236249762207366,-0.12897976111812756,0.7188600961860302,0.4464229628316477,0.4427366099008,0.5488996089892035,-0.03708417105036655,-0.045671417928983264,0.2840100767321997,54900775.401027545,5643.052412,0.0,0.0,0.0,0.0,0.0,0.0,0.0,0.0,0.0,0.026635011953023206,0.014487759466161768,0.0023093985438778016
meshmamba,non_texture,MushroomShitake_L3,screen_space,screen_sigmascreen0p025,,0.025,,,ok,,,8.048,/home/29d_kon@lab.graphicon.ru/ssd1_link/projects/REPROJECTING/outputs/KLD_diagnostic_20260602_064256/MeshMamba_non_texture/screen_space/screen_sigmascreen0p025/MushroomShitake_L3/sweep_screen_sigmascreen0p025_recenter_rotx90p0_horizontaltovertical_blender_rig/MushroomShitake_L3_report.json,/home/29d_kon@lab.graphicon.ru/ssd1_link/projects/REPROJECTING/outputs/KLD_diagnostic_20260602_064256/_logs/MeshMamba_non_texture/screen_space/screen_sigmascreen0p025/MushroomShitake_L3.log,MushroomShitake_v1-L3.csv,,,32868,,,,24428,510,horizontal_to_vertical,60.000001669652114,35.98339890412515,24103,10220040,,,24428,-0.10601135396132888,0.5138941742699843,5.060467157137467,0.0635519078133584,0.18233798072237703,-0.07809307606184734,0.5047962985433141,0.42159739660548723,0.387598569601149,0.3495954959262819,-0.21509979184358255,-0.33927094408062375,-0.4560616055807142,1.857453323103234,5643.052412,0.2748828863792591,0.0,8765.0,0.2748828863792591,0.0,8765.0,0.2759363479752135,1.5089832195810843e-05,8790.0,0.26049328442577224,0.01389182596165474,0.0
meshmamba,non_texture,MushroomShitake_L3,screen_space,screen_sigmascreen0p05,,0.05,,,ok,,,7.821,/home/29d_kon@lab.graphicon.ru/ssd1_link/projects/REPROJECTING/outputs/KLD_diagnostic_20260602_064256/MeshMamba_non_texture/screen_space/screen_sigmascreen0p05/MushroomShitake_L3/sweep_screen_sigmascreen0p05_recenter_rotx90p0_horizontaltovertical_blender_rig/MushroomShitake_L3_report.json,/home/29d_kon@lab.graphicon.ru/ssd1_link/projects/REPROJECTING/outputs/KLD_diagnostic_20260602_064256/_logs/MeshMamba_non_texture/screen_space/screen_sigmascreen0p05/MushroomShitake_L3.log,MushroomShitake_v1-L3.csv,,,32868,,,,24428,510,horizontal_to_vertical,60.000001669652114,35.98339890412515,24103,10220040,,,24428,-0.10864959900408236,0.5284997973457742,5.020130309399045,0.09485727522934205,0.2379276266675757,-0.08718080872982827,0.5423908888151165,0.4240607385081901,0.395684265269775,0.3631491170146911,-0.24162476946541855,-0.35282063720618084,-0.473185240878658,1.5132989023610697,5643.052412,0.2748828863792591,0.0,8765.0,0.2748828863792591,0.0,8765.0,0.2750882103627004,4.578482674961232e-06,8772.0,0.26049328442577224,0.01389182596165474,0.0
meshmamba,non_texture,MushroomShitake_L3,screen_space,screen_sigmascreen0p075,,0.075,,,ok,,,8.615,/home/29d_kon@lab.graphicon.ru/ssd1_link/projects/REPROJECTING/outputs/KLD_diagnostic_20260602_064256/MeshMamba_non_texture/screen_space/screen_sigmascreen0p075/MushroomShitake_L3/sweep_screen_sigmascreen0p075_recenter_rotx90p0_horizontaltovertical_blender_rig/MushroomShitake_L3_report.json,/home/29d_kon@lab.graphicon.ru/ssd1_link/projects/REPROJECTING/outputs/KLD_diagnostic_20260602_064256/_logs/MeshMamba_non_texture/screen_space/screen_sigmascreen0p075/MushroomShitake_L3.log,MushroomShitake_v1-L3.csv,,,32868,,,,24428,510,horizontal_to_vertical,60.000001669652114,35.98339890412515,24103,10220040,,,24428,-0.10559263243211627,0.5337762205140713,5.00493190206312,0.13196340665507078,0.2902698622746001,-0.08856741185132216,0.5581878845543515,0.4207469475278735,0.3910574084256106,0.3495366467417028,-0.2540556037577101,-0.366994558694759,-0.5253696200834492,1.2886584111577304,5643.052412,0.2748828863792591,0.0,8765.0,0.2748828863792591,0.0,8765.0,0.27497180049229003,2.093164764375026e-06,8769.0,0.26049328442577224,0.01389182596165474,0.0
meshmamba,non_texture,MushroomShitake_L3,screen_space,screen_sigmascreen0p1,,0.1,,,ok,,,11.325,/home/29d_kon@lab.graphicon.ru/ssd1_link/projects/REPROJECTING/outputs/KLD_diagnostic_20260602_064256/MeshMamba_non_texture/screen_space/screen_sigmascreen0p1/MushroomShitake_L3/sweep_screen_sigmascreen0p1_recenter_rotx90p0_horizontaltovertical_blender_rig/MushroomShitake_L3_report.json,/home/29d_kon@lab.graphicon.ru/ssd1_link/projects/REPROJECTING/outputs/KLD_diagnostic_20260602_064256/_logs/MeshMamba_non_texture/screen_space/screen_sigmascreen0p1/MushroomShitake_L3.log,MushroomShitake_v1-L3.csv,,,32868,,,,24428,510,horizontal_to_vertical,60.000001669652114,35.98339890412515,24103,10220040,,,24428,-0.09828390891729205,0.5361482992639431,5.000513716780276,0.18096438630796502,0.3438855518642302,-0.08281532663960206,0.56441865967289,0.42093420439926477,0.38988040969794896,0.33780352050767976,-0.24849799617725127,-0.3654384195648055,-0.5678272049246648,1.118057617178391,5643.052412,0.2748828863792591,0.0,8765.0,0.2748828863792591,0.0,8765.0,0.27505937756298127,4.766211752689266e-06,8772.0,0.26049328442577224,0.01389182596165474,0.0
meshmamba,non_texture,MushroomShitake_L3,screen_space,screen_sigmascreen0p15,,0.15,,,ok,,,12.384,/home/29d_kon@lab.graphicon.ru/ssd1_link/projects/REPROJECTING/outputs/KLD_diagnostic_20260602_064256/MeshMamba_non_texture/screen_space/screen_sigmascreen0p15/MushroomShitake_L3/sweep_screen_sigmascreen0p15_recenter_rotx90p0_horizontaltovertical_blender_rig/MushroomShitake_L3_report.json,/home/29d_kon@lab.graphicon.ru/ssd1_link/projects/REPROJECTING/outputs/KLD_diagnostic_20260602_064256/_logs/MeshMamba_non_texture/screen_space/screen_sigmascreen0p15/MushroomShitake_L3.log,MushroomShitake_v1-L3.csv,,,32868,,,,24428,510,horizontal_to_vertical,60.000001669652114,35.98339890412515,24103,10220040,,,24428,-0.08511999719058622,0.5377599042586891,5.0014129951154125,0.18065962471330613,0.3441910540526887,-0.06863636679823336,0.5678026528078675,0.42581269970702357,0.39292757754500407,0.3297434240940331,-0.23175501083667419,-0.35508449439574674,-0.6095620746754188,0.8548195747194771,5643.052412,0.2748828863792591,0.0,8765.0,0.2748828863792591,0.0,8765.0,0.27515839737694076,5.83115659609949e-06,8774.0,0.26049328442577224,0.01389182596165474,0.0
meshmamba,non_texture,MushroomShitake_L3,screen_space,screen_sigmascreen0p2,,0.2,,,ok,,,14.086,/home/29d_kon@lab.graphicon.ru/ssd1_link/projects/REPROJECTING/outputs/KLD_diagnostic_20260602_064256/MeshMamba_non_texture/screen_space/screen_sigmascreen0p2/MushroomShitake_L3/sweep_screen_sigmascreen0p2_recenter_rotx90p0_horizontaltovertical_blender_rig/MushroomShitake_L3_report.json,/home/29d_kon@lab.graphicon.ru/ssd1_link/projects/REPROJECTING/outputs/KLD_diagnostic_20260602_064256/_logs/MeshMamba_non_texture/screen_space/screen_sigmascreen0p2/MushroomShitake_L3.log,MushroomShitake_v1-L3.csv,,,32868,,,,24428,510,horizontal_to_vertical,60.000001669652114,35.98339890412515,24103,10220040,,,24428,-0.07766510619094133,0.5382034803065276,5.003546903671829,0.17261700549820547,0.3361225616376854,-0.0587554719520785,0.5686857698168324,0.42897278732647554,0.3951380395204138,0.3259647459756265,-0.22319426604086864,-0.35049994170738147,-0.6273797277624191,0.6836021606208675,5643.052412,0.2748828863792591,0.0,8765.0,0.2748828863792591,0.0,8765.0,0.27515839737694076,5.279897728684039e-06,8774.0,0.26049328442577224,0.01389182596165474,0.0
meshmamba,non_texture,Spinning_Top_v1_L3,cone,cone_sigma1_radius3,,,1.0,3.0,ok,,,128.364,/home/29d_kon@lab.graphicon.ru/ssd1_link/projects/REPROJECTING/outputs/KLD_diagnostic_20260602_064256/MeshMamba_non_texture/cone/cone_sigma1_radius3/Spinning_Top_v1_L3/sweep_cone_sigma1_radius3_recenter_rotx90p0_horizontaltovertical_blender_rig/Spinning_Top_v1_L3_report.json,/home/29d_kon@lab.graphicon.ru/ssd1_link/projects/REPROJECTING/outputs/KLD_diagnostic_20260602_064256/_logs/MeshMamba_non_texture/cone/cone_sigma1_radius3/Spinning_Top_v1_L3.log,Spinning_Top_v1_L3.csv,,,32868,,,,22917,510,horizontal_to_vertical,60.000001669652114,35.98339890412515,25544,,0.9158266788846707,20988,22917,-0.34529783730663327,0.35524907038339215,8.82218572304206,0.1230787858264534,0.27089061590887376,-0.34144073352189985,0.33344288707805547,0.4504093101473313,0.5795343769812105,0.6665585118292932,-0.5233844444397141,-0.012248314326045142,0.2599526068922135,4004792.4159379373,7172.3753830000005,0.4804689679472121,0.0,7324.0,0.4804776606043404,2.6226721566969695e-07,7373.0,0.48050556084509943,0.00011699284321535928,7722.0,0.2437589781772477,0.01304444176496332,0.0
meshmamba,non_texture,Spinning_Top_v1_L3,cone,cone_sigma1_radius5,,,1.0,5.0,ok,,,134.106,/home/29d_kon@lab.graphicon.ru/ssd1_link/projects/REPROJECTING/outputs/KLD_diagnostic_20260602_064256/MeshMamba_non_texture/cone/cone_sigma1_radius5/Spinning_Top_v1_L3/sweep_cone_sigma1_radius5_recenter_rotx90p0_horizontaltovertical_blender_rig/Spinning_Top_v1_L3_report.json,/home/29d_kon@lab.graphicon.ru/ssd1_link/projects/REPROJECTING/outputs/KLD_diagnostic_20260602_064256/_logs/MeshMamba_non_texture/cone/cone_sigma1_radius5/Spinning_Top_v1_L3.log,Spinning_Top_v1_L3.csv,,,32868,,,,22917,510,horizontal_to_vertical,60.000001669652114,35.98339890412515,26025,,0.9158266788846707,20988,22917,-0.3448314805899216,0.3557218090644592,8.820703126936856,0.12346087190495957,0.27174795616399683,-0.35258706118624294,0.33435572759242554,0.45365473938528134,0.5826549684471299,0.6682167510747682,-0.5205240284066048,-0.005390254139325952,0.2653367402909399,4051920.4825536124,7172.3753830000005,0.4804460311945722,0.0,6843.0,0.4804460311945722,6.387953551452446e-07,7199.0,0.4804986137742422,0.00014494404900026837,7701.0,0.2437589781772477,0.01304444176496332,0.0
meshmamba,non_texture,Spinning_Top_v1_L3,cone,cone_sigma1_radius7,,,1.0,7.0,ok,,,141.176,/home/29d_kon@lab.graphicon.ru/ssd1_link/projects/REPROJECTING/outputs/KLD_diagnostic_20260602_064256/MeshMamba_non_texture/cone/cone_sigma1_radius7/Spinning_Top_v1_L3/sweep_cone_sigma1_radius7_recenter_rotx90p0_horizontaltovertical_blender_rig/Spinning_Top_v1_L3_report.json,/home/29d_kon@lab.graphicon.ru/ssd1_link/projects/REPROJECTING/outputs/KLD_diagnostic_20260602_064256/_logs/MeshMamba_non_texture/cone/cone_sigma1_radius7/Spinning_Top_v1_L3.log,Spinning_Top_v1_L3.csv,,,32868,,,,22917,510,horizontal_to_vertical,60.000001669652114,35.98339890412515,26607,,0.9158266788846707,20988,22917,-0.3448320497066498,0.3557217963211342,8.820651702149158,0.12346108075907877,0.27174836515322354,-0.36575752290981084,0.3343557258869628,0.45365431771664333,0.5826542281718536,0.668215443315111,-0.5205252419712673,-0.005391540809149571,0.2653351200396682,4051934.6035001026,7172.3753830000005,0.4784905069433954,0.0,6261.0,0.4804460311945722,6.687222287316727e-07,7199.0,0.4804986137742422,0.00014501607587072944,7701.0,0.2437589781772477,0.01304444176496332,0.0
meshmamba,non_texture,Spinning_Top_v1_L3,cone,cone_sigma2_radius3,,,2.0,3.0,ok,,,137.446,/home/29d_kon@lab.graphicon.ru/ssd1_link/projects/REPROJECTING/outputs/KLD_diagnostic_20260602_064256/MeshMamba_non_texture/cone/cone_sigma2_radius3/Spinning_Top_v1_L3/sweep_cone_sigma2_radius3_recenter_rotx90p0_horizontaltovertical_blender_rig/Spinning_Top_v1_L3_report.json,/home/29d_kon@lab.graphicon.ru/ssd1_link/projects/REPROJECTING/outputs/KLD_diagnostic_20260602_064256/_logs/MeshMamba_non_texture/cone/cone_sigma2_radius3/Spinning_Top_v1_L3.log,Spinning_Top_v1_L3.csv,,,32868,,,,22917,510,horizontal_to_vertical,60.000001669652114,35.98339890412515,26283,,0.9158266788846707,20988,22917,-0.30981613531192,0.3740923092825926,8.775945743383483,0.17107460525014112,0.3439523147303912,-0.3196469618757135,0.3728990491804652,0.5522666298834488,0.6955320744134058,0.7636198731267628,-0.3581036045415056,0.3615190789504913,0.6816555347986961,16434773.568751078,7172.3753830000005,0.48033175315469956,0.0,6585.0,0.4803633627662848,1.2419085529637845e-07,6633.0,0.48044603119457224,0.0001106985027307477,6970.0,0.2437589781772477,0.013044441764963319,0.0
meshmamba,non_texture,Spinning_Top_v1_L3,cone,cone_sigma2_radius5,,,2.0,5.0,ok,,,155.530,/home/29d_kon@lab.graphicon.ru/ssd1_link/projects/REPROJECTING/outputs/KLD_diagnostic_20260602_064256/MeshMamba_non_texture/cone/cone_sigma2_radius5/Spinning_Top_v1_L3/sweep_cone_sigma2_radius5_recenter_rotx90p0_horizontaltovertical_blender_rig/Spinning_Top_v1_L3_report.json,/home/29d_kon@lab.graphicon.ru/ssd1_link/projects/REPROJECTING/outputs/KLD_diagnostic_20260602_064256/_logs/MeshMamba_non_texture/cone/cone_sigma2_radius5/Spinning_Top_v1_L3.log,Spinning_Top_v1_L3.csv,,,32868,,,,22917,510,horizontal_to_vertical,60.000001669652114,35.98339890412515,32867,,0.9158266788846707,20988,22917,-0.3121397112280607,0.3737231459740913,5.816247859311166,0.1728013216331367,0.3461777004694671,-0.33431642295525427,0.37238896185733755,0.336891284167874,0.599900440767692,0.7052906164227896,-0.364870781794334,0.3515645022255688,0.6699049848370217,16596904.605520815,7172.3753830000005,9.02443005889169e-05,0.0,1.0,0.457133933866774,1.2232723631456472e-05,5650.0,0.4804460311945722,0.00020751826829760306,6911.0,0.1907711972664168,0.01239924254533402,3.771662749142044e-09
meshmamba,non_texture,Spinning_Top_v1_L3,cone,cone_sigma2_radius7,,,2.0,7.0,ok,,,191.631,/home/29d_kon@lab.graphicon.ru/ssd1_link/projects/REPROJECTING/outputs/KLD_diagnostic_20260602_064256/MeshMamba_non_texture/cone/cone_sigma2_radius7/Spinning_Top_v1_L3/sweep_cone_sigma2_radius7_recenter_rotx90p0_horizontaltovertical_blender_rig/Spinning_Top_v1_L3_report.json,/home/29d_kon@lab.graphicon.ru/ssd1_link/projects/REPROJECTING/outputs/KLD_diagnostic_20260602_064256/_logs/MeshMamba_non_texture/cone/cone_sigma2_radius7/Spinning_Top_v1_L3.log,Spinning_Top_v1_L3.csv,,,32868,,,,22917,510,horizontal_to_vertical,60.000001669652114,35.98339890412515,32868,,0.9158266788846707,20988,22917,-0.312139321402312,0.3737242446848515,5.521486795340623,0.1728012240625386,0.34617764029727444,-0.33434052476120035,0.3723904863672884,0.33676836775988633,0.5994312913112566,0.7049780151589895,-0.36487210750236604,0.35156232892624883,0.6699027301100435,16596969.006887985,7172.3753830000005,0.0,0.0,0.0,0.4556005892755153,1.3068531290811896e-05,5617.0,0.4804460311945722,0.0002089201354437765,6911.0,0.1737406608622945,0.01288231514192625,1.920615458398972e-08
meshmamba,non_texture,Spinning_Top_v1_L3,cone,cone_sigma3_radius3,,,3.0,3.0,ok,,,152.129,/home/29d_kon@lab.graphicon.ru/ssd1_link/projects/REPROJECTING/outputs/KLD_diagnostic_20260602_064256/MeshMamba_non_texture/cone/cone_sigma3_radius3/Spinning_Top_v1_L3/sweep_cone_sigma3_radius3_recenter_rotx90p0_horizontaltovertical_blender_rig/Spinning_Top_v1_L3_report.json,/home/29d_kon@lab.graphicon.ru/ssd1_link/projects/REPROJECTING/outputs/KLD_diagnostic_20260602_064256/_logs/MeshMamba_non_texture/cone/cone_sigma3_radius3/Spinning_Top_v1_L3.log,Spinning_Top_v1_L3.csv,,,32868,,,,22917,510,horizontal_to_vertical,60.000001669652114,35.98339890412515,31278,,0.9158266788846707,20988,22917,-0.36074967865528884,0.3659539050863913,5.447212960682519,0.22764300795221365,0.4060299096023248,-0.35054658173943515,0.35940649172380645,0.2963468213029094,0.5295886469513438,0.6191411082945497,-0.4994838231149246,0.1444370542590141,0.39474075080914045,35992011.03803864,7172.3753830000005,0.17165585364064317,0.0,1590.0,0.2315485519534191,2.7782825728300144e-06,2249.0,0.4773706206336188,0.0009320206264949124,6218.0,0.2432945068770667,0.013020822114435613,0.0
meshmamba,non_texture,Spinning_Top_v1_L3,cone,cone_sigma3_radius5,,,3.0,5.0,ok,,,198.803,/home/29d_kon@lab.graphicon.ru/ssd1_link/projects/REPROJECTING/outputs/KLD_diagnostic_20260602_064256/MeshMamba_non_texture/cone/cone_sigma3_radius5/Spinning_Top_v1_L3/sweep_cone_sigma3_radius5_recenter_rotx90p0_horizontaltovertical_blender_rig/Spinning_Top_v1_L3_report.json,/home/29d_kon@lab.graphicon.ru/ssd1_link/projects/REPROJECTING/outputs/KLD_diagnostic_20260602_064256/_logs/MeshMamba_non_texture/cone/cone_sigma3_radius5/Spinning_Top_v1_L3.log,Spinning_Top_v1_L3.csv,,,32868,,,,22917,510,horizontal_to_vertical,60.000001669652114,35.98339890412515,32868,,0.9158266788846707,20988,22917,-0.36081170589319633,0.3684245598608996,2.573816095298173,0.22729627072410064,0.4057327295397219,-0.35054023678820084,0.3626128412624254,0.2939281711335379,0.5275623576723375,0.6179224164110386,-0.5056836684993812,0.13607721040525048,0.38586643656903297,36395142.59173656,7172.3753830000005,0.0,0.0,0.0,0.0,0.0,0.0,0.43691094521174756,0.00255000591776278,5221.0,0.08220700637846953,0.012969289117309435,2.3123675924071534e-05
meshmamba,non_texture,Spinning_Top_v1_L3,cone,cone_sigma3_radius7,,,3.0,7.0,ok,,,223.851,/home/29d_kon@lab.graphicon.ru/ssd1_link/projects/REPROJECTING/outputs/KLD_diagnostic_20260602_064256/MeshMamba_non_texture/cone/cone_sigma3_radius7/Spinning_Top_v1_L3/sweep_cone_sigma3_radius7_recenter_rotx90p0_horizontaltovertical_blender_rig/Spinning_Top_v1_L3_report.json,/home/29d_kon@lab.graphicon.ru/ssd1_link/projects/REPROJECTING/outputs/KLD_diagnostic_20260602_064256/_logs/MeshMamba_non_texture/cone/cone_sigma3_radius7/Spinning_Top_v1_L3.log,Spinning_Top_v1_L3.csv,,,32868,,,,22917,510,horizontal_to_vertical,60.000001669652114,35.98339890412515,32868,,0.9158266788846707,20988,22917,-0.36081221918249384,0.36842487872935337,2.5737746779432973,0.22729643550028364,0.40573300477220536,-0.3505402658425301,0.36261325140732126,0.29392837682555645,0.5275623576723375,0.6179225098224427,-0.5056847639421995,0.13607658721362467,0.38586598443080466,36395225.9533356,7172.3753830000005,0.0,0.0,0.0,0.0,0.0,0.0,0.43691094521174756,0.0025501964183555765,5221.0,0.08220557941055248,0.012969289117309435,2.3126164411523806e-05
meshmamba,non_texture,Spinning_Top_v1_L3,cone,cone_sigma5_radius3,,,5.0,3.0,ok,,,195.831,/home/29d_kon@lab.graphicon.ru/ssd1_link/projects/REPROJECTING/outputs/KLD_diagnostic_20260602_064256/MeshMamba_non_texture/cone/cone_sigma5_radius3/Spinning_Top_v1_L3/sweep_cone_sigma5_radius3_recenter_rotx90p0_horizontaltovertical_blender_rig/Spinning_Top_v1_L3_report.json,/home/29d_kon@lab.graphicon.ru/ssd1_link/projects/REPROJECTING/outputs/KLD_diagnostic_20260602_064256/_logs/MeshMamba_non_texture/cone/cone_sigma5_radius3/Spinning_Top_v1_L3.log,Spinning_Top_v1_L3.csv,,,32868,,,,22917,510,horizontal_to_vertical,60.000001669652114,35.98339890412515,32868,,0.9158266788846707,20988,22917,-0.38107828808787314,0.41526995801913036,1.109169582412312,0.24605359611136682,0.41704424020946673,-0.35771669383214466,0.4274292771544021,0.22627444126411442,0.4141836957253544,0.48702679067092824,-0.7233504517228325,-0.31501523143307936,-0.16341714878533076,96966276.74662945,7172.3753830000005,0.0,0.0,0.0,0.0,0.0,0.0,0.0,0.0,0.0,0.03517121105991095,0.013027162412812602,0.0008766450585953876
meshmamba,non_texture,Spinning_Top_v1_L3,cone,cone_sigma5_radius5,,,5.0,5.0,ok,,,227.912,/home/29d_kon@lab.graphicon.ru/ssd1_link/projects/REPROJECTING/outputs/KLD_diagnostic_20260602_064256/MeshMamba_non_texture/cone/cone_sigma5_radius5/Spinning_Top_v1_L3/sweep_cone_sigma5_radius5_recenter_rotx90p0_horizontaltovertical_blender_rig/Spinning_Top_v1_L3_report.json,/home/29d_kon@lab.graphicon.ru/ssd1_link/projects/REPROJECTING/outputs/KLD_diagnostic_20260602_064256/_logs/MeshMamba_non_texture/cone/cone_sigma5_radius5/Spinning_Top_v1_L3.log,Spinning_Top_v1_L3.csv,,,32868,,,,22917,510,horizontal_to_vertical,60.000001669652114,35.98339890412515,32868,,0.9158266788846707,20988,22917,-0.3833070837794468,0.4157968923735307,1.1076609937562258,0.24677229627297342,0.4181087677749626,-0.3589757490310127,0.4281885353234922,0.226257286549767,0.4141487664208641,0.4870050725194765,-0.7274503611587917,-0.3168159369019666,-0.1643893598183175,97561185.40212655,7172.3753830000005,0.0,0.0,0.0,0.0,0.0,0.0,0.0,0.0,0.0,0.03514632258225665,0.0130271624128126,0.000878308231270789
meshmamba,non_texture,Spinning_Top_v1_L3,cone,cone_sigma5_radius7,,,5.0,7.0,ok,,,234.935,/home/29d_kon@lab.graphicon.ru/ssd1_link/projects/REPROJECTING/outputs/KLD_diagnostic_20260602_064256/MeshMamba_non_texture/cone/cone_sigma5_radius7/Spinning_Top_v1_L3/sweep_cone_sigma5_radius7_recenter_rotx90p0_horizontaltovertical_blender_rig/Spinning_Top_v1_L3_report.json,/home/29d_kon@lab.graphicon.ru/ssd1_link/projects/REPROJECTING/outputs/KLD_diagnostic_20260602_064256/_logs/MeshMamba_non_texture/cone/cone_sigma5_radius7/Spinning_Top_v1_L3.log,Spinning_Top_v1_L3.csv,,,32868,,,,22917,510,horizontal_to_vertical,60.000001669652114,35.98339890412515,32868,,0.9158266788846707,20988,22917,-0.38330680295516684,0.4157970468389087,1.107660059755147,0.24677222878593608,0.41810868781861793,-0.3589756558000471,0.4281888193003851,0.2262574613879828,0.4141489807110757,0.4870052593422847,-0.7274495245877504,-0.31681451671512273,-0.16438783890627953,97561218.32272103,7172.3753830000005,0.0,0.0,0.0,0.0,0.0,0.0,0.0,0.0,0.0,0.03514629575486254,0.0130271624128126,0.0008783100370978204
meshmamba,non_texture,Spinning_Top_v1_L3,screen_space,screen_sigmascreen0p025,,0.025,,,ok,,,7.824,/home/29d_kon@lab.graphicon.ru/ssd1_link/projects/REPROJECTING/outputs/KLD_diagnostic_20260602_064256/MeshMamba_non_texture/screen_space/screen_sigmascreen0p025/Spinning_Top_v1_L3/sweep_screen_sigmascreen0p025_recenter_rotx90p0_horizontaltovertical_blender_rig/Spinning_Top_v1_L3_report.json,/home/29d_kon@lab.graphicon.ru/ssd1_link/projects/REPROJECTING/outputs/KLD_diagnostic_20260602_064256/_logs/MeshMamba_non_texture/screen_space/screen_sigmascreen0p025/Spinning_Top_v1_L3.log,Spinning_Top_v1_L3.csv,,,32868,,,,22917,510,horizontal_to_vertical,60.000001669652114,35.98339890412515,26780,8938830,,,22917,-0.25217280396829705,0.4088267817903246,5.18733981032392,0.17194909204299585,0.3468767077077486,-0.22255702769192484,0.42650188351076285,0.39665912658006053,0.6081842964392603,0.7496599124305451,-0.3375221114005823,0.3281705018890267,0.8111784326876347,2.989415640195329,7172.3753830000005,0.26134938983296097,0.0,6088.0,0.26134938983296097,0.0,6088.0,0.26134938983296097,0.0,6088.0,0.22595594331715485,0.012138333027904765,0.0
meshmamba,non_texture,Spinning_Top_v1_L3,screen_space,screen_sigmascreen0p05,,0.05,,,ok,,,9.822,/home/29d_kon@lab.graphicon.ru/ssd1_link/projects/REPROJECTING/outputs/KLD_diagnostic_20260602_064256/MeshMamba_non_texture/screen_space/screen_sigmascreen0p05/Spinning_Top_v1_L3/sweep_screen_sigmascreen0p05_recenter_rotx90p0_horizontaltovertical_blender_rig/Spinning_Top_v1_L3_report.json,/home/29d_kon@lab.graphicon.ru/ssd1_link/projects/REPROJECTING/outputs/KLD_diagnostic_20260602_064256/_logs/MeshMamba_non_texture/screen_space/screen_sigmascreen0p05/Spinning_Top_v1_L3.log,Spinning_Top_v1_L3.csv,,,32868,,,,22917,510,horizontal_to_vertical,60.000001669652114,35.98339890412515,26780,8938830,,,22917,-0.2872854370239565,0.4066146913051322,5.179908036601448,0.17915414940040197,0.35616797115519516,-0.21177526195597335,0.41404963316025034,0.3363020948076269,0.49802890019094426,0.617721862126449,-0.5248781651861875,-0.03866744468283326,0.31764680774246834,2.2838841435482626,7172.3753830000005,0.26134938983296097,0.0,6088.0,0.26134938983296097,0.0,6088.0,0.26134938983296097,0.0,6088.0,0.22595594331715488,0.012138333027904766,0.0
meshmamba,non_texture,Spinning_Top_v1_L3,screen_space,screen_sigmascreen0p075,,0.075,,,ok,,,9.349,/home/29d_kon@lab.graphicon.ru/ssd1_link/projects/REPROJECTING/outputs/KLD_diagnostic_20260602_064256/MeshMamba_non_texture/screen_space/screen_sigmascreen0p075/Spinning_Top_v1_L3/sweep_screen_sigmascreen0p075_recenter_rotx90p0_horizontaltovertical_blender_rig/Spinning_Top_v1_L3_report.json,/home/29d_kon@lab.graphicon.ru/ssd1_link/projects/REPROJECTING/outputs/KLD_diagnostic_20260602_064256/_logs/MeshMamba_non_texture/screen_space/screen_sigmascreen0p075/Spinning_Top_v1_L3.log,Spinning_Top_v1_L3.csv,,,32868,,,,22917,510,horizontal_to_vertical,60.000001669652114,35.98339890412515,26780,8938830,,,22917,-0.30379953638144874,0.40611838019018964,5.182032510966897,0.18591259668305934,0.36304850333520594,-0.2090042320735189,0.4070592758247201,0.30373824057444354,0.43521551049694757,0.5417884323240448,-0.6139168976869448,-0.22793228346255845,0.06543063347150423,1.864405414809914,7172.3753830000005,0.26134938983296097,0.0,6088.0,0.26134938983296097,0.0,6088.0,0.26134938983296097,0.0,6088.0,0.22595594331715485,0.012138333027904765,0.0
meshmamba,non_texture,Spinning_Top_v1_L3,screen_space,screen_sigmascreen0p1,,0.1,,,ok,,,9.871,/home/29d_kon@lab.graphicon.ru/ssd1_link/projects/REPROJECTING/outputs/KLD_diagnostic_20260602_064256/MeshMamba_non_texture/screen_space/screen_sigmascreen0p1/Spinning_Top_v1_L3/sweep_screen_sigmascreen0p1_recenter_rotx90p0_horizontaltovertical_blender_rig/Spinning_Top_v1_L3_report.json,/home/29d_kon@lab.graphicon.ru/ssd1_link/projects/REPROJECTING/outputs/KLD_diagnostic_20260602_064256/_logs/MeshMamba_non_texture/screen_space/screen_sigmascreen0p1/Spinning_Top_v1_L3.log,Spinning_Top_v1_L3.csv,,,32868,,,,22917,510,horizontal_to_vertical,60.000001669652114,35.98339890412515,26780,8938830,,,22917,-0.3097307457577041,0.4082717034103244,5.178049390247511,0.1934614261741622,0.37193238952552815,-0.21239611822224264,0.4083155622919008,0.2945371532082704,0.421274217910859,0.5269690867101633,-0.633911061195614,-0.2590517433137503,0.026266763330344875,1.561054586455254,7172.3753830000005,0.26134938983296097,0.0,6088.0,0.26134938983296097,0.0,6088.0,0.26134938983296097,0.0,6088.0,0.22595594331715485,0.012138333027904765,0.0
meshmamba,non_texture,Spinning_Top_v1_L3,screen_space,screen_sigmascreen0p15,,0.15,,,ok,,,11.909,/home/29d_kon@lab.graphicon.ru/ssd1_link/projects/REPROJECTING/outputs/KLD_diagnostic_20260602_064256/MeshMamba_non_texture/screen_space/screen_sigmascreen0p15/Spinning_Top_v1_L3/sweep_screen_sigmascreen0p15_recenter_rotx90p0_horizontaltovertical_blender_rig/Spinning_Top_v1_L3_report.json,/home/29d_kon@lab.graphicon.ru/ssd1_link/projects/REPROJECTING/outputs/KLD_diagnostic_20260602_064256/_logs/MeshMamba_non_texture/screen_space/screen_sigmascreen0p15/Spinning_Top_v1_L3.log,Spinning_Top_v1_L3.csv,,,32868,,,,22917,510,horizontal_to_vertical,60.000001669652114,35.98339890412515,26780,8938830,,,22917,-0.2952106707043477,0.4174331300006542,5.1521337810439745,0.20425341957096935,0.3858024574221718,-0.21080915113815024,0.42425755434750717,0.31792279302774396,0.4734395854333774,0.5979300873555428,-0.5683043700919783,-0.10114650694943475,0.23956079821409876,1.1327708329918802,7172.3753830000005,0.26134938983296097,0.0,6088.0,0.26134938983296097,0.0,6088.0,0.26134938983296097,0.0,6088.0,0.22595594331715488,0.012138333027904765,0.0
meshmamba,non_texture,Spinning_Top_v1_L3,screen_space,screen_sigmascreen0p2,,0.2,,,ok,,,15.346,/home/29d_kon@lab.graphicon.ru/ssd1_link/projects/REPROJECTING/outputs/KLD_diagnostic_20260602_064256/MeshMamba_non_texture/screen_space/screen_sigmascreen0p2/Spinning_Top_v1_L3/sweep_screen_sigmascreen0p2_recenter_rotx90p0_horizontaltovertical_blender_rig/Spinning_Top_v1_L3_report.json,/home/29d_kon@lab.graphicon.ru/ssd1_link/projects/REPROJECTING/outputs/KLD_diagnostic_20260602_064256/_logs/MeshMamba_non_texture/screen_space/screen_sigmascreen0p2/Spinning_Top_v1_L3.log,Spinning_Top_v1_L3.csv,,,32868,,,,22917,510,horizontal_to_vertical,60.000001669652114,35.98339890412515,26780,8938830,,,22917,-0.2669106050243649,0.42679831995867273,5.128010638742884,0.2116087317990583,0.3940153335933153,-0.193439157373659,0.44181920951446413,0.36564656041240917,0.5642125099664429,0.7142647434254951,-0.465849143372814,0.11280863179841792,0.5219445687213913,0.8756441113245752,7172.3753830000005,0.26134938983296097,0.0,6088.0,0.26134938983296097,0.0,6088.0,0.26134938983296097,0.0,6088.0,0.22595594331715485,0.012138333027904765,0.0
meshmamba,non_texture,Starfruit_L3,cone,cone_sigma1_radius3,,,1.0,3.0,ok,,,110.977,/home/29d_kon@lab.graphicon.ru/ssd1_link/projects/REPROJECTING/outputs/KLD_diagnostic_20260602_064256/MeshMamba_non_texture/cone/cone_sigma1_radius3/Starfruit_L3/sweep_cone_sigma1_radius3_recenter_rotx90p0_horizontaltovertical_blender_rig/Starfruit_L3_report.json,/home/29d_kon@lab.graphicon.ru/ssd1_link/projects/REPROJECTING/outputs/KLD_diagnostic_20260602_064256/_logs/MeshMamba_non_texture/cone/cone_sigma1_radius3/Starfruit_L3.log,Starfruit-L3.csv,,,32868,,,,21592,510,horizontal_to_vertical,60.000001669652114,35.98339890412515,32868,,0.9428492034086698,20358,21592,0.0640813344033698,0.5993049736548154,0.4846043256834548,0.0894027723047233,0.24294356829808897,-0.14711735854897567,0.6466192521027788,0.4566796204986371,0.4306979903630185,0.28239930180580125,0.3663962396461966,0.3400754803406317,-0.49172388977218867,5855234.520193255,10666.68505,0.0,0.0,0.0,0.0,0.0,0.0,0.0,0.0,0.0,0.016140820266861058,0.00778369930403073,0.00099061580361988
meshmamba,non_texture,Starfruit_L3,cone,cone_sigma1_radius5,,,1.0,5.0,ok,,,120.970,/home/29d_kon@lab.graphicon.ru/ssd1_link/projects/REPROJECTING/outputs/KLD_diagnostic_20260602_064256/MeshMamba_non_texture/cone/cone_sigma1_radius5/Starfruit_L3/sweep_cone_sigma1_radius5_recenter_rotx90p0_horizontaltovertical_blender_rig/Starfruit_L3_report.json,/home/29d_kon@lab.graphicon.ru/ssd1_link/projects/REPROJECTING/outputs/KLD_diagnostic_20260602_064256/_logs/MeshMamba_non_texture/cone/cone_sigma1_radius5/Starfruit_L3.log,Starfruit-L3.csv,,,32868,,,,21592,510,horizontal_to_vertical,60.000001669652114,35.98339890412515,32868,,0.9428492034086698,20358,21592,0.062814424022613,0.6000952952526587,0.48220527051781836,0.08970051386432294,0.24345921971233397,-0.14821116382689795,0.6477237570049618,0.45578916432341465,0.42977046440351274,0.28181277159949564,0.36410255311062056,0.33755516522938334,-0.4934453337166603,5923757.007258053,10666.68505,0.0,0.0,0.0,0.0,0.0,0.0,0.0,0.0,0.0,0.016120043027755916,0.007788466014565603,0.000994779662279519
meshmamba,non_texture,Starfruit_L3,cone,cone_sigma1_radius7,,,1.0,7.0,ok,,,127.546,/home/29d_kon@lab.graphicon.ru/ssd1_link/projects/REPROJECTING/outputs/KLD_diagnostic_20260602_064256/MeshMamba_non_texture/cone/cone_sigma1_radius7/Starfruit_L3/sweep_cone_sigma1_radius7_recenter_rotx90p0_horizontaltovertical_blender_rig/Starfruit_L3_report.json,/home/29d_kon@lab.graphicon.ru/ssd1_link/projects/REPROJECTING/outputs/KLD_diagnostic_20260602_064256/_logs/MeshMamba_non_texture/cone/cone_sigma1_radius7/Starfruit_L3.log,Starfruit-L3.csv,,,32868,,,,21592,510,horizontal_to_vertical,60.000001669652114,35.98339890412515,32868,,0.9428492034086698,20358,21592,0.06281372460560598,0.6000956601112517,0.4822041322108094,0.0897005723625515,0.24345932227845798,-0.14821246383914014,0.6477242989609744,0.45578866037796917,0.42976997738030454,0.2818126781880915,0.3641016198058352,0.33755422286443826,-0.4934460958960833,5923778.4846348995,10666.68505,0.0,0.0,0.0,0.0,0.0,0.0,0.0,0.0,0.0,0.016120019852558627,0.007788466014565603,0.0009947824124358175
meshmamba,non_texture,Starfruit_L3,cone,cone_sigma2_radius3,,,2.0,3.0,ok,,,124.569,/home/29d_kon@lab.graphicon.ru/ssd1_link/projects/REPROJECTING/outputs/KLD_diagnostic_20260602_064256/MeshMamba_non_texture/cone/cone_sigma2_radius3/Starfruit_L3/sweep_cone_sigma2_radius3_recenter_rotx90p0_horizontaltovertical_blender_rig/Starfruit_L3_report.json,/home/29d_kon@lab.graphicon.ru/ssd1_link/projects/REPROJECTING/outputs/KLD_diagnostic_20260602_064256/_logs/MeshMamba_non_texture/cone/cone_sigma2_radius3/Starfruit_L3.log,Starfruit-L3.csv,,,32868,,,,21592,510,horizontal_to_vertical,60.000001669652114,35.98339890412515,32868,,0.9428492034086698,20358,21592,-0.005466359505692358,0.6327430186178676,0.4039533065213563,0.09851900562703861,0.25781613718321206,-0.18991672988047362,0.6941363645629375,0.41648246860700133,0.3888732846652989,0.261368985228014,0.26524192491894577,0.23280278585329123,-0.5667549381268722,24097912.573214225,10666.68505,0.0,0.0,0.0,0.0,0.0,0.0,0.0,0.0,0.0,0.015357392391034211,0.007930978706453885,0.0011460611134911645
meshmamba,non_texture,Starfruit_L3,cone,cone_sigma2_radius5,,,2.0,5.0,ok,,,153.746,/home/29d_kon@lab.graphicon.ru/ssd1_link/projects/REPROJECTING/outputs/KLD_diagnostic_20260602_064256/MeshMamba_non_texture/cone/cone_sigma2_radius5/Starfruit_L3/sweep_cone_sigma2_radius5_recenter_rotx90p0_horizontaltovertical_blender_rig/Starfruit_L3_report.json,/home/29d_kon@lab.graphicon.ru/ssd1_link/projects/REPROJECTING/outputs/KLD_diagnostic_20260602_064256/_logs/MeshMamba_non_texture/cone/cone_sigma2_radius5/Starfruit_L3.log,Starfruit-L3.csv,,,32868,,,,21592,510,horizontal_to_vertical,60.000001669652114,35.98339890412515,32868,,0.9428492034086698,20358,21592,-0.008433307510522207,0.633624863815059,0.4019301807282849,0.09870272090526992,0.2581465172178307,-0.1953866234148253,0.6954752347375405,0.41455207986667286,0.38721818499463573,0.2594636728187106,0.2617145040062041,0.22927361983662206,-0.5702190887932599,24349808.060080588,10666.68505,0.0,0.0,0.0,0.0,0.0,0.0,0.0,0.0,0.0,0.015299253288368857,0.007930978706453887,0.001154513429244332
meshmamba,non_texture,Starfruit_L3,cone,cone_sigma2_radius7,,,2.0,7.0,ok,,,179.370,/home/29d_kon@lab.graphicon.ru/ssd1_link/projects/REPROJECTING/outputs/KLD_diagnostic_20260602_064256/MeshMamba_non_texture/cone/cone_sigma2_radius7/Starfruit_L3/sweep_cone_sigma2_radius7_recenter_rotx90p0_horizontaltovertical_blender_rig/Starfruit_L3_report.json,/home/29d_kon@lab.graphicon.ru/ssd1_link/projects/REPROJECTING/outputs/KLD_diagnostic_20260602_064256/_logs/MeshMamba_non_texture/cone/cone_sigma2_radius7/Starfruit_L3.log,Starfruit-L3.csv,,,32868,,,,21592,510,horizontal_to_vertical,60.000001669652114,35.98339890412515,32868,,0.9428492034086698,20358,21592,-0.008433516216310145,0.633625404252127,0.4019287646803541,0.09870274636752104,0.2581465905517691,-0.1953880480704482,0.6954760463348588,0.4145519975898655,0.38721828239927736,0.25946404646432697,0.26171505928240324,0.22927438009586534,-0.5702180964740021,24349876.09969816,10666.68505,0.0,0.0,0.0,0.0,0.0,0.0,0.0,0.0,0.0,0.015299180009476901,0.007930978706453887,0.001154524038180887
meshmamba,non_texture,Starfruit_L3,cone,cone_sigma3_radius3,,,3.0,3.0,ok,,,145.018,/home/29d_kon@lab.graphicon.ru/ssd1_link/projects/REPROJECTING/outputs/KLD_diagnostic_20260602_064256/MeshMamba_non_texture/cone/cone_sigma3_radius3/Starfruit_L3/sweep_cone_sigma3_radius3_recenter_rotx90p0_horizontaltovertical_blender_rig/Starfruit_L3_report.json,/home/29d_kon@lab.graphicon.ru/ssd1_link/projects/REPROJECTING/outputs/KLD_diagnostic_20260602_064256/_logs/MeshMamba_non_texture/cone/cone_sigma3_radius3/Starfruit_L3.log,Starfruit-L3.csv,,,32868,,,,21592,510,horizontal_to_vertical,60.000001669652114,35.98339890412515,32868,,0.9428492034086698,20358,21592,-0.124049240532477,0.6555947894946442,0.36337982829701687,0.10766910839071095,0.26972930181893223,-0.30199044343897785,0.7246223019400161,0.38026040239303327,0.3618296067096681,0.23990925642560698,0.09121332079381213,0.05450294735087453,-0.6762837181848498,53606276.540206306,10666.68505,0.0,0.0,0.0,0.0,0.0,0.0,0.0,0.0,0.0,0.014122446867788433,0.008040802985928604,0.0013904213232086948
meshmamba,non_texture,Starfruit_L3,cone,cone_sigma3_radius5,,,3.0,5.0,ok,,,183.154,/home/29d_kon@lab.graphicon.ru/ssd1_link/projects/REPROJECTING/outputs/KLD_diagnostic_20260602_064256/MeshMamba_non_texture/cone/cone_sigma3_radius5/Starfruit_L3/sweep_cone_sigma3_radius5_recenter_rotx90p0_horizontaltovertical_blender_rig/Starfruit_L3_report.json,/home/29d_kon@lab.graphicon.ru/ssd1_link/projects/REPROJECTING/outputs/KLD_diagnostic_20260602_064256/_logs/MeshMamba_non_texture/cone/cone_sigma3_radius5/Starfruit_L3.log,Starfruit-L3.csv,,,32868,,,,21592,510,horizontal_to_vertical,60.000001669652114,35.98339890412515,32868,,0.9428492034086698,20358,21592,-0.12588130665793562,0.6568048363648317,0.36067802112721115,0.10800231551958432,0.2705284175320755,-0.3076836749575413,0.7264910748893243,0.38038908846214126,0.36205672511256864,0.24046650215672924,0.09166918619346225,0.0555420180810212,-0.6744589255257252,54087239.49849288,10666.68505,0.0,0.0,0.0,0.0,0.0,0.0,0.0,0.0,0.0,0.013977904729356706,0.008040802985928604,0.001415578867421178
meshmamba,non_texture,Starfruit_L3,cone,cone_sigma3_radius7,,,3.0,7.0,ok,,,200.656,/home/29d_kon@lab.graphicon.ru/ssd1_link/projects/REPROJECTING/outputs/KLD_diagnostic_20260602_064256/MeshMamba_non_texture/cone/cone_sigma3_radius7/Starfruit_L3/sweep_cone_sigma3_radius7_recenter_rotx90p0_horizontaltovertical_blender_rig/Starfruit_L3_report.json,/home/29d_kon@lab.graphicon.ru/ssd1_link/projects/REPROJECTING/outputs/KLD_diagnostic_20260602_064256/_logs/MeshMamba_non_texture/cone/cone_sigma3_radius7/Starfruit_L3.log,Starfruit-L3.csv,,,32868,,,,21592,510,horizontal_to_vertical,60.000001669652114,35.98339890412515,32868,,0.9428492034086698,20358,21592,-0.1258811405570181,0.6568050684979972,0.36067749209899547,0.10800241764573451,0.27052859443368027,-0.30768377897807647,0.7264913903440396,0.38038906789293936,0.3620568419981386,0.2404667823909415,0.09166972773905094,0.05554298114704157,-0.6744572262152689,54087298.66119088,10666.68505,0.0,0.0,0.0,0.0,0.0,0.0,0.0,0.0,0.0,0.013977866037441725,0.008040802985928604,0.0014155856159611155
meshmamba,non_texture,Starfruit_L3,cone,cone_sigma5_radius3,,,5.0,3.0,ok,,,187.458,/home/29d_kon@lab.graphicon.ru/ssd1_link/projects/REPROJECTING/outputs/KLD_diagnostic_20260602_064256/MeshMamba_non_texture/cone/cone_sigma5_radius3/Starfruit_L3/sweep_cone_sigma5_radius3_recenter_rotx90p0_horizontaltovertical_blender_rig/Starfruit_L3_report.json,/home/29d_kon@lab.graphicon.ru/ssd1_link/projects/REPROJECTING/outputs/KLD_diagnostic_20260602_064256/_logs/MeshMamba_non_texture/cone/cone_sigma5_radius3/Starfruit_L3.log,Starfruit-L3.csv,,,32868,,,,21592,510,horizontal_to_vertical,60.000001669652114,35.98339890412515,32868,,0.9428492034086698,20358,21592,-0.3135136038925226,0.6841807074476038,0.3167887547485516,0.14669857157207333,0.3148199079075176,-0.36720970338496306,0.7651946551094438,0.44421102799862267,0.4364251495200211,0.3020476900714233,-0.09260019324770324,-0.10857911341045658,-0.6621133960512009,138719396.07154125,10666.68505,0.0,0.0,0.0,0.0,0.0,0.0,0.0,0.0,0.0,0.010983567747130347,0.00824092382853284,0.002177102561690886
meshmamba,non_texture,Starfruit_L3,cone,cone_sigma5_radius5,,,5.0,5.0,ok,,,210.406,/home/29d_kon@lab.graphicon.ru/ssd1_link/projects/REPROJECTING/outputs/KLD_diagnostic_20260602_064256/MeshMamba_non_texture/cone/cone_sigma5_radius5/Starfruit_L3/sweep_cone_sigma5_radius5_recenter_rotx90p0_horizontaltovertical_blender_rig/Starfruit_L3_report.json,/home/29d_kon@lab.graphicon.ru/ssd1_link/projects/REPROJECTING/outputs/KLD_diagnostic_20260602_064256/_logs/MeshMamba_non_texture/cone/cone_sigma5_radius5/Starfruit_L3.log,Starfruit-L3.csv,,,32868,,,,21592,510,horizontal_to_vertical,60.000001669652114,35.98339890412515,32868,,0.9428492034086698,20358,21592,-0.31358670910518194,0.6845821909843487,0.31598193921990214,0.14649528414170085,0.3145420825302803,-0.3677333258887925,0.7657737518804262,0.44409063646016295,0.43670831455371834,0.3029278123207961,-0.09204825623768682,-0.10669778086508758,-0.6589043974021485,139138885.09076163,10666.68505,0.0,0.0,0.0,0.0,0.0,0.0,0.0,0.0,0.0,0.010947103503153983,0.00824092382853284,0.00218649473162737
meshmamba,non_texture,Starfruit_L3,cone,cone_sigma5_radius7,,,5.0,7.0,ok,,,213.642,/home/29d_kon@lab.graphicon.ru/ssd1_link/projects/REPROJECTING/outputs/KLD_diagnostic_20260602_064256/MeshMamba_non_texture/cone/cone_sigma5_radius7/Starfruit_L3/sweep_cone_sigma5_radius7_recenter_rotx90p0_horizontaltovertical_blender_rig/Starfruit_L3_report.json,/home/29d_kon@lab.graphicon.ru/ssd1_link/projects/REPROJECTING/outputs/KLD_diagnostic_20260602_064256/_logs/MeshMamba_non_texture/cone/cone_sigma5_radius7/Starfruit_L3.log,Starfruit-L3.csv,,,32868,,,,21592,510,horizontal_to_vertical,60.000001669652114,35.98339890412515,32868,,0.9428492034086698,20358,21592,-0.31358661805577437,0.6845822905343424,0.3159817051133146,0.14649527057093195,0.31454211490059486,-0.3677332766620868,0.7657738730564205,0.44409062617556205,0.4367082950727901,0.3029278123207961,-0.09204833634381997,-0.10669812963834131,-0.6589053108443458,139138909.51859546,10666.68505,0.0,0.0,0.0,0.0,0.0,0.0,0.0,0.0,0.0,0.010947104949966592,0.00824092382853284,0.0021864943477568188
meshmamba,non_texture,Starfruit_L3,screen_space,screen_sigmascreen0p025,,0.025,,,ok,,,6.467,/home/29d_kon@lab.graphicon.ru/ssd1_link/projects/REPROJECTING/outputs/KLD_diagnostic_20260602_064256/MeshMamba_non_texture/screen_space/screen_sigmascreen0p025/Starfruit_L3/sweep_screen_sigmascreen0p025_recenter_rotx90p0_horizontaltovertical_blender_rig/Starfruit_L3_report.json,/home/29d_kon@lab.graphicon.ru/ssd1_link/projects/REPROJECTING/outputs/KLD_diagnostic_20260602_064256/_logs/MeshMamba_non_texture/screen_space/screen_sigmascreen0p025/Starfruit_L3.log,Starfruit-L3.csv,,,32868,,,,21592,510,horizontal_to_vertical,60.000001669652114,35.98339890412515,32363,8949606,,,21592,-0.011579438212203818,0.6449358217982963,0.7404444945846009,0.07220451021407388,0.2133257048441382,-0.21527363265037777,0.7085364156899028,0.44451164688373973,0.43175046699681396,0.31434189190413636,0.28233343503177116,0.23695188310593218,-0.5127891222718521,4.2826044491764605,10666.68505,0.022329086017215817,0.0,505.0,0.022329086017215817,0.0,505.0,0.02246506790785953,9.913313284491164e-07,508.0,0.09147501920103845,0.005151243684653463,0.0
meshmamba,non_texture,Starfruit_L3,screen_space,screen_sigmascreen0p05,,0.05,,,ok,,,7.866,/home/29d_kon@lab.graphicon.ru/ssd1_link/projects/REPROJECTING/outputs/KLD_diagnostic_20260602_064256/MeshMamba_non_texture/screen_space/screen_sigmascreen0p05/Starfruit_L3/sweep_screen_sigmascreen0p05_recenter_rotx90p0_horizontaltovertical_blender_rig/Starfruit_L3_report.json,/home/29d_kon@lab.graphicon.ru/ssd1_link/projects/REPROJECTING/outputs/KLD_diagnostic_20260602_064256/_logs/MeshMamba_non_texture/screen_space/screen_sigmascreen0p05/Starfruit_L3.log,Starfruit-L3.csv,,,32868,,,,21592,510,horizontal_to_vertical,60.000001669652114,35.98339890412515,32363,8949606,,,21592,-0.21860324906656825,0.6678434406433291,0.7066067541065673,0.06534614239049426,0.21046174219549987,-0.34531425368369795,0.74438911086991,0.43386063647877804,0.4429460103993871,0.35240587142985114,0.03159698573801231,0.026782377513533087,-0.4753570661349195,3.0391838184602564,10666.68505,0.022329086017215817,0.0,505.0,0.022329086017215817,0.0,505.0,0.02263397267926271,4.212766109118066e-06,512.0,0.09147501920103848,0.005151243684653464,0.0
meshmamba,non_texture,Starfruit_L3,screen_space,screen_sigmascreen0p075,,0.075,,,ok,,,10.875,/home/29d_kon@lab.graphicon.ru/ssd1_link/projects/REPROJECTING/outputs/KLD_diagnostic_20260602_064256/MeshMamba_non_texture/screen_space/screen_sigmascreen0p075/Starfruit_L3/sweep_screen_sigmascreen0p075_recenter_rotx90p0_horizontaltovertical_blender_rig/Starfruit_L3_report.json,/home/29d_kon@lab.graphicon.ru/ssd1_link/projects/REPROJECTING/outputs/KLD_diagnostic_20260602_064256/_logs/MeshMamba_non_texture/screen_space/screen_sigmascreen0p075/Starfruit_L3.log,Starfruit-L3.csv,,,32868,,,,21592,510,horizontal_to_vertical,60.000001669652114,35.98339890412515,32363,8949606,,,21592,-0.27619736118363825,0.6774140399623547,0.6918249135104733,0.07394632257745025,0.2256246473211069,-0.349729421552056,0.7605770763787129,0.4533936802176329,0.4690604091119627,0.40128110004258627,-0.021327499672193086,0.008099169894335487,-0.2949881122357681,2.2981429501803445,10666.68505,0.022329086017215817,0.0,505.0,0.022329086017215817,0.0,505.0,0.02263397267926271,4.296721494001017e-06,512.0,0.09147501920103845,0.005151243684653461,0.0
meshmamba,non_texture,Starfruit_L3,screen_space,screen_sigmascreen0p1,,0.1,,,ok,,,10.193,/home/29d_kon@lab.graphicon.ru/ssd1_link/projects/REPROJECTING/outputs/KLD_diagnostic_20260602_064256/MeshMamba_non_texture/screen_space/screen_sigmascreen0p1/Starfruit_L3/sweep_screen_sigmascreen0p1_recenter_rotx90p0_horizontaltovertical_blender_rig/Starfruit_L3_report.json,/home/29d_kon@lab.graphicon.ru/ssd1_link/projects/REPROJECTING/outputs/KLD_diagnostic_20260602_064256/_logs/MeshMamba_non_texture/screen_space/screen_sigmascreen0p1/Starfruit_L3.log,Starfruit-L3.csv,,,32868,,,,21592,510,horizontal_to_vertical,60.000001669652114,35.98339890412515,32363,8949606,,,21592,-0.26944519424901925,0.685770549161464,0.677169747697101,0.08248528149254127,0.23767837468675598,-0.3251430071419147,0.7727740403462042,0.46768831903926356,0.48630481972193074,0.4395437189191067,-0.0066922852483799625,0.04390306896595045,-0.13693609236558096,1.8129400617309965,10666.68505,0.022329086017215817,0.0,505.0,0.022329086017215817,0.0,505.0,0.022572386441652742,2.9079860260215234e-06,510.0,0.09147501920103845,0.005151243684653463,0.0
meshmamba,non_texture,Starfruit_L3,screen_space,screen_sigmascreen0p15,,0.15,,,ok,,,13.102,/home/29d_kon@lab.graphicon.ru/ssd1_link/projects/REPROJECTING/outputs/KLD_diagnostic_20260602_064256/MeshMamba_non_texture/screen_space/screen_sigmascreen0p15/Starfruit_L3/sweep_screen_sigmascreen0p15_recenter_rotx90p0_horizontaltovertical_blender_rig/Starfruit_L3_report.json,/home/29d_kon@lab.graphicon.ru/ssd1_link/projects/REPROJECTING/outputs/KLD_diagnostic_20260602_064256/_logs/MeshMamba_non_texture/screen_space/screen_sigmascreen0p15/Starfruit_L3.log,Starfruit-L3.csv,,,32868,,,,21592,510,horizontal_to_vertical,60.000001669652114,35.98339890412515,32363,8949606,,,21592,-0.24018179829573436,0.6997425460758551,0.6498383776137245,0.08663661966682573,0.24401986933660264,-0.2926285030443797,0.7909900740174979,0.47495066656915497,0.49584714336342434,0.4615399561209271,0.026153978609632044,0.0917769392350275,-0.013278454050162486,1.2293454743463605,10666.68505,0.022329086017215817,0.0,505.0,0.022329086017215817,0.0,505.0,0.022472789894551166,1.405010779742549e-06,508.0,0.09147501920103845,0.005151243684653463,0.0
meshmamba,non_texture,Starfruit_L3,screen_space,screen_sigmascreen0p2,,0.2,,,ok,,,15.855,/home/29d_kon@lab.graphicon.ru/ssd1_link/projects/REPROJECTING/outputs/KLD_diagnostic_20260602_064256/MeshMamba_non_texture/screen_space/screen_sigmascreen0p2/Starfruit_L3/sweep_screen_sigmascreen0p2_recenter_rotx90p0_horizontaltovertical_blender_rig/Starfruit_L3_report.json,/home/29d_kon@lab.graphicon.ru/ssd1_link/projects/REPROJECTING/outputs/KLD_diagnostic_20260602_064256/_logs/MeshMamba_non_texture/screen_space/screen_sigmascreen0p2/Starfruit_L3.log,Starfruit-L3.csv,,,32868,,,,21592,510,horizontal_to_vertical,60.000001669652114,35.98339890412515,32363,8949606,,,21592,-0.21762454616995164,0.7082947704460371,0.6330415058205039,0.08400285152162862,0.24081579399501218,-0.274300220201047,0.8016419099705848,0.472874601598986,0.4958320748653634,0.45903008510432786,0.04522389484829596,0.11007284093999582,0.0014207670632204522,0.9155320059149588,10666.68505,0.022329086017215817,0.0,505.0,0.022329086017215817,0.0,505.0,0.02242001567300424,5.922148668294515e-07,507.0,0.09147501920103845,0.005151243684653463,0.0
meshmamba,non_texture,ball_car_v1_L3,cone,cone_sigma1_radius3,,,1.0,3.0,ok,,,136.780,/home/29d_kon@lab.graphicon.ru/ssd1_link/projects/REPROJECTING/outputs/KLD_diagnostic_20260602_064256/MeshMamba_non_texture/cone/cone_sigma1_radius3/ball_car_v1_L3/sweep_cone_sigma1_radius3_recenter_rotx90p0_horizontaltovertical_blender_rig/ball_car_v1_L3_report.json,/home/29d_kon@lab.graphicon.ru/ssd1_link/projects/REPROJECTING/outputs/KLD_diagnostic_20260602_064256/_logs/MeshMamba_non_texture/cone/cone_sigma1_radius3/ball_car_v1_L3.log,ball_car_v1_L3.csv,,,32868,,,,23557,510,horizontal_to_vertical,60.000001669652114,35.98339890412515,29430,,0.8813091650040328,20761,23557,0.04431504889420896,0.5813650371281334,3.180790059849775,0.07031351407082533,0.20026849286351148,0.07807750468676672,0.6112616795700342,0.5361560647875144,0.49120126339274867,0.3513305193459222,0.1268869498812908,0.013243053640671939,-0.5665910271767488,1386219.6175190397,4009.4820019999997,0.15444316714506107,0.0,3438.0,0.15539322827467827,4.799771506055121e-07,3492.0,0.19402678939871698,0.0006240940342038376,5575.0,0.399663638507223,0.020855597296181607,0.0
meshmamba,non_texture,ball_car_v1_L3,cone,cone_sigma1_radius5,,,1.0,5.0,ok,,,135.779,/home/29d_kon@lab.graphicon.ru/ssd1_link/projects/REPROJECTING/outputs/KLD_diagnostic_20260602_064256/MeshMamba_non_texture/cone/cone_sigma1_radius5/ball_car_v1_L3/sweep_cone_sigma1_radius5_recenter_rotx90p0_horizontaltovertical_blender_rig/ball_car_v1_L3_report.json,/home/29d_kon@lab.graphicon.ru/ssd1_link/projects/REPROJECTING/outputs/KLD_diagnostic_20260602_064256/_logs/MeshMamba_non_texture/cone/cone_sigma1_radius5/ball_car_v1_L3.log,ball_car_v1_L3.csv,,,32868,,,,23557,510,horizontal_to_vertical,60.000001669652114,35.98339890412515,31073,,0.8813091650040328,20761,23557,0.04434824071780586,0.5818149917176537,2.9352368695881172,0.07089620367788568,0.20128296388587158,0.07293165299755154,0.6117807070218921,0.5314566963741135,0.4841925124038967,0.2861486020376203,0.12672437495190053,0.012306810782283465,-0.5687515625388828,1401843.1681405976,4009.4820019999997,0.1103353455083049,0.0,1795.0,0.15135797609199497,2.363799238405774e-06,3242.0,0.1935058929340469,0.0006615351188100547,5547.0,0.3996636385072229,0.020855597296181607,0.0
meshmamba,non_texture,ball_car_v1_L3,cone,cone_sigma1_radius7,,,1.0,7.0,ok,,,135.344,/home/29d_kon@lab.graphicon.ru/ssd1_link/projects/REPROJECTING/outputs/KLD_diagnostic_20260602_064256/MeshMamba_non_texture/cone/cone_sigma1_radius7/ball_car_v1_L3/sweep_cone_sigma1_radius7_recenter_rotx90p0_horizontaltovertical_blender_rig/ball_car_v1_L3_report.json,/home/29d_kon@lab.graphicon.ru/ssd1_link/projects/REPROJECTING/outputs/KLD_diagnostic_20260602_064256/_logs/MeshMamba_non_texture/cone/cone_sigma1_radius7/ball_car_v1_L3.log,ball_car_v1_L3.csv,,,32868,,,,23557,510,horizontal_to_vertical,60.000001669652114,35.98339890412515,32345,,0.8813091650040328,20761,23557,0.04434825094061032,0.5818151894420618,2.9145788510605275,0.07089646030821131,0.20128340715798193,0.07192711537148624,0.6117809462885798,0.5299638454110527,0.48177000052364727,0.2751903234005562,0.126724365015699,0.012306418921159933,-0.5687525735092389,1401848.4415342852,4009.4820019999997,0.049394346676506176,0.0,523.0,0.15135797609199497,2.3748891073346363e-06,3242.0,0.1935058929340469,0.000661593896431408,5547.0,0.39966331388413145,0.020855597296181607,1.7893766063355665e-15
meshmamba,non_texture,ball_car_v1_L3,cone,cone_sigma2_radius3,,,2.0,3.0,ok,,,132.463,/home/29d_kon@lab.graphicon.ru/ssd1_link/projects/REPROJECTING/outputs/KLD_diagnostic_20260602_064256/MeshMamba_non_texture/cone/cone_sigma2_radius3/ball_car_v1_L3/sweep_cone_sigma2_radius3_recenter_rotx90p0_horizontaltovertical_blender_rig/ball_car_v1_L3_report.json,/home/29d_kon@lab.graphicon.ru/ssd1_link/projects/REPROJECTING/outputs/KLD_diagnostic_20260602_064256/_logs/MeshMamba_non_texture/cone/cone_sigma2_radius3/ball_car_v1_L3.log,ball_car_v1_L3.csv,,,32868,,,,23557,510,horizontal_to_vertical,60.000001669652114,35.98339890412515,31874,,0.8813091650040328,20761,23557,0.044329231702824434,0.5976055853018073,2.240136080483894,0.13637566918611047,0.2931174411588165,0.07495576942759151,0.6309724531585101,0.5262658731630816,0.47123245469671154,0.2653801643312103,0.10907251910347594,-0.04616740622227736,-0.6664777325577916,5560582.0416942295,4009.4820019999997,0.07558623653849239,0.0,994.0,0.09646856521791666,2.061493658014603e-06,1415.0,0.1678538603401368,0.0008167085573869829,4066.0,0.399663638507223,0.020855597296181607,0.0
meshmamba,non_texture,ball_car_v1_L3,cone,cone_sigma2_radius5,,,2.0,5.0,ok,,,147.174,/home/29d_kon@lab.graphicon.ru/ssd1_link/projects/REPROJECTING/outputs/KLD_diagnostic_20260602_064256/MeshMamba_non_texture/cone/cone_sigma2_radius5/ball_car_v1_L3/sweep_cone_sigma2_radius5_recenter_rotx90p0_horizontaltovertical_blender_rig/ball_car_v1_L3_report.json,/home/29d_kon@lab.graphicon.ru/ssd1_link/projects/REPROJECTING/outputs/KLD_diagnostic_20260602_064256/_logs/MeshMamba_non_texture/cone/cone_sigma2_radius5/ball_car_v1_L3.log,ball_car_v1_L3.csv,,,32868,,,,23557,510,horizontal_to_vertical,60.000001669652114,35.98339890412515,32868,,0.8813091650040328,20761,23557,0.04425419248745359,0.5979575322097822,1.6765834661578802,0.1372086953512812,0.29420521447450376,0.07454229630912028,0.6313918106994337,0.525749956442144,0.4701418246647877,0.2613556273972285,0.10902762325802617,-0.04695759514396222,-0.6691398525791158,5623729.250560075,4009.4820019999997,0.0,0.0,0.0,0.07612610552878098,2.6905540539015232e-06,975.0,0.16641486672522043,0.0008597607928994923,3983.0,0.27485125922646014,0.02073313234939918,4.996157660158917e-08
meshmamba,non_texture,ball_car_v1_L3,cone,cone_sigma2_radius7,,,2.0,7.0,ok,,,149.150,/home/29d_kon@lab.graphicon.ru/ssd1_link/projects/REPROJECTING/outputs/KLD_diagnostic_20260602_064256/MeshMamba_non_texture/cone/cone_sigma2_radius7/ball_car_v1_L3/sweep_cone_sigma2_radius7_recenter_rotx90p0_horizontaltovertical_blender_rig/ball_car_v1_L3_report.json,/home/29d_kon@lab.graphicon.ru/ssd1_link/projects/REPROJECTING/outputs/KLD_diagnostic_20260602_064256/_logs/MeshMamba_non_texture/cone/cone_sigma2_radius7/ball_car_v1_L3.log,ball_car_v1_L3.csv,,,32868,,,,23557,510,horizontal_to_vertical,60.000001669652114,35.98339890412515,32868,,0.8813091650040328,20761,23557,0.044254156440178855,0.5979577493742232,1.6740687157133167,0.13720892512848115,0.29420551656149735,0.07454183531816422,0.6313920582258349,0.5257489074128493,0.47013964280081516,0.26134348391469636,0.10902757079922942,-0.04695791925493545,-0.6691407823038806,5623750.588940781,4009.4820019999997,0.0,0.0,0.0,0.07608543867956737,2.689702518891686e-06,973.0,0.16641486672522043,0.0008598978280980323,3983.0,0.2740237012181949,0.02076347567054124,5.222734763096467e-08
meshmamba,non_texture,ball_car_v1_L3,cone,cone_sigma3_radius3,,,3.0,3.0,ok,,,141.157,/home/29d_kon@lab.graphicon.ru/ssd1_link/projects/REPROJECTING/outputs/KLD_diagnostic_20260602_064256/MeshMamba_non_texture/cone/cone_sigma3_radius3/ball_car_v1_L3/sweep_cone_sigma3_radius3_recenter_rotx90p0_horizontaltovertical_blender_rig/ball_car_v1_L3_report.json,/home/29d_kon@lab.graphicon.ru/ssd1_link/projects/REPROJECTING/outputs/KLD_diagnostic_20260602_064256/_logs/MeshMamba_non_texture/cone/cone_sigma3_radius3/ball_car_v1_L3.log,ball_car_v1_L3.csv,,,32868,,,,23557,510,horizontal_to_vertical,60.000001669652114,35.98339890412515,32868,,0.8813091650040328,20761,23557,0.04253276676767669,0.6053140068273514,1.222123663166534,0.16067568931983,0.32379610932092356,0.07330810211663946,0.6408540037289429,0.5244926125557268,0.4629055072116838,0.2501157133768213,0.10424199858962509,-0.07695439722631033,-0.7380007650566713,12563113.406969957,4009.4820019999997,0.0,0.0,0.0,0.011814608464727061,6.626228784712118e-07,143.0,0.14054457875578713,0.0007785514392298024,2637.0,0.19763498230194554,0.020759234224890278,1.83065838277449e-06
meshmamba,non_texture,ball_car_v1_L3,cone,cone_sigma3_radius5,,,3.0,5.0,ok,,,156.559,/home/29d_kon@lab.graphicon.ru/ssd1_link/projects/REPROJECTING/outputs/KLD_diagnostic_20260602_064256/MeshMamba_non_texture/cone/cone_sigma3_radius5/ball_car_v1_L3/sweep_cone_sigma3_radius5_recenter_rotx90p0_horizontaltovertical_blender_rig/ball_car_v1_L3_report.json,/home/29d_kon@lab.graphicon.ru/ssd1_link/projects/REPROJECTING/outputs/KLD_diagnostic_20260602_064256/_logs/MeshMamba_non_texture/cone/cone_sigma3_radius5/ball_car_v1_L3.log,ball_car_v1_L3.csv,,,32868,,,,23557,510,horizontal_to_vertical,60.000001669652114,35.98339890412515,32868,,0.8813091650040328,20761,23557,0.04239661859550879,0.6057751431983942,1.1341153225126779,0.161294892375172,0.32453890067668906,0.07313547255986153,0.6413627143818345,0.5243596892310366,0.4625361975129244,0.24946449577318067,0.10404682670407935,-0.07787609735153882,-0.7403766441187272,12706154.173685662,4009.4820019999997,0.0,0.0,0.0,0.0,0.0,0.0,0.13859210584380122,0.0008795603173828183,2552.0,0.17517038382047687,0.02082261622782064,4.845725899123229e-06
meshmamba,non_texture,ball_car_v1_L3,cone,cone_sigma3_radius7,,,3.0,7.0,ok,,,179.304,/home/29d_kon@lab.graphicon.ru/ssd1_link/projects/REPROJECTING/outputs/KLD_diagnostic_20260602_064256/MeshMamba_non_texture/cone/cone_sigma3_radius7/ball_car_v1_L3/sweep_cone_sigma3_radius7_recenter_rotx90p0_horizontaltovertical_blender_rig/ball_car_v1_L3_report.json,/home/29d_kon@lab.graphicon.ru/ssd1_link/projects/REPROJECTING/outputs/KLD_diagnostic_20260602_064256/_logs/MeshMamba_non_texture/cone/cone_sigma3_radius7/ball_car_v1_L3.log,ball_car_v1_L3.csv,,,32868,,,,23557,510,horizontal_to_vertical,60.000001669652114,35.98339890412515,32868,,0.8813091650040328,20761,23557,0.042396751241445346,0.6057755167271677,1.1339947101808323,0.1612950913962711,0.3245391011790997,0.07313552785426021,0.6413631703959822,0.5243598435000505,0.462536470245921,0.2494655232986257,0.10404713284103088,-0.07787571282639276,-0.740375992939817,12706202.943943819,4009.4820019999997,0.0,0.0,0.0,0.0,0.0,0.0,0.13859210584380122,0.0008797405552078506,2552.0,0.17513052868938533,0.02082261622782064,4.854403108733886e-06
meshmamba,non_texture,ball_car_v1_L3,cone,cone_sigma5_radius3,,,5.0,3.0,ok,,,157.447,/home/29d_kon@lab.graphicon.ru/ssd1_link/projects/REPROJECTING/outputs/KLD_diagnostic_20260602_064256/MeshMamba_non_texture/cone/cone_sigma5_radius3/ball_car_v1_L3/sweep_cone_sigma5_radius3_recenter_rotx90p0_horizontaltovertical_blender_rig/ball_car_v1_L3_report.json,/home/29d_kon@lab.graphicon.ru/ssd1_link/projects/REPROJECTING/outputs/KLD_diagnostic_20260602_064256/_logs/MeshMamba_non_texture/cone/cone_sigma5_radius3/ball_car_v1_L3.log,ball_car_v1_L3.csv,,,32868,,,,23557,510,horizontal_to_vertical,60.000001669652114,35.98339890412515,32868,,0.8813091650040328,20761,23557,0.03867402506940469,0.6197822289996469,0.7485410642598237,0.18796513312287316,0.35559205401334293,0.07214922373832729,0.6573928700252266,0.5242450519267958,0.4558839767338493,0.23790413393102933,0.09889649511556274,-0.11047775053983698,-0.8249067525634046,35219087.359261855,4009.4820019999997,0.0,0.0,0.0,0.0,0.0,0.0,0.0,0.0,0.0,0.10734042791067872,0.020841526900062638,0.0001224839025911425
meshmamba,non_texture,ball_car_v1_L3,cone,cone_sigma5_radius5,,,5.0,5.0,ok,,,214.099,/home/29d_kon@lab.graphicon.ru/ssd1_link/projects/REPROJECTING/outputs/KLD_diagnostic_20260602_064256/MeshMamba_non_texture/cone/cone_sigma5_radius5/ball_car_v1_L3/sweep_cone_sigma5_radius5_recenter_rotx90p0_horizontaltovertical_blender_rig/ball_car_v1_L3_report.json,/home/29d_kon@lab.graphicon.ru/ssd1_link/projects/REPROJECTING/outputs/KLD_diagnostic_20260602_064256/_logs/MeshMamba_non_texture/cone/cone_sigma5_radius5/ball_car_v1_L3.log,ball_car_v1_L3.csv,,,32868,,,,23557,510,horizontal_to_vertical,60.000001669652114,35.98339890412515,32868,,0.8813091650040328,20761,23557,0.03907273145578486,0.6208072763241455,0.7303305076796063,0.18840274808976465,0.35598065204510354,0.0723079916471945,0.6586547878692043,0.5244039901495327,0.45610884508952815,0.2380378523559897,0.09986745629402304,-0.10915129430983403,-0.8230740025414706,35625267.336372435,4009.4820019999997,0.0,0.0,0.0,0.0,0.0,0.0,0.0,0.0,0.0,0.10356821489782457,0.020841526900062638,0.00014656045427896894
meshmamba,non_texture,ball_car_v1_L3,cone,cone_sigma5_radius7,,,5.0,7.0,ok,,,234.455,/home/29d_kon@lab.graphicon.ru/ssd1_link/projects/REPROJECTING/outputs/KLD_diagnostic_20260602_064256/MeshMamba_non_texture/cone/cone_sigma5_radius7/ball_car_v1_L3/sweep_cone_sigma5_radius7_recenter_rotx90p0_horizontaltovertical_blender_rig/ball_car_v1_L3_report.json,/home/29d_kon@lab.graphicon.ru/ssd1_link/projects/REPROJECTING/outputs/KLD_diagnostic_20260602_064256/_logs/MeshMamba_non_texture/cone/cone_sigma5_radius7/ball_car_v1_L3.log,ball_car_v1_L3.csv,,,32868,,,,23557,510,horizontal_to_vertical,60.000001669652114,35.98339890412515,32868,,0.8813091650040328,20761,23557,0.03907276270417012,0.6208080865608079,0.7303170074866958,0.18840258272142055,0.3559804651588946,0.07230799523728276,0.6586557408561086,0.5244039901495327,0.4561088256085998,0.23803766553318154,0.0998675306323002,-0.1091512671339996,-0.8230739898341217,35625406.379416585,4009.4820019999997,0.0,0.0,0.0,0.0,0.0,0.0,0.0,0.0,0.0,0.10356580886784006,0.020841526900062638,0.00014657725788530464
meshmamba,non_texture,ball_car_v1_L3,screen_space,screen_sigmascreen0p025,,0.025,,,ok,,,7.778,/home/29d_kon@lab.graphicon.ru/ssd1_link/projects/REPROJECTING/outputs/KLD_diagnostic_20260602_064256/MeshMamba_non_texture/screen_space/screen_sigmascreen0p025/ball_car_v1_L3/sweep_screen_sigmascreen0p025_recenter_rotx90p0_horizontaltovertical_blender_rig/ball_car_v1_L3_report.json,/home/29d_kon@lab.graphicon.ru/ssd1_link/projects/REPROJECTING/outputs/KLD_diagnostic_20260602_064256/_logs/MeshMamba_non_texture/screen_space/screen_sigmascreen0p025/ball_car_v1_L3.log,ball_car_v1_L3.csv,,,32868,,,,23557,510,horizontal_to_vertical,60.000001669652114,35.98339890412515,28134,10341402,,,23557,0.04315897838468388,0.6120990675427513,3.371576911535418,0.11108236403444223,0.2711781914466721,0.0890907302493277,0.6445450947491167,0.5541473491435966,0.5059562061718075,0.3220435220545726,0.14363446081604792,-0.0010625850893176943,-0.7161279646123595,1.3266553680998485,4009.4820019999997,0.17971206371311205,0.0,4734.0,0.17971206371311205,0.0,4734.0,0.18034997254989552,2.3311756093600985e-05,4770.0,0.399663638507223,0.020855597296181607,0.0
meshmamba,non_texture,ball_car_v1_L3,screen_space,screen_sigmascreen0p05,,0.05,,,ok,,,7.400,/home/29d_kon@lab.graphicon.ru/ssd1_link/projects/REPROJECTING/outputs/KLD_diagnostic_20260602_064256/MeshMamba_non_texture/screen_space/screen_sigmascreen0p05/ball_car_v1_L3/sweep_screen_sigmascreen0p05_recenter_rotx90p0_horizontaltovertical_blender_rig/ball_car_v1_L3_report.json,/home/29d_kon@lab.graphicon.ru/ssd1_link/projects/REPROJECTING/outputs/KLD_diagnostic_20260602_064256/_logs/MeshMamba_non_texture/screen_space/screen_sigmascreen0p05/ball_car_v1_L3.log,ball_car_v1_L3.csv,,,32868,,,,23557,510,horizontal_to_vertical,60.000001669652114,35.98339890412515,28134,10341402,,,23557,0.05423775413157493,0.6153924357656992,3.367165186212161,0.15291552867522576,0.3253452297532317,0.0909626096811675,0.6530099777594304,0.5537160644036931,0.5118333879578564,0.33581161572678137,0.1576114583822895,-0.013865659334793985,-0.7516971087629578,1.0877993221819342,4009.4820019999997,0.17971206371311205,0.0,4734.0,0.17971206371311205,0.0,4734.0,0.1799285652461198,9.006056452971482e-06,4746.0,0.399663638507223,0.020855597296181607,0.0
meshmamba,non_texture,ball_car_v1_L3,screen_space,screen_sigmascreen0p075,,0.075,,,ok,,,10.343,/home/29d_kon@lab.graphicon.ru/ssd1_link/projects/REPROJECTING/outputs/KLD_diagnostic_20260602_064256/MeshMamba_non_texture/screen_space/screen_sigmascreen0p075/ball_car_v1_L3/sweep_screen_sigmascreen0p075_recenter_rotx90p0_horizontaltovertical_blender_rig/ball_car_v1_L3_report.json,/home/29d_kon@lab.graphicon.ru/ssd1_link/projects/REPROJECTING/outputs/KLD_diagnostic_20260602_064256/_logs/MeshMamba_non_texture/screen_space/screen_sigmascreen0p075/ball_car_v1_L3.log,ball_car_v1_L3.csv,,,32868,,,,23557,510,horizontal_to_vertical,60.000001669652114,35.98339890412515,28134,10341402,,,23557,0.054925752673879995,0.6169243037310042,3.364821513126443,0.1650781678045123,0.34106749450272517,0.09099138418286584,0.6561879502918175,0.5554445355740077,0.5065402444030513,0.3428681934262472,0.15519919514236016,-0.023255078952910395,-0.7682144879531222,0.9626380214695771,4009.4820019999997,0.17971206371311205,0.0,4734.0,0.17971206371311205,0.0,4734.0,0.17979159917426163,2.5935690711949728e-06,4737.0,0.3996636385072229,0.020855597296181607,0.0
meshmamba,non_texture,ball_car_v1_L3,screen_space,screen_sigmascreen0p1,,0.1,,,ok,,,9.792,/home/29d_kon@lab.graphicon.ru/ssd1_link/projects/REPROJECTING/outputs/KLD_diagnostic_20260602_064256/MeshMamba_non_texture/screen_space/screen_sigmascreen0p1/ball_car_v1_L3/sweep_screen_sigmascreen0p1_recenter_rotx90p0_horizontaltovertical_blender_rig/ball_car_v1_L3_report.json,/home/29d_kon@lab.graphicon.ru/ssd1_link/projects/REPROJECTING/outputs/KLD_diagnostic_20260602_064256/_logs/MeshMamba_non_texture/screen_space/screen_sigmascreen0p1/ball_car_v1_L3.log,ball_car_v1_L3.csv,,,32868,,,,23557,510,horizontal_to_vertical,60.000001669652114,35.98339890412515,28134,10341402,,,23557,0.05427524672513809,0.6192473335850597,3.3602946475782804,0.16100629357965002,0.3389364441001218,0.08991559678613766,0.6588782688084764,0.5564683058887557,0.5054249515158656,0.34689450517690673,0.15506614385231943,-0.020804467965854924,-0.7755131947527636,0.8712614170128707,4009.4820019999997,0.17971206371311205,0.0,4734.0,0.17971206371311205,0.0,4734.0,0.17971206371311205,0.0,4734.0,0.399663638507223,0.020855597296181607,0.0
meshmamba,non_texture,ball_car_v1_L3,screen_space,screen_sigmascreen0p15,,0.15,,,ok,,,12.123,/home/29d_kon@lab.graphicon.ru/ssd1_link/projects/REPROJECTING/outputs/KLD_diagnostic_20260602_064256/MeshMamba_non_texture/screen_space/screen_sigmascreen0p15/ball_car_v1_L3/sweep_screen_sigmascreen0p15_recenter_rotx90p0_horizontaltovertical_blender_rig/ball_car_v1_L3_report.json,/home/29d_kon@lab.graphicon.ru/ssd1_link/projects/REPROJECTING/outputs/KLD_diagnostic_20260602_064256/_logs/MeshMamba_non_texture/screen_space/screen_sigmascreen0p15/ball_car_v1_L3.log,ball_car_v1_L3.csv,,,32868,,,,23557,510,horizontal_to_vertical,60.000001669652114,35.98339890412515,28134,10341402,,,23557,0.05250211025452672,0.6234701665716085,3.35180462612018,0.14854680362393288,0.32826823710191194,0.08889717144242004,0.662796967143246,0.5582467910733818,0.5056785737217551,0.35177048705920444,0.15735820268716974,-0.00868743933148553,-0.7815537970099554,0.7221089738085428,4009.4820019999997,0.17971206371311205,0.0,4734.0,0.17971206371311205,0.0,4734.0,0.17971206371311205,0.0,4734.0,0.399663638507223,0.020855597296181607,0.0
meshmamba,non_texture,ball_car_v1_L3,screen_space,screen_sigmascreen0p2,,0.2,,,ok,,,14.464,/home/29d_kon@lab.graphicon.ru/ssd1_link/projects/REPROJECTING/outputs/KLD_diagnostic_20260602_064256/MeshMamba_non_texture/screen_space/screen_sigmascreen0p2/ball_car_v1_L3/sweep_screen_sigmascreen0p2_recenter_rotx90p0_horizontaltovertical_blender_rig/ball_car_v1_L3_report.json,/home/29d_kon@lab.graphicon.ru/ssd1_link/projects/REPROJECTING/outputs/KLD_diagnostic_20260602_064256/_logs/MeshMamba_non_texture/screen_space/screen_sigmascreen0p2/ball_car_v1_L3.log,ball_car_v1_L3.csv,,,32868,,,,23557,510,horizontal_to_vertical,60.000001669652114,35.98339890412515,28134,10341402,,,23557,0.050636914367184344,0.6258562609643313,3.346940528555378,0.14063283879476648,0.32078012578594456,0.08948778159335391,0.6647639915840611,0.5600190900705501,0.5063860528553431,0.3541914304191061,0.15806807508307016,-0.00021494832346319743,-0.7839813446226076,0.6110203703843802,4009.4820019999997,0.17971206371311205,0.0,4734.0,0.17971206371311205,0.0,4734.0,0.17971206371311205,0.0,4734.0,0.3996636385072229,0.020855597296181604,0.0
meshmamba,non_texture,football_v2_L3,cone,cone_sigma1_radius3,,,1.0,3.0,ok,,,151.849,/home/29d_kon@lab.graphicon.ru/ssd1_link/projects/REPROJECTING/outputs/KLD_diagnostic_20260602_064256/MeshMamba_non_texture/cone/cone_sigma1_radius3/football_v2_L3/sweep_cone_sigma1_radius3_recenter_rotx90p0_horizontaltovertical_blender_rig/football_v2_L3_report.json,/home/29d_kon@lab.graphicon.ru/ssd1_link/projects/REPROJECTING/outputs/KLD_diagnostic_20260602_064256/_logs/MeshMamba_non_texture/cone/cone_sigma1_radius3/football_v2_L3.log,football_v2_L3.csv,,,32868,,,,24932,510,horizontal_to_vertical,60.000001669652114,35.98339890412515,30196,,0.8886170383442965,22155,24932,0.045069995677016576,0.5560394969462376,2.243575397078591,0.053031132716353485,0.1724895204300641,0.01091349666002633,0.6044761589182505,0.5460713148421077,0.5503777585773748,0.46090321728492095,0.22050957405390542,0.268286369775315,0.0462783542307074,2420971.99646092,5217.903039,0.0900702384630877,0.0,2672.0,0.0936642889580532,9.78838635533593e-07,2820.0,0.13268069410747055,0.0005864848990589928,4648.0,0.17272593223089072,0.009404806419976102,0.0
meshmamba,non_texture,football_v2_L3,cone,cone_sigma1_radius5,,,1.0,5.0,ok,,,140.241,/home/29d_kon@lab.graphicon.ru/ssd1_link/projects/REPROJECTING/outputs/KLD_diagnostic_20260602_064256/MeshMamba_non_texture/cone/cone_sigma1_radius5/football_v2_L3/sweep_cone_sigma1_radius5_recenter_rotx90p0_horizontaltovertical_blender_rig/football_v2_L3_report.json,/home/29d_kon@lab.graphicon.ru/ssd1_link/projects/REPROJECTING/outputs/KLD_diagnostic_20260602_064256/_logs/MeshMamba_non_texture/cone/cone_sigma1_radius5/football_v2_L3.log,football_v2_L3.csv,,,32868,,,,24932,510,horizontal_to_vertical,60.000001669652114,35.98339890412515,31792,,0.8886170383442965,22155,24932,0.04504161275516119,0.5565955762518797,1.9773638806747107,0.05334263015321895,0.17299572405771743,0.00930164263089817,0.6050564322252281,0.54497316115115,0.5493858676306765,0.4607917307741348,0.22041086476863817,0.2678832714413371,0.04336724973972509,2448374.5330322417,5217.903039,0.043521119749193565,0.0,1076.0,0.08777997244804686,2.40390402818025e-06,2557.0,0.13183748545312898,0.0006074077544596595,4615.0,0.1703243778609134,0.009379765517716437,5.567716221883837e-11
meshmamba,non_texture,football_v2_L3,cone,cone_sigma1_radius7,,,1.0,7.0,ok,,,145.357,/home/29d_kon@lab.graphicon.ru/ssd1_link/projects/REPROJECTING/outputs/KLD_diagnostic_20260602_064256/MeshMamba_non_texture/cone/cone_sigma1_radius7/football_v2_L3/sweep_cone_sigma1_radius7_recenter_rotx90p0_horizontaltovertical_blender_rig/football_v2_L3_report.json,/home/29d_kon@lab.graphicon.ru/ssd1_link/projects/REPROJECTING/outputs/KLD_diagnostic_20260602_064256/_logs/MeshMamba_non_texture/cone/cone_sigma1_radius7/football_v2_L3.log,football_v2_L3.csv,,,32868,,,,24932,510,horizontal_to_vertical,60.000001669652114,35.98339890412515,32675,,0.8886170383442965,22155,24932,0.045041604639922,0.5565958796714725,1.9647889554688993,0.05334275736977856,0.1729959351663417,0.008942155025548256,0.6050567558955721,0.5447714647000563,0.5495758456437215,0.45926557525404865,0.2204107605445972,0.2678829674057471,0.04336545561529489,2448383.7452789727,5217.903039,0.010151468243869758,0.0,193.0,0.08777997244804686,2.415591555589221e-06,2557.0,0.13183748545312898,0.0006074485994413304,4615.0,0.16843017061279142,0.00935252258143772,7.923722408098976e-11
meshmamba,non_texture,football_v2_L3,cone,cone_sigma2_radius3,,,2.0,3.0,ok,,,144.437,/home/29d_kon@lab.graphicon.ru/ssd1_link/projects/REPROJECTING/outputs/KLD_diagnostic_20260602_064256/MeshMamba_non_texture/cone/cone_sigma2_radius3/football_v2_L3/sweep_cone_sigma2_radius3_recenter_rotx90p0_horizontaltovertical_blender_rig/football_v2_L3_report.json,/home/29d_kon@lab.graphicon.ru/ssd1_link/projects/REPROJECTING/outputs/KLD_diagnostic_20260602_064256/_logs/MeshMamba_non_texture/cone/cone_sigma2_radius3/football_v2_L3.log,football_v2_L3.csv,,,32868,,,,24932,510,horizontal_to_vertical,60.000001669652114,35.98339890412515,32337,,0.8886170383442965,22155,24932,0.04196903076165459,0.5780937609976052,1.3714321137342496,0.08773362772286962,0.22499114699272546,0.016260682709702323,0.6286838648006561,0.5527139997392031,0.5594294160770958,0.4523022221358686,0.20805897263028358,0.2332929416064567,-0.14249169589638977,9738365.03079943,5217.903039,0.024252463691669605,0.0,531.0,0.039333664398511645,1.7320120344045109e-06,917.0,0.10311221135744068,0.0007877926909698438,3313.0,0.13786785636545726,0.00787994539045324,1.591173764618357e-08
meshmamba,non_texture,football_v2_L3,cone,cone_sigma2_radius5,,,2.0,5.0,ok,,,165.334,/home/29d_kon@lab.graphicon.ru/ssd1_link/projects/REPROJECTING/outputs/KLD_diagnostic_20260602_064256/MeshMamba_non_texture/cone/cone_sigma2_radius5/football_v2_L3/sweep_cone_sigma2_radius5_recenter_rotx90p0_horizontaltovertical_blender_rig/football_v2_L3_report.json,/home/29d_kon@lab.graphicon.ru/ssd1_link/projects/REPROJECTING/outputs/KLD_diagnostic_20260602_064256/_logs/MeshMamba_non_texture/cone/cone_sigma2_radius5/football_v2_L3.log,football_v2_L3.csv,,,32868,,,,24932,510,horizontal_to_vertical,60.000001669652114,35.98339890412515,32868,,0.8886170383442965,22155,24932,0.04186382340293489,0.5788181801561703,1.13310791291872,0.08845064557145828,0.22608708769521157,0.016639040328817255,0.6294843882542591,0.5529998602219888,0.5598118461810835,0.45200624810199697,0.207630770875505,0.23239452329811536,-0.1463066622914405,9847967.280921303,5217.903039,0.0,0.0,0.0,0.024181482686995555,2.113197413534982e-06,557.0,0.10208589293795806,0.0008420220702752969,3274.0,0.08406850977882299,0.008843975186024916,1.147240808479727e-06
meshmamba,non_texture,football_v2_L3,cone,cone_sigma2_radius7,,,2.0,7.0,ok,,,180.838,/home/29d_kon@lab.graphicon.ru/ssd1_link/projects/REPROJECTING/outputs/KLD_diagnostic_20260602_064256/MeshMamba_non_texture/cone/cone_sigma2_radius7/football_v2_L3/sweep_cone_sigma2_radius7_recenter_rotx90p0_horizontaltovertical_blender_rig/football_v2_L3_report.json,/home/29d_kon@lab.graphicon.ru/ssd1_link/projects/REPROJECTING/outputs/KLD_diagnostic_20260602_064256/_logs/MeshMamba_non_texture/cone/cone_sigma2_radius7/football_v2_L3.log,football_v2_L3.csv,,,32868,,,,24932,510,horizontal_to_vertical,60.000001669652114,35.98339890412515,32868,,0.8886170383442965,22155,24932,0.041863646444455886,0.5788186050164887,1.1326579562845058,0.08845087780124798,0.22608745962413604,0.016639088675079225,0.6294848541116266,0.5529997882297822,0.5598117877382985,0.4520059678677848,0.2076303708706222,0.23239405699817584,-0.14630717827906656,9848003.370848069,5217.903039,0.0,0.0,0.0,0.024181482686995555,2.126750197104945e-06,557.0,0.10208589293795806,0.0008421259804214765,3274.0,0.0839731020285315,0.008850835988100467,1.1510158258681613e-06
meshmamba,non_texture,football_v2_L3,cone,cone_sigma3_radius3,,,3.0,3.0,ok,,,151.347,/home/29d_kon@lab.graphicon.ru/ssd1_link/projects/REPROJECTING/outputs/KLD_diagnostic_20260602_064256/MeshMamba_non_texture/cone/cone_sigma3_radius3/football_v2_L3/sweep_cone_sigma3_radius3_recenter_rotx90p0_horizontaltovertical_blender_rig/football_v2_L3_report.json,/home/29d_kon@lab.graphicon.ru/ssd1_link/projects/REPROJECTING/outputs/KLD_diagnostic_20260602_064256/_logs/MeshMamba_non_texture/cone/cone_sigma3_radius3/football_v2_L3.log,football_v2_L3.csv,,,32868,,,,24932,510,horizontal_to_vertical,60.000001669652114,35.98339890412515,32868,,0.8886170383442965,22155,24932,0.037933539905742567,0.5940665638841094,0.8596009375220477,0.11433624539919766,0.263756602657292,0.022830519830271106,0.6469061009487951,0.5550133073994094,0.5613515018704809,0.4370159596186237,0.18782987339392931,0.19554400635834523,-0.2845890078118646,21966162.791899916,5217.903039,0.0,0.0,0.0,0.0,0.0,0.0,0.0706192516890117,0.0008574899862865292,2077.0,0.0571499793044479,0.010081202277396324,0.00011919653817416414
meshmamba,non_texture,football_v2_L3,cone,cone_sigma3_radius5,,,3.0,5.0,ok,,,181.534,/home/29d_kon@lab.graphicon.ru/ssd1_link/projects/REPROJECTING/outputs/KLD_diagnostic_20260602_064256/MeshMamba_non_texture/cone/cone_sigma3_radius5/football_v2_L3/sweep_cone_sigma3_radius5_recenter_rotx90p0_horizontaltovertical_blender_rig/football_v2_L3_report.json,/home/29d_kon@lab.graphicon.ru/ssd1_link/projects/REPROJECTING/outputs/KLD_diagnostic_20260602_064256/_logs/MeshMamba_non_texture/cone/cone_sigma3_radius5/football_v2_L3.log,football_v2_L3.csv,,,32868,,,,24932,510,horizontal_to_vertical,60.000001669652114,35.98339890412515,32868,,0.8886170383442965,22155,24932,0.03734672482121179,0.5949350610328491,0.830439642314593,0.11539110993719891,0.265263941620294,0.022477602640647805,0.6479148465279709,0.554844351975369,0.5610706842886469,0.436679024684057,0.18650361650954653,0.1940054717362055,-0.28611891981530096,22208988.45043566,5217.903039,0.0,0.0,0.0,0.0,0.0,0.0,0.06753794126989718,0.0008784265236706205,1965.0,0.05482592620678582,0.011970397597110277,0.00028272950753905664
meshmamba,non_texture,football_v2_L3,cone,cone_sigma3_radius7,,,3.0,7.0,ok,,,231.193,/home/29d_kon@lab.graphicon.ru/ssd1_link/projects/REPROJECTING/outputs/KLD_diagnostic_20260602_064256/MeshMamba_non_texture/cone/cone_sigma3_radius7/football_v2_L3/sweep_cone_sigma3_radius7_recenter_rotx90p0_horizontaltovertical_blender_rig/football_v2_L3_report.json,/home/29d_kon@lab.graphicon.ru/ssd1_link/projects/REPROJECTING/outputs/KLD_diagnostic_20260602_064256/_logs/MeshMamba_non_texture/cone/cone_sigma3_radius7/football_v2_L3.log,football_v2_L3.csv,,,32868,,,,24932,510,horizontal_to_vertical,60.000001669652114,35.98339890412515,32868,,0.8886170383442965,22155,24932,0.03734656751744015,0.5949358004119132,0.8304066015199687,0.11539120141726003,0.26526408918282357,0.022477521261115067,0.6479155910683944,0.5548442388447588,0.5610705674030769,0.4366791180954611,0.18650299070270465,0.19400461639112404,-0.2861197428254574,22209067.501288995,5217.903039,0.0,0.0,0.0,0.0,0.0,0.0,0.06753794126989718,0.0008786454832170968,1965.0,0.054823330360831125,0.011970397597110277,0.0002827390900127363
meshmamba,non_texture,football_v2_L3,cone,cone_sigma5_radius3,,,5.0,3.0,ok,,,185.977,/home/29d_kon@lab.graphicon.ru/ssd1_link/projects/REPROJECTING/outputs/KLD_diagnostic_20260602_064256/MeshMamba_non_texture/cone/cone_sigma5_radius3/football_v2_L3/sweep_cone_sigma5_radius3_recenter_rotx90p0_horizontaltovertical_blender_rig/football_v2_L3_report.json,/home/29d_kon@lab.graphicon.ru/ssd1_link/projects/REPROJECTING/outputs/KLD_diagnostic_20260602_064256/_logs/MeshMamba_non_texture/cone/cone_sigma5_radius3/football_v2_L3.log,football_v2_L3.csv,,,32868,,,,24932,510,horizontal_to_vertical,60.000001669652114,35.98339890412515,32868,,0.8886170383442965,22155,24932,0.01864440971631161,0.619921079671327,0.5776786446241045,0.15685261182178659,0.3231851026135768,0.005149853765592102,0.6791036783907252,0.5354427711478726,0.5312304995907446,0.37837984645220224,0.13103763249941872,0.12102407364902569,-0.410405770958377,60960248.72362308,5217.903039,0.0,0.0,0.0,0.0,0.0,0.0,0.0,0.0,0.0,0.04075223687305484,0.014816227979356288,0.001078902955609347
meshmamba,non_texture,football_v2_L3,cone,cone_sigma5_radius5,,,5.0,5.0,ok,,,243.975,/home/29d_kon@lab.graphicon.ru/ssd1_link/projects/REPROJECTING/outputs/KLD_diagnostic_20260602_064256/MeshMamba_non_texture/cone/cone_sigma5_radius5/football_v2_L3/sweep_cone_sigma5_radius5_recenter_rotx90p0_horizontaltovertical_blender_rig/football_v2_L3_report.json,/home/29d_kon@lab.graphicon.ru/ssd1_link/projects/REPROJECTING/outputs/KLD_diagnostic_20260602_064256/_logs/MeshMamba_non_texture/cone/cone_sigma5_radius5/football_v2_L3.log,football_v2_L3.csv,,,32868,,,,24932,510,horizontal_to_vertical,60.000001669652114,35.98339890412515,32868,,0.8886170383442965,22155,24932,0.017880642629352378,0.6216663185497301,0.5632014902334119,0.1571729604059162,0.32359299502140065,0.004609703878410195,0.6809835698335772,0.5345276010766209,0.5300949660190271,0.37720389028606405,0.12837999550652573,0.1174726968226999,-0.414566731300603,61611398.44275358,5217.903039,0.0,0.0,0.0,0.0,0.0,0.0,0.0,0.0,0.0,0.04015636911823842,0.01492642895390529,0.0011252618262077435
meshmamba,non_texture,football_v2_L3,cone,cone_sigma5_radius7,,,5.0,7.0,ok,,,255.643,/home/29d_kon@lab.graphicon.ru/ssd1_link/projects/REPROJECTING/outputs/KLD_diagnostic_20260602_064256/MeshMamba_non_texture/cone/cone_sigma5_radius7/football_v2_L3/sweep_cone_sigma5_radius7_recenter_rotx90p0_horizontaltovertical_blender_rig/football_v2_L3_report.json,/home/29d_kon@lab.graphicon.ru/ssd1_link/projects/REPROJECTING/outputs/KLD_diagnostic_20260602_064256/_logs/MeshMamba_non_texture/cone/cone_sigma5_radius7/football_v2_L3.log,football_v2_L3.csv,,,32868,,,,24932,510,horizontal_to_vertical,60.000001669652114,35.98339890412515,32868,,0.8886170383442965,22155,24932,0.017880893531021062,0.6216664898026887,0.5632005725386472,0.1571730276963555,0.32359310887115417,0.004609871196785167,0.6809838040423793,0.5345277759148366,0.5300952192710954,0.3772040771088722,0.12838074121734794,0.11747360525102546,-0.41456562950737536,61611462.68691349,5217.903039,0.0,0.0,0.0,0.0,0.0,0.0,0.0,0.0,0.0,0.04015630648863204,0.01492642895390529,0.001125265244857672
meshmamba,non_texture,football_v2_L3,screen_space,screen_sigmascreen0p025,,0.025,,,ok,,,6.589,/home/29d_kon@lab.graphicon.ru/ssd1_link/projects/REPROJECTING/outputs/KLD_diagnostic_20260602_064256/MeshMamba_non_texture/screen_space/screen_sigmascreen0p025/football_v2_L3/sweep_screen_sigmascreen0p025_recenter_rotx90p0_horizontaltovertical_blender_rig/football_v2_L3_report.json,/home/29d_kon@lab.graphicon.ru/ssd1_link/projects/REPROJECTING/outputs/KLD_diagnostic_20260602_064256/_logs/MeshMamba_non_texture/screen_space/screen_sigmascreen0p025/football_v2_L3.log,football_v2_L3.csv,,,32868,,,,24932,510,horizontal_to_vertical,60.000001669652114,35.98339890412515,29105,9868221,,,24932,0.034437703805806394,0.5987808927704739,2.3339402982306394,0.11950953758969572,0.2744999090659901,0.020967930314689097,0.6564569487691283,0.5493939042985179,0.5554727810910941,0.4539766682599539,0.1678345198596263,0.20752196961394934,-0.11647360801154713,2.050107954389142,5217.903039,0.11512283430914863,0.0,3763.0,0.11512283430914863,0.0,3763.0,0.11584061939867718,1.5652670312253158e-05,3796.0,0.17284317374812003,0.009410899672334829,0.0
meshmamba,non_texture,football_v2_L3,screen_space,screen_sigmascreen0p05,,0.05,,,ok,,,7.711,/home/29d_kon@lab.graphicon.ru/ssd1_link/projects/REPROJECTING/outputs/KLD_diagnostic_20260602_064256/MeshMamba_non_texture/screen_space/screen_sigmascreen0p05/football_v2_L3/sweep_screen_sigmascreen0p05_recenter_rotx90p0_horizontaltovertical_blender_rig/football_v2_L3_report.json,/home/29d_kon@lab.graphicon.ru/ssd1_link/projects/REPROJECTING/outputs/KLD_diagnostic_20260602_064256/_logs/MeshMamba_non_texture/screen_space/screen_sigmascreen0p05/football_v2_L3.log,football_v2_L3.csv,,,32868,,,,24932,510,horizontal_to_vertical,60.000001669652114,35.98339890412515,29105,9868221,,,24932,-0.0020575501702941794,0.6048537933290026,2.3217817206901987,0.18049955697961298,0.3522325933147931,-0.011553495826389253,0.6599822695869502,0.5190922406007926,0.518976099550349,0.37951199266982033,0.06720754544455586,0.07122275948787005,-0.37464146280248267,1.7008799190641943,5217.903039,0.11512283430914863,0.0,3763.0,0.11512283430914863,0.0,3763.0,0.1156805434076599,1.5178072170384778e-05,3789.0,0.17284317374812003,0.009410899672334829,0.0
meshmamba,non_texture,football_v2_L3,screen_space,screen_sigmascreen0p075,,0.075,,,ok,,,10.202,/home/29d_kon@lab.graphicon.ru/ssd1_link/projects/REPROJECTING/outputs/KLD_diagnostic_20260602_064256/MeshMamba_non_texture/screen_space/screen_sigmascreen0p075/football_v2_L3/sweep_screen_sigmascreen0p075_recenter_rotx90p0_horizontaltovertical_blender_rig/football_v2_L3_report.json,/home/29d_kon@lab.graphicon.ru/ssd1_link/projects/REPROJECTING/outputs/KLD_diagnostic_20260602_064256/_logs/MeshMamba_non_texture/screen_space/screen_sigmascreen0p075/football_v2_L3.log,football_v2_L3.csv,,,32868,,,,24932,510,horizontal_to_vertical,60.000001669652114,35.98339890412515,29105,9868221,,,24932,-0.028611563781831124,0.6051302260079774,2.3158622797032407,0.18993154185105052,0.3658093990207832,-0.03265922215348274,0.6589416903318287,0.49121883288970536,0.48637826282172364,0.3472297120004977,-0.014926900716524482,-0.01688991833281702,-0.42686530515860266,1.4428876992678235,5217.903039,0.11512283430914863,0.0,3763.0,0.11512283430914863,0.0,3763.0,0.11553897542633124,1.1601609429854129e-05,3782.0,0.17284317374812005,0.00941089967233483,0.0
meshmamba,non_texture,football_v2_L3,screen_space,screen_sigmascreen0p1,,0.1,,,ok,,,11.544,/home/29d_kon@lab.graphicon.ru/ssd1_link/projects/REPROJECTING/outputs/KLD_diagnostic_20260602_064256/MeshMamba_non_texture/screen_space/screen_sigmascreen0p1/football_v2_L3/sweep_screen_sigmascreen0p1_recenter_rotx90p0_horizontaltovertical_blender_rig/football_v2_L3_report.json,/home/29d_kon@lab.graphicon.ru/ssd1_link/projects/REPROJECTING/outputs/KLD_diagnostic_20260602_064256/_logs/MeshMamba_non_texture/screen_space/screen_sigmascreen0p1/football_v2_L3.log,football_v2_L3.csv,,,32868,,,,24932,510,horizontal_to_vertical,60.000001669652114,35.98339890412515,29105,9868221,,,24932,-0.04597433835940809,0.6046767881729818,2.312834245967391,0.17146139459759968,0.3483031162796147,-0.04107522170300186,0.6572779591469311,0.4748130431818408,0.4667246360650893,0.3335326109954003,-0.07522955729019967,-0.07995672444997762,-0.4357910898838331,1.2312916596401318,5217.903039,0.11512283430914863,0.0,3763.0,0.11512283430914863,0.0,3763.0,0.11547147896321806,7.837118786593364e-06,3777.0,0.17284317374812003,0.009410899672334829,0.0
meshmamba,non_texture,football_v2_L3,screen_space,screen_sigmascreen0p15,,0.15,,,ok,,,12.241,/home/29d_kon@lab.graphicon.ru/ssd1_link/projects/REPROJECTING/outputs/KLD_diagnostic_20260602_064256/MeshMamba_non_texture/screen_space/screen_sigmascreen0p15/football_v2_L3/sweep_screen_sigmascreen0p15_recenter_rotx90p0_horizontaltovertical_blender_rig/football_v2_L3_report.json,/home/29d_kon@lab.graphicon.ru/ssd1_link/projects/REPROJECTING/outputs/KLD_diagnostic_20260602_064256/_logs/MeshMamba_non_texture/screen_space/screen_sigmascreen0p15/football_v2_L3.log,football_v2_L3.csv,,,32868,,,,24932,510,horizontal_to_vertical,60.000001669652114,35.98339890412515,29105,9868221,,,24932,-0.06270805209445153,0.6040509684554892,2.3101605419100277,0.1497858696028173,0.3249205094536973,-0.050173012659763386,0.6547666696699594,0.4570125998805732,0.4452047461151912,0.31755346938828893,-0.13589320909330563,-0.14327714806134764,-0.4330424101130194,0.9204445502380334,5217.903039,0.11512283430914863,0.0,3763.0,0.11512283430914863,0.0,3763.0,0.11541515039639663,6.9806401291284906e-06,3775.0,0.17284317374812003,0.009410899672334829,0.0
meshmamba,non_texture,football_v2_L3,screen_space,screen_sigmascreen0p2,,0.2,,,ok,,,14.186,/home/29d_kon@lab.graphicon.ru/ssd1_link/projects/REPROJECTING/outputs/KLD_diagnostic_20260602_064256/MeshMamba_non_texture/screen_space/screen_sigmascreen0p2/football_v2_L3/sweep_screen_sigmascreen0p2_recenter_rotx90p0_horizontaltovertical_blender_rig/football_v2_L3_report.json,/home/29d_kon@lab.graphicon.ru/ssd1_link/projects/REPROJECTING/outputs/KLD_diagnostic_20260602_064256/_logs/MeshMamba_non_texture/screen_space/screen_sigmascreen0p2/football_v2_L3.log,football_v2_L3.csv,,,32868,,,,24932,510,horizontal_to_vertical,60.000001669652114,35.98339890412515,29105,9868221,,,24932,-0.06778659705739254,0.6041608006564225,2.3085469442988273,0.1420797650611795,0.316091804693024,-0.052863349177303724,0.6541475101478313,0.4515266497613196,0.43810660688671077,0.3111778141189656,-0.1549626803255473,-0.16255665510634695,-0.42549941041679806,0.7303793508887273,5217.903039,0.11512283430914863,0.0,3763.0,0.11512283430914863,0.0,3763.0,0.11539591527469165,6.398277290980199e-06,3774.0,0.17284317374812003,0.009410899672334829,0.0
meshmamba,rgb_texture,Flying_saucer_v1_L3,cone,cone_sigma1_radius3,,,1.0,3.0,ok,,,171.648,/home/29d_kon@lab.graphicon.ru/ssd1_link/projects/REPROJECTING/outputs/KLD_diagnostic_20260602_064256/MeshMamba_rgb_texture/cone/cone_sigma1_radius3/Flying_saucer_v1_L3/sweep_cone_sigma1_radius3_recenter_rotx90p0_horizontaltovertical_blender_rig/Flying_saucer_v1_L3_report.json,/home/29d_kon@lab.graphicon.ru/ssd1_link/projects/REPROJECTING/outputs/KLD_diagnostic_20260602_064256/_logs/MeshMamba_rgb_texture/cone/cone_sigma1_radius3/Flying_saucer_v1_L3.log,Flying_saucer_v1_L3.csv,,,32868,,,,24555,510,horizontal_to_vertical,60.000001669652114,35.98339890412515,19693,,0.9285277947464875,22800,24555,-0.268759276962109,0.08908573284796137,16.874407696084713,0.05904240978281781,0.16705505389099332,-0.4701302610454513,0.0653978862692411,0.5,0.5,0.5,-0.7890427796022104,-0.7890427796022105,-0.7890427796022104,2368480.4527874975,2581.479386,0.9106591575935985,0.0,13175.0,0.9106591575935985,3.766262509031518e-07,13237.0,0.9107939543314254,0.0002789941301070749,14033.0,0.7484821182109204,0.03789231303976022,0.0
meshmamba,rgb_texture,Flying_saucer_v1_L3,cone,cone_sigma1_radius5,,,1.0,5.0,ok,,,170.233,/home/29d_kon@lab.graphicon.ru/ssd1_link/projects/REPROJECTING/outputs/KLD_diagnostic_20260602_064256/MeshMamba_rgb_texture/cone/cone_sigma1_radius5/Flying_saucer_v1_L3/sweep_cone_sigma1_radius5_recenter_rotx90p0_horizontaltovertical_blender_rig/Flying_saucer_v1_L3_report.json,/home/29d_kon@lab.graphicon.ru/ssd1_link/projects/REPROJECTING/outputs/KLD_diagnostic_20260602_064256/_logs/MeshMamba_rgb_texture/cone/cone_sigma1_radius5/Flying_saucer_v1_L3.log,Flying_saucer_v1_L3.csv,,,32868,,,,24555,510,horizontal_to_vertical,60.000001669652114,35.98339890412515,22233,,0.9285277947464875,22800,24555,-0.2702330659117982,0.08909393547121866,16.60776475855937,0.05930332292100978,0.16786496875594262,-0.5069559912046244,0.06539281056443448,0.13440512484955303,0.5,0.5,-0.792601592279538,-0.7926019366204139,-0.7926019366204138,2393032.948980152,2581.479386,0.8555984161556268,0.0,10635.0,0.9106236868474455,1.6717765843877831e-06,12783.0,0.9107857044108119,0.000341572162287423,13872.0,0.7484821182109204,0.037892313039760206,0.0
meshmamba,rgb_texture,Flying_saucer_v1_L3,cone,cone_sigma1_radius7,,,1.0,7.0,ok,,,176.118,/home/29d_kon@lab.graphicon.ru/ssd1_link/projects/REPROJECTING/outputs/KLD_diagnostic_20260602_064256/MeshMamba_rgb_texture/cone/cone_sigma1_radius7/Flying_saucer_v1_L3/sweep_cone_sigma1_radius7_recenter_rotx90p0_horizontaltovertical_blender_rig/Flying_saucer_v1_L3_report.json,/home/29d_kon@lab.graphicon.ru/ssd1_link/projects/REPROJECTING/outputs/KLD_diagnostic_20260602_064256/_logs/MeshMamba_rgb_texture/cone/cone_sigma1_radius7/Flying_saucer_v1_L3.log,Flying_saucer_v1_L3.csv,,,32868,,,,24555,510,horizontal_to_vertical,60.000001669652114,35.98339890412515,31419,,0.9285277947464875,22800,24555,-0.2702336961010887,0.08909403099346158,16.312157540388007,0.05930340759065569,0.16786525191569354,-0.5095353268990175,0.06539283449371672,0.10054332312548983,0.11310130222992731,0.16356743196450443,-0.7926031182272627,-0.7926035444725731,-0.7926035430907007,2393041.276283146,2581.479386,0.0992067309887866,0.0,1449.0,0.9106236868474455,1.796869505581698e-06,12782.0,0.9107857044108119,0.0003419045229576376,13872.0,0.7422762734145265,0.037856568807015066,1.604555870753332e-11
meshmamba,rgb_texture,Flying_saucer_v1_L3,cone,cone_sigma2_radius3,,,2.0,3.0,ok,,,166.519,/home/29d_kon@lab.graphicon.ru/ssd1_link/projects/REPROJECTING/outputs/KLD_diagnostic_20260602_064256/MeshMamba_rgb_texture/cone/cone_sigma2_radius3/Flying_saucer_v1_L3/sweep_cone_sigma2_radius3_recenter_rotx90p0_horizontaltovertical_blender_rig/Flying_saucer_v1_L3_report.json,/home/29d_kon@lab.graphicon.ru/ssd1_link/projects/REPROJECTING/outputs/KLD_diagnostic_20260602_064256/_logs/MeshMamba_rgb_texture/cone/cone_sigma2_radius3/Flying_saucer_v1_L3.log,Flying_saucer_v1_L3.csv,,,32868,,,,24555,510,horizontal_to_vertical,60.000001669652114,35.98339890412515,27918,,0.9285277947464875,22800,24555,-0.3399540967896674,0.09108960702300777,11.143104132801772,0.12011731190829301,0.2722232287856868,-0.524020737140811,0.06226896791884629,0.10747426995968755,0.12749535107126403,0.17127630149875794,-0.9496033817936644,-0.9511213831876322,-0.9510477639004656,9158402.487776386,2581.479386,0.32952370474594217,0.0,4950.0,0.58911205770132,6.5514859978411865e-06,6390.0,0.887801866801349,0.001220092174059461,11992.0,0.7162841914768471,0.036339030444614985,0.0
meshmamba,rgb_texture,Flying_saucer_v1_L3,cone,cone_sigma2_radius5,,,2.0,5.0,ok,,,184.906,/home/29d_kon@lab.graphicon.ru/ssd1_link/projects/REPROJECTING/outputs/KLD_diagnostic_20260602_064256/MeshMamba_rgb_texture/cone/cone_sigma2_radius5/Flying_saucer_v1_L3/sweep_cone_sigma2_radius5_recenter_rotx90p0_horizontaltovertical_blender_rig/Flying_saucer_v1_L3_report.json,/home/29d_kon@lab.graphicon.ru/ssd1_link/projects/REPROJECTING/outputs/KLD_diagnostic_20260602_064256/_logs/MeshMamba_rgb_texture/cone/cone_sigma2_radius5/Flying_saucer_v1_L3.log,Flying_saucer_v1_L3.csv,,,32868,,,,24555,510,horizontal_to_vertical,60.000001669652114,35.98339890412515,32868,,0.9285277947464875,22800,24555,-0.34133100855134,0.09347243504985953,5.991315030383124,0.12111327086779454,0.2735996920670005,-0.5260208765109543,0.0637278979921589,0.10720982201603335,0.10229384814102072,0.14286928633967505,-0.9532958457113171,-0.9558844498671547,-0.9550025228217879,9283692.450963205,2581.479386,0.0,0.0,0.0,0.0004068856817902167,1.8468367781434974e-07,28.0,0.8746780006245611,0.0031386709619196157,11418.0,0.3125943091137137,0.03667586985720753,7.424749046076942e-06
meshmamba,rgb_texture,Flying_saucer_v1_L3,cone,cone_sigma2_radius7,,,2.0,7.0,ok,,,214.407,/home/29d_kon@lab.graphicon.ru/ssd1_link/projects/REPROJECTING/outputs/KLD_diagnostic_20260602_064256/MeshMamba_rgb_texture/cone/cone_sigma2_radius7/Flying_saucer_v1_L3/sweep_cone_sigma2_radius7_recenter_rotx90p0_horizontaltovertical_blender_rig/Flying_saucer_v1_L3_report.json,/home/29d_kon@lab.graphicon.ru/ssd1_link/projects/REPROJECTING/outputs/KLD_diagnostic_20260602_064256/_logs/MeshMamba_rgb_texture/cone/cone_sigma2_radius7/Flying_saucer_v1_L3.log,Flying_saucer_v1_L3.csv,,,32868,,,,24555,510,horizontal_to_vertical,60.000001669652114,35.98339890412515,32868,,0.9285277947464875,22800,24555,-0.3413305389381769,0.09347526992808602,5.988423162635944,0.12111309982554046,0.2735993513815903,-0.5260066951521524,0.06373005812076153,0.10723129112046993,0.10230604320215345,0.1428502304132399,-0.9532940830655726,-0.9558832052730811,-0.9550024697529308,9283753.475484649,2581.479386,0.0,0.0,0.0,5.674381937520534e-05,1.1466116006722789e-07,20.0,0.8746780006245611,0.003141518772117504,11418.0,0.3124683630035109,0.03667586985720753,7.449153215536376e-06
meshmamba,rgb_texture,Flying_saucer_v1_L3,cone,cone_sigma3_radius3,,,3.0,3.0,ok,,,178.788,/home/29d_kon@lab.graphicon.ru/ssd1_link/projects/REPROJECTING/outputs/KLD_diagnostic_20260602_064256/MeshMamba_rgb_texture/cone/cone_sigma3_radius3/Flying_saucer_v1_L3/sweep_cone_sigma3_radius3_recenter_rotx90p0_horizontaltovertical_blender_rig/Flying_saucer_v1_L3_report.json,/home/29d_kon@lab.graphicon.ru/ssd1_link/projects/REPROJECTING/outputs/KLD_diagnostic_20260602_064256/_logs/MeshMamba_rgb_texture/cone/cone_sigma3_radius3/Flying_saucer_v1_L3.log,Flying_saucer_v1_L3.csv,,,32868,,,,24555,510,horizontal_to_vertical,60.000001669652114,35.98339890412515,32868,,0.9285277947464875,22800,24555,-0.3746386341284347,0.13359416766309956,3.309820410268571,0.20798331753513258,0.36391455784840043,-0.5490999567262131,0.08955764626514258,0.127441349569194,0.1287993946730103,0.16889865432465376,-1.0254204907658089,-1.0413685660446281,-1.0269212890652548,21152968.470471628,2581.479386,0.0,0.0,0.0,0.0,0.0,0.0,0.03617202426887789,0.0006287153088889142,797.0,0.19031048096655512,0.03673855174453057,0.00020817548882906786
meshmamba,rgb_texture,Flying_saucer_v1_L3,cone,cone_sigma3_radius5,,,3.0,5.0,ok,,,219.067,/home/29d_kon@lab.graphicon.ru/ssd1_link/projects/REPROJECTING/outputs/KLD_diagnostic_20260602_064256/MeshMamba_rgb_texture/cone/cone_sigma3_radius5/Flying_saucer_v1_L3/sweep_cone_sigma3_radius5_recenter_rotx90p0_horizontaltovertical_blender_rig/Flying_saucer_v1_L3_report.json,/home/29d_kon@lab.graphicon.ru/ssd1_link/projects/REPROJECTING/outputs/KLD_diagnostic_20260602_064256/_logs/MeshMamba_rgb_texture/cone/cone_sigma3_radius5/Flying_saucer_v1_L3.log,Flying_saucer_v1_L3.csv,,,32868,,,,24555,510,horizontal_to_vertical,60.000001669652114,35.98339890412515,32868,,0.9285277947464875,22800,24555,-0.3727727489108461,0.14057034160469317,3.1040334093071555,0.20761512035873814,0.3631187343932853,-0.5453304287535725,0.09598560527443635,0.13246080561726803,0.1321604684586627,0.16810068740518158,-1.0192101238139242,-1.035659015408921,-1.0232645511673595,21554770.113694057,2581.479386,0.0,0.0,0.0,0.0,0.0,0.0,0.00019882630199705186,2.0202356627505837e-05,21.0,0.18028911110228305,0.036866614359244,0.00027877191247402557
meshmamba,rgb_texture,Flying_saucer_v1_L3,cone,cone_sigma3_radius7,,,3.0,7.0,ok,,,251.141,/home/29d_kon@lab.graphicon.ru/ssd1_link/projects/REPROJECTING/outputs/KLD_diagnostic_20260602_064256/MeshMamba_rgb_texture/cone/cone_sigma3_radius7/Flying_saucer_v1_L3/sweep_cone_sigma3_radius7_recenter_rotx90p0_horizontaltovertical_blender_rig/Flying_saucer_v1_L3_report.json,/home/29d_kon@lab.graphicon.ru/ssd1_link/projects/REPROJECTING/outputs/KLD_diagnostic_20260602_064256/_logs/MeshMamba_rgb_texture/cone/cone_sigma3_radius7/Flying_saucer_v1_L3.log,Flying_saucer_v1_L3.csv,,,32868,,,,24555,510,horizontal_to_vertical,60.000001669652114,35.98339890412515,32868,,0.9285277947464875,22800,24555,-0.372772404419213,0.14057183457922381,3.1039932203441483,0.20761487618897967,0.3631185134055175,-0.5453302778946335,0.09598706067257137,0.13246114500909864,0.13216118925301082,0.16810264904466754,-1.0192094718511353,-1.0356577729308243,-1.0232627608544982,21554858.007163122,2581.479386,0.0,0.0,0.0,0.0,0.0,0.0,0.00019882630199705186,2.020637281868531e-05,21.0,0.1802866588252975,0.036866614359244,0.00027879020422269833
meshmamba,rgb_texture,Flying_saucer_v1_L3,cone,cone_sigma5_radius3,,,5.0,3.0,ok,,,221.123,/home/29d_kon@lab.graphicon.ru/ssd1_link/projects/REPROJECTING/outputs/KLD_diagnostic_20260602_064256/MeshMamba_rgb_texture/cone/cone_sigma5_radius3/Flying_saucer_v1_L3/sweep_cone_sigma5_radius3_recenter_rotx90p0_horizontaltovertical_blender_rig/Flying_saucer_v1_L3_report.json,/home/29d_kon@lab.graphicon.ru/ssd1_link/projects/REPROJECTING/outputs/KLD_diagnostic_20260602_064256/_logs/MeshMamba_rgb_texture/cone/cone_sigma5_radius3/Flying_saucer_v1_L3.log,Flying_saucer_v1_L3.csv,,,32868,,,,24555,510,horizontal_to_vertical,60.000001669652114,35.98339890412515,32868,,0.9285277947464875,22800,24555,-0.3232454953733586,0.2917854524952322,1.7088352801822801,0.22337021945631516,0.37775487709365857,-0.4465781722982729,0.25719590786635593,0.21779580597470932,0.19353684747461714,0.19557755850799943,-0.8462613447680049,-0.9097843233522329,-0.9264798270142677,70948902.26845075,2581.479386,0.0,0.0,0.0,0.0,0.0,0.0,0.0,0.0,0.0,0.11729244708740494,0.03747429808064327,0.0016411195219752878
meshmamba,rgb_texture,Flying_saucer_v1_L3,cone,cone_sigma5_radius5,,,5.0,5.0,ok,,,271.429,/home/29d_kon@lab.graphicon.ru/ssd1_link/projects/REPROJECTING/outputs/KLD_diagnostic_20260602_064256/MeshMamba_rgb_texture/cone/cone_sigma5_radius5/Flying_saucer_v1_L3/sweep_cone_sigma5_radius5_recenter_rotx90p0_horizontaltovertical_blender_rig/Flying_saucer_v1_L3_report.json,/home/29d_kon@lab.graphicon.ru/ssd1_link/projects/REPROJECTING/outputs/KLD_diagnostic_20260602_064256/_logs/MeshMamba_rgb_texture/cone/cone_sigma5_radius5/Flying_saucer_v1_L3.log,Flying_saucer_v1_L3.csv,,,32868,,,,24555,510,horizontal_to_vertical,60.000001669652114,35.98339890412515,32868,,0.9285277947464875,22800,24555,-0.3221501531685743,0.2933579114521902,1.699830488947065,0.22302429458557155,0.37687221749726946,-0.4444545275866875,0.2594979976465399,0.21954845624180505,0.19613561305390512,0.19944796662522626,-0.8443577130233868,-0.9060435288035543,-0.9206890507665564,71600960.707492,2581.479386,0.0,0.0,0.0,0.0,0.0,0.0,0.0,0.0,0.0,0.1167275402150169,0.03747429808064328,0.0016658552494601855
meshmamba,rgb_texture,Flying_saucer_v1_L3,cone,cone_sigma5_radius7,,,5.0,7.0,ok,,,289.988,/home/29d_kon@lab.graphicon.ru/ssd1_link/projects/REPROJECTING/outputs/KLD_diagnostic_20260602_064256/MeshMamba_rgb_texture/cone/cone_sigma5_radius7/Flying_saucer_v1_L3/sweep_cone_sigma5_radius7_recenter_rotx90p0_horizontaltovertical_blender_rig/Flying_saucer_v1_L3_report.json,/home/29d_kon@lab.graphicon.ru/ssd1_link/projects/REPROJECTING/outputs/KLD_diagnostic_20260602_064256/_logs/MeshMamba_rgb_texture/cone/cone_sigma5_radius7/Flying_saucer_v1_L3.log,Flying_saucer_v1_L3.csv,,,32868,,,,24555,510,horizontal_to_vertical,60.000001669652114,35.98339890412515,32868,,0.9285277947464875,22800,24555,-0.3221502462711453,0.2933579497204306,1.6998302645849908,0.22302446552953947,0.37687244968576444,-0.44445486283008545,0.25949808633745985,0.21954813741917628,0.19613557409204846,0.19944806003663035,-0.8443582374196056,-0.9060439497544608,-0.9206890811749278,71601016.56951758,2581.479386,0.0,0.0,0.0,0.0,0.0,0.0,0.0,0.0,0.0,0.11672751872796532,0.03747429808064328,0.0016658561967557767
meshmamba,rgb_texture,Flying_saucer_v1_L3,screen_space,screen_sigmascreen0p025,,0.025,,,ok,,,6.832,/home/29d_kon@lab.graphicon.ru/ssd1_link/projects/REPROJECTING/outputs/KLD_diagnostic_20260602_064256/MeshMamba_rgb_texture/screen_space/screen_sigmascreen0p025/Flying_saucer_v1_L3/sweep_screen_sigmascreen0p025_recenter_rotx90p0_horizontaltovertical_blender_rig/Flying_saucer_v1_L3_report.json,/home/29d_kon@lab.graphicon.ru/ssd1_link/projects/REPROJECTING/outputs/KLD_diagnostic_20260602_064256/_logs/MeshMamba_rgb_texture/screen_space/screen_sigmascreen0p025/Flying_saucer_v1_L3.log,Flying_saucer_v1_L3.csv,,,32868,,,,24555,510,horizontal_to_vertical,60.000001669652114,35.98339890412515,24960,8611747,,,24555,0.03606749301500368,0.35123477696201855,5.6115228924442135,0.1374279437952645,0.29003257983987446,0.07916165075658392,0.34191187857747046,0.5183909285212316,0.5116958818252602,0.5662965955933543,0.056619678763841906,0.03548923608997887,0.13934315293847827,2.749943204061734,2581.479386,0.2624771182271219,0.0,7908.0,0.2625132327901533,4.037950101531156e-09,7913.0,0.2626461391390712,8.327898905588121e-06,7932.0,0.7316046370728175,0.03707852114531664,0.0
meshmamba,rgb_texture,Flying_saucer_v1_L3,screen_space,screen_sigmascreen0p05,,0.05,,,ok,,,8.978,/home/29d_kon@lab.graphicon.ru/ssd1_link/projects/REPROJECTING/outputs/KLD_diagnostic_20260602_064256/MeshMamba_rgb_texture/screen_space/screen_sigmascreen0p05/Flying_saucer_v1_L3/sweep_screen_sigmascreen0p05_recenter_rotx90p0_horizontaltovertical_blender_rig/Flying_saucer_v1_L3_report.json,/home/29d_kon@lab.graphicon.ru/ssd1_link/projects/REPROJECTING/outputs/KLD_diagnostic_20260602_064256/_logs/MeshMamba_rgb_texture/screen_space/screen_sigmascreen0p05/Flying_saucer_v1_L3.log,Flying_saucer_v1_L3.csv,,,32868,,,,24555,510,horizontal_to_vertical,60.000001669652114,35.98339890412515,24960,8611747,,,24555,0.08738761482580044,0.375453732681965,5.542844861538949,0.17329464172573067,0.3315559472201856,0.11710720296258371,0.37419724793916165,0.5745244860766918,0.5490441039645715,0.5886141680252578,0.2783369467991562,0.1985826846156307,0.24019149335271506,2.407243074420935,2581.479386,0.2624771182271219,0.0,7908.0,0.2624771182271219,0.0,7908.0,0.26258813945067083,6.698699080416207e-06,7922.0,0.7316046370728175,0.03707852114531664,0.0
meshmamba,rgb_texture,Flying_saucer_v1_L3,screen_space,screen_sigmascreen0p075,,0.075,,,ok,,,9.289,/home/29d_kon@lab.graphicon.ru/ssd1_link/projects/REPROJECTING/outputs/KLD_diagnostic_20260602_064256/MeshMamba_rgb_texture/screen_space/screen_sigmascreen0p075/Flying_saucer_v1_L3/sweep_screen_sigmascreen0p075_recenter_rotx90p0_horizontaltovertical_blender_rig/Flying_saucer_v1_L3_report.json,/home/29d_kon@lab.graphicon.ru/ssd1_link/projects/REPROJECTING/outputs/KLD_diagnostic_20260602_064256/_logs/MeshMamba_rgb_texture/screen_space/screen_sigmascreen0p075/Flying_saucer_v1_L3.log,Flying_saucer_v1_L3.csv,,,32868,,,,24555,510,horizontal_to_vertical,60.000001669652114,35.98339890412515,24960,8611747,,,24555,0.08602724045923556,0.37651458373399577,5.541955412742347,0.18438517100824972,0.3443811428917721,0.10862531892193585,0.3750338883083492,0.5805625649967495,0.5509099580583405,0.5814596951743015,0.30762080281179294,0.21307772016812956,0.21677674868812444,2.0512541300283558,2581.479386,0.2624771182271219,0.0,7908.0,0.2624771182271219,0.0,7908.0,0.26257548275460063,5.3385056247402525e-06,7918.0,0.7316046370728176,0.03707852114531664,0.0
meshmamba,rgb_texture,Flying_saucer_v1_L3,screen_space,screen_sigmascreen0p1,,0.1,,,ok,,,9.705,/home/29d_kon@lab.graphicon.ru/ssd1_link/projects/REPROJECTING/outputs/KLD_diagnostic_20260602_064256/MeshMamba_rgb_texture/screen_space/screen_sigmascreen0p1/Flying_saucer_v1_L3/sweep_screen_sigmascreen0p1_recenter_rotx90p0_horizontaltovertical_blender_rig/Flying_saucer_v1_L3_report.json,/home/29d_kon@lab.graphicon.ru/ssd1_link/projects/REPROJECTING/outputs/KLD_diagnostic_20260602_064256/_logs/MeshMamba_rgb_texture/screen_space/screen_sigmascreen0p1/Flying_saucer_v1_L3.log,Flying_saucer_v1_L3.csv,,,32868,,,,24555,510,horizontal_to_vertical,60.000001669652114,35.98339890412515,24960,8611747,,,24555,0.07420147900252974,0.3721379573287218,5.552539997765974,0.20091960773013573,0.36141164135194864,0.09179840963192555,0.3702551392592655,0.5776929196497966,0.5503797066702075,0.5771015861163005,0.2815897143909249,0.19671678590678573,0.1990141956142642,1.7155537677225827,2581.479386,0.2624771182271219,0.0,7908.0,0.2624771182271219,0.0,7908.0,0.26257548275460063,6.963802597221312e-06,7918.0,0.7316046370728175,0.03707852114531664,0.0
meshmamba,rgb_texture,Flying_saucer_v1_L3,screen_space,screen_sigmascreen0p15,,0.15,,,ok,,,12.917,/home/29d_kon@lab.graphicon.ru/ssd1_link/projects/REPROJECTING/outputs/KLD_diagnostic_20260602_064256/MeshMamba_rgb_texture/screen_space/screen_sigmascreen0p15/Flying_saucer_v1_L3/sweep_screen_sigmascreen0p15_recenter_rotx90p0_horizontaltovertical_blender_rig/Flying_saucer_v1_L3_report.json,/home/29d_kon@lab.graphicon.ru/ssd1_link/projects/REPROJECTING/outputs/KLD_diagnostic_20260602_064256/_logs/MeshMamba_rgb_texture/screen_space/screen_sigmascreen0p15/Flying_saucer_v1_L3.log,Flying_saucer_v1_L3.csv,,,32868,,,,24555,510,horizontal_to_vertical,60.000001669652114,35.98339890412515,24960,8611747,,,24555,0.050232053707380264,0.36273183450053337,5.576466378375051,0.2327281945000689,0.3916593253071448,0.06196061071916901,0.35987120461031746,0.5671632932472842,0.5454594086026533,0.5671124507967105,0.21196983750280537,0.14776234006725955,0.1663578157962244,1.2201280943728436,2581.479386,0.2624771182271219,0.0,7908.0,0.2624771182271219,0.0,7908.0,0.2625173687906412,3.6148470791394753e-06,7913.0,0.7316046370728175,0.03707852114531664,0.0
meshmamba,rgb_texture,Flying_saucer_v1_L3,screen_space,screen_sigmascreen0p2,,0.2,,,ok,,,14.369,/home/29d_kon@lab.graphicon.ru/ssd1_link/projects/REPROJECTING/outputs/KLD_diagnostic_20260602_064256/MeshMamba_rgb_texture/screen_space/screen_sigmascreen0p2/Flying_saucer_v1_L3/sweep_screen_sigmascreen0p2_recenter_rotx90p0_horizontaltovertical_blender_rig/Flying_saucer_v1_L3_report.json,/home/29d_kon@lab.graphicon.ru/ssd1_link/projects/REPROJECTING/outputs/KLD_diagnostic_20260602_064256/_logs/MeshMamba_rgb_texture/screen_space/screen_sigmascreen0p2/Flying_saucer_v1_L3.log,Flying_saucer_v1_L3.csv,,,32868,,,,24555,510,horizontal_to_vertical,60.000001669652114,35.98339890412515,24960,8611747,,,24555,0.03400735795908724,0.3564440684047156,5.593706844861053,0.25832004331678105,0.41396261475456325,0.03936446133772552,0.35259243282747693,0.5577801581600899,0.5391891211638935,0.5588410577870035,0.16335320670453593,0.11025456145888629,0.1401096542216176,0.9332147427901529,2581.479386,0.2624771182271219,0.0,7908.0,0.2624771182271219,0.0,7908.0,0.262503644877062,2.7848006042552276e-06,7912.0,0.7316046370728175,0.03707852114531664,0.0
meshmamba,rgb_texture,MushroomShitake_L3,cone,cone_sigma1_radius3,,,1.0,3.0,ok,,,159.584,/home/29d_kon@lab.graphicon.ru/ssd1_link/projects/REPROJECTING/outputs/KLD_diagnostic_20260602_064256/MeshMamba_rgb_texture/cone/cone_sigma1_radius3/MushroomShitake_L3/sweep_cone_sigma1_radius3_recenter_rotx90p0_horizontaltovertical_blender_rig/MushroomShitake_L3_report.json,/home/29d_kon@lab.graphicon.ru/ssd1_link/projects/REPROJECTING/outputs/KLD_diagnostic_20260602_064256/_logs/MeshMamba_rgb_texture/cone/cone_sigma1_radius3/MushroomShitake_L3.log,MushroomShitake_v1-L3.csv,,,32868,,,,26803,510,horizontal_to_vertical,60.000001669652114,35.98339890412515,23994,,0.9700779763459314,26001,26803,-0.16811388184831783,0.31449141495805855,6.653782500056931,0.0717427916149431,0.21873600058907836,-0.19944038369801226,0.3654115726342497,0.446616827559135,0.5121912818326162,0.782717414342443,-0.07964912367509193,0.23437225089300945,1.3198445344968888,1579932.9724332043,6076.509468,0.2791701561453076,0.0,8874.0,0.30341497889689456,6.4833567869627844e-06,9653.0,0.5094073221314035,0.0009250835627882252,14664.0,0.2213260700131286,0.011902066207724368,0.0
meshmamba,rgb_texture,MushroomShitake_L3,cone,cone_sigma1_radius5,,,1.0,5.0,ok,,,167.795,/home/29d_kon@lab.graphicon.ru/ssd1_link/projects/REPROJECTING/outputs/KLD_diagnostic_20260602_064256/MeshMamba_rgb_texture/cone/cone_sigma1_radius5/MushroomShitake_L3/sweep_cone_sigma1_radius5_recenter_rotx90p0_horizontaltovertical_blender_rig/MushroomShitake_L3_report.json,/home/29d_kon@lab.graphicon.ru/ssd1_link/projects/REPROJECTING/outputs/KLD_diagnostic_20260602_064256/_logs/MeshMamba_rgb_texture/cone/cone_sigma1_radius5/MushroomShitake_L3.log,MushroomShitake_v1-L3.csv,,,32868,,,,26803,510,horizontal_to_vertical,60.000001669652114,35.98339890412515,30971,,0.9700779763459314,26001,26803,-0.1688714591943905,0.3162549829475444,4.592795756141717,0.07195100042466959,0.21912344579235266,-0.26129362370185266,0.3666400274811515,0.41569441620321596,0.4851551040343912,0.7732225187619141,-0.08092300190763631,0.23341757547262745,1.3193887393055066,1600590.9240413874,6076.509468,0.05463961090630526,0.0,1897.0,0.1892583122031268,7.828543499426112e-06,4704.0,0.5021974999085117,0.0019756134671979515,14464.0,0.16870042992857906,0.01040204978415085,5.08598011082182e-09
meshmamba,rgb_texture,MushroomShitake_L3,cone,cone_sigma1_radius7,,,1.0,7.0,ok,,,175.797,/home/29d_kon@lab.graphicon.ru/ssd1_link/projects/REPROJECTING/outputs/KLD_diagnostic_20260602_064256/MeshMamba_rgb_texture/cone/cone_sigma1_radius7/MushroomShitake_L3/sweep_cone_sigma1_radius7_recenter_rotx90p0_horizontaltovertical_blender_rig/MushroomShitake_L3_report.json,/home/29d_kon@lab.graphicon.ru/ssd1_link/projects/REPROJECTING/outputs/KLD_diagnostic_20260602_064256/_logs/MeshMamba_rgb_texture/cone/cone_sigma1_radius7/MushroomShitake_L3.log,MushroomShitake_v1-L3.csv,,,32868,,,,26803,510,horizontal_to_vertical,60.000001669652114,35.98339890412515,32868,,0.9700779763459314,26001,26803,-0.16887241136739883,0.3162572509278565,4.48482412961992,0.07195093882397047,0.21912336836653265,-0.2601459722203707,0.36664141062772965,0.41651724598503836,0.48583988788647825,0.7732041634210095,-0.08092472466513756,0.233415498703494,1.3193852652331697,1600601.1815645513,6076.509468,0.0,0.0,0.0,0.18849183549071036,8.05332808282712e-06,4683.0,0.5021974999085117,0.0019784177727753616,14464.0,0.15594694553771835,0.010847588627504463,1.8722171118226154e-08
meshmamba,rgb_texture,MushroomShitake_L3,cone,cone_sigma2_radius3,,,2.0,3.0,ok,,,171.814,/home/29d_kon@lab.graphicon.ru/ssd1_link/projects/REPROJECTING/outputs/KLD_diagnostic_20260602_064256/MeshMamba_rgb_texture/cone/cone_sigma2_radius3/MushroomShitake_L3/sweep_cone_sigma2_radius3_recenter_rotx90p0_horizontaltovertical_blender_rig/MushroomShitake_L3_report.json,/home/29d_kon@lab.graphicon.ru/ssd1_link/projects/REPROJECTING/outputs/KLD_diagnostic_20260602_064256/_logs/MeshMamba_rgb_texture/cone/cone_sigma2_radius3/MushroomShitake_L3.log,MushroomShitake_v1-L3.csv,,,32868,,,,26803,510,horizontal_to_vertical,60.000001669652114,35.98339890412515,32189,,0.9700779763459314,26001,26803,-0.22851560536384577,0.406530671277767,1.726304455928622,0.10542006013489477,0.26012695992451457,-0.3409891404305255,0.4345147848258597,0.40057740526450414,0.4881004450690809,0.7878705478606873,-0.18242629543284156,0.13794302788081753,1.1984246775403722,7184146.248995875,6076.509468,0.014536280156422197,0.0,679.0,0.019086959974436428,9.123537076101596e-07,900.0,0.07355555329153649,0.00047700964377190745,2302.0,0.09318341943747865,0.005744978294502675,1.457141241204804e-07
meshmamba,rgb_texture,MushroomShitake_L3,cone,cone_sigma2_radius5,,,2.0,5.0,ok,,,182.411,/home/29d_kon@lab.graphicon.ru/ssd1_link/projects/REPROJECTING/outputs/KLD_diagnostic_20260602_064256/MeshMamba_rgb_texture/cone/cone_sigma2_radius5/MushroomShitake_L3/sweep_cone_sigma2_radius5_recenter_rotx90p0_horizontaltovertical_blender_rig/MushroomShitake_L3_report.json,/home/29d_kon@lab.graphicon.ru/ssd1_link/projects/REPROJECTING/outputs/KLD_diagnostic_20260602_064256/_logs/MeshMamba_rgb_texture/cone/cone_sigma2_radius5/MushroomShitake_L3.log,MushroomShitake_v1-L3.csv,,,32868,,,,26803,510,horizontal_to_vertical,60.000001669652114,35.98339890412515,32868,,0.9700779763459314,26001,26803,-0.23094571323453694,0.4113879906144343,1.3940700580193792,0.10542101961910179,0.25976032605522875,-0.3431588361279342,0.43889130617809397,0.3995576922248221,0.4870002986036694,0.7858202609522301,-0.18630761001288978,0.13210962677455987,1.1847513625963506,7311170.242935217,6076.509468,0.0,0.0,0.0,0.0,0.0,0.0,0.04120858912812937,0.0006331700184366726,1734.0,0.04715242756350368,0.011351665518379144,0.0001893213503006261
meshmamba,rgb_texture,MushroomShitake_L3,cone,cone_sigma2_radius7,,,2.0,7.0,ok,,,198.719,/home/29d_kon@lab.graphicon.ru/ssd1_link/projects/REPROJECTING/outputs/KLD_diagnostic_20260602_064256/MeshMamba_rgb_texture/cone/cone_sigma2_radius7/MushroomShitake_L3/sweep_cone_sigma2_radius7_recenter_rotx90p0_horizontaltovertical_blender_rig/MushroomShitake_L3_report.json,/home/29d_kon@lab.graphicon.ru/ssd1_link/projects/REPROJECTING/outputs/KLD_diagnostic_20260602_064256/_logs/MeshMamba_rgb_texture/cone/cone_sigma2_radius7/MushroomShitake_L3.log,MushroomShitake_v1-L3.csv,,,32868,,,,26803,510,horizontal_to_vertical,60.000001669652114,35.98339890412515,32868,,0.9700779763459314,26001,26803,-0.23094672378802228,0.41138973674813595,1.3939874743208325,0.10542104445039693,0.2597605019864633,-0.34316006983353475,0.438892784721509,0.39955713685637206,0.4869996752139629,0.7858190466039768,-0.18630911656854465,0.13210760429446516,1.1847473144214637,7311210.144585035,6076.509468,0.0,0.0,0.0,0.0,0.0,0.0,0.04120858912812937,0.0006338909079402469,1734.0,0.0471506404978142,0.011351665518379144,0.00018934161494351252
meshmamba,rgb_texture,MushroomShitake_L3,cone,cone_sigma3_radius3,,,3.0,3.0,ok,,,176.681,/home/29d_kon@lab.graphicon.ru/ssd1_link/projects/REPROJECTING/outputs/KLD_diagnostic_20260602_064256/MeshMamba_rgb_texture/cone/cone_sigma3_radius3/MushroomShitake_L3/sweep_cone_sigma3_radius3_recenter_rotx90p0_horizontaltovertical_blender_rig/MushroomShitake_L3_report.json,/home/29d_kon@lab.graphicon.ru/ssd1_link/projects/REPROJECTING/outputs/KLD_diagnostic_20260602_064256/_logs/MeshMamba_rgb_texture/cone/cone_sigma3_radius3/MushroomShitake_L3.log,MushroomShitake_v1-L3.csv,,,32868,,,,26803,510,horizontal_to_vertical,60.000001669652114,35.98339890412515,32868,,0.9700779763459314,26001,26803,-0.3274099073754526,0.4903165424360353,0.8140858847153536,0.13256054295623482,0.2868007514823914,-0.4336762708223749,0.5223016407938206,0.36585804780358616,0.4520032199636813,0.7111994482001538,-0.35785517308428927,-0.10030345954127332,0.7308866024706213,19157610.314291187,6076.509468,0.0,0.0,0.0,0.0,0.0,0.0,0.0,0.0,0.0,0.027537246506911715,0.011889145796686842,0.0011797223683777066
meshmamba,rgb_texture,MushroomShitake_L3,cone,cone_sigma3_radius5,,,3.0,5.0,ok,,,204.816,/home/29d_kon@lab.graphicon.ru/ssd1_link/projects/REPROJECTING/outputs/KLD_diagnostic_20260602_064256/MeshMamba_rgb_texture/cone/cone_sigma3_radius5/MushroomShitake_L3/sweep_cone_sigma3_radius5_recenter_rotx90p0_horizontaltovertical_blender_rig/MushroomShitake_L3_report.json,/home/29d_kon@lab.graphicon.ru/ssd1_link/projects/REPROJECTING/outputs/KLD_diagnostic_20260602_064256/_logs/MeshMamba_rgb_texture/cone/cone_sigma3_radius5/MushroomShitake_L3.log,MushroomShitake_v1-L3.csv,,,32868,,,,26803,510,horizontal_to_vertical,60.000001669652114,35.98339890412515,32868,,0.9700779763459314,26001,26803,-0.33147632261290316,0.49288782487897986,0.8005324492192656,0.13169923970653669,0.28597835558570944,-0.4355960787866891,0.5249732810213803,0.3649888858945845,0.45061548629384224,0.7077138950677939,-0.36429203136536903,-0.10944761841805568,0.7122704361537197,19427903.617824443,6076.509468,0.0,0.0,0.0,0.0,0.0,0.0,0.0,0.0,0.0,0.027271692351722464,0.011889145796686842,0.0012057616012481295
meshmamba,rgb_texture,MushroomShitake_L3,cone,cone_sigma3_radius7,,,3.0,7.0,ok,,,239.918,/home/29d_kon@lab.graphicon.ru/ssd1_link/projects/REPROJECTING/outputs/KLD_diagnostic_20260602_064256/MeshMamba_rgb_texture/cone/cone_sigma3_radius7/MushroomShitake_L3/sweep_cone_sigma3_radius7_recenter_rotx90p0_horizontaltovertical_blender_rig/MushroomShitake_L3_report.json,/home/29d_kon@lab.graphicon.ru/ssd1_link/projects/REPROJECTING/outputs/KLD_diagnostic_20260602_064256/_logs/MeshMamba_rgb_texture/cone/cone_sigma3_radius7/MushroomShitake_L3.log,MushroomShitake_v1-L3.csv,,,32868,,,,26803,510,horizontal_to_vertical,60.000001669652114,35.98339890412515,32868,,0.9700779763459314,26001,26803,-0.33147722895651843,0.49288872714140364,0.8005287427674195,0.13169920975262997,0.28597832084165253,-0.43559654664621433,0.5249742574777672,0.3649884745105474,0.45061497978970566,0.707713147776561,-0.3642940348520762,-0.10945059325470721,0.7122644440735552,19427994.867915783,6076.509468,0.0,0.0,0.0,0.0,0.0,0.0,0.0,0.0,0.0,0.027271595948695902,0.011889145796686842,0.0012057711964535047
meshmamba,rgb_texture,MushroomShitake_L3,cone,cone_sigma5_radius3,,,5.0,3.0,ok,,,206.168,/home/29d_kon@lab.graphicon.ru/ssd1_link/projects/REPROJECTING/outputs/KLD_diagnostic_20260602_064256/MeshMamba_rgb_texture/cone/cone_sigma5_radius3/MushroomShitake_L3/sweep_cone_sigma5_radius3_recenter_rotx90p0_horizontaltovertical_blender_rig/MushroomShitake_L3_report.json,/home/29d_kon@lab.graphicon.ru/ssd1_link/projects/REPROJECTING/outputs/KLD_diagnostic_20260602_064256/_logs/MeshMamba_rgb_texture/cone/cone_sigma5_radius3/MushroomShitake_L3.log,MushroomShitake_v1-L3.csv,,,32868,,,,26803,510,horizontal_to_vertical,60.000001669652114,35.98339890412515,32868,,0.9700779763459314,26001,26803,-0.49097203635994496,0.5566715396904414,0.6196024993983713,0.16359426187928083,0.31760444319664044,-0.5533363998120524,0.5979356568479645,0.27418465817899806,0.2898162122467401,0.27106023157994835,-0.684642865467892,-0.6918593054380383,-0.7832494396444593,61733367.32438238,6076.509468,0.0,0.0,0.0,0.0,0.0,0.0,0.0,0.0,0.0,0.02873500913595096,0.014974320616001383,0.002201726028779709
meshmamba,rgb_texture,MushroomShitake_L3,cone,cone_sigma5_radius5,,,5.0,5.0,ok,,,253.553,/home/29d_kon@lab.graphicon.ru/ssd1_link/projects/REPROJECTING/outputs/KLD_diagnostic_20260602_064256/MeshMamba_rgb_texture/cone/cone_sigma5_radius5/MushroomShitake_L3/sweep_cone_sigma5_radius5_recenter_rotx90p0_horizontaltovertical_blender_rig/MushroomShitake_L3_report.json,/home/29d_kon@lab.graphicon.ru/ssd1_link/projects/REPROJECTING/outputs/KLD_diagnostic_20260602_064256/_logs/MeshMamba_rgb_texture/cone/cone_sigma5_radius5/MushroomShitake_L3.log,MushroomShitake_v1-L3.csv,,,32868,,,,26803,510,horizontal_to_vertical,60.000001669652114,35.98339890412515,32868,,0.9700779763459314,26001,26803,-0.49304052740820253,0.557707124955547,0.6176355778961812,0.16385960067386296,0.3175814253797412,-0.5551220784549638,0.5991984601219025,0.27129580633981265,0.28569455431688023,0.26202837632951287,-0.690014736238182,-0.7002926499687675,-0.8013704314712954,62448185.034268126,6076.509468,0.0,0.0,0.0,0.0,0.0,0.0,0.0,0.0,0.0,0.02883110913489105,0.014974320616001383,0.0021880424351416452
meshmamba,rgb_texture,MushroomShitake_L3,cone,cone_sigma5_radius7,,,5.0,7.0,ok,,,269.148,/home/29d_kon@lab.graphicon.ru/ssd1_link/projects/REPROJECTING/outputs/KLD_diagnostic_20260602_064256/MeshMamba_rgb_texture/cone/cone_sigma5_radius7/MushroomShitake_L3/sweep_cone_sigma5_radius7_recenter_rotx90p0_horizontaltovertical_blender_rig/MushroomShitake_L3_report.json,/home/29d_kon@lab.graphicon.ru/ssd1_link/projects/REPROJECTING/outputs/KLD_diagnostic_20260602_064256/_logs/MeshMamba_rgb_texture/cone/cone_sigma5_radius7/MushroomShitake_L3.log,MushroomShitake_v1-L3.csv,,,32868,,,,26803,510,horizontal_to_vertical,60.000001669652114,35.98339890412515,32868,,0.9700779763459314,26001,26803,-0.49304020040959096,0.5577073345863846,0.6176349639178914,0.16385954343257358,0.3175813789848724,-0.5551220432287023,0.5991988417725577,0.27129586804741823,0.28569496341637507,0.2620298709119783,-0.690013916729046,-0.700291235281197,-0.8013670314226145,62448274.11339811,6076.509468,0.0,0.0,0.0,0.0,0.0,0.0,0.0,0.0,0.0,0.028831068672945312,0.014974320616001383,0.0021880482032651393
meshmamba,rgb_texture,MushroomShitake_L3,screen_space,screen_sigmascreen0p025,,0.025,,,ok,,,7.211,/home/29d_kon@lab.graphicon.ru/ssd1_link/projects/REPROJECTING/outputs/KLD_diagnostic_20260602_064256/MeshMamba_rgb_texture/screen_space/screen_sigmascreen0p025/MushroomShitake_L3/sweep_screen_sigmascreen0p025_recenter_rotx90p0_horizontaltovertical_blender_rig/MushroomShitake_L3_report.json,/home/29d_kon@lab.graphicon.ru/ssd1_link/projects/REPROJECTING/outputs/KLD_diagnostic_20260602_064256/_logs/MeshMamba_rgb_texture/screen_space/screen_sigmascreen0p025/MushroomShitake_L3.log,MushroomShitake_v1-L3.csv,,,32868,,,,26803,510,horizontal_to_vertical,60.000001669652114,35.98339890412515,24103,10220040,,,26803,-0.08535801963780217,0.48242214415457185,5.3422045295947225,0.13675876150343907,0.2966988452714044,-0.12771963836039915,0.5306526174306186,0.4919968166691825,0.533145163150437,0.6365225418999187,-0.0108451694636121,0.13184242030059645,0.42752938638905386,1.9629834150624563,6076.509468,0.28901608633188425,0.0,8765.0,0.28901608633188425,0.0,8765.0,0.2894478006267133,8.500668493495153e-06,8781.0,0.2436279735689283,0.013034612785038452,0.0
meshmamba,rgb_texture,MushroomShitake_L3,screen_space,screen_sigmascreen0p05,,0.05,,,ok,,,8.101,/home/29d_kon@lab.graphicon.ru/ssd1_link/projects/REPROJECTING/outputs/KLD_diagnostic_20260602_064256/MeshMamba_rgb_texture/screen_space/screen_sigmascreen0p05/MushroomShitake_L3/sweep_screen_sigmascreen0p05_recenter_rotx90p0_horizontaltovertical_blender_rig/MushroomShitake_L3_report.json,/home/29d_kon@lab.graphicon.ru/ssd1_link/projects/REPROJECTING/outputs/KLD_diagnostic_20260602_064256/_logs/MeshMamba_rgb_texture/screen_space/screen_sigmascreen0p05/MushroomShitake_L3.log,MushroomShitake_v1-L3.csv,,,32868,,,,26803,510,horizontal_to_vertical,60.000001669652114,35.98339890412515,24103,10220040,,,26803,-0.1532956577687095,0.47687512111782604,5.3435722962630585,0.16709957321983024,0.3245991620332902,-0.1816532306123185,0.510266402865891,0.4448247924127865,0.4704558669698834,0.5247022721670166,-0.1713864188481523,-0.09800730834131327,0.03183972915370382,1.697109069226067,6076.509468,0.28901608633188425,0.0,8765.0,0.28901608633188425,0.0,8765.0,0.28921460359024653,3.333824414746372e-06,8771.0,0.2436279735689283,0.013034612785038452,0.0
meshmamba,rgb_texture,MushroomShitake_L3,screen_space,screen_sigmascreen0p075,,0.075,,,ok,,,8.555,/home/29d_kon@lab.graphicon.ru/ssd1_link/projects/REPROJECTING/outputs/KLD_diagnostic_20260602_064256/MeshMamba_rgb_texture/screen_space/screen_sigmascreen0p075/MushroomShitake_L3/sweep_screen_sigmascreen0p075_recenter_rotx90p0_horizontaltovertical_blender_rig/MushroomShitake_L3_report.json,/home/29d_kon@lab.graphicon.ru/ssd1_link/projects/REPROJECTING/outputs/KLD_diagnostic_20260602_064256/_logs/MeshMamba_rgb_texture/screen_space/screen_sigmascreen0p075/MushroomShitake_L3.log,MushroomShitake_v1-L3.csv,,,32868,,,,26803,510,horizontal_to_vertical,60.000001669652114,35.98339890412515,24103,10220040,,,26803,-0.17249332225096134,0.47829652805039524,5.337489148890347,0.1552863715302242,0.3114457586184003,-0.19652394965839876,0.5056579676691069,0.43754202995005387,0.4622713250709261,0.5152015850794338,-0.2072992031715013,-0.14228562108563034,-0.01954637236134482,1.440155389381732,6076.509468,0.28901608633188425,0.0,8765.0,0.28901608633188425,0.0,8765.0,0.2892049171081782,3.739525127589225e-06,8771.0,0.2436279735689283,0.013034612785038452,0.0
meshmamba,rgb_texture,MushroomShitake_L3,screen_space,screen_sigmascreen0p1,,0.1,,,ok,,,10.745,/home/29d_kon@lab.graphicon.ru/ssd1_link/projects/REPROJECTING/outputs/KLD_diagnostic_20260602_064256/MeshMamba_rgb_texture/screen_space/screen_sigmascreen0p1/MushroomShitake_L3/sweep_screen_sigmascreen0p1_recenter_rotx90p0_horizontaltovertical_blender_rig/MushroomShitake_L3_report.json,/home/29d_kon@lab.graphicon.ru/ssd1_link/projects/REPROJECTING/outputs/KLD_diagnostic_20260602_064256/_logs/MeshMamba_rgb_texture/screen_space/screen_sigmascreen0p1/MushroomShitake_L3.log,MushroomShitake_v1-L3.csv,,,32868,,,,26803,510,horizontal_to_vertical,60.000001669652114,35.98339890412515,24103,10220040,,,26803,-0.17214504554179044,0.48243141684109947,5.328526207103909,0.15127426391478993,0.3068762458985337,-0.19743725941444343,0.5082675895015234,0.44156748446076505,0.46793045682621076,0.5274937785669588,-0.19925675970184897,-0.12925437369160375,0.012931563334244969,1.2177806457363016,6076.509468,0.28901608633188425,0.0,8765.0,0.28901608633188425,0.0,8765.0,0.28918407405664226,2.6950864930696183e-06,8770.0,0.2436279735689283,0.013034612785038452,0.0
meshmamba,rgb_texture,MushroomShitake_L3,screen_space,screen_sigmascreen0p15,,0.15,,,ok,,,12.078,/home/29d_kon@lab.graphicon.ru/ssd1_link/projects/REPROJECTING/outputs/KLD_diagnostic_20260602_064256/MeshMamba_rgb_texture/screen_space/screen_sigmascreen0p15/MushroomShitake_L3/sweep_screen_sigmascreen0p15_recenter_rotx90p0_horizontaltovertical_blender_rig/MushroomShitake_L3_report.json,/home/29d_kon@lab.graphicon.ru/ssd1_link/projects/REPROJECTING/outputs/KLD_diagnostic_20260602_064256/_logs/MeshMamba_rgb_texture/screen_space/screen_sigmascreen0p15/MushroomShitake_L3.log,MushroomShitake_v1-L3.csv,,,32868,,,,26803,510,horizontal_to_vertical,60.000001669652114,35.98339890412515,24103,10220040,,,26803,-0.1645494517203583,0.4880647625813725,5.318722093496558,0.1540792783593549,0.3100871335397172,-0.1952684668690746,0.5142094366038242,0.449512071277797,0.47736263529894335,0.5450815579639714,-0.17785323829839886,-0.10222992955496524,0.05813189340366787,0.8932334084690472,6076.509468,0.28901608633188425,0.0,8765.0,0.28901608633188425,0.0,8765.0,0.2892325400388893,4.338966660457391e-06,8772.0,0.2436279735689283,0.013034612785038452,0.0
meshmamba,rgb_texture,MushroomShitake_L3,screen_space,screen_sigmascreen0p2,,0.2,,,ok,,,14.367,/home/29d_kon@lab.graphicon.ru/ssd1_link/projects/REPROJECTING/outputs/KLD_diagnostic_20260602_064256/MeshMamba_rgb_texture/screen_space/screen_sigmascreen0p2/MushroomShitake_L3/sweep_screen_sigmascreen0p2_recenter_rotx90p0_horizontaltovertical_blender_rig/MushroomShitake_L3_report.json,/home/29d_kon@lab.graphicon.ru/ssd1_link/projects/REPROJECTING/outputs/KLD_diagnostic_20260602_064256/_logs/MeshMamba_rgb_texture/screen_space/screen_sigmascreen0p2/MushroomShitake_L3.log,MushroomShitake_v1-L3.csv,,,32868,,,,26803,510,horizontal_to_vertical,60.000001669652114,35.98339890412515,24103,10220040,,,26803,-0.15982633750462255,0.49035761090629076,5.315527930811649,0.1595304512388409,0.3162361884423293,-0.1956937639138074,0.5173780956734932,0.4518667923678018,0.4796055135390893,0.5483412423212323,-0.16882531242281773,-0.09304277905313472,0.06728480821654624,0.7002510922859593,6076.509468,0.28901608633188425,0.0,8765.0,0.28901608633188425,0.0,8765.0,0.289284064685012,5.0189189023601284e-06,8773.0,0.2436279735689283,0.013034612785038452,0.0
meshmamba,rgb_texture,Spinning_Top_v1_L3,cone,cone_sigma1_radius3,,,1.0,3.0,ok,,,127.545,/home/29d_kon@lab.graphicon.ru/ssd1_link/projects/REPROJECTING/outputs/KLD_diagnostic_20260602_064256/MeshMamba_rgb_texture/cone/cone_sigma1_radius3/Spinning_Top_v1_L3/sweep_cone_sigma1_radius3_recenter_rotx90p0_horizontaltovertical_blender_rig/Spinning_Top_v1_L3_report.json,/home/29d_kon@lab.graphicon.ru/ssd1_link/projects/REPROJECTING/outputs/KLD_diagnostic_20260602_064256/_logs/MeshMamba_rgb_texture/cone/cone_sigma1_radius3/Spinning_Top_v1_L3.log,Spinning_Top_v1_L3.csv,,,32868,,,,18350,510,horizontal_to_vertical,60.000001669652114,35.98339890412515,25473,,0.9652316076294278,17712,18350,-0.37370256333229424,0.34112603575623984,9.579885145183706,0.1531346318091142,0.32338641207830304,-0.31999286952039885,0.32070724689222185,0.2128261016836231,0.21839998616074854,0.5,-0.925578626797347,-1.047189887090346,-1.1484956158695974,3250997.8398308074,6838.935173,0.5227420157620495,0.0,7395.0,0.5227564694741405,2.1674857183059731e-07,7434.0,0.5228787733092904,0.0001789668885081752,7897.0,0.25386833431670724,0.013557534565622647,0.0
meshmamba,rgb_texture,Spinning_Top_v1_L3,cone,cone_sigma1_radius5,,,1.0,5.0,ok,,,134.883,/home/29d_kon@lab.graphicon.ru/ssd1_link/projects/REPROJECTING/outputs/KLD_diagnostic_20260602_064256/MeshMamba_rgb_texture/cone/cone_sigma1_radius5/Spinning_Top_v1_L3/sweep_cone_sigma1_radius5_recenter_rotx90p0_horizontaltovertical_blender_rig/Spinning_Top_v1_L3_report.json,/home/29d_kon@lab.graphicon.ru/ssd1_link/projects/REPROJECTING/outputs/KLD_diagnostic_20260602_064256/_logs/MeshMamba_rgb_texture/cone/cone_sigma1_radius5/Spinning_Top_v1_L3.log,Spinning_Top_v1_L3.csv,,,32868,,,,18350,510,horizontal_to_vertical,60.000001669652114,35.98339890412515,25999,,0.9652316076294278,17712,18350,-0.3740019848370554,0.34178140255592104,9.57651943338485,0.1534302617216304,0.3238296003407113,-0.3327383749555412,0.3213876816418771,0.21472560062506518,0.21968661381257037,0.5,-0.9263771488655563,-1.0491742514007518,-1.1514583005228634,3290066.4369583633,6838.935173,0.5225989975910538,0.0,6869.0,0.5226737277920386,6.853586789299968e-07,7258.0,0.5228499504011894,0.00019018973235230787,7858.0,0.25386833431670724,0.013557534565622647,0.0
meshmamba,rgb_texture,Spinning_Top_v1_L3,cone,cone_sigma1_radius7,,,1.0,7.0,ok,,,143.608,/home/29d_kon@lab.graphicon.ru/ssd1_link/projects/REPROJECTING/outputs/KLD_diagnostic_20260602_064256/MeshMamba_rgb_texture/cone/cone_sigma1_radius7/Spinning_Top_v1_L3/sweep_cone_sigma1_radius7_recenter_rotx90p0_horizontaltovertical_blender_rig/Spinning_Top_v1_L3_report.json,/home/29d_kon@lab.graphicon.ru/ssd1_link/projects/REPROJECTING/outputs/KLD_diagnostic_20260602_064256/_logs/MeshMamba_rgb_texture/cone/cone_sigma1_radius7/Spinning_Top_v1_L3.log,Spinning_Top_v1_L3.csv,,,32868,,,,18350,510,horizontal_to_vertical,60.000001669652114,35.98339890412515,26609,,0.9652316076294278,17712,18350,-0.37400251030018694,0.34178144826203494,9.576504835398328,0.15343045573887143,0.32382990146402063,-0.34606296668170394,0.32138770989900534,0.2147254669252531,0.21968653588885706,0.5,-0.9263782235736417,-1.049175291616725,-1.151459322847833,3290079.010899488,6838.935173,0.5191540152357575,0.0,6259.0,0.5226737277920386,7.183167008328186e-07,7258.0,0.5228499504011894,0.00019026920933479257,7858.0,0.25386833431670724,0.013557534565622647,0.0
meshmamba,rgb_texture,Spinning_Top_v1_L3,cone,cone_sigma2_radius3,,,2.0,3.0,ok,,,138.473,/home/29d_kon@lab.graphicon.ru/ssd1_link/projects/REPROJECTING/outputs/KLD_diagnostic_20260602_064256/MeshMamba_rgb_texture/cone/cone_sigma2_radius3/Spinning_Top_v1_L3/sweep_cone_sigma2_radius3_recenter_rotx90p0_horizontaltovertical_blender_rig/Spinning_Top_v1_L3_report.json,/home/29d_kon@lab.graphicon.ru/ssd1_link/projects/REPROJECTING/outputs/KLD_diagnostic_20260602_064256/_logs/MeshMamba_rgb_texture/cone/cone_sigma2_radius3/Spinning_Top_v1_L3.log,Spinning_Top_v1_L3.csv,,,32868,,,,18350,510,horizontal_to_vertical,60.000001669652114,35.98339890412515,26266,,0.9652316076294278,17712,18350,-0.38366085245931225,0.36493977405557054,9.5218390524558,0.18321241488940132,0.36084609837887943,-0.30333358734731886,0.34734903896184405,0.3089929568687389,0.30321641230808166,0.5,-0.9443619525074565,-1.1172391884875852,-1.2684639903666746,13556225.10555635,6838.935173,0.5225621531125457,0.0,6602.0,0.5225989975910538,2.5751722078877007e-07,6660.0,0.5226056986342484,0.00011876455390441955,7010.0,0.25386833431670724,0.013557534565622647,0.0
meshmamba,rgb_texture,Spinning_Top_v1_L3,cone,cone_sigma2_radius5,,,2.0,5.0,ok,,,157.096,/home/29d_kon@lab.graphicon.ru/ssd1_link/projects/REPROJECTING/outputs/KLD_diagnostic_20260602_064256/MeshMamba_rgb_texture/cone/cone_sigma2_radius5/Spinning_Top_v1_L3/sweep_cone_sigma2_radius5_recenter_rotx90p0_horizontaltovertical_blender_rig/Spinning_Top_v1_L3_report.json,/home/29d_kon@lab.graphicon.ru/ssd1_link/projects/REPROJECTING/outputs/KLD_diagnostic_20260602_064256/_logs/MeshMamba_rgb_texture/cone/cone_sigma2_radius5/Spinning_Top_v1_L3.log,Spinning_Top_v1_L3.csv,,,32868,,,,18350,510,horizontal_to_vertical,60.000001669652114,35.98339890412515,32864,,0.9652316076294278,17712,18350,-0.38551912205305305,0.36455116003440013,6.136705493404299,0.18410282467871714,0.3620667813929434,-0.3160187028244956,0.34699420545244974,0.1435076857388386,0.09437882488546773,0.06644292455786747,-0.9478534618834092,-1.119943866457492,-1.2704833866764982,13703145.893902887,6838.935173,0.0004325127998987102,0.0,4.0,0.481300667828395,1.198835378722936e-05,5568.0,0.5226056986342484,0.00021784692565782605,6931.0,0.1841621153800086,0.011124572331137669,1.903514683184682e-09
meshmamba,rgb_texture,Spinning_Top_v1_L3,cone,cone_sigma2_radius7,,,2.0,7.0,ok,,,193.806,/home/29d_kon@lab.graphicon.ru/ssd1_link/projects/REPROJECTING/outputs/KLD_diagnostic_20260602_064256/MeshMamba_rgb_texture/cone/cone_sigma2_radius7/Spinning_Top_v1_L3/sweep_cone_sigma2_radius7_recenter_rotx90p0_horizontaltovertical_blender_rig/Spinning_Top_v1_L3_report.json,/home/29d_kon@lab.graphicon.ru/ssd1_link/projects/REPROJECTING/outputs/KLD_diagnostic_20260602_064256/_logs/MeshMamba_rgb_texture/cone/cone_sigma2_radius7/Spinning_Top_v1_L3.log,Spinning_Top_v1_L3.csv,,,32868,,,,18350,510,horizontal_to_vertical,60.000001669652114,35.98339890412515,32868,,0.9652316076294278,17712,18350,-0.3855180767542371,0.36455243484347494,5.828648410244584,0.18410252344184552,0.3620665390620028,-0.31600719954606116,0.3469962752573579,0.14345874132302364,0.0941967171674668,0.06636118957928532,-0.9478519143568515,-1.1199420859772968,-1.2704795561831494,13703205.403766733,6838.935173,0.0,0.0,0.0,0.47865176174261714,1.2937847298805955e-05,5528.0,0.5226056986342484,0.00021948333257573616,6931.0,0.1657752139274401,0.013133559498356718,4.8766308302586976e-08
meshmamba,rgb_texture,Spinning_Top_v1_L3,cone,cone_sigma3_radius3,,,3.0,3.0,ok,,,148.219,/home/29d_kon@lab.graphicon.ru/ssd1_link/projects/REPROJECTING/outputs/KLD_diagnostic_20260602_064256/MeshMamba_rgb_texture/cone/cone_sigma3_radius3/Spinning_Top_v1_L3/sweep_cone_sigma3_radius3_recenter_rotx90p0_horizontaltovertical_blender_rig/Spinning_Top_v1_L3_report.json,/home/29d_kon@lab.graphicon.ru/ssd1_link/projects/REPROJECTING/outputs/KLD_diagnostic_20260602_064256/_logs/MeshMamba_rgb_texture/cone/cone_sigma3_radius3/Spinning_Top_v1_L3.log,Spinning_Top_v1_L3.csv,,,32868,,,,18350,510,horizontal_to_vertical,60.000001669652114,35.98339890412515,31247,,0.9652316076294278,17712,18350,-0.4252890174663435,0.35828630785446497,5.525330267915363,0.2143893526247866,0.39840818712869097,-0.33610947410888076,0.34023451429478807,0.13309743784159467,0.0895250931500069,0.05685004041444397,-1.02106356626698,-1.1787443494048562,-1.3165558938559256,30444188.8332681,6838.935173,0.1571967841198895,0.0,1621.0,0.221525639982843,2.9464096202194544e-06,2309.0,0.5149204680142097,0.0009064713404490256,6164.0,0.23785817461080044,0.012744552594108937,0.0
meshmamba,rgb_texture,Spinning_Top_v1_L3,cone,cone_sigma3_radius5,,,3.0,5.0,ok,,,188.547,/home/29d_kon@lab.graphicon.ru/ssd1_link/projects/REPROJECTING/outputs/KLD_diagnostic_20260602_064256/MeshMamba_rgb_texture/cone/cone_sigma3_radius5/Spinning_Top_v1_L3/sweep_cone_sigma3_radius5_recenter_rotx90p0_horizontaltovertical_blender_rig/Spinning_Top_v1_L3_report.json,/home/29d_kon@lab.graphicon.ru/ssd1_link/projects/REPROJECTING/outputs/KLD_diagnostic_20260602_064256/_logs/MeshMamba_rgb_texture/cone/cone_sigma3_radius5/Spinning_Top_v1_L3.log,Spinning_Top_v1_L3.csv,,,32868,,,,18350,510,horizontal_to_vertical,60.000001669652114,35.98339890412515,32868,,0.9652316076294278,17712,18350,-0.42409352068584383,0.3609537891315246,2.6596265461200526,0.2139346954167885,0.39800204573020614,-0.33657466790196505,0.3444170286303171,0.1339118651044591,0.09009266999681448,0.06734579248413711,-1.0203871052126636,-1.1774174096261685,-1.312353418756989,30815951.489273027,6838.935173,0.0,0.0,0.0,0.0,0.0,0.0,0.430547749395957,0.0024614177464677874,4853.0,0.07773593206624935,0.013287476588279688,3.8885315232345386e-05
meshmamba,rgb_texture,Spinning_Top_v1_L3,cone,cone_sigma3_radius7,,,3.0,7.0,ok,,,210.370,/home/29d_kon@lab.graphicon.ru/ssd1_link/projects/REPROJECTING/outputs/KLD_diagnostic_20260602_064256/MeshMamba_rgb_texture/cone/cone_sigma3_radius7/Spinning_Top_v1_L3/sweep_cone_sigma3_radius7_recenter_rotx90p0_horizontaltovertical_blender_rig/Spinning_Top_v1_L3_report.json,/home/29d_kon@lab.graphicon.ru/ssd1_link/projects/REPROJECTING/outputs/KLD_diagnostic_20260602_064256/_logs/MeshMamba_rgb_texture/cone/cone_sigma3_radius7/Spinning_Top_v1_L3.log,Spinning_Top_v1_L3.csv,,,32868,,,,18350,510,horizontal_to_vertical,60.000001669652114,35.98339890412515,32868,,0.9652316076294278,17712,18350,-0.4240942071319416,0.3609541238646887,2.6595941869610114,0.21393490811786997,0.3980023946395851,-0.3365747379639211,0.34441742979643963,0.1339116902662433,0.09009268947774281,0.06734607271834939,-1.0203884779867778,-1.1774190134645508,-1.3123551657166723,30816019.479824018,6838.935173,0.0,0.0,0.0,0.0,0.0,0.0,0.430547749395957,0.0024615603584950546,4853.0,0.07773510147500695,0.013287476588279688,3.888766586947701e-05
meshmamba,rgb_texture,Spinning_Top_v1_L3,cone,cone_sigma5_radius3,,,5.0,3.0,ok,,,191.069,/home/29d_kon@lab.graphicon.ru/ssd1_link/projects/REPROJECTING/outputs/KLD_diagnostic_20260602_064256/MeshMamba_rgb_texture/cone/cone_sigma5_radius3/Spinning_Top_v1_L3/sweep_cone_sigma5_radius3_recenter_rotx90p0_horizontaltovertical_blender_rig/Spinning_Top_v1_L3_report.json,/home/29d_kon@lab.graphicon.ru/ssd1_link/projects/REPROJECTING/outputs/KLD_diagnostic_20260602_064256/_logs/MeshMamba_rgb_texture/cone/cone_sigma5_radius3/Spinning_Top_v1_L3.log,Spinning_Top_v1_L3.csv,,,32868,,,,18350,510,horizontal_to_vertical,60.000001669652114,35.98339890412515,32868,,0.9652316076294278,17712,18350,-0.4050720439114506,0.409777686886634,1.1233215189960593,0.2376601952506173,0.4128238460218792,-0.34614030397504175,0.4311401265507457,0.12447852059553557,0.09276934954894639,0.07915705735768469,-0.9790189797901419,-1.0665277394361854,-1.1104845238054204,85040960.49946922,6838.935173,0.0,0.0,0.0,0.0,0.0,0.0,0.0,0.0,0.0,0.033637177763420956,0.013521031075870969,0.0011242084375908028
meshmamba,rgb_texture,Spinning_Top_v1_L3,cone,cone_sigma5_radius5,,,5.0,5.0,ok,,,217.368,/home/29d_kon@lab.graphicon.ru/ssd1_link/projects/REPROJECTING/outputs/KLD_diagnostic_20260602_064256/MeshMamba_rgb_texture/cone/cone_sigma5_radius5/Spinning_Top_v1_L3/sweep_cone_sigma5_radius5_recenter_rotx90p0_horizontaltovertical_blender_rig/Spinning_Top_v1_L3_report.json,/home/29d_kon@lab.graphicon.ru/ssd1_link/projects/REPROJECTING/outputs/KLD_diagnostic_20260602_064256/_logs/MeshMamba_rgb_texture/cone/cone_sigma5_radius5/Spinning_Top_v1_L3.log,Spinning_Top_v1_L3.csv,,,32868,,,,18350,510,horizontal_to_vertical,60.000001669652114,35.98339890412515,32868,,0.9652316076294278,17712,18350,-0.4079617629531267,0.41033838046194626,1.1222152666591592,0.2385026221039924,0.4140672811759454,-0.3493023666072554,0.4318191770669532,0.12262406306385645,0.09104047560270875,0.07735982194291796,-0.9847052216886447,-1.0732743322516407,-1.1180968050623243,85527055.13216458,6838.935173,0.0,0.0,0.0,0.0,0.0,0.0,0.0,0.0,0.0,0.03364038447337336,0.013520998760898767,0.0011239404867786238
meshmamba,rgb_texture,Spinning_Top_v1_L3,cone,cone_sigma5_radius7,,,5.0,7.0,ok,,,219.814,/home/29d_kon@lab.graphicon.ru/ssd1_link/projects/REPROJECTING/outputs/KLD_diagnostic_20260602_064256/MeshMamba_rgb_texture/cone/cone_sigma5_radius7/Spinning_Top_v1_L3/sweep_cone_sigma5_radius7_recenter_rotx90p0_horizontaltovertical_blender_rig/Spinning_Top_v1_L3_report.json,/home/29d_kon@lab.graphicon.ru/ssd1_link/projects/REPROJECTING/outputs/KLD_diagnostic_20260602_064256/_logs/MeshMamba_rgb_texture/cone/cone_sigma5_radius7/Spinning_Top_v1_L3.log,Spinning_Top_v1_L3.csv,,,32868,,,,18350,510,horizontal_to_vertical,60.000001669652114,35.98339890412515,32868,,0.9652316076294278,17712,18350,-0.4079616019241774,0.41033849751865425,1.1222146393646617,0.238502574022543,0.41406722053483136,-0.3493021069923596,0.43181937091865746,0.12262430989427872,0.09104063145013537,0.07735982194291796,-0.9847049470805681,-1.0732741833968777,-1.1180967682782874,85527074.33865422,6838.935173,0.0,0.0,0.0,0.0,0.0,0.0,0.0,0.0,0.0,0.033640371372503114,0.013520998760898767,0.0011239415735783108
meshmamba,rgb_texture,Spinning_Top_v1_L3,screen_space,screen_sigmascreen0p025,,0.025,,,ok,,,6.538,/home/29d_kon@lab.graphicon.ru/ssd1_link/projects/REPROJECTING/outputs/KLD_diagnostic_20260602_064256/MeshMamba_rgb_texture/screen_space/screen_sigmascreen0p025/Spinning_Top_v1_L3/sweep_screen_sigmascreen0p025_recenter_rotx90p0_horizontaltovertical_blender_rig/Spinning_Top_v1_L3_report.json,/home/29d_kon@lab.graphicon.ru/ssd1_link/projects/REPROJECTING/outputs/KLD_diagnostic_20260602_064256/_logs/MeshMamba_rgb_texture/screen_space/screen_sigmascreen0p025/Spinning_Top_v1_L3.log,Spinning_Top_v1_L3.csv,,,32868,,,,18350,510,horizontal_to_vertical,60.000001669652114,35.98339890412515,26780,8938830,,,18350,-0.26458166429373764,0.40681126496498804,5.640801300483933,0.14696493259242047,0.3176145196603579,-0.18697931740506277,0.42787373859839034,0.3023391800295429,0.2889915455888009,0.36150834570178164,-0.6129008981984533,-0.7003736073195881,-0.4811510063248304,3.1476087711919316,6838.935173,0.29087828655749126,0.0,6088.0,0.29087828655749126,0.0,6088.0,0.29087828655749126,4.221106725811418e-06,6094.0,0.24870862685501796,0.01329549114005032,0.0
meshmamba,rgb_texture,Spinning_Top_v1_L3,screen_space,screen_sigmascreen0p05,,0.05,,,ok,,,7.442,/home/29d_kon@lab.graphicon.ru/ssd1_link/projects/REPROJECTING/outputs/KLD_diagnostic_20260602_064256/MeshMamba_rgb_texture/screen_space/screen_sigmascreen0p05/Spinning_Top_v1_L3/sweep_screen_sigmascreen0p05_recenter_rotx90p0_horizontaltovertical_blender_rig/Spinning_Top_v1_L3_report.json,/home/29d_kon@lab.graphicon.ru/ssd1_link/projects/REPROJECTING/outputs/KLD_diagnostic_20260602_064256/_logs/MeshMamba_rgb_texture/screen_space/screen_sigmascreen0p05/Spinning_Top_v1_L3.log,Spinning_Top_v1_L3.csv,,,32868,,,,18350,510,horizontal_to_vertical,60.000001669652114,35.98339890412515,26780,8938830,,,18350,-0.3235366754589101,0.38996427569650993,5.692237954377884,0.1612196528354329,0.3350007397578623,-0.2413100082803179,0.399376979073941,0.27568119102919103,0.2649137610472448,0.34359712931809394,-0.7064116183845045,-0.7819478285200063,-0.5697625566574027,2.502716796214063,6838.935173,0.29087828655749126,0.0,6088.0,0.29087828655749126,0.0,6088.0,0.29087828655749126,0.0,6088.0,0.24870862685501796,0.01329549114005032,0.0
meshmamba,rgb_texture,Spinning_Top_v1_L3,screen_space,screen_sigmascreen0p075,,0.075,,,ok,,,9.196,/home/29d_kon@lab.graphicon.ru/ssd1_link/projects/REPROJECTING/outputs/KLD_diagnostic_20260602_064256/MeshMamba_rgb_texture/screen_space/screen_sigmascreen0p075/Spinning_Top_v1_L3/sweep_screen_sigmascreen0p075_recenter_rotx90p0_horizontaltovertical_blender_rig/Spinning_Top_v1_L3_report.json,/home/29d_kon@lab.graphicon.ru/ssd1_link/projects/REPROJECTING/outputs/KLD_diagnostic_20260602_064256/_logs/MeshMamba_rgb_texture/screen_space/screen_sigmascreen0p075/Spinning_Top_v1_L3.log,Spinning_Top_v1_L3.csv,,,32868,,,,18350,510,horizontal_to_vertical,60.000001669652114,35.98339890412515,26780,8938830,,,18350,-0.35477539452234175,0.38595747205887027,5.712733208363364,0.17240995731184683,0.3492464448549484,-0.27100815524431815,0.3896940474050664,0.258308674545624,0.25148545974679154,0.3295222725948408,-0.7574756991770737,-0.8263701794730108,-0.6146887422256495,2.037176059814369,6838.935173,0.29087828655749126,0.0,6088.0,0.29087828655749126,0.0,6088.0,0.29087828655749126,0.0,6088.0,0.24870862685501796,0.01329549114005032,0.0
meshmamba,rgb_texture,Spinning_Top_v1_L3,screen_space,screen_sigmascreen0p1,,0.1,,,ok,,,9.566,/home/29d_kon@lab.graphicon.ru/ssd1_link/projects/REPROJECTING/outputs/KLD_diagnostic_20260602_064256/MeshMamba_rgb_texture/screen_space/screen_sigmascreen0p1/Spinning_Top_v1_L3/sweep_screen_sigmascreen0p1_recenter_rotx90p0_horizontaltovertical_blender_rig/Spinning_Top_v1_L3_report.json,/home/29d_kon@lab.graphicon.ru/ssd1_link/projects/REPROJECTING/outputs/KLD_diagnostic_20260602_064256/_logs/MeshMamba_rgb_texture/screen_space/screen_sigmascreen0p1/Spinning_Top_v1_L3.log,Spinning_Top_v1_L3.csv,,,32868,,,,18350,510,horizontal_to_vertical,60.000001669652114,35.98339890412515,26780,8938830,,,18350,-0.37017903898160615,0.38835288653953415,5.708964050580256,0.18276155898475138,0.36177693267167665,-0.28828784898120385,0.39099444442117065,0.24635359216993016,0.23705889723607704,0.3032635796128116,-0.787048595135115,-0.8690436977912741,-0.6771479141794912,1.6764027332953804,6838.935173,0.29087828655749126,0.0,6088.0,0.29087828655749126,0.0,6088.0,0.29087828655749126,0.0,6088.0,0.24870862685501796,0.01329549114005032,0.0
meshmamba,rgb_texture,Spinning_Top_v1_L3,screen_space,screen_sigmascreen0p15,,0.15,,,ok,,,12.427,/home/29d_kon@lab.graphicon.ru/ssd1_link/projects/REPROJECTING/outputs/KLD_diagnostic_20260602_064256/MeshMamba_rgb_texture/screen_space/screen_sigmascreen0p15/Spinning_Top_v1_L3/sweep_screen_sigmascreen0p15_recenter_rotx90p0_horizontaltovertical_blender_rig/Spinning_Top_v1_L3_report.json,/home/29d_kon@lab.graphicon.ru/ssd1_link/projects/REPROJECTING/outputs/KLD_diagnostic_20260602_064256/_logs/MeshMamba_rgb_texture/screen_space/screen_sigmascreen0p15/Spinning_Top_v1_L3.log,Spinning_Top_v1_L3.csv,,,32868,,,,18350,510,horizontal_to_vertical,60.000001669652114,35.98339890412515,26780,8938830,,,18350,-0.3671938445503907,0.4018331220916044,5.676264459188196,0.19811520521456868,0.37689022298706737,-0.28483219650442165,0.4072780261136153,0.24855141138818182,0.2206519230325665,0.24745871939877426,-0.7841858077403602,-0.9203993320699647,-0.7910617599639493,1.1809189279600596,6838.935173,0.29087828655749126,0.0,6088.0,0.29087828655749126,0.0,6088.0,0.29087828655749126,0.0,6088.0,0.24870862685501802,0.013295491140050322,0.0
meshmamba,rgb_texture,Spinning_Top_v1_L3,screen_space,screen_sigmascreen0p2,,0.2,,,ok,,,14.201,/home/29d_kon@lab.graphicon.ru/ssd1_link/projects/REPROJECTING/outputs/KLD_diagnostic_20260602_064256/MeshMamba_rgb_texture/screen_space/screen_sigmascreen0p2/Spinning_Top_v1_L3/sweep_screen_sigmascreen0p2_recenter_rotx90p0_horizontaltovertical_blender_rig/Spinning_Top_v1_L3_report.json,/home/29d_kon@lab.graphicon.ru/ssd1_link/projects/REPROJECTING/outputs/KLD_diagnostic_20260602_064256/_logs/MeshMamba_rgb_texture/screen_space/screen_sigmascreen0p2/Spinning_Top_v1_L3.log,Spinning_Top_v1_L3.csv,,,32868,,,,18350,510,horizontal_to_vertical,60.000001669652114,35.98339890412515,26780,8938830,,,18350,-0.346079071130013,0.4148425171239865,5.651282071630867,0.2089005746397811,0.3859633830300256,-0.25660058273233366,0.4239203853197264,0.2681058830930695,0.22036385854539495,0.22178099864450712,-0.7452958903869333,-0.9329552443081994,-0.8599647122953934,0.8973084833976739,6838.935173,0.29087828655749126,0.0,6088.0,0.29087828655749126,0.0,6088.0,0.29087828655749126,0.0,6088.0,0.24870862685501796,0.01329549114005032,0.0
meshmamba,rgb_texture,Starfruit_L3,cone,cone_sigma1_radius3,,,1.0,3.0,ok,,,114.266,/home/29d_kon@lab.graphicon.ru/ssd1_link/projects/REPROJECTING/outputs/KLD_diagnostic_20260602_064256/MeshMamba_rgb_texture/cone/cone_sigma1_radius3/Starfruit_L3/sweep_cone_sigma1_radius3_recenter_rotx90p0_horizontaltovertical_blender_rig/Starfruit_L3_report.json,/home/29d_kon@lab.graphicon.ru/ssd1_link/projects/REPROJECTING/outputs/KLD_diagnostic_20260602_064256/_logs/MeshMamba_rgb_texture/cone/cone_sigma1_radius3/Starfruit_L3.log,Starfruit-L3.csv,,,32868,,,,21946,510,horizontal_to_vertical,60.000001669652114,35.98339890412515,32868,,0.960949603572405,21089,21946,0.08972073886846518,0.6952879022031502,0.3063346813451475,0.044296275433750205,0.16670055279044615,-0.059979253046548796,0.7664565653072901,0.6893981458736326,0.7892160535473055,0.7746501719563832,0.6350613354288074,0.9947409532801402,0.8910041865260941,4923879.233110361,8732.193847999999,0.0,0.0,0.0,0.0,0.0,0.0,0.0,0.0,0.0,0.015531078610457159,0.00923701917342044,0.0017427893624658729
meshmamba,rgb_texture,Starfruit_L3,cone,cone_sigma1_radius5,,,1.0,5.0,ok,,,118.722,/home/29d_kon@lab.graphicon.ru/ssd1_link/projects/REPROJECTING/outputs/KLD_diagnostic_20260602_064256/MeshMamba_rgb_texture/cone/cone_sigma1_radius5/Starfruit_L3/sweep_cone_sigma1_radius5_recenter_rotx90p0_horizontaltovertical_blender_rig/Starfruit_L3_report.json,/home/29d_kon@lab.graphicon.ru/ssd1_link/projects/REPROJECTING/outputs/KLD_diagnostic_20260602_064256/_logs/MeshMamba_rgb_texture/cone/cone_sigma1_radius5/Starfruit_L3.log,Starfruit-L3.csv,,,32868,,,,21946,510,horizontal_to_vertical,60.000001669652114,35.98339890412515,32868,,0.960949603572405,21089,21946,0.09123744653447205,0.6961907450570727,0.30434090230015765,0.04422977279116088,0.16661835821234572,-0.06093336792064503,0.7678501764262147,0.6896390317965613,0.7908746987469244,0.7774090777762968,0.6404164350318957,1.0065662698547493,0.908356955228008,4993476.854314713,8732.193847999999,0.0,0.0,0.0,0.0,0.0,0.0,0.0,0.0,0.0,0.01550692383682244,0.009244490491755287,0.0017500220136040347
meshmamba,rgb_texture,Starfruit_L3,cone,cone_sigma1_radius7,,,1.0,7.0,ok,,,135.940,/home/29d_kon@lab.graphicon.ru/ssd1_link/projects/REPROJECTING/outputs/KLD_diagnostic_20260602_064256/MeshMamba_rgb_texture/cone/cone_sigma1_radius7/Starfruit_L3/sweep_cone_sigma1_radius7_recenter_rotx90p0_horizontaltovertical_blender_rig/Starfruit_L3_report.json,/home/29d_kon@lab.graphicon.ru/ssd1_link/projects/REPROJECTING/outputs/KLD_diagnostic_20260602_064256/_logs/MeshMamba_rgb_texture/cone/cone_sigma1_radius7/Starfruit_L3.log,Starfruit-L3.csv,,,32868,,,,21946,510,horizontal_to_vertical,60.000001669652114,35.98339890412515,32868,,0.960949603572405,21089,21946,0.0912373601056225,0.6961910792632897,0.30434018319969547,0.04422976018912087,0.16661833347038194,-0.06093332010416347,0.7678506390278907,0.6896390112273595,0.7908747182278526,0.7774087975420845,0.6404167688727304,1.006566686953613,0.9083572277274459,4993500.64485553,8732.193847999999,0.0,0.0,0.0,0.0,0.0,0.0,0.0,0.0,0.0,0.015506926506764015,0.009244490491755287,0.0017500214572062323
meshmamba,rgb_texture,Starfruit_L3,cone,cone_sigma2_radius3,,,2.0,3.0,ok,,,127.187,/home/29d_kon@lab.graphicon.ru/ssd1_link/projects/REPROJECTING/outputs/KLD_diagnostic_20260602_064256/MeshMamba_rgb_texture/cone/cone_sigma2_radius3/Starfruit_L3/sweep_cone_sigma2_radius3_recenter_rotx90p0_horizontaltovertical_blender_rig/Starfruit_L3_report.json,/home/29d_kon@lab.graphicon.ru/ssd1_link/projects/REPROJECTING/outputs/KLD_diagnostic_20260602_064256/_logs/MeshMamba_rgb_texture/cone/cone_sigma2_radius3/Starfruit_L3.log,Starfruit-L3.csv,,,32868,,,,21946,510,horizontal_to_vertical,60.000001669652114,35.98339890412515,32868,,0.960949603572405,21089,21946,0.17588805495265358,0.7279010905397303,0.24403443613586867,0.04674837132266267,0.17070680860357454,-0.09938272731769911,0.8180279290103921,0.6820991543106357,0.8235425694128854,0.830322014330991,0.9050648387846272,1.581921276395354,1.794933391473688,22370813.78558684,8732.193847999999,0.0,0.0,0.0,0.0,0.0,0.0,0.0,0.0,0.0,0.014660163572004614,0.009593228169022666,0.0020860165269209314
meshmamba,rgb_texture,Starfruit_L3,cone,cone_sigma2_radius5,,,2.0,5.0,ok,,,162.149,/home/29d_kon@lab.graphicon.ru/ssd1_link/projects/REPROJECTING/outputs/KLD_diagnostic_20260602_064256/MeshMamba_rgb_texture/cone/cone_sigma2_radius5/Starfruit_L3/sweep_cone_sigma2_radius5_recenter_rotx90p0_horizontaltovertical_blender_rig/Starfruit_L3_report.json,/home/29d_kon@lab.graphicon.ru/ssd1_link/projects/REPROJECTING/outputs/KLD_diagnostic_20260602_064256/_logs/MeshMamba_rgb_texture/cone/cone_sigma2_radius5/Starfruit_L3.log,Starfruit-L3.csv,,,32868,,,,21946,510,horizontal_to_vertical,60.000001669652114,35.98339890412515,32868,,0.960949603572405,21089,21946,0.17397897513132093,0.7283556001844678,0.24318329003509043,0.04682745112535999,0.17074169449138737,-0.09889328901505912,0.818515731667829,0.6822241070696069,0.8234383561868,0.8301048795221745,0.9012640090487081,1.5755356792060347,1.7872609719061006,22655171.98430012,8732.193847999999,0.0,0.0,0.0,0.0,0.0,0.0,0.0,0.0,0.0,0.014624654927931151,0.009593228169022664,0.0020936935957663453
meshmamba,rgb_texture,Starfruit_L3,cone,cone_sigma2_radius7,,,2.0,7.0,ok,,,185.358,/home/29d_kon@lab.graphicon.ru/ssd1_link/projects/REPROJECTING/outputs/KLD_diagnostic_20260602_064256/MeshMamba_rgb_texture/cone/cone_sigma2_radius7/Starfruit_L3/sweep_cone_sigma2_radius7_recenter_rotx90p0_horizontaltovertical_blender_rig/Starfruit_L3_report.json,/home/29d_kon@lab.graphicon.ru/ssd1_link/projects/REPROJECTING/outputs/KLD_diagnostic_20260602_064256/_logs/MeshMamba_rgb_texture/cone/cone_sigma2_radius7/Starfruit_L3.log,Starfruit-L3.csv,,,32868,,,,21946,510,horizontal_to_vertical,60.000001669652114,35.98339890412515,32868,,0.960949603572405,21089,21946,0.17397840657544594,0.7283558081409016,0.24318285808190787,0.04682740929873246,0.17074160649217052,-0.09889393920409732,0.8185160037147974,0.6822244464614377,0.8234382198203017,0.8301044124651541,0.9012640021010154,1.5755346502279628,1.7872595463748697,22655246.593861576,8732.193847999999,0.0,0.0,0.0,0.0,0.0,0.0,0.0,0.0,0.0,0.014624655920926766,0.009593228169022664,0.002093693337636745
meshmamba,rgb_texture,Starfruit_L3,cone,cone_sigma3_radius3,,,3.0,3.0,ok,,,152.874,/home/29d_kon@lab.graphicon.ru/ssd1_link/projects/REPROJECTING/outputs/KLD_diagnostic_20260602_064256/MeshMamba_rgb_texture/cone/cone_sigma3_radius3/Starfruit_L3/sweep_cone_sigma3_radius3_recenter_rotx90p0_horizontaltovertical_blender_rig/Starfruit_L3_report.json,/home/29d_kon@lab.graphicon.ru/ssd1_link/projects/REPROJECTING/outputs/KLD_diagnostic_20260602_064256/_logs/MeshMamba_rgb_texture/cone/cone_sigma3_radius3/Starfruit_L3.log,Starfruit-L3.csv,,,32868,,,,21946,510,horizontal_to_vertical,60.000001669652114,35.98339890412515,32868,,0.960949603572405,21089,21946,0.1366645416375195,0.7374087858260421,0.22563128148087513,0.060998367222059396,0.1907758135051297,-0.09736019345196652,0.8295466279299781,0.6849789762702067,0.8192926003485996,0.8234527264967332,0.844759828978855,1.4833745537978351,1.683017060474051,53732901.98292853,8732.193847999999,0.0,0.0,0.0,0.0,0.0,0.0,0.0,0.0,0.0,0.014484038162148263,0.009610366702889991,0.00213352159427982
meshmamba,rgb_texture,Starfruit_L3,cone,cone_sigma3_radius5,,,3.0,5.0,ok,,,187.001,/home/29d_kon@lab.graphicon.ru/ssd1_link/projects/REPROJECTING/outputs/KLD_diagnostic_20260602_064256/MeshMamba_rgb_texture/cone/cone_sigma3_radius5/Starfruit_L3/sweep_cone_sigma3_radius5_recenter_rotx90p0_horizontaltovertical_blender_rig/Starfruit_L3_report.json,/home/29d_kon@lab.graphicon.ru/ssd1_link/projects/REPROJECTING/outputs/KLD_diagnostic_20260602_064256/_logs/MeshMamba_rgb_texture/cone/cone_sigma3_radius5/Starfruit_L3.log,Starfruit-L3.csv,,,32868,,,,21946,510,horizontal_to_vertical,60.000001669652114,35.98339890412515,32868,,0.960949603572405,21089,21946,0.13401356273946038,0.7376541416656089,0.2251041133874651,0.061356739983056824,0.19129818746905614,-0.09891959340641138,0.8298326649966535,0.6854854311582906,0.8188855658321348,0.8225033396912249,0.8423906100946262,1.476654992207663,1.674361365322819,54272522.673300356,8732.193847999999,0.0,0.0,0.0,0.0,0.0,0.0,0.0,0.0,0.0,0.014483612598438679,0.009610366702889991,0.002133559425102285
meshmamba,rgb_texture,Starfruit_L3,cone,cone_sigma3_radius7,,,3.0,7.0,ok,,,210.345,/home/29d_kon@lab.graphicon.ru/ssd1_link/projects/REPROJECTING/outputs/KLD_diagnostic_20260602_064256/MeshMamba_rgb_texture/cone/cone_sigma3_radius7/Starfruit_L3/sweep_cone_sigma3_radius7_recenter_rotx90p0_horizontaltovertical_blender_rig/Starfruit_L3_report.json,/home/29d_kon@lab.graphicon.ru/ssd1_link/projects/REPROJECTING/outputs/KLD_diagnostic_20260602_064256/_logs/MeshMamba_rgb_texture/cone/cone_sigma3_radius7/Starfruit_L3.log,Starfruit-L3.csv,,,32868,,,,21946,510,horizontal_to_vertical,60.000001669652114,35.98339890412515,32868,,0.960949603572405,21089,21946,0.13401394458931945,0.7376542835461998,0.22510386676921834,0.06135670715778754,0.19129811154052334,-0.09891904925797074,0.829832821692079,0.6854854620120935,0.8188855463512065,0.8225032462798207,0.8423909781331346,1.476655327079092,1.6743617279893381,54272581.74611763,8732.193847999999,0.0,0.0,0.0,0.0,0.0,0.0,0.0,0.0,0.0,0.014483603148047343,0.009610366702889991,0.0021335615207526467
meshmamba,rgb_texture,Starfruit_L3,cone,cone_sigma5_radius3,,,5.0,3.0,ok,,,196.321,/home/29d_kon@lab.graphicon.ru/ssd1_link/projects/REPROJECTING/outputs/KLD_diagnostic_20260602_064256/MeshMamba_rgb_texture/cone/cone_sigma5_radius3/Starfruit_L3/sweep_cone_sigma5_radius3_recenter_rotx90p0_horizontaltovertical_blender_rig/Starfruit_L3_report.json,/home/29d_kon@lab.graphicon.ru/ssd1_link/projects/REPROJECTING/outputs/KLD_diagnostic_20260602_064256/_logs/MeshMamba_rgb_texture/cone/cone_sigma5_radius3/Starfruit_L3.log,Starfruit-L3.csv,,,32868,,,,21946,510,horizontal_to_vertical,60.000001669652114,35.98339890412515,32868,,0.960949603572405,21089,21946,-0.013627813618481789,0.7370647675739204,0.22484286957740307,0.126079067257336,0.28400194019468616,-0.12573431099203425,0.8248970401945341,0.6756574356579683,0.7762215340779101,0.7849449960958705,0.5230912516349179,0.8379986042107912,0.9030154339516798,148039467.5496807,8732.193847999999,0.0,0.0,0.0,0.0,0.0,0.0,0.0,0.0,0.0,0.013725380702717133,0.009620114768666095,0.002314838536742473
meshmamba,rgb_texture,Starfruit_L3,cone,cone_sigma5_radius5,,,5.0,5.0,ok,,,220.339,/home/29d_kon@lab.graphicon.ru/ssd1_link/projects/REPROJECTING/outputs/KLD_diagnostic_20260602_064256/MeshMamba_rgb_texture/cone/cone_sigma5_radius5/Starfruit_L3/sweep_cone_sigma5_radius5_recenter_rotx90p0_horizontaltovertical_blender_rig/Starfruit_L3_report.json,/home/29d_kon@lab.graphicon.ru/ssd1_link/projects/REPROJECTING/outputs/KLD_diagnostic_20260602_064256/_logs/MeshMamba_rgb_texture/cone/cone_sigma5_radius5/Starfruit_L3.log,Starfruit-L3.csv,,,32868,,,,21946,510,horizontal_to_vertical,60.000001669652114,35.98339890412515,32868,,0.960949603572405,21089,21946,-0.012372897342842474,0.7374908865127237,0.22421964047887438,0.12590747078770437,0.2839522656959864,-0.1247652198670498,0.8253487480001763,0.6759864091878429,0.7768292611179997,0.7853726335038124,0.5248679680254689,0.8410035357914604,0.9065671853238603,148457234.98895898,8732.193847999999,0.0,0.0,0.0,0.0,0.0,0.0,0.0,0.0,0.0,0.013692910838678202,0.009620114768666095,0.002322693870219095
meshmamba,rgb_texture,Starfruit_L3,cone,cone_sigma5_radius7,,,5.0,7.0,ok,,,219.831,/home/29d_kon@lab.graphicon.ru/ssd1_link/projects/REPROJECTING/outputs/KLD_diagnostic_20260602_064256/MeshMamba_rgb_texture/cone/cone_sigma5_radius7/Starfruit_L3/sweep_cone_sigma5_radius7_recenter_rotx90p0_horizontaltovertical_blender_rig/Starfruit_L3_report.json,/home/29d_kon@lab.graphicon.ru/ssd1_link/projects/REPROJECTING/outputs/KLD_diagnostic_20260602_064256/_logs/MeshMamba_rgb_texture/cone/cone_sigma5_radius7/Starfruit_L3.log,Starfruit-L3.csv,,,32868,,,,21946,510,horizontal_to_vertical,60.000001669652114,35.98339890412515,32868,,0.960949603572405,21089,21946,-0.012372959148177936,0.7374909392337765,0.22421952586205746,0.12590731979704944,0.28395202099884886,-0.12476522861814843,0.8253487981020887,0.6759864091878429,0.7768292611179997,0.7853726335038124,0.5248679803460131,0.8410037653983843,0.9065674687800933,148457254.15449145,8732.193847999999,0.0,0.0,0.0,0.0,0.0,0.0,0.0,0.0,0.0,0.01369291208061568,0.009620114768666095,0.0023226935703639954
meshmamba,rgb_texture,Starfruit_L3,screen_space,screen_sigmascreen0p025,,0.025,,,ok,,,6.973,/home/29d_kon@lab.graphicon.ru/ssd1_link/projects/REPROJECTING/outputs/KLD_diagnostic_20260602_064256/MeshMamba_rgb_texture/screen_space/screen_sigmascreen0p025/Starfruit_L3/sweep_screen_sigmascreen0p025_recenter_rotx90p0_horizontaltovertical_blender_rig/Starfruit_L3_report.json,/home/29d_kon@lab.graphicon.ru/ssd1_link/projects/REPROJECTING/outputs/KLD_diagnostic_20260602_064256/_logs/MeshMamba_rgb_texture/screen_space/screen_sigmascreen0p025/Starfruit_L3.log,Starfruit-L3.csv,,,32868,,,,21946,510,horizontal_to_vertical,60.000001669652114,35.98339890412515,32363,8949606,,,21946,0.16988360682024176,0.7307799595027528,0.4588695617759435,0.035813567170323794,0.14810199222699794,-0.039481241069225834,0.8184386315589963,0.6880018673132829,0.8143738607553114,0.8261934637985504,0.8338862379067932,1.4571175544030375,2.0185988782403537,4.148075739061724,8732.193847999999,0.013681511780383007,0.0,505.0,0.013715050202124192,6.735592577418724e-09,506.0,0.013788614533285613,1.2086625511050113e-06,508.0,0.07225098978224269,0.0041177700158632575,0.0
meshmamba,rgb_texture,Starfruit_L3,screen_space,screen_sigmascreen0p05,,0.05,,,ok,,,7.865,/home/29d_kon@lab.graphicon.ru/ssd1_link/projects/REPROJECTING/outputs/KLD_diagnostic_20260602_064256/MeshMamba_rgb_texture/screen_space/screen_sigmascreen0p05/Starfruit_L3/sweep_screen_sigmascreen0p05_recenter_rotx90p0_horizontaltovertical_blender_rig/Starfruit_L3_report.json,/home/29d_kon@lab.graphicon.ru/ssd1_link/projects/REPROJECTING/outputs/KLD_diagnostic_20260602_064256/_logs/MeshMamba_rgb_texture/screen_space/screen_sigmascreen0p05/Starfruit_L3.log,Starfruit-L3.csv,,,32868,,,,21946,510,horizontal_to_vertical,60.000001669652114,35.98339890412515,32363,8949606,,,21946,0.04403903149089276,0.7323900184572677,0.45804309742902527,0.06776235020490548,0.21024970666453827,-0.07569605353003206,0.816989548623575,0.6633726701149356,0.7364429882060902,0.7218509637861734,0.583381634248617,0.9025163520181272,1.1834962498454489,3.2385681741495356,8732.193847999999,0.013681511780383007,0.0,505.0,0.013681511780383007,0.0,505.0,0.013788614533285613,1.2959146395460826e-06,508.0,0.07225098978224269,0.0041177700158632575,0.0
meshmamba,rgb_texture,Starfruit_L3,screen_space,screen_sigmascreen0p075,,0.075,,,ok,,,9.811,/home/29d_kon@lab.graphicon.ru/ssd1_link/projects/REPROJECTING/outputs/KLD_diagnostic_20260602_064256/MeshMamba_rgb_texture/screen_space/screen_sigmascreen0p075/Starfruit_L3/sweep_screen_sigmascreen0p075_recenter_rotx90p0_horizontaltovertical_blender_rig/Starfruit_L3_report.json,/home/29d_kon@lab.graphicon.ru/ssd1_link/projects/REPROJECTING/outputs/KLD_diagnostic_20260602_064256/_logs/MeshMamba_rgb_texture/screen_space/screen_sigmascreen0p075/Starfruit_L3.log,Starfruit-L3.csv,,,32868,,,,21946,510,horizontal_to_vertical,60.000001669652114,35.98339890412515,32363,8949606,,,21946,0.007458164246719459,0.733250900519044,0.4573121691058132,0.09590539525605228,0.2579518408116101,-0.08708695645840026,0.8164492672080068,0.6333213387460914,0.663781911319074,0.6436870564768151,0.47222665515548434,0.6235534225887176,0.7935248241165753,2.4637241738706517,8732.193847999999,0.013681511780383007,0.0,505.0,0.013681511780383007,0.0,505.0,0.013788614533285613,1.392444290190356e-06,508.0,0.07225098978224269,0.0041177700158632575,0.0
meshmamba,rgb_texture,Starfruit_L3,screen_space,screen_sigmascreen0p1,,0.1,,,ok,,,10.909,/home/29d_kon@lab.graphicon.ru/ssd1_link/projects/REPROJECTING/outputs/KLD_diagnostic_20260602_064256/MeshMamba_rgb_texture/screen_space/screen_sigmascreen0p1/Starfruit_L3/sweep_screen_sigmascreen0p1_recenter_rotx90p0_horizontaltovertical_blender_rig/Starfruit_L3_report.json,/home/29d_kon@lab.graphicon.ru/ssd1_link/projects/REPROJECTING/outputs/KLD_diagnostic_20260602_064256/_logs/MeshMamba_rgb_texture/screen_space/screen_sigmascreen0p1/Starfruit_L3.log,Starfruit-L3.csv,,,32868,,,,21946,510,horizontal_to_vertical,60.000001669652114,35.98339890412515,32363,8949606,,,21946,0.014945432647935606,0.7375002736198134,0.44936804656580076,0.10595690461673897,0.27514686946069,-0.08214772575092393,0.8211890195466744,0.6242567897418346,0.6394701218664537,0.617672213965173,0.460439831734625,0.5587090057460017,0.6945619891891963,1.9176463852340193,8732.193847999999,0.013681511780383007,0.0,505.0,0.013681511780383007,0.0,505.0,0.013788614533285613,1.489743388640952e-06,508.0,0.07225098978224269,0.0041177700158632575,0.0
meshmamba,rgb_texture,Starfruit_L3,screen_space,screen_sigmascreen0p15,,0.15,,,ok,,,12.577,/home/29d_kon@lab.graphicon.ru/ssd1_link/projects/REPROJECTING/outputs/KLD_diagnostic_20260602_064256/MeshMamba_rgb_texture/screen_space/screen_sigmascreen0p15/Starfruit_L3/sweep_screen_sigmascreen0p15_recenter_rotx90p0_horizontaltovertical_blender_rig/Starfruit_L3_report.json,/home/29d_kon@lab.graphicon.ru/ssd1_link/projects/REPROJECTING/outputs/KLD_diagnostic_20260602_064256/_logs/MeshMamba_rgb_texture/screen_space/screen_sigmascreen0p15/Starfruit_L3.log,Starfruit-L3.csv,,,32868,,,,21946,510,horizontal_to_vertical,60.000001669652114,35.98339890412515,32363,8949606,,,21946,0.05940557526748967,0.7471872371737784,0.4308485297903947,0.09946690875570066,0.26992354425577325,-0.058558026702128466,0.8338292645637035,0.6389467223424223,0.6634060462879325,0.6298607207941539,0.5373454226726823,0.6644785193943508,0.8073894317222916,1.2673273036943535,8732.193847999999,0.013681511780383007,0.0,505.0,0.013681511780383007,0.0,505.0,0.013765479110101408,6.756360894134297e-07,507.0,0.07225098978224269,0.0041177700158632575,0.0
meshmamba,rgb_texture,Starfruit_L3,screen_space,screen_sigmascreen0p2,,0.2,,,ok,,,14.880,/home/29d_kon@lab.graphicon.ru/ssd1_link/projects/REPROJECTING/outputs/KLD_diagnostic_20260602_064256/MeshMamba_rgb_texture/screen_space/screen_sigmascreen0p2/Starfruit_L3/sweep_screen_sigmascreen0p2_recenter_rotx90p0_horizontaltovertical_blender_rig/Starfruit_L3_report.json,/home/29d_kon@lab.graphicon.ru/ssd1_link/projects/REPROJECTING/outputs/KLD_diagnostic_20260602_064256/_logs/MeshMamba_rgb_texture/screen_space/screen_sigmascreen0p2/Starfruit_L3.log,Starfruit-L3.csv,,,32868,,,,21946,510,horizontal_to_vertical,60.000001669652114,35.98339890412515,32363,8949606,,,21946,0.09907205135102465,0.7531131876239918,0.41964001656259353,0.08977610639117488,0.257331059638132,-0.02587345806382207,0.8421550953507168,0.6645497735449148,0.7086162548554266,0.6717309815081849,0.619747906933006,0.8051670591822041,0.9691476712601954,0.9313448116447229,8732.193847999999,0.013681511780383007,0.0,505.0,0.013681511780383007,0.0,505.0,0.013765479110101408,7.692790780217167e-07,507.0,0.07225098978224269,0.0041177700158632575,0.0
meshmamba,rgb_texture,ball_car_v1_L3,cone,cone_sigma1_radius3,,,1.0,3.0,ok,,,128.006,/home/29d_kon@lab.graphicon.ru/ssd1_link/projects/REPROJECTING/outputs/KLD_diagnostic_20260602_064256/MeshMamba_rgb_texture/cone/cone_sigma1_radius3/ball_car_v1_L3/sweep_cone_sigma1_radius3_recenter_rotx90p0_horizontaltovertical_blender_rig/ball_car_v1_L3_report.json,/home/29d_kon@lab.graphicon.ru/ssd1_link/projects/REPROJECTING/outputs/KLD_diagnostic_20260602_064256/_logs/MeshMamba_rgb_texture/cone/cone_sigma1_radius3/ball_car_v1_L3.log,ball_car_v1_L3.csv,,,32868,,,,21757,510,horizontal_to_vertical,60.000001669652114,35.98339890412515,28433,,0.964057544698258,20975,21757,0.06098269335709014,0.39614774650621687,4.780969593607733,0.028190861785689424,0.1178004987322009,-0.06287561953012295,0.3666469704248241,0.49453136914870865,0.5540049126225819,0.6775585453639874,0.16032074673182378,0.3470250315723869,0.7510570736550799,1245142.7310974863,4155.974491,0.2184979505929311,0.0,4435.0,0.21987776296002293,3.689654779946565e-07,4474.0,0.2884781491311612,0.0007928658918989924,7062.0,0.24122649567604595,0.012912236616516807,0.0
meshmamba,rgb_texture,ball_car_v1_L3,cone,cone_sigma1_radius5,,,1.0,5.0,ok,,,133.309,/home/29d_kon@lab.graphicon.ru/ssd1_link/projects/REPROJECTING/outputs/KLD_diagnostic_20260602_064256/MeshMamba_rgb_texture/cone/cone_sigma1_radius5/ball_car_v1_L3/sweep_cone_sigma1_radius5_recenter_rotx90p0_horizontaltovertical_blender_rig/ball_car_v1_L3_report.json,/home/29d_kon@lab.graphicon.ru/ssd1_link/projects/REPROJECTING/outputs/KLD_diagnostic_20260602_064256/_logs/MeshMamba_rgb_texture/cone/cone_sigma1_radius5/ball_car_v1_L3.log,ball_car_v1_L3.csv,,,32868,,,,21757,510,horizontal_to_vertical,60.000001669652114,35.98339890412515,30512,,0.964057544698258,20975,21757,0.06122863168692771,0.3975829723692793,4.203643722485424,0.028163294639174954,0.11770770544834022,-0.06402394059976758,0.36836191473411894,0.4915375886685584,0.551170612879356,0.6664713589892737,0.16072446166480475,0.34741052521892135,0.7520386959066543,1259235.557970602,4155.974491,0.1250743942547457,0.0,2356.0,0.21188833374867794,3.3293050811949876e-06,4252.0,0.28747332342565146,0.0008117848304851016,7010.0,0.2302939745408506,0.012685335079454414,3.4035885566620156e-10
meshmamba,rgb_texture,ball_car_v1_L3,cone,cone_sigma1_radius7,,,1.0,7.0,ok,,,140.941,/home/29d_kon@lab.graphicon.ru/ssd1_link/projects/REPROJECTING/outputs/KLD_diagnostic_20260602_064256/MeshMamba_rgb_texture/cone/cone_sigma1_radius7/ball_car_v1_L3/sweep_cone_sigma1_radius7_recenter_rotx90p0_horizontaltovertical_blender_rig/ball_car_v1_L3_report.json,/home/29d_kon@lab.graphicon.ru/ssd1_link/projects/REPROJECTING/outputs/KLD_diagnostic_20260602_064256/_logs/MeshMamba_rgb_texture/cone/cone_sigma1_radius7/ball_car_v1_L3.log,ball_car_v1_L3.csv,,,32868,,,,21757,510,horizontal_to_vertical,60.000001669652114,35.98339890412515,32099,,0.964057544698258,20975,21757,0.061228732509604006,0.39758393750774634,4.181809035260561,0.02816327289829552,0.11770763948961563,-0.06458448716765901,0.3683627484821642,0.4904904568828031,0.5500242966138094,0.6674673113797228,0.16072455067483937,0.3474106931129293,0.7520387782645758,1259240.3554155475,4155.974491,0.04506419502948773,0.0,769.0,0.21188833374867794,3.3409105324036905e-06,4252.0,0.28747332342565146,0.0008118483183014746,7010.0,0.22903458926303685,0.012685335079454413,3.543301335432607e-10
meshmamba,rgb_texture,ball_car_v1_L3,cone,cone_sigma2_radius3,,,2.0,3.0,ok,,,128.341,/home/29d_kon@lab.graphicon.ru/ssd1_link/projects/REPROJECTING/outputs/KLD_diagnostic_20260602_064256/MeshMamba_rgb_texture/cone/cone_sigma2_radius3/ball_car_v1_L3/sweep_cone_sigma2_radius3_recenter_rotx90p0_horizontaltovertical_blender_rig/ball_car_v1_L3_report.json,/home/29d_kon@lab.graphicon.ru/ssd1_link/projects/REPROJECTING/outputs/KLD_diagnostic_20260602_064256/_logs/MeshMamba_rgb_texture/cone/cone_sigma2_radius3/ball_car_v1_L3.log,ball_car_v1_L3.csv,,,32868,,,,21757,510,horizontal_to_vertical,60.000001669652114,35.98339890412515,31391,,0.964057544698258,20975,21757,0.07420787882233013,0.44753562574184164,3.0175755687052632,0.031493239695216814,0.12231864083549256,-0.03684784683288382,0.45419549295264966,0.5062283646064221,0.5676943265458662,0.6863005450275195,0.17536044337112108,0.35169894684620323,0.7677113212798901,5009359.050206068,4155.974491,0.08270945616831507,0.0,1477.0,0.11546475490626393,3.063974313650895e-06,2094.0,0.25040583580425063,0.00097983689818853,5456.0,0.2091040687735025,0.011276612525290882,0.0
meshmamba,rgb_texture,ball_car_v1_L3,cone,cone_sigma2_radius5,,,2.0,5.0,ok,,,132.154,/home/29d_kon@lab.graphicon.ru/ssd1_link/projects/REPROJECTING/outputs/KLD_diagnostic_20260602_064256/MeshMamba_rgb_texture/cone/cone_sigma2_radius5/ball_car_v1_L3/sweep_cone_sigma2_radius5_recenter_rotx90p0_horizontaltovertical_blender_rig/ball_car_v1_L3_report.json,/home/29d_kon@lab.graphicon.ru/ssd1_link/projects/REPROJECTING/outputs/KLD_diagnostic_20260602_064256/_logs/MeshMamba_rgb_texture/cone/cone_sigma2_radius5/ball_car_v1_L3.log,ball_car_v1_L3.csv,,,32868,,,,21757,510,horizontal_to_vertical,60.000001669652114,35.98339890412515,32868,,0.964057544698258,20975,21757,0.0742364665278515,0.4496122599022027,2.4262671682255026,0.03147750913060548,0.12230686985576361,-0.03543194096759162,0.4565262612588406,0.5060492582812661,0.5669215765619185,0.6852626976223343,0.17489202009865235,0.3512105623645814,0.7667006913819074,5067190.314753501,4155.974491,0.0,0.0,0.0,0.0974478365728737,4.282049522922994e-06,1697.0,0.24784792573453743,0.0010367317604443517,5369.0,0.15619611082615162,0.011877262506518113,2.1445322709691354e-07
meshmamba,rgb_texture,ball_car_v1_L3,cone,cone_sigma2_radius7,,,2.0,7.0,ok,,,147.959,/home/29d_kon@lab.graphicon.ru/ssd1_link/projects/REPROJECTING/outputs/KLD_diagnostic_20260602_064256/MeshMamba_rgb_texture/cone/cone_sigma2_radius7/ball_car_v1_L3/sweep_cone_sigma2_radius7_recenter_rotx90p0_horizontaltovertical_blender_rig/ball_car_v1_L3_report.json,/home/29d_kon@lab.graphicon.ru/ssd1_link/projects/REPROJECTING/outputs/KLD_diagnostic_20260602_064256/_logs/MeshMamba_rgb_texture/cone/cone_sigma2_radius7/ball_car_v1_L3.log,ball_car_v1_L3.csv,,,32868,,,,21757,510,horizontal_to_vertical,60.000001669652114,35.98339890412515,32868,,0.964057544698258,20975,21757,0.07423613684523314,0.44961299169483937,2.423123019634737,0.03147750089642359,0.12230687133867603,-0.03543369542463515,0.45652699843138345,0.5060405523665807,0.5669069853466016,0.6852606892771461,0.1748914652292251,0.3512100119670294,0.7667003582484018,5067209.742942378,4155.974491,0.0,0.0,0.0,0.09739336848109639,4.2824354879201805e-06,1695.0,0.24784792573453743,0.0010368561698596017,5369.0,0.15576107142215168,0.011877262506518112,2.152226617225526e-07
meshmamba,rgb_texture,ball_car_v1_L3,cone,cone_sigma3_radius3,,,3.0,3.0,ok,,,130.776,/home/29d_kon@lab.graphicon.ru/ssd1_link/projects/REPROJECTING/outputs/KLD_diagnostic_20260602_064256/MeshMamba_rgb_texture/cone/cone_sigma3_radius3/ball_car_v1_L3/sweep_cone_sigma3_radius3_recenter_rotx90p0_horizontaltovertical_blender_rig/ball_car_v1_L3_report.json,/home/29d_kon@lab.graphicon.ru/ssd1_link/projects/REPROJECTING/outputs/KLD_diagnostic_20260602_064256/_logs/MeshMamba_rgb_texture/cone/cone_sigma3_radius3/ball_car_v1_L3.log,ball_car_v1_L3.csv,,,32868,,,,21757,510,horizontal_to_vertical,60.000001669652114,35.98339890412515,32812,,0.964057544698258,20975,21757,0.07733378513395917,0.48810205424387315,1.7889324783270304,0.04060867011989733,0.1431668441228019,-0.018120495487390163,0.5196398123250798,0.509673849901618,0.5665955924477584,0.6797777200910461,0.16236517138957546,0.32672651096775435,0.6937397262342281,11368790.62919602,4155.974491,0.002178756635684076,0.0,56.0,0.03212452080471636,1.9301962311780338e-06,512.0,0.1922025326983654,0.0010366837671204132,3792.0,0.11858307638625964,0.011891044833653192,1.892320845652175e-06
meshmamba,rgb_texture,ball_car_v1_L3,cone,cone_sigma3_radius5,,,3.0,5.0,ok,,,143.577,/home/29d_kon@lab.graphicon.ru/ssd1_link/projects/REPROJECTING/outputs/KLD_diagnostic_20260602_064256/MeshMamba_rgb_texture/cone/cone_sigma3_radius5/ball_car_v1_L3/sweep_cone_sigma3_radius5_recenter_rotx90p0_horizontaltovertical_blender_rig/ball_car_v1_L3_report.json,/home/29d_kon@lab.graphicon.ru/ssd1_link/projects/REPROJECTING/outputs/KLD_diagnostic_20260602_064256/_logs/MeshMamba_rgb_texture/cone/cone_sigma3_radius5/ball_car_v1_L3.log,ball_car_v1_L3.csv,,,32868,,,,21757,510,horizontal_to_vertical,60.000001669652114,35.98339890412515,32868,,0.964057544698258,20975,21757,0.0761990078234453,0.48944936422318686,1.655694185500101,0.04076391012788904,0.14373042476269254,-0.018493567569181475,0.5213439731072926,0.5092951143301546,0.5660021546685967,0.6795702066568515,0.16029599964990315,0.3245197644679682,0.691882314730391,11499792.680346943,4155.974491,0.0,0.0,0.0,0.00545708258053887,7.331664985087402e-07,82.0,0.18728729848693387,0.0011323723613106307,3686.0,0.10371443856048063,0.012314861679452978,4.747683400204447e-06
meshmamba,rgb_texture,ball_car_v1_L3,cone,cone_sigma3_radius7,,,3.0,7.0,ok,,,162.268,/home/29d_kon@lab.graphicon.ru/ssd1_link/projects/REPROJECTING/outputs/KLD_diagnostic_20260602_064256/MeshMamba_rgb_texture/cone/cone_sigma3_radius7/ball_car_v1_L3/sweep_cone_sigma3_radius7_recenter_rotx90p0_horizontaltovertical_blender_rig/ball_car_v1_L3_report.json,/home/29d_kon@lab.graphicon.ru/ssd1_link/projects/REPROJECTING/outputs/KLD_diagnostic_20260602_064256/_logs/MeshMamba_rgb_texture/cone/cone_sigma3_radius7/ball_car_v1_L3.log,ball_car_v1_L3.csv,,,32868,,,,21757,510,horizontal_to_vertical,60.000001669652114,35.98339890412515,32868,,0.964057544698258,20975,21757,0.07619919007262951,0.4894502010689573,1.6555186019248134,0.040763908333341634,0.14373046116390462,-0.018493109649699264,0.521344908878551,0.5092957314062103,0.5660032066387263,0.6795717946507212,0.16029676101906062,0.32452140079058633,0.691884973900371,11499837.727506852,4155.974491,0.0,0.0,0.0,0.00539727614993198,7.281243249787589e-07,81.0,0.18728729848693387,0.0011325134326999366,3686.0,0.10367509758426281,0.012314861679452978,4.75289287437186e-06
meshmamba,rgb_texture,ball_car_v1_L3,cone,cone_sigma5_radius3,,,5.0,3.0,ok,,,146.874,/home/29d_kon@lab.graphicon.ru/ssd1_link/projects/REPROJECTING/outputs/KLD_diagnostic_20260602_064256/MeshMamba_rgb_texture/cone/cone_sigma5_radius3/ball_car_v1_L3/sweep_cone_sigma5_radius3_recenter_rotx90p0_horizontaltovertical_blender_rig/ball_car_v1_L3_report.json,/home/29d_kon@lab.graphicon.ru/ssd1_link/projects/REPROJECTING/outputs/KLD_diagnostic_20260602_064256/_logs/MeshMamba_rgb_texture/cone/cone_sigma5_radius3/ball_car_v1_L3.log,ball_car_v1_L3.csv,,,32868,,,,21757,510,horizontal_to_vertical,60.000001669652114,35.98339890412515,32868,,0.964057544698258,20975,21757,0.03601810825818813,0.5235526947502644,1.1013036349121665,0.08818538922774768,0.2342963133264614,-0.03808673691332748,0.5790147964838012,0.49309632792746255,0.5411417140910386,0.6418482062815246,0.06587726816152034,0.20148992063931262,0.5035629458838089,32064217.018279538,4155.974491,0.0,0.0,0.0,0.0,0.0,0.0,0.050370614028872294,0.0006103714537519079,858.0,0.0618248647624785,0.012661001195736163,0.00010617517816242238
meshmamba,rgb_texture,ball_car_v1_L3,cone,cone_sigma5_radius5,,,5.0,5.0,ok,,,182.614,/home/29d_kon@lab.graphicon.ru/ssd1_link/projects/REPROJECTING/outputs/KLD_diagnostic_20260602_064256/MeshMamba_rgb_texture/cone/cone_sigma5_radius5/ball_car_v1_L3/sweep_cone_sigma5_radius5_recenter_rotx90p0_horizontaltovertical_blender_rig/ball_car_v1_L3_report.json,/home/29d_kon@lab.graphicon.ru/ssd1_link/projects/REPROJECTING/outputs/KLD_diagnostic_20260602_064256/_logs/MeshMamba_rgb_texture/cone/cone_sigma5_radius5/ball_car_v1_L3.log,ball_car_v1_L3.csv,,,32868,,,,21757,510,horizontal_to_vertical,60.000001669652114,35.98339890412515,32868,,0.964057544698258,20975,21757,0.03678341504723545,0.525529388199325,1.077813355505414,0.08834417398386998,0.23476262891266128,-0.036400620597680726,0.581392655128268,0.4943864488370363,0.5430652025112631,0.6442769961993702,0.06897570614259453,0.208001593275799,0.5136944811639726,32439728.649667002,4155.974491,0.0,0.0,0.0,0.0,0.0,0.0,0.040119282580072024,0.0005158791002134002,652.0,0.06003436811107443,0.012732194847343205,0.00012249077918836308
meshmamba,rgb_texture,ball_car_v1_L3,cone,cone_sigma5_radius7,,,5.0,7.0,ok,,,211.335,/home/29d_kon@lab.graphicon.ru/ssd1_link/projects/REPROJECTING/outputs/KLD_diagnostic_20260602_064256/MeshMamba_rgb_texture/cone/cone_sigma5_radius7/ball_car_v1_L3/sweep_cone_sigma5_radius7_recenter_rotx90p0_horizontaltovertical_blender_rig/ball_car_v1_L3_report.json,/home/29d_kon@lab.graphicon.ru/ssd1_link/projects/REPROJECTING/outputs/KLD_diagnostic_20260602_064256/_logs/MeshMamba_rgb_texture/cone/cone_sigma5_radius7/ball_car_v1_L3.log,ball_car_v1_L3.csv,,,32868,,,,21757,510,horizontal_to_vertical,60.000001669652114,35.98339890412515,32868,,0.964057544698258,20975,21757,0.03678380827050892,0.5255305039322151,1.0777807379858602,0.0883440305277686,0.23476234276653102,-0.03640078671318974,0.5813938504424241,0.49438630485262336,0.5430649297782665,0.6442765291423497,0.06897629470856831,0.20800179719460085,0.5136941882846907,32439860.715168286,4155.974491,0.0,0.0,0.0,0.0,0.0,0.0,0.04003205682813706,0.0005140254074417312,650.0,0.06003170395315721,0.012732194847343205,0.00012251198033546508
meshmamba,rgb_texture,ball_car_v1_L3,screen_space,screen_sigmascreen0p025,,0.025,,,ok,,,7.236,/home/29d_kon@lab.graphicon.ru/ssd1_link/projects/REPROJECTING/outputs/KLD_diagnostic_20260602_064256/MeshMamba_rgb_texture/screen_space/screen_sigmascreen0p025/ball_car_v1_L3/sweep_screen_sigmascreen0p025_recenter_rotx90p0_horizontaltovertical_blender_rig/ball_car_v1_L3_report.json,/home/29d_kon@lab.graphicon.ru/ssd1_link/projects/REPROJECTING/outputs/KLD_diagnostic_20260602_064256/_logs/MeshMamba_rgb_texture/screen_space/screen_sigmascreen0p025/ball_car_v1_L3.log,ball_car_v1_L3.csv,,,32868,,,,21757,510,horizontal_to_vertical,60.000001669652114,35.98339890412515,28134,10341402,,,21757,0.08829553966217019,0.49275164358265566,4.3249315233599095,0.030905060514738916,0.1218032591807422,-0.021978694798719643,0.506547024236434,0.5252372382320948,0.5941402809181036,0.7304801224735601,0.22159360002987896,0.45280492106424847,0.9529654476956084,1.050935297525901,4155.974491,0.22218340006649479,0.0,4734.0,0.22242924758125038,3.778413913678918e-08,4740.0,0.22539126479927185,2.206010168767652e-05,4792.0,0.24116865095070775,0.012909279428009847,0.0
meshmamba,rgb_texture,ball_car_v1_L3,screen_space,screen_sigmascreen0p05,,0.05,,,ok,,,8.137,/home/29d_kon@lab.graphicon.ru/ssd1_link/projects/REPROJECTING/outputs/KLD_diagnostic_20260602_064256/MeshMamba_rgb_texture/screen_space/screen_sigmascreen0p05/ball_car_v1_L3/sweep_screen_sigmascreen0p05_recenter_rotx90p0_horizontaltovertical_blender_rig/ball_car_v1_L3_report.json,/home/29d_kon@lab.graphicon.ru/ssd1_link/projects/REPROJECTING/outputs/KLD_diagnostic_20260602_064256/_logs/MeshMamba_rgb_texture/screen_space/screen_sigmascreen0p05/ball_car_v1_L3.log,ball_car_v1_L3.csv,,,32868,,,,21757,510,horizontal_to_vertical,60.000001669652114,35.98339890412515,28134,10341402,,,21757,0.06416002536400259,0.5339311882214093,4.220634255320146,0.06802461076455428,0.20236811537281063,0.0071663961164850154,0.5871481551784951,0.5309251316328644,0.5931572732747223,0.7438787740425774,0.1380109579935334,0.32599584910761115,0.7120057075349941,1.0349710859846408,4155.974491,0.22218340006649479,0.0,4734.0,0.22218340006649479,0.0,4734.0,0.22364077354487305,1.443292411875717e-05,4763.0,0.24116865095070775,0.012909279428009847,0.0
meshmamba,rgb_texture,ball_car_v1_L3,screen_space,screen_sigmascreen0p075,,0.075,,,ok,,,9.123,/home/29d_kon@lab.graphicon.ru/ssd1_link/projects/REPROJECTING/outputs/KLD_diagnostic_20260602_064256/MeshMamba_rgb_texture/screen_space/screen_sigmascreen0p075/ball_car_v1_L3/sweep_screen_sigmascreen0p075_recenter_rotx90p0_horizontaltovertical_blender_rig/ball_car_v1_L3_report.json,/home/29d_kon@lab.graphicon.ru/ssd1_link/projects/REPROJECTING/outputs/KLD_diagnostic_20260602_064256/_logs/MeshMamba_rgb_texture/screen_space/screen_sigmascreen0p075/ball_car_v1_L3.log,ball_car_v1_L3.csv,,,32868,,,,21757,510,horizontal_to_vertical,60.000001669652114,35.98339890412515,28134,10341402,,,21757,0.021080273991714235,0.5434609429836363,4.205646005319779,0.14835780068667212,0.3241756590137489,0.010039544758327947,0.6079782949184603,0.5334280178261342,0.59664340487977,0.7454251064259478,0.07275310534397086,0.2725039601423164,0.6379512778555938,1.0195810887273447,4155.974491,0.22218340006649479,0.0,4734.0,0.22218340006649479,0.0,4734.0,0.22340578365210184,1.4578231770681188e-05,4759.0,0.24116865095070775,0.012909279428009847,0.0
meshmamba,rgb_texture,ball_car_v1_L3,screen_space,screen_sigmascreen0p1,,0.1,,,ok,,,11.206,/home/29d_kon@lab.graphicon.ru/ssd1_link/projects/REPROJECTING/outputs/KLD_diagnostic_20260602_064256/MeshMamba_rgb_texture/screen_space/screen_sigmascreen0p1/ball_car_v1_L3/sweep_screen_sigmascreen0p1_recenter_rotx90p0_horizontaltovertical_blender_rig/ball_car_v1_L3_report.json,/home/29d_kon@lab.graphicon.ru/ssd1_link/projects/REPROJECTING/outputs/KLD_diagnostic_20260602_064256/_logs/MeshMamba_rgb_texture/screen_space/screen_sigmascreen0p1/ball_car_v1_L3.log,ball_car_v1_L3.csv,,,32868,,,,21757,510,horizontal_to_vertical,60.000001669652114,35.98339890412515,28134,10341402,,,21757,0.00024776728684315456,0.5494258632546314,4.188149528743799,0.22932438247848488,0.4146673956377072,0.0009079827752259068,0.6160950418637137,0.5367174137330503,0.6083866838036497,0.7528843806884625,0.0604146187538529,0.2935061659232679,0.672187117479151,0.9601780102747014,4155.974491,0.22218340006649479,0.0,4734.0,0.22218340006649479,0.0,4734.0,0.22289098862517537,1.1127965980610192e-05,4748.0,0.24116865095070775,0.012909279428009847,0.0
meshmamba,rgb_texture,ball_car_v1_L3,screen_space,screen_sigmascreen0p15,,0.15,,,ok,,,12.061,/home/29d_kon@lab.graphicon.ru/ssd1_link/projects/REPROJECTING/outputs/KLD_diagnostic_20260602_064256/MeshMamba_rgb_texture/screen_space/screen_sigmascreen0p15/ball_car_v1_L3/sweep_screen_sigmascreen0p15_recenter_rotx90p0_horizontaltovertical_blender_rig/ball_car_v1_L3_report.json,/home/29d_kon@lab.graphicon.ru/ssd1_link/projects/REPROJECTING/outputs/KLD_diagnostic_20260602_064256/_logs/MeshMamba_rgb_texture/screen_space/screen_sigmascreen0p15/ball_car_v1_L3.log,ball_car_v1_L3.csv,,,32868,,,,21757,510,horizontal_to_vertical,60.000001669652114,35.98339890412515,28134,10341402,,,21757,-0.014910810242714434,0.5547754347542557,4.169960719345466,0.16985326075153634,0.36260908763187005,-0.014821707074894106,0.6208100493300136,0.5254201241480918,0.5954525357311394,0.7246727354810422,0.05784202723261806,0.32429291902463875,0.7142648854482725,0.784935079193823,4155.974491,0.22218340006649479,0.0,4734.0,0.22218340006649479,0.0,4734.0,0.22218340006649479,0.0,4734.0,0.24116865095070775,0.012909279428009847,0.0
meshmamba,rgb_texture,ball_car_v1_L3,screen_space,screen_sigmascreen0p2,,0.2,,,ok,,,14.061,/home/29d_kon@lab.graphicon.ru/ssd1_link/projects/REPROJECTING/outputs/KLD_diagnostic_20260602_064256/MeshMamba_rgb_texture/screen_space/screen_sigmascreen0p2/ball_car_v1_L3/sweep_screen_sigmascreen0p2_recenter_rotx90p0_horizontaltovertical_blender_rig/ball_car_v1_L3_report.json,/home/29d_kon@lab.graphicon.ru/ssd1_link/projects/REPROJECTING/outputs/KLD_diagnostic_20260602_064256/_logs/MeshMamba_rgb_texture/screen_space/screen_sigmascreen0p2/ball_car_v1_L3.log,ball_car_v1_L3.csv,,,32868,,,,21757,510,horizontal_to_vertical,60.000001669652114,35.98339890412515,28134,10341402,,,21757,-0.020370107670176302,0.5564260259665232,4.164066634176525,0.1518301364654836,0.3438565903474912,-0.01737111941641267,0.6216432947099038,0.5213434317555586,0.5891869237151782,0.7117790659625565,0.056191543169373886,0.333538599859003,0.7251497489216677,0.6436047272010526,4155.974491,0.22218340006649479,0.0,4734.0,0.22218340006649479,0.0,4734.0,0.22218340006649479,0.0,4734.0,0.24116865095070775,0.012909279428009847,0.0
meshmamba,rgb_texture,football_v2_L3,cone,cone_sigma1_radius3,,,1.0,3.0,ok,,,125.607,/home/29d_kon@lab.graphicon.ru/ssd1_link/projects/REPROJECTING/outputs/KLD_diagnostic_20260602_064256/MeshMamba_rgb_texture/cone/cone_sigma1_radius3/football_v2_L3/sweep_cone_sigma1_radius3_recenter_rotx90p0_horizontaltovertical_blender_rig/football_v2_L3_report.json,/home/29d_kon@lab.graphicon.ru/ssd1_link/projects/REPROJECTING/outputs/KLD_diagnostic_20260602_064256/_logs/MeshMamba_rgb_texture/cone/cone_sigma1_radius3/football_v2_L3.log,football_v2_L3.csv,,,32868,,,,23576,510,horizontal_to_vertical,60.000001669652114,35.98339890412515,27388,,0.9783678316932474,23066,23576,0.00425476742104447,0.4491786657516149,3.539625306172767,0.0437084555266217,0.14876423339087183,0.09256607222784449,0.43351995804237076,0.48837681712314474,0.4832569213400635,0.38741497110178097,-0.13895668811915296,-0.16056954259505743,-0.3522959363408953,2352792.324730285,5599.625503,0.14555714619903215,0.0,5480.0,0.14995485082888765,1.3269272166949336e-06,5678.0,0.23599732701624565,0.001184030163820587,9024.0,0.24943439346621898,0.013331730480905338,0.0
meshmamba,rgb_texture,football_v2_L3,cone,cone_sigma1_radius5,,,1.0,5.0,ok,,,126.260,/home/29d_kon@lab.graphicon.ru/ssd1_link/projects/REPROJECTING/outputs/KLD_diagnostic_20260602_064256/MeshMamba_rgb_texture/cone/cone_sigma1_radius5/football_v2_L3/sweep_cone_sigma1_radius5_recenter_rotx90p0_horizontaltovertical_blender_rig/football_v2_L3_report.json,/home/29d_kon@lab.graphicon.ru/ssd1_link/projects/REPROJECTING/outputs/KLD_diagnostic_20260602_064256/_logs/MeshMamba_rgb_texture/cone/cone_sigma1_radius5/football_v2_L3.log,football_v2_L3.csv,,,32868,,,,23576,510,horizontal_to_vertical,60.000001669652114,35.98339890412515,29946,,0.9783678316932474,23066,23576,0.004435540417986838,0.44975017445453735,3.195002592751882,0.043693618388556704,0.14877579605987507,0.09146980174071982,0.4347205705494717,0.4848245776703192,0.4782456862990787,0.38758479303442367,-0.13859975957103202,-0.1597881006391885,-0.3527248702553219,2379252.514418117,5599.625503,0.08711627192544416,0.0,2922.0,0.1418268817395948,3.8925339907576035e-06,5369.0,0.2351472476676446,0.0012105690865921231,8993.0,0.24943439346621898,0.013331730480905338,0.0
meshmamba,rgb_texture,football_v2_L3,cone,cone_sigma1_radius7,,,1.0,7.0,ok,,,129.455,/home/29d_kon@lab.graphicon.ru/ssd1_link/projects/REPROJECTING/outputs/KLD_diagnostic_20260602_064256/MeshMamba_rgb_texture/cone/cone_sigma1_radius7/football_v2_L3/sweep_cone_sigma1_radius7_recenter_rotx90p0_horizontaltovertical_blender_rig/football_v2_L3_report.json,/home/29d_kon@lab.graphicon.ru/ssd1_link/projects/REPROJECTING/outputs/KLD_diagnostic_20260602_064256/_logs/MeshMamba_rgb_texture/cone/cone_sigma1_radius7/football_v2_L3.log,football_v2_L3.csv,,,32868,,,,23576,510,horizontal_to_vertical,60.000001669652114,35.98339890412515,31649,,0.9783678316932474,23066,23576,0.004435686816414592,0.44975058798262946,3.1801711330442,0.04369359479862679,0.1487757632691547,0.09145576419162199,0.4347212412194004,0.48550135583436727,0.4801504145853243,0.37551029482413945,-0.13859957395276196,-0.15978771126853872,-0.35272472295206686,2379261.448352697,5599.625503,0.030890074150017672,0.0,1219.0,0.1418268817395948,3.901152794411281e-06,5369.0,0.2351472476676446,0.0012106284092889422,8993.0,0.2486322722908141,0.01333119026620734,6.984495515462132e-12
meshmamba,rgb_texture,football_v2_L3,cone,cone_sigma2_radius3,,,2.0,3.0,ok,,,123.737,/home/29d_kon@lab.graphicon.ru/ssd1_link/projects/REPROJECTING/outputs/KLD_diagnostic_20260602_064256/MeshMamba_rgb_texture/cone/cone_sigma2_radius3/football_v2_L3/sweep_cone_sigma2_radius3_recenter_rotx90p0_horizontaltovertical_blender_rig/football_v2_L3_report.json,/home/29d_kon@lab.graphicon.ru/ssd1_link/projects/REPROJECTING/outputs/KLD_diagnostic_20260602_064256/_logs/MeshMamba_rgb_texture/cone/cone_sigma2_radius3/football_v2_L3.log,football_v2_L3.csv,,,32868,,,,23576,510,horizontal_to_vertical,60.000001669652114,35.98339890412515,30881,,0.9783678316932474,23066,23576,0.015809525207064537,0.4732306070324296,2.3493346895616636,0.048523071782497894,0.16028030272329447,0.09334546688846918,0.48977886640861323,0.4881991454998181,0.4907150486430988,0.3871771923726599,-0.11317078182279339,-0.10919382867269131,-0.3626327443912537,9426056.707140954,5599.625503,0.05750570369884252,0.0,1987.0,0.07967568434013543,2.769220808745326e-06,2590.0,0.18993936334317033,0.0016014625298709523,7629.0,0.22046088184120816,0.011907252183968058,1.2012557943958211e-09
meshmamba,rgb_texture,football_v2_L3,cone,cone_sigma2_radius5,,,2.0,5.0,ok,,,135.633,/home/29d_kon@lab.graphicon.ru/ssd1_link/projects/REPROJECTING/outputs/KLD_diagnostic_20260602_064256/MeshMamba_rgb_texture/cone/cone_sigma2_radius5/football_v2_L3/sweep_cone_sigma2_radius5_recenter_rotx90p0_horizontaltovertical_blender_rig/football_v2_L3_report.json,/home/29d_kon@lab.graphicon.ru/ssd1_link/projects/REPROJECTING/outputs/KLD_diagnostic_20260602_064256/_logs/MeshMamba_rgb_texture/cone/cone_sigma2_radius5/football_v2_L3.log,football_v2_L3.csv,,,32868,,,,23576,510,horizontal_to_vertical,60.000001669652114,35.98339890412515,32868,,0.9783678316932474,23066,23576,0.016442763666271985,0.47441808451394063,1.9328363065729768,0.04855259145538327,0.16042371356970306,0.09414249516919043,0.4916279356222395,0.48878259605274754,0.4917558659412904,0.38981639147822705,-0.11207900415566971,-0.1075499673419825,-0.3606908136753844,9533658.753735103,5599.625503,0.0,0.0,0.0,0.07057286184375747,4.861528365822197e-06,2233.0,0.1856734582416234,0.0016088709345638695,7503.0,0.13828800295500598,0.013076215714920817,3.9446669486109865e-07
meshmamba,rgb_texture,football_v2_L3,cone,cone_sigma2_radius7,,,2.0,7.0,ok,,,149.154,/home/29d_kon@lab.graphicon.ru/ssd1_link/projects/REPROJECTING/outputs/KLD_diagnostic_20260602_064256/MeshMamba_rgb_texture/cone/cone_sigma2_radius7/football_v2_L3/sweep_cone_sigma2_radius7_recenter_rotx90p0_horizontaltovertical_blender_rig/football_v2_L3_report.json,/home/29d_kon@lab.graphicon.ru/ssd1_link/projects/REPROJECTING/outputs/KLD_diagnostic_20260602_064256/_logs/MeshMamba_rgb_texture/cone/cone_sigma2_radius7/football_v2_L3.log,football_v2_L3.csv,,,32868,,,,23576,510,horizontal_to_vertical,60.000001669652114,35.98339890412515,32868,,0.9783678316932474,23066,23576,0.01644291792841876,0.47441886134116407,1.931389521570924,0.04855257795181588,0.16042370592308117,0.09413797844251913,0.4916287973458951,0.48878036429434624,0.49175299250436216,0.389811300556704,-0.11207866007475109,-0.10754955780992545,-0.3606911025377942,9533696.097657515,5599.625503,0.0,0.0,0.0,0.07057286184375747,4.877257041444326e-06,2233.0,0.1856734582416234,0.0016090828637302882,7503.0,0.13826417436811728,0.01307621571492082,3.950053214005249e-07
meshmamba,rgb_texture,football_v2_L3,cone,cone_sigma3_radius3,,,3.0,3.0,ok,,,132.518,/home/29d_kon@lab.graphicon.ru/ssd1_link/projects/REPROJECTING/outputs/KLD_diagnostic_20260602_064256/MeshMamba_rgb_texture/cone/cone_sigma3_radius3/football_v2_L3/sweep_cone_sigma3_radius3_recenter_rotx90p0_horizontaltovertical_blender_rig/football_v2_L3_report.json,/home/29d_kon@lab.graphicon.ru/ssd1_link/projects/REPROJECTING/outputs/KLD_diagnostic_20260602_064256/_logs/MeshMamba_rgb_texture/cone/cone_sigma3_radius3/football_v2_L3.log,football_v2_L3.csv,,,32868,,,,23576,510,horizontal_to_vertical,60.000001669652114,35.98339890412515,32730,,0.9783678316932474,23066,23576,0.03432087388003087,0.4986817038342581,1.4552336770102345,0.060810949601543464,0.18405026266406274,0.10369316740974242,0.5369680945265909,0.49490553835736023,0.5009767347844599,0.40646664731805116,-0.07600405220239227,-0.0491673741717382,-0.3109550441094604,21315973.23165893,5599.625503,0.0017191460383989181,0.0,138.0,0.01393051355991726,2.3564314517105627e-06,657.0,0.14306127696768584,0.0016481323040319622,6011.0,0.10513902881707549,0.013227501010615351,4.924279489953941e-06
meshmamba,rgb_texture,football_v2_L3,cone,cone_sigma3_radius5,,,3.0,5.0,ok,,,153.788,/home/29d_kon@lab.graphicon.ru/ssd1_link/projects/REPROJECTING/outputs/KLD_diagnostic_20260602_064256/MeshMamba_rgb_texture/cone/cone_sigma3_radius5/football_v2_L3/sweep_cone_sigma3_radius5_recenter_rotx90p0_horizontaltovertical_blender_rig/football_v2_L3_report.json,/home/29d_kon@lab.graphicon.ru/ssd1_link/projects/REPROJECTING/outputs/KLD_diagnostic_20260602_064256/_logs/MeshMamba_rgb_texture/cone/cone_sigma3_radius5/football_v2_L3.log,football_v2_L3.csv,,,32868,,,,23576,510,horizontal_to_vertical,60.000001669652114,35.98339890412515,32868,,0.9783678316932474,23066,23576,0.03487135715131035,0.5004966880577996,1.3796130408582448,0.06098917123278665,0.18441078212492099,0.1041888344083167,0.5390369914582246,0.4950211269871867,0.5010500220368261,0.4060028596967249,-0.07471194961426345,-0.047665419678114454,-0.3111419928881708,21566067.272158727,5599.625503,0.0,0.0,0.0,0.002887478634301091,1.6754394102581186e-06,198.0,0.13803858982817407,0.0016843148387207009,5760.0,0.10137042463583956,0.013227501010615351,6.458210375166317e-06
meshmamba,rgb_texture,football_v2_L3,cone,cone_sigma3_radius7,,,3.0,7.0,ok,,,187.371,/home/29d_kon@lab.graphicon.ru/ssd1_link/projects/REPROJECTING/outputs/KLD_diagnostic_20260602_064256/MeshMamba_rgb_texture/cone/cone_sigma3_radius7/football_v2_L3/sweep_cone_sigma3_radius7_recenter_rotx90p0_horizontaltovertical_blender_rig/football_v2_L3_report.json,/home/29d_kon@lab.graphicon.ru/ssd1_link/projects/REPROJECTING/outputs/KLD_diagnostic_20260602_064256/_logs/MeshMamba_rgb_texture/cone/cone_sigma3_radius7/football_v2_L3.log,football_v2_L3.csv,,,32868,,,,23576,510,horizontal_to_vertical,60.000001669652114,35.98339890412515,32868,,0.9783678316932474,23066,23576,0.03487135607041697,0.5004977989336603,1.3794126690553683,0.06098915952903028,0.18441074099221436,0.10419061506414018,0.5390379572357694,0.49502292679234916,0.5010524084505461,0.40600696979850504,-0.0747120555035527,-0.047665440852998946,-0.31114179224164906,21566153.027045026,5599.625503,0.0,0.0,0.0,0.0028619944300585847,1.673897906560983e-06,197.0,0.13803858982817407,0.0016848911768281706,5760.0,0.10134703446356501,0.013227501010615351,6.4692014149172e-06
meshmamba,rgb_texture,football_v2_L3,cone,cone_sigma5_radius3,,,5.0,3.0,ok,,,153.017,/home/29d_kon@lab.graphicon.ru/ssd1_link/projects/REPROJECTING/outputs/KLD_diagnostic_20260602_064256/MeshMamba_rgb_texture/cone/cone_sigma5_radius3/football_v2_L3/sweep_cone_sigma5_radius3_recenter_rotx90p0_horizontaltovertical_blender_rig/football_v2_L3_report.json,/home/29d_kon@lab.graphicon.ru/ssd1_link/projects/REPROJECTING/outputs/KLD_diagnostic_20260602_064256/_logs/MeshMamba_rgb_texture/cone/cone_sigma5_radius3/football_v2_L3.log,football_v2_L3.csv,,,32868,,,,23576,510,horizontal_to_vertical,60.000001669652114,35.98339890412515,32868,,0.9783678316932474,23066,23576,0.06352800342688089,0.5538069184864755,0.8601061036618097,0.10264174993145926,0.24273289099888282,0.12125827797529781,0.607963431723877,0.5048739032334446,0.5145486592290041,0.4223025425369846,-0.009810474047741406,0.038889011316536104,-0.24274922823591777,60263168.61691456,5599.625503,0.0,0.0,0.0,0.0,0.0,0.0,0.0621307976423794,0.0011885066784575672,2075.0,0.0668876950161761,0.01321049165883835,8.61522527345214e-05
meshmamba,rgb_texture,football_v2_L3,cone,cone_sigma5_radius5,,,5.0,5.0,ok,,,203.061,/home/29d_kon@lab.graphicon.ru/ssd1_link/projects/REPROJECTING/outputs/KLD_diagnostic_20260602_064256/MeshMamba_rgb_texture/cone/cone_sigma5_radius5/football_v2_L3/sweep_cone_sigma5_radius5_recenter_rotx90p0_horizontaltovertical_blender_rig/football_v2_L3_report.json,/home/29d_kon@lab.graphicon.ru/ssd1_link/projects/REPROJECTING/outputs/KLD_diagnostic_20260602_064256/_logs/MeshMamba_rgb_texture/cone/cone_sigma5_radius5/football_v2_L3.log,football_v2_L3.csv,,,32868,,,,23576,510,horizontal_to_vertical,60.000001669652114,35.98339890412515,32868,,0.9783678316932474,23066,23576,0.06341542911567338,0.5565808352804513,0.8117982546708113,0.10236660826596657,0.24239991475871117,0.12141015031141784,0.6105711812377321,0.5051106341775986,0.5150609394607555,0.42352408346832054,-0.010364709379387995,0.03864687015309843,-0.2417949628501212,60986506.68680519,5599.625503,0.0,0.0,0.0,0.0,0.0,0.0,0.035999349580074946,0.0009884229469759576,1348.0,0.06144928323338698,0.013234106630934099,0.00012959112217686845
meshmamba,rgb_texture,football_v2_L3,cone,cone_sigma5_radius7,,,5.0,7.0,ok,,,207.759,/home/29d_kon@lab.graphicon.ru/ssd1_link/projects/REPROJECTING/outputs/KLD_diagnostic_20260602_064256/MeshMamba_rgb_texture/cone/cone_sigma5_radius7/football_v2_L3/sweep_cone_sigma5_radius7_recenter_rotx90p0_horizontaltovertical_blender_rig/football_v2_L3_report.json,/home/29d_kon@lab.graphicon.ru/ssd1_link/projects/REPROJECTING/outputs/KLD_diagnostic_20260602_064256/_logs/MeshMamba_rgb_texture/cone/cone_sigma5_radius7/football_v2_L3.log,football_v2_L3.csv,,,32868,,,,23576,510,horizontal_to_vertical,60.000001669652114,35.98339890412515,32868,,0.9783678316932474,23066,23576,0.06341554899468027,0.5565811199249471,0.8117950949956976,0.10236662132473588,0.24239991517335824,0.12141058832129988,0.6105714645687967,0.5051107370236079,0.5150610563463254,0.4235241768797247,-0.010364506662426002,0.0386470148327122,-0.24179483820213435,60986551.954698525,5599.625503,0.0,0.0,0.0,0.0,0.0,0.0,0.035999349580074946,0.0009884403569546066,1348.0,0.061448971641525185,0.013234106630934099,0.0001295941105007134
meshmamba,rgb_texture,football_v2_L3,screen_space,screen_sigmascreen0p025,,0.025,,,ok,,,6.406,/home/29d_kon@lab.graphicon.ru/ssd1_link/projects/REPROJECTING/outputs/KLD_diagnostic_20260602_064256/MeshMamba_rgb_texture/screen_space/screen_sigmascreen0p025/football_v2_L3/sweep_screen_sigmascreen0p025_recenter_rotx90p0_horizontaltovertical_blender_rig/football_v2_L3_report.json,/home/29d_kon@lab.graphicon.ru/ssd1_link/projects/REPROJECTING/outputs/KLD_diagnostic_20260602_064256/_logs/MeshMamba_rgb_texture/screen_space/screen_sigmascreen0p025/football_v2_L3.log,football_v2_L3.csv,,,32868,,,,23576,510,horizontal_to_vertical,60.000001669652114,35.98339890412515,29104,9868221,,,23576,0.04023430488609521,0.4913523259646898,2.5136876129282113,0.05172010559342891,0.16443396761841125,0.12103074054851616,0.512715594008912,0.5078591577794258,0.5163647005890408,0.43762677678999373,-0.05750102839462563,-0.028340191471227388,-0.2856990214580541,1.9557204395921133,5599.625503,0.10417734680425823,0.0,3764.0,0.10439944897865074,7.30465865219088e-08,3779.0,0.11211692579506419,0.00030109913867423403,4371.0,0.24943439346621898,0.013331730480905338,0.0
meshmamba,rgb_texture,football_v2_L3,screen_space,screen_sigmascreen0p05,,0.05,,,ok,,,7.686,/home/29d_kon@lab.graphicon.ru/ssd1_link/projects/REPROJECTING/outputs/KLD_diagnostic_20260602_064256/MeshMamba_rgb_texture/screen_space/screen_sigmascreen0p05/football_v2_L3/sweep_screen_sigmascreen0p05_recenter_rotx90p0_horizontaltovertical_blender_rig/football_v2_L3_report.json,/home/29d_kon@lab.graphicon.ru/ssd1_link/projects/REPROJECTING/outputs/KLD_diagnostic_20260602_064256/_logs/MeshMamba_rgb_texture/screen_space/screen_sigmascreen0p05/football_v2_L3.log,football_v2_L3.csv,,,32868,,,,23576,510,horizontal_to_vertical,60.000001669652114,35.98339890412515,29105,9868221,,,23576,0.06172308838217556,0.5341995334132157,2.3375310983110995,0.09370869379108913,0.22559764204744617,0.119391456933394,0.5799187016649697,0.5094239958066803,0.5253777955911386,0.44667922925503195,-0.016319049313693792,0.04357587947699508,-0.2252229871860388,1.8329043139019214,5599.625503,0.10415814034126489,0.0,3763.0,0.10417734680425823,9.375995181857826e-09,3764.0,0.10619696097201664,7.230296673306564e-05,3892.0,0.24943439346621898,0.013331730480905338,0.0
meshmamba,rgb_texture,football_v2_L3,screen_space,screen_sigmascreen0p075,,0.075,,,ok,,,8.530,/home/29d_kon@lab.graphicon.ru/ssd1_link/projects/REPROJECTING/outputs/KLD_diagnostic_20260602_064256/MeshMamba_rgb_texture/screen_space/screen_sigmascreen0p075/football_v2_L3/sweep_screen_sigmascreen0p075_recenter_rotx90p0_horizontaltovertical_blender_rig/football_v2_L3_report.json,/home/29d_kon@lab.graphicon.ru/ssd1_link/projects/REPROJECTING/outputs/KLD_diagnostic_20260602_064256/_logs/MeshMamba_rgb_texture/screen_space/screen_sigmascreen0p075/football_v2_L3.log,football_v2_L3.csv,,,32868,,,,23576,510,horizontal_to_vertical,60.000001669652114,35.98339890412515,29105,9868221,,,23576,0.06137278224937862,0.5629034333892251,2.255204258252289,0.10059840690134252,0.23965408875829236,0.10872224124149785,0.6105493814641804,0.50254889435552,0.5185874647706892,0.43620855814733805,-0.0138422980995588,0.04178825595272241,-0.2560262348920413,1.613394510703233,5599.625503,0.10415814034126489,0.0,3763.0,0.10415814034126489,0.0,3763.0,0.1050512772121718,2.9636089131866966e-05,3815.0,0.24943439346621898,0.01333173048090534,0.0
meshmamba,rgb_texture,football_v2_L3,screen_space,screen_sigmascreen0p1,,0.1,,,ok,,,10.163,/home/29d_kon@lab.graphicon.ru/ssd1_link/projects/REPROJECTING/outputs/KLD_diagnostic_20260602_064256/MeshMamba_rgb_texture/screen_space/screen_sigmascreen0p1/football_v2_L3/sweep_screen_sigmascreen0p1_recenter_rotx90p0_horizontaltovertical_blender_rig/football_v2_L3_report.json,/home/29d_kon@lab.graphicon.ru/ssd1_link/projects/REPROJECTING/outputs/KLD_diagnostic_20260602_064256/_logs/MeshMamba_rgb_texture/screen_space/screen_sigmascreen0p1/football_v2_L3.log,football_v2_L3.csv,,,32868,,,,23576,510,horizontal_to_vertical,60.000001669652114,35.98339890412515,29105,9868221,,,23576,0.05806547985740908,0.581674270524535,2.2053784110469152,0.10502163284106085,0.2503277891434683,0.10159723049918086,0.629345625935477,0.49885858927754045,0.5142406754926181,0.4305071463927645,-0.02020447640701215,0.02608384795553411,-0.2897069073749674,1.3759750768921517,5599.625503,0.10415814034126489,0.0,3763.0,0.10415814034126489,0.0,3763.0,0.10469741944098007,2.1039668633525625e-05,3797.0,0.24943439346621898,0.013331730480905338,0.0
meshmamba,rgb_texture,football_v2_L3,screen_space,screen_sigmascreen0p15,,0.15,,,ok,,,12.211,/home/29d_kon@lab.graphicon.ru/ssd1_link/projects/REPROJECTING/outputs/KLD_diagnostic_20260602_064256/MeshMamba_rgb_texture/screen_space/screen_sigmascreen0p15/football_v2_L3/sweep_screen_sigmascreen0p15_recenter_rotx90p0_horizontaltovertical_blender_rig/football_v2_L3_report.json,/home/29d_kon@lab.graphicon.ru/ssd1_link/projects/REPROJECTING/outputs/KLD_diagnostic_20260602_064256/_logs/MeshMamba_rgb_texture/screen_space/screen_sigmascreen0p15/football_v2_L3.log,football_v2_L3.csv,,,32868,,,,23576,510,horizontal_to_vertical,60.000001669652114,35.98339890412515,29105,9868221,,,23576,0.057133144091225524,0.601234773592504,2.154210888798902,0.11224362580700763,0.2660749686903869,0.09759432768366545,0.6505993893732407,0.49673878389962595,0.5118497616781152,0.43563669353147516,-0.02468798692429477,0.007395281281238831,-0.31648173726473916,0.995634014822501,5599.625503,0.10415814034126489,0.0,3763.0,0.10415814034126489,0.0,3763.0,0.10452564188201927,1.3732197313941583e-05,3784.0,0.249434393466219,0.013331730480905338,0.0
meshmamba,rgb_texture,football_v2_L3,screen_space,screen_sigmascreen0p2,,0.2,,,ok,,,14.546,/home/29d_kon@lab.graphicon.ru/ssd1_link/projects/REPROJECTING/outputs/KLD_diagnostic_20260602_064256/MeshMamba_rgb_texture/screen_space/screen_sigmascreen0p2/football_v2_L3/sweep_screen_sigmascreen0p2_recenter_rotx90p0_horizontaltovertical_blender_rig/football_v2_L3_report.json,/home/29d_kon@lab.graphicon.ru/ssd1_link/projects/REPROJECTING/outputs/KLD_diagnostic_20260602_064256/_logs/MeshMamba_rgb_texture/screen_space/screen_sigmascreen0p2/football_v2_L3.log,football_v2_L3.csv,,,32868,,,,23576,510,horizontal_to_vertical,60.000001669652114,35.98339890412515,29105,9868221,,,23576,0.058941172265463464,0.6095710482801462,2.133163912758506,0.11734173688233479,0.2756849666623461,0.09795539506666812,0.6605611346876166,0.49758543281719686,0.5137307037508735,0.44563045271556756,-0.022734940257745924,0.001177470201665125,-0.3209037560984951,0.7661037253255014,5599.625503,0.10415814034126489,0.0,3763.0,0.10415814034126489,0.0,3763.0,0.10448740396773637,1.0195832553248706e-05,3779.0,0.24943439346621898,0.013331730480905338,0.0
sal3d,,A380,cone,cone_sigma1_radius3,,,1.0,3.0,ok,,,618.044,/home/29d_kon@lab.graphicon.ru/ssd1_link/projects/REPROJECTING/outputs/KLD_diagnostic_20260602_064256/SAL3D/cone/cone_sigma1_radius3/A380/sweep_cone_sigma1_radius3_recenter_rotx90p0_horizontaltovertical_blender_rig/A380_report.json,/home/29d_kon@lab.graphicon.ru/ssd1_link/projects/REPROJECTING/outputs/KLD_diagnostic_20260602_064256/_logs/SAL3D/cone/cone_sigma1_radius3/A380.log,A380.txt,subset,47756,,19945,41.76,True,33869,720,horizontal_to_vertical,60.0,35.98339356333545,47756,,0.7816882695089905,26475,33869,0.4375767397014212,0.6113264380839283,0.5135364297116756,0.041408994254584636,0.17068651264191323,0.19809868225958704,0.6281569260299956,0.6671463477635594,0.8710304707160665,0.963806786528235,0.859664276409839,1.8261602043677514,3.02748159629803,5629619.153478976,53487.31624838333,0.0,0.0,0.0,0.0,0.0,0.0,0.0,0.0,0.0,0.13432390695706664,0.06980463591114525,0.010300997103638717
sal3d,,A380,cone,cone_sigma1_radius5,,,1.0,5.0,ok,,,636.471,/home/29d_kon@lab.graphicon.ru/ssd1_link/projects/REPROJECTING/outputs/KLD_diagnostic_20260602_064256/SAL3D/cone/cone_sigma1_radius5/A380/sweep_cone_sigma1_radius5_recenter_rotx90p0_horizontaltovertical_blender_rig/A380_report.json,/home/29d_kon@lab.graphicon.ru/ssd1_link/projects/REPROJECTING/outputs/KLD_diagnostic_20260602_064256/_logs/SAL3D/cone/cone_sigma1_radius5/A380.log,A380.txt,subset,47756,,19945,41.76,True,33869,720,horizontal_to_vertical,60.0,35.98339356333545,47756,,0.7816882695089905,26475,33869,0.4368006490310414,0.6116765464074441,0.5131378923530423,0.04209254369641256,0.17249082544451394,0.1962698582549432,0.6275548476557997,0.667303216257915,0.8721680707697128,0.9634475816662446,0.8596511395125576,1.8276545287061037,3.018934461937572,5697023.041211704,53487.31624838333,0.0,0.0,0.0,0.0,0.0,0.0,0.0,0.0,0.0,0.13467207911945206,0.06980463591114525,0.010247751330027874
sal3d,,A380,cone,cone_sigma1_radius7,,,1.0,7.0,ok,,,645.007,/home/29d_kon@lab.graphicon.ru/ssd1_link/projects/REPROJECTING/outputs/KLD_diagnostic_20260602_064256/SAL3D/cone/cone_sigma1_radius7/A380/sweep_cone_sigma1_radius7_recenter_rotx90p0_horizontaltovertical_blender_rig/A380_report.json,/home/29d_kon@lab.graphicon.ru/ssd1_link/projects/REPROJECTING/outputs/KLD_diagnostic_20260602_064256/_logs/SAL3D/cone/cone_sigma1_radius7/A380.log,A380.txt,subset,47756,,19945,41.76,True,33869,720,horizontal_to_vertical,60.0,35.98339356333545,47756,,0.7816882695089905,26475,33869,0.43680034839266524,0.6116766992058349,0.5131376685285507,0.042092727838814195,0.17249136092828582,0.19626908785256542,0.6275546006797735,0.6673027973834307,0.8721675948085541,0.9634473284375791,0.8596507679130927,1.8276531023575833,3.0189329124941655,5697041.811975392,53487.31624838333,0.0,0.0,0.0,0.0,0.0,0.0,0.0,0.0,0.0,0.13467224144449208,0.06980463591114525,0.010247727145143852
sal3d,,A380,cone,cone_sigma2_radius3,,,2.0,3.0,ok,,,638.868,/home/29d_kon@lab.graphicon.ru/ssd1_link/projects/REPROJECTING/outputs/KLD_diagnostic_20260602_064256/SAL3D/cone/cone_sigma2_radius3/A380/sweep_cone_sigma2_radius3_recenter_rotx90p0_horizontaltovertical_blender_rig/A380_report.json,/home/29d_kon@lab.graphicon.ru/ssd1_link/projects/REPROJECTING/outputs/KLD_diagnostic_20260602_064256/_logs/SAL3D/cone/cone_sigma2_radius3/A380.log,A380.txt,subset,47756,,19945,41.76,True,33869,720,horizontal_to_vertical,60.0,35.98339356333545,47756,,0.7816882695089905,26475,33869,0.3437190404761261,0.5940249630816112,0.566631054649603,0.12238815460638396,0.3105211538848832,0.03410426589997113,0.5844199803601301,0.6504160540627334,0.8546050246902208,0.9630065839453027,0.7006298137035168,1.6026618810312092,2.275789421067483,23007634.40640361,53487.31624838333,0.0,0.0,0.0,0.0,0.0,0.0,0.0,0.0,0.0,0.15038155978428158,0.07344458784356275,0.009521995934600623
sal3d,,A380,cone,cone_sigma2_radius5,,,2.0,5.0,ok,,,685.088,/home/29d_kon@lab.graphicon.ru/ssd1_link/projects/REPROJECTING/outputs/KLD_diagnostic_20260602_064256/SAL3D/cone/cone_sigma2_radius5/A380/sweep_cone_sigma2_radius5_recenter_rotx90p0_horizontaltovertical_blender_rig/A380_report.json,/home/29d_kon@lab.graphicon.ru/ssd1_link/projects/REPROJECTING/outputs/KLD_diagnostic_20260602_064256/_logs/SAL3D/cone/cone_sigma2_radius5/A380.log,A380.txt,subset,47756,,19945,41.76,True,33869,720,horizontal_to_vertical,60.0,35.98339356333545,47756,,0.7816882695089905,26475,33869,0.34136565115864775,0.5938838449530632,0.567293393114146,0.12349210084534464,0.31202593504963677,0.032842144939339506,0.5834611646033983,0.6501692532166069,0.8534634847358727,0.9624750569764497,0.6956553152749756,1.5927253976058697,2.2636743703613442,23187931.54892886,53487.31624838333,0.0,0.0,0.0,0.0,0.0,0.0,0.0,0.0,0.0,0.15078559010962073,0.07344458784356275,0.009469550271161134
sal3d,,A380,cone,cone_sigma2_radius7,,,2.0,7.0,ok,,,724.697,/home/29d_kon@lab.graphicon.ru/ssd1_link/projects/REPROJECTING/outputs/KLD_diagnostic_20260602_064256/SAL3D/cone/cone_sigma2_radius7/A380/sweep_cone_sigma2_radius7_recenter_rotx90p0_horizontaltovertical_blender_rig/A380_report.json,/home/29d_kon@lab.graphicon.ru/ssd1_link/projects/REPROJECTING/outputs/KLD_diagnostic_20260602_064256/_logs/SAL3D/cone/cone_sigma2_radius7/A380.log,A380.txt,subset,47756,,19945,41.76,True,33869,720,horizontal_to_vertical,60.0,35.98339356333545,47756,,0.7816882695089905,26475,33869,0.3413653257318051,0.5938838544265209,0.5672934905701577,0.12349225709482625,0.3120261924829458,0.03284167476000481,0.5834610088905161,0.6501690577418476,0.85346327319758,0.9624750569764497,0.6956543909307079,1.5927242321349548,2.2636730026895124,23187975.165089697,53487.31624838333,0.0,0.0,0.0,0.0,0.0,0.0,0.0,0.0,0.0,0.15078567977058877,0.07344458784356275,0.009469538686254015
sal3d,,A380,cone,cone_sigma3_radius3,,,3.0,3.0,ok,,,680.337,/home/29d_kon@lab.graphicon.ru/ssd1_link/projects/REPROJECTING/outputs/KLD_diagnostic_20260602_064256/SAL3D/cone/cone_sigma3_radius3/A380/sweep_cone_sigma3_radius3_recenter_rotx90p0_horizontaltovertical_blender_rig/A380_report.json,/home/29d_kon@lab.graphicon.ru/ssd1_link/projects/REPROJECTING/outputs/KLD_diagnostic_20260602_064256/_logs/SAL3D/cone/cone_sigma3_radius3/A380.log,A380.txt,subset,47756,,19945,41.76,True,33869,720,horizontal_to_vertical,60.0,35.98339356333545,47756,,0.7816882695089905,26475,33869,0.17248490839950326,0.5759622102689244,0.6414417980197362,0.2596782725958904,0.4560641958374279,-0.016928351287424016,0.5266528221335469,0.6208171961938271,0.7600333141080282,0.8590655862243607,0.37826514672680994,0.893030742464903,1.185866000129559,48652226.335795864,53487.31624838333,0.0,0.0,0.0,0.0,0.0,0.0,0.0,0.0,0.0,0.1728191939309565,0.07401939468437013,0.007185562524036725
sal3d,,A380,cone,cone_sigma3_radius5,,,3.0,5.0,ok,,,741.224,/home/29d_kon@lab.graphicon.ru/ssd1_link/projects/REPROJECTING/outputs/KLD_diagnostic_20260602_064256/SAL3D/cone/cone_sigma3_radius5/A380/sweep_cone_sigma3_radius5_recenter_rotx90p0_horizontaltovertical_blender_rig/A380_report.json,/home/29d_kon@lab.graphicon.ru/ssd1_link/projects/REPROJECTING/outputs/KLD_diagnostic_20260602_064256/_logs/SAL3D/cone/cone_sigma3_radius5/A380.log,A380.txt,subset,47756,,19945,41.76,True,33869,720,horizontal_to_vertical,60.0,35.98339356333545,47756,,0.7816882695089905,26475,33869,0.17101112735342805,0.5760727875764047,0.6417854665369556,0.2611700252338776,0.45774151413821634,-0.018008142685588514,0.5262698477459922,0.6199101933105744,0.7585971806387886,0.8573174221321853,0.37441371683174063,0.8872864468719708,1.17852451922065,48961607.00463394,53487.31624838333,0.0,0.0,0.0,0.0,0.0,0.0,0.0,0.0,0.0,0.1730896218215286,0.07401939468437015,0.007159309505280997
sal3d,,A380,cone,cone_sigma3_radius7,,,3.0,7.0,ok,,,803.559,/home/29d_kon@lab.graphicon.ru/ssd1_link/projects/REPROJECTING/outputs/KLD_diagnostic_20260602_064256/SAL3D/cone/cone_sigma3_radius7/A380/sweep_cone_sigma3_radius7_recenter_rotx90p0_horizontaltovertical_blender_rig/A380_report.json,/home/29d_kon@lab.graphicon.ru/ssd1_link/projects/REPROJECTING/outputs/KLD_diagnostic_20260602_064256/_logs/SAL3D/cone/cone_sigma3_radius7/A380.log,A380.txt,subset,47756,,19945,41.76,True,33869,720,horizontal_to_vertical,60.0,35.98339356333545,47756,,0.7816882695089905,26475,33869,0.17101110166416017,0.576072913999407,0.6417851078469106,0.2611698968396461,0.457741373715918,-0.018008239536415144,0.5262698711810107,0.6199101374606433,0.7585970748696422,0.8573171689035198,0.37441353481946216,0.8872863597062901,1.1785246555308018,48961663.8364673,53487.31624838333,0.0,0.0,0.0,0.0,0.0,0.0,0.0,0.0,0.0,0.17308965739845703,0.07401939468437015,0.007159306030043808
sal3d,,A380,cone,cone_sigma5_radius3,,,5.0,3.0,ok,,,757.378,/home/29d_kon@lab.graphicon.ru/ssd1_link/projects/REPROJECTING/outputs/KLD_diagnostic_20260602_064256/SAL3D/cone/cone_sigma5_radius3/A380/sweep_cone_sigma5_radius3_recenter_rotx90p0_horizontaltovertical_blender_rig/A380_report.json,/home/29d_kon@lab.graphicon.ru/ssd1_link/projects/REPROJECTING/outputs/KLD_diagnostic_20260602_064256/_logs/SAL3D/cone/cone_sigma5_radius3/A380.log,A380.txt,subset,47756,,19945,41.76,True,33869,720,horizontal_to_vertical,60.0,35.98339356333545,47756,,0.7816882695089905,26475,33869,-0.010670089826796555,0.5661565141734181,0.7195042092466435,0.3677330263989037,0.5502930519847601,-0.14401695079051358,0.47527258650128207,0.4915709049783233,0.5017970971234706,0.5070291212965308,-0.012375129001371629,0.10622930984182487,0.1451740571774175,112324135.74382205,53487.31624838333,0.0,0.0,0.0,0.0,0.0,0.0,0.0,0.0,0.0,0.19811065125059907,0.07423212642036126,0.005156294689546107
sal3d,,A380,cone,cone_sigma5_radius5,,,5.0,5.0,ok,,,815.547,/home/29d_kon@lab.graphicon.ru/ssd1_link/projects/REPROJECTING/outputs/KLD_diagnostic_20260602_064256/SAL3D/cone/cone_sigma5_radius5/A380/sweep_cone_sigma5_radius5_recenter_rotx90p0_horizontaltovertical_blender_rig/A380_report.json,/home/29d_kon@lab.graphicon.ru/ssd1_link/projects/REPROJECTING/outputs/KLD_diagnostic_20260602_064256/_logs/SAL3D/cone/cone_sigma5_radius5/A380.log,A380.txt,subset,47756,,19945,41.76,True,33869,720,horizontal_to_vertical,60.0,35.98339356333545,47756,,0.7816882695089905,26475,33869,-0.01096882550110758,0.566628182606663,0.7182046491820637,0.3676260426095099,0.5501611721822361,-0.14450685870937743,0.475539807271914,0.4912895609497281,0.5015153545598613,0.5068121043302102,-0.013273669246368422,0.10503197853109673,0.14404067125875467,112727188.33123614,53487.31624838333,0.0,0.0,0.0,0.0,0.0,0.0,0.0,0.0,0.0,0.19815287302386916,0.07423212642036126,0.005153308351850402
sal3d,,A380,cone,cone_sigma5_radius7,,,5.0,7.0,ok,,,800.125,/home/29d_kon@lab.graphicon.ru/ssd1_link/projects/REPROJECTING/outputs/KLD_diagnostic_20260602_064256/SAL3D/cone/cone_sigma5_radius7/A380/sweep_cone_sigma5_radius7_recenter_rotx90p0_horizontaltovertical_blender_rig/A380_report.json,/home/29d_kon@lab.graphicon.ru/ssd1_link/projects/REPROJECTING/outputs/KLD_diagnostic_20260602_064256/_logs/SAL3D/cone/cone_sigma5_radius7/A380.log,A380.txt,subset,47756,,19945,41.76,True,33869,720,horizontal_to_vertical,60.0,35.98339356333545,47756,,0.7816882695089905,26475,33869,-0.010968702213685486,0.5666282259933033,0.7182044776928078,0.3676259831855619,0.550161105334901,-0.1445068127991575,0.4755398608873016,0.4912895609497281,0.5015153545598613,0.5068121043302102,-0.013273350207058807,0.10503244235949402,0.14404125626991354,112727200.82282296,53487.31624838333,0.0,0.0,0.0,0.0,0.0,0.0,0.0,0.0,0.0,0.19815285831752888,0.07423212642036126,0.0051533093634641685
sal3d,,A380,screen_space,screen_sigmapx13p15,13.15,,,,ok,,,171.957,/home/29d_kon@lab.graphicon.ru/ssd1_link/projects/REPROJECTING/outputs/KLD_diagnostic_20260602_064256/SAL3D/screen_space/screen_sigmapx13p15/A380/sweep_screen_sigmapx13p15_recenter_rotx90p0_horizontaltovertical_blender_rig/A380_report.json,/home/29d_kon@lab.graphicon.ru/ssd1_link/projects/REPROJECTING/outputs/KLD_diagnostic_20260602_064256/_logs/SAL3D/screen_space/screen_sigmapx13p15/A380.log,A380.txt,subset,47756,,19945,41.76,True,33869,720,horizontal_to_vertical,60.0,35.98339356333545,38122,17558493,,,33869,0.1978404581126102,0.5280257434925429,2.9162879829838064,0.04572293452297282,0.16812277698128092,0.12518982098987452,0.5072232859644239,0.640973827325975,0.7040164141022849,0.7572755127880476,0.5068023663267707,0.7822033001913262,1.0905871047579074,0.0749595116554228,53487.31624838333,0.13720476634349138,0.0,3986.0,0.1372978195722051,1.6348169402924439e-09,3989.0,0.13807775055089774,9.115957428757105e-06,4008.0,0.524172051952125,0.03271371227383132,0.0003604948268161303
sal3d,,A380,screen_space,screen_sigmapx26p3,26.3,,,,ok,,,348.529,/home/29d_kon@lab.graphicon.ru/ssd1_link/projects/REPROJECTING/outputs/KLD_diagnostic_20260602_064256/SAL3D/screen_space/screen_sigmapx26p3/A380/sweep_screen_sigmapx26p3_recenter_rotx90p0_horizontaltovertical_blender_rig/A380_report.json,/home/29d_kon@lab.graphicon.ru/ssd1_link/projects/REPROJECTING/outputs/KLD_diagnostic_20260602_064256/_logs/SAL3D/screen_space/screen_sigmapx26p3/A380.log,A380.txt,subset,47756,,19945,41.76,True,33869,720,horizontal_to_vertical,60.0,35.98339356333545,38124,17558493,,,33869,0.15046692914797635,0.5190565577622808,2.940440055790947,0.07374177730410711,0.21464985283853413,0.07557036514560894,0.4839337585925774,0.6220490781270726,0.679341767929166,0.7319012408204608,0.4094409874278367,0.6196270297376535,0.8610398756645062,0.06944138525221855,53487.31624838333,0.13713041284227984,0.0,3985.0,0.13720476634349138,2.8862555812435354e-09,3986.0,0.13786792575825849,1.1150940152162559e-05,4003.0,0.5253181670031789,0.03370628566736913,0.00035896363102904267
sal3d,,A380,screen_space,screen_sigmapx39p45,39.45,,,,ok,,,521.627,/home/29d_kon@lab.graphicon.ru/ssd1_link/projects/REPROJECTING/outputs/KLD_diagnostic_20260602_064256/SAL3D/screen_space/screen_sigmapx39p45/A380/sweep_screen_sigmapx39p45_recenter_rotx90p0_horizontaltovertical_blender_rig/A380_report.json,/home/29d_kon@lab.graphicon.ru/ssd1_link/projects/REPROJECTING/outputs/KLD_diagnostic_20260602_064256/_logs/SAL3D/screen_space/screen_sigmapx39p45/A380.log,A380.txt,subset,47756,,19945,41.76,True,33869,720,horizontal_to_vertical,60.0,35.98339356333545,38124,17558493,,,33869,0.09374245541470064,0.5093276540245433,2.982171787057122,0.09694961552899967,0.24492965151981022,0.03297156233752596,0.4540063077833275,0.5952619012712841,0.63560138697197,0.6724939225120283,0.29502861871013086,0.41549212878518366,0.5491251070765438,0.0633305173582562,53487.31624838333,0.13713041284227984,0.0,3985.0,0.13713041284227984,0.0,3985.0,0.13749085058079896,5.592329629148253e-06,3995.0,0.5270048846495077,0.03530808110181237,0.0003915411226433764
sal3d,,A380,screen_space,screen_sigmapx52p6,52.6,,,,ok,,,708.461,/home/29d_kon@lab.graphicon.ru/ssd1_link/projects/REPROJECTING/outputs/KLD_diagnostic_20260602_064256/SAL3D/screen_space/screen_sigmapx52p6/A380/sweep_screen_sigmapx52p6_recenter_rotx90p0_horizontaltovertical_blender_rig/A380_report.json,/home/29d_kon@lab.graphicon.ru/ssd1_link/projects/REPROJECTING/outputs/KLD_diagnostic_20260602_064256/_logs/SAL3D/screen_space/screen_sigmapx52p6/A380.log,A380.txt,subset,47756,,19945,41.76,True,33869,720,horizontal_to_vertical,60.0,35.98339356333545,38124,17558493,,,33869,0.05015064115865869,0.5025275570840195,3.017386907953421,0.10774458582112634,0.25725803786413726,0.003724572936485284,0.43083913488863546,0.5705755475038572,0.593642369977724,0.6114022537351228,0.20165104927116342,0.25041033578807725,0.30293915449835024,0.05763123550708814,53487.31624838333,0.13713041284227984,0.0,3985.0,0.13713041284227984,0.0,3985.0,0.13756189698420884,5.776859792664467e-06,3994.0,0.5286288858714333,0.03756317781479671,0.00048052465977379806
sal3d,,A380,screen_space,screen_sigmapx6p575,6.575,,,,ok,,,91.292,/home/29d_kon@lab.graphicon.ru/ssd1_link/projects/REPROJECTING/outputs/KLD_diagnostic_20260602_064256/SAL3D/screen_space/screen_sigmapx6p575/A380/sweep_screen_sigmapx6p575_recenter_rotx90p0_horizontaltovertical_blender_rig/A380_report.json,/home/29d_kon@lab.graphicon.ru/ssd1_link/projects/REPROJECTING/outputs/KLD_diagnostic_20260602_064256/_logs/SAL3D/screen_space/screen_sigmapx6p575/A380.log,A380.txt,subset,47756,,19945,41.76,True,33869,720,horizontal_to_vertical,60.0,35.98339356333545,38105,17558493,,,33869,0.20301284454044882,0.5275616716568187,2.9400496384400086,0.03407313519582356,0.14165591525345236,0.1467650750334717,0.506211620055189,0.6414084654533269,0.7001482513239918,0.7451269941757407,0.5209914498665555,0.806245010465693,1.067334626412437,0.076604984291304,53487.31624838333,0.13731233656559147,0.0,3990.0,0.13753005407748306,1.7056307394988635e-08,3996.0,0.14147420389250115,3.910276382541933e-05,4082.0,0.5259541948688969,0.036193995703282876,0.0005171904778438019
sal3d,,A380,screen_space,screen_sigmapx78p9,78.9,,,,ok,,,1052.828,/home/29d_kon@lab.graphicon.ru/ssd1_link/projects/REPROJECTING/outputs/KLD_diagnostic_20260602_064256/SAL3D/screen_space/screen_sigmapx78p9/A380/sweep_screen_sigmapx78p9_recenter_rotx90p0_horizontaltovertical_blender_rig/A380_report.json,/home/29d_kon@lab.graphicon.ru/ssd1_link/projects/REPROJECTING/outputs/KLD_diagnostic_20260602_064256/_logs/SAL3D/screen_space/screen_sigmapx78p9/A380.log,A380.txt,subset,47756,,19945,41.76,True,33869,720,horizontal_to_vertical,60.0,35.98339356333545,38124,17558493,,,33869,-0.00012140382968823171,0.49633981293080925,3.059391985406296,0.13038804893087108,0.2836403805349324,-0.029834309346392005,0.4054928851244753,0.534980110443239,0.5343895158237518,0.5248543935173462,0.08367436729731419,0.052430293839044295,0.01743953745934304,0.04780417085556687,53487.31624838333,0.13713041284227984,0.0,3985.0,0.13713041284227984,0.0,3985.0,0.13747362640369243,4.237960131713286e-06,3991.0,0.5309617833937498,0.04155474682792707,0.0007325247973971948
sal3d,,bunny,cone,cone_sigma1_radius3,,,1.0,3.0,ok,,,204.408,/home/29d_kon@lab.graphicon.ru/ssd1_link/projects/REPROJECTING/outputs/KLD_diagnostic_20260602_064256/SAL3D/cone/cone_sigma1_radius3/bunny/sweep_cone_sigma1_radius3_recenter_rotx90p0_horizontaltovertical_blender_rig/bunny_report.json,/home/29d_kon@lab.graphicon.ru/ssd1_link/projects/REPROJECTING/outputs/KLD_diagnostic_20260602_064256/_logs/SAL3D/cone/cone_sigma1_radius3/bunny.log,bunny.txt,direct,20000,,20000,100.0,True,34676,720,horizontal_to_vertical,60.0,35.98339356333545,19158,,0.9612700426808167,33333,34676,0.7692418563587293,0.7374091463356418,0.2586477546628543,0.015996509012100004,0.08098352011721104,0.7007827816437527,0.8628500534685455,0.8273526250000002,0.9374859736842106,0.9963736111111112,1.699149619607814,3.0140722937651545,5.692085747976714,2055135.501462133,132109.76442794205,0.0004828202570300365,0.0,842.0,0.0005667509111720612,1.4745101056060126e-07,866.0,0.0024952742783807946,0.00021685585597275384,1483.0,0.03471465080328157,0.015903363583237257,0.002192682819437241
sal3d,,bunny,cone,cone_sigma1_radius5,,,1.0,5.0,ok,,,209.501,/home/29d_kon@lab.graphicon.ru/ssd1_link/projects/REPROJECTING/outputs/KLD_diagnostic_20260602_064256/SAL3D/cone/cone_sigma1_radius5/bunny/sweep_cone_sigma1_radius5_recenter_rotx90p0_horizontaltovertical_blender_rig/bunny_report.json,/home/29d_kon@lab.graphicon.ru/ssd1_link/projects/REPROJECTING/outputs/KLD_diagnostic_20260602_064256/_logs/SAL3D/cone/cone_sigma1_radius5/bunny.log,bunny.txt,direct,20000,,20000,100.0,True,34676,720,horizontal_to_vertical,60.0,35.98339356333545,19893,,0.9612700426808167,33333,34676,0.7707973170957678,0.738725659788183,0.24988189688688142,0.015828872916280528,0.08055986137026161,0.7027008383210197,0.8641887672631703,0.8285127361111111,0.9382530263157894,0.9963941919191919,1.7034255843895072,3.01734755930316,5.6876777654364155,2081339.4069095182,132109.76442794205,0.0,0.0,107.0,0.00017503519812515062,1.1050547684821803e-06,552.0,0.0022957807804213936,0.0002525386303821143,1432.0,0.03375103245183492,0.016591092476950727,0.002385556807258199
sal3d,,bunny,cone,cone_sigma1_radius7,,,1.0,7.0,ok,,,218.084,/home/29d_kon@lab.graphicon.ru/ssd1_link/projects/REPROJECTING/outputs/KLD_diagnostic_20260602_064256/SAL3D/cone/cone_sigma1_radius7/bunny/sweep_cone_sigma1_radius7_recenter_rotx90p0_horizontaltovertical_blender_rig/bunny_report.json,/home/29d_kon@lab.graphicon.ru/ssd1_link/projects/REPROJECTING/outputs/KLD_diagnostic_20260602_064256/_logs/SAL3D/cone/cone_sigma1_radius7/bunny.log,bunny.txt,direct,20000,,20000,100.0,True,34676,720,horizontal_to_vertical,60.0,35.98339356333545,20000,,0.9612700426808167,33333,34676,0.770798013870337,0.7387263299225266,0.24987119192642213,0.015828812317134254,0.08055970437625726,0.7027024381163625,0.864189390830047,0.8285135138888889,0.938253552631579,0.9963941919191919,1.7034274180088842,3.0173490835768133,5.687674103341593,2081348.362286324,132109.76442794205,0.0,0.0,0.0,0.0001641015004549915,1.1189613336252725e-06,551.0,0.0022957807804213936,0.00025262914825287784,1432.0,0.03375047779186164,0.016591092476950727,0.0023856141414141507
sal3d,,bunny,cone,cone_sigma2_radius3,,,2.0,3.0,ok,,,215.058,/home/29d_kon@lab.graphicon.ru/ssd1_link/projects/REPROJECTING/outputs/KLD_diagnostic_20260602_064256/SAL3D/cone/cone_sigma2_radius3/bunny/sweep_cone_sigma2_radius3_recenter_rotx90p0_horizontaltovertical_blender_rig/bunny_report.json,/home/29d_kon@lab.graphicon.ru/ssd1_link/projects/REPROJECTING/outputs/KLD_diagnostic_20260602_064256/_logs/SAL3D/cone/cone_sigma2_radius3/bunny.log,bunny.txt,direct,20000,,20000,100.0,True,34676,720,horizontal_to_vertical,60.0,35.98339356333545,19996,,0.9612700426808167,33333,34676,0.8209517686167037,0.7748057293979025,0.18623624300077207,0.00898278592626002,0.06561104745879295,0.7547113341685526,0.9040818039356292,0.8636172916666666,0.9645459736842105,0.9974218434343435,1.8568533558346778,3.0733651069512926,5.098709423503606,8851414.38040656,132109.76442794205,0.0,0.0,4.0,0.0,3.7959116823583965e-08,14.0,9.13376701823126e-06,0.00019113346153484042,447.0,0.02471027128357605,0.015706385698585953,0.0032703628141301797
sal3d,,bunny,cone,cone_sigma2_radius5,,,2.0,5.0,ok,,,229.123,/home/29d_kon@lab.graphicon.ru/ssd1_link/projects/REPROJECTING/outputs/KLD_diagnostic_20260602_064256/SAL3D/cone/cone_sigma2_radius5/bunny/sweep_cone_sigma2_radius5_recenter_rotx90p0_horizontaltovertical_blender_rig/bunny_report.json,/home/29d_kon@lab.graphicon.ru/ssd1_link/projects/REPROJECTING/outputs/KLD_diagnostic_20260602_064256/_logs/SAL3D/cone/cone_sigma2_radius5/bunny.log,bunny.txt,direct,20000,,20000,100.0,True,34676,720,horizontal_to_vertical,60.0,35.98339356333545,20000,,0.9612700426808167,33333,34676,0.8218934246816066,0.7754128326630155,0.18532111801357373,0.008930626918811644,0.06558734449023307,0.7559396203987729,0.9047165949793557,0.8653016527777777,0.965329394736842,0.9974022727272727,1.860083961372411,3.072683560708302,5.076697166919224,8963020.601939445,132109.76442794205,0.0,0.0,0.0,0.0,0.0,0.0,1.2407833229800282e-06,0.00019215915805168243,382.0,0.024684436085391805,0.015719510641645854,0.003282315236483098
sal3d,,bunny,cone,cone_sigma2_radius7,,,2.0,7.0,ok,,,244.555,/home/29d_kon@lab.graphicon.ru/ssd1_link/projects/REPROJECTING/outputs/KLD_diagnostic_20260602_064256/SAL3D/cone/cone_sigma2_radius7/bunny/sweep_cone_sigma2_radius7_recenter_rotx90p0_horizontaltovertical_blender_rig/bunny_report.json,/home/29d_kon@lab.graphicon.ru/ssd1_link/projects/REPROJECTING/outputs/KLD_diagnostic_20260602_064256/_logs/SAL3D/cone/cone_sigma2_radius7/bunny.log,bunny.txt,direct,20000,,20000,100.0,True,34676,720,horizontal_to_vertical,60.0,35.98339356333545,20000,,0.9612700426808167,33333,34676,0.8218933718463619,0.775412930556694,0.1853210278058044,0.00893062916347642,0.06558732660163401,0.755939796994569,0.9047166393874925,0.8653017083333333,0.965329447368421,0.9974022727272727,1.8600832448279643,3.07268103991097,5.0766927210775865,8963059.436651148,132109.76442794205,0.0,0.0,0.0,0.0,0.0,0.0,1.2407833229800282e-06,0.00019221613784270496,382.0,0.024684398238605743,0.015719510641645854,0.0032823231714507054
sal3d,,bunny,cone,cone_sigma3_radius3,,,3.0,3.0,ok,,,225.481,/home/29d_kon@lab.graphicon.ru/ssd1_link/projects/REPROJECTING/outputs/KLD_diagnostic_20260602_064256/SAL3D/cone/cone_sigma3_radius3/bunny/sweep_cone_sigma3_radius3_recenter_rotx90p0_horizontaltovertical_blender_rig/bunny_report.json,/home/29d_kon@lab.graphicon.ru/ssd1_link/projects/REPROJECTING/outputs/KLD_diagnostic_20260602_064256/_logs/SAL3D/cone/cone_sigma3_radius3/bunny.log,bunny.txt,direct,20000,,20000,100.0,True,34676,720,horizontal_to_vertical,60.0,35.98339356333545,20000,,0.9612700426808167,33333,34676,0.8162788494025053,0.7684212253624093,0.18661132296358912,0.012135119848608471,0.07934216129281169,0.7669411973524137,0.902652365921703,0.8882678333333333,0.9726888157894736,0.9969872474747474,1.8774931255128138,2.9071478121931342,4.159161410440134,20741942.884043284,132109.76442794205,0.0,0.0,0.0,0.0,0.0,0.0,0.0,0.0,0.0,0.02446583510653688,0.015773994107461504,0.0033610939772188452
sal3d,,bunny,cone,cone_sigma3_radius5,,,3.0,5.0,ok,,,256.885,/home/29d_kon@lab.graphicon.ru/ssd1_link/projects/REPROJECTING/outputs/KLD_diagnostic_20260602_064256/SAL3D/cone/cone_sigma3_radius5/bunny/sweep_cone_sigma3_radius5_recenter_rotx90p0_horizontaltovertical_blender_rig/bunny_report.json,/home/29d_kon@lab.graphicon.ru/ssd1_link/projects/REPROJECTING/outputs/KLD_diagnostic_20260602_064256/_logs/SAL3D/cone/cone_sigma3_radius5/bunny.log,bunny.txt,direct,20000,,20000,100.0,True,34676,720,horizontal_to_vertical,60.0,35.98339356333545,20000,,0.9612700426808167,33333,34676,0.8155395804332025,0.7678259817062069,0.18705376912345303,0.012249738993679336,0.07953988920651901,0.7669425011132254,0.9022072110088438,0.8884237222222222,0.9726494736842106,0.9969758838383839,1.874179148088356,2.897430714053882,4.142832679234277,21000943.277872793,132109.76442794205,0.0,0.0,0.0,0.0,0.0,0.0,0.0,0.0,0.0,0.024384280530111,0.015773994107461504,0.003379095958545055
sal3d,,bunny,cone,cone_sigma3_radius7,,,3.0,7.0,ok,,,285.837,/home/29d_kon@lab.graphicon.ru/ssd1_link/projects/REPROJECTING/outputs/KLD_diagnostic_20260602_064256/SAL3D/cone/cone_sigma3_radius7/bunny/sweep_cone_sigma3_radius7_recenter_rotx90p0_horizontaltovertical_blender_rig/bunny_report.json,/home/29d_kon@lab.graphicon.ru/ssd1_link/projects/REPROJECTING/outputs/KLD_diagnostic_20260602_064256/_logs/SAL3D/cone/cone_sigma3_radius7/bunny.log,bunny.txt,direct,20000,,20000,100.0,True,34676,720,horizontal_to_vertical,60.0,35.98339356333545,20000,,0.9612700426808167,33333,34676,0.8155397333472756,0.7678257701616893,0.18705385280401682,0.012249741256657686,0.07953994538552495,0.7669425884702241,0.9022072387245371,0.8884240833333334,0.9726495789473685,0.9969758838383839,1.8741795460897968,2.8974306883985146,4.142833197635408,21001024.036252514,132109.76442794205,0.0,0.0,0.0,0.0,0.0,0.0,0.0,0.0,0.0,0.02438418488961085,0.015773994107461504,0.003379115897582305
sal3d,,bunny,cone,cone_sigma5_radius3,,,5.0,3.0,ok,,,253.835,/home/29d_kon@lab.graphicon.ru/ssd1_link/projects/REPROJECTING/outputs/KLD_diagnostic_20260602_064256/SAL3D/cone/cone_sigma5_radius3/bunny/sweep_cone_sigma5_radius3_recenter_rotx90p0_horizontaltovertical_blender_rig/bunny_report.json,/home/29d_kon@lab.graphicon.ru/ssd1_link/projects/REPROJECTING/outputs/KLD_diagnostic_20260602_064256/_logs/SAL3D/cone/cone_sigma5_radius3/bunny.log,bunny.txt,direct,20000,,20000,100.0,True,34676,720,horizontal_to_vertical,60.0,35.98339356333545,20000,,0.9612700426808167,33333,34676,0.7364225882866504,0.7310046264783736,0.22920436010333306,0.04153614245140762,0.14678962814212215,0.7408170958803396,0.8605595597589272,0.9016360694444444,0.9757302631578948,0.9908243686868686,1.6774687716492627,2.3249466174826723,2.726199663860415,60719126.33370442,132109.76442794205,0.0,0.0,0.0,0.0,0.0,0.0,0.0,0.0,0.0,0.02613569281837297,0.030759795185481345,0.013258813498606699
sal3d,,bunny,cone,cone_sigma5_radius5,,,5.0,5.0,ok,,,311.628,/home/29d_kon@lab.graphicon.ru/ssd1_link/projects/REPROJECTING/outputs/KLD_diagnostic_20260602_064256/SAL3D/cone/cone_sigma5_radius5/bunny/sweep_cone_sigma5_radius5_recenter_rotx90p0_horizontaltovertical_blender_rig/bunny_report.json,/home/29d_kon@lab.graphicon.ru/ssd1_link/projects/REPROJECTING/outputs/KLD_diagnostic_20260602_064256/_logs/SAL3D/cone/cone_sigma5_radius5/bunny.log,bunny.txt,direct,20000,,20000,100.0,True,34676,720,horizontal_to_vertical,60.0,35.98339356333545,20000,,0.9612700426808167,33333,34676,0.7368188254639969,0.7304518822439338,0.2300752386048293,0.04161409585920409,0.14726169013509213,0.7405811329286323,0.8602760084677086,0.9023158472222224,0.9758846315789474,0.9908570707070707,1.6786934562162792,2.325032568222359,2.7272410310174173,61346805.041300796,132109.76442794205,0.0,0.0,0.0,0.0,0.0,0.0,0.0,0.0,0.0,0.026351623127237222,0.031243099243127598,0.013503139052346933
sal3d,,bunny,cone,cone_sigma5_radius7,,,5.0,7.0,ok,,,314.267,/home/29d_kon@lab.graphicon.ru/ssd1_link/projects/REPROJECTING/outputs/KLD_diagnostic_20260602_064256/SAL3D/cone/cone_sigma5_radius7/bunny/sweep_cone_sigma5_radius7_recenter_rotx90p0_horizontaltovertical_blender_rig/bunny_report.json,/home/29d_kon@lab.graphicon.ru/ssd1_link/projects/REPROJECTING/outputs/KLD_diagnostic_20260602_064256/_logs/SAL3D/cone/cone_sigma5_radius7/bunny.log,bunny.txt,direct,20000,,20000,100.0,True,34676,720,horizontal_to_vertical,60.0,35.98339356333545,20000,,0.9612700426808167,33333,34676,0.7368189174695555,0.7304518269639053,0.23007535436113055,0.041614070588209526,0.14726165038935682,0.7405812872796055,0.8602759940261272,0.9023158750000001,0.9758846842105264,0.9908570707070707,1.678693798906461,2.325033427064727,2.7272422519499484,61346858.710402936,132109.76442794205,0.0,0.0,0.0,0.0,0.0,0.0,0.0,0.0,0.0,0.026351641008766073,0.031243099243127598,0.013503131289278282
sal3d,,bunny,screen_space,screen_sigmapx13p15,13.15,,,,ok,,,176.296,/home/29d_kon@lab.graphicon.ru/ssd1_link/projects/REPROJECTING/outputs/KLD_diagnostic_20260602_064256/SAL3D/screen_space/screen_sigmapx13p15/bunny/sweep_screen_sigmapx13p15_recenter_rotx90p0_horizontaltovertical_blender_rig/bunny_report.json,/home/29d_kon@lab.graphicon.ru/ssd1_link/projects/REPROJECTING/outputs/KLD_diagnostic_20260602_064256/_logs/SAL3D/screen_space/screen_sigmapx13p15/bunny.log,bunny.txt,direct,20000,,20000,100.0,True,34676,720,horizontal_to_vertical,60.0,35.98339356333545,17766,8095771,,,34676,0.6649567952651363,0.6931486125119535,0.49258917719522893,0.02150526083781771,0.09406015612244505,0.585194557760178,0.815385908368693,0.7968244583333333,0.8941486578947369,0.994582702020202,1.408855499580739,2.455219407266859,4.874286245919566,0.0228219355607633,132109.76442794205,0.008451871256739364,0.0,2234.0,0.00987396019448937,2.3767734885379239e-07,2327.0,0.015592320119912845,0.0001163692013742874,2667.0,0.09342575991846602,0.012646565850091607,0.0007849272690314487
sal3d,,bunny,screen_space,screen_sigmapx26p3,26.3,,,,ok,,,343.849,/home/29d_kon@lab.graphicon.ru/ssd1_link/projects/REPROJECTING/outputs/KLD_diagnostic_20260602_064256/SAL3D/screen_space/screen_sigmapx26p3/bunny/sweep_screen_sigmapx26p3_recenter_rotx90p0_horizontaltovertical_blender_rig/bunny_report.json,/home/29d_kon@lab.graphicon.ru/ssd1_link/projects/REPROJECTING/outputs/KLD_diagnostic_20260602_064256/_logs/SAL3D/screen_space/screen_sigmapx26p3/bunny.log,bunny.txt,direct,20000,,20000,100.0,True,34676,720,horizontal_to_vertical,60.0,35.98339356333545,17820,8095771,,,34676,0.7063875076479482,0.7154798895714598,0.40807057303460126,0.01556601889317685,0.08322562785048272,0.6093464759306784,0.843916384565011,0.8236225694444445,0.927713552631579,0.9956529040404041,1.5361640965850125,2.6137686789105836,4.811684821681526,0.02269336072112019,132109.76442794205,0.007931583782134226,0.0,2180.0,0.007955876692567743,1.6376966772185447e-08,2187.0,0.009485700468203245,5.475859185917156e-05,2320.0,0.08773853661289914,0.014038042926313752,0.001570314900689681
sal3d,,bunny,screen_space,screen_sigmapx39p45,39.45,,,,ok,,,523.816,/home/29d_kon@lab.graphicon.ru/ssd1_link/projects/REPROJECTING/outputs/KLD_diagnostic_20260602_064256/SAL3D/screen_space/screen_sigmapx39p45/bunny/sweep_screen_sigmapx39p45_recenter_rotx90p0_horizontaltovertical_blender_rig/bunny_report.json,/home/29d_kon@lab.graphicon.ru/ssd1_link/projects/REPROJECTING/outputs/KLD_diagnostic_20260602_064256/_logs/SAL3D/screen_space/screen_sigmapx39p45/bunny.log,bunny.txt,direct,20000,,20000,100.0,True,34676,720,horizontal_to_vertical,60.0,35.98339356333545,17821,8095771,,,34676,0.7184295019938862,0.7247377008785606,0.38147646143778974,0.013414835348294293,0.08041484650196637,0.6247479572473741,0.852885969655126,0.8461567500000001,0.94924,0.9952061868686868,1.601052047351403,2.6296211019467473,4.476252922409923,0.022281745149957205,132109.76442794205,0.00792725871161092,0.0,2179.0,0.00792725871161092,0.0,2179.0,0.008223728513686432,2.9736519128029495e-05,2234.0,0.08399023757643603,0.013579722770457364,0.0019217912605974112
sal3d,,bunny,screen_space,screen_sigmapx52p6,52.6,,,,ok,,,695.325,/home/29d_kon@lab.graphicon.ru/ssd1_link/projects/REPROJECTING/outputs/KLD_diagnostic_20260602_064256/SAL3D/screen_space/screen_sigmapx52p6/bunny/sweep_screen_sigmapx52p6_recenter_rotx90p0_horizontaltovertical_blender_rig/bunny_report.json,/home/29d_kon@lab.graphicon.ru/ssd1_link/projects/REPROJECTING/outputs/KLD_diagnostic_20260602_064256/_logs/SAL3D/screen_space/screen_sigmapx52p6/bunny.log,bunny.txt,direct,20000,,20000,100.0,True,34676,720,horizontal_to_vertical,60.0,35.98339356333545,17822,8095771,,,34676,0.7079495051939615,0.7237745766415662,0.3746548944645646,0.014807145549206228,0.08452723442650895,0.6331651246767624,0.849057474732774,0.8619222777777777,0.9586727631578948,0.9938736111111112,1.6028611910781314,2.5380382088639277,4.025873989850143,0.02168834903554197,132109.76442794205,0.007927142642423512,0.0,2178.0,0.00792725871161092,8.303907003426714e-10,2179.0,0.007998633401464285,1.5028801994195464e-05,2203.0,0.0820475058691626,0.012642325965098122,0.001779153354149801
sal3d,,bunny,screen_space,screen_sigmapx6p575,6.575,,,,ok,,,88.422,/home/29d_kon@lab.graphicon.ru/ssd1_link/projects/REPROJECTING/outputs/KLD_diagnostic_20260602_064256/SAL3D/screen_space/screen_sigmapx6p575/bunny/sweep_screen_sigmapx6p575_recenter_rotx90p0_horizontaltovertical_blender_rig/bunny_report.json,/home/29d_kon@lab.graphicon.ru/ssd1_link/projects/REPROJECTING/outputs/KLD_diagnostic_20260602_064256/_logs/SAL3D/screen_space/screen_sigmapx6p575/bunny.log,bunny.txt,direct,20000,,20000,100.0,True,34676,720,horizontal_to_vertical,60.0,35.98339356333545,17469,8095771,,,34676,0.6211065028715274,0.6640849659364824,0.6643319192976309,0.025126009974964097,0.10167905947815958,0.5592341973549333,0.7833430398649472,0.7795880694444444,0.8707966578947369,0.9910474747474747,1.3040119955736398,2.286267919991576,4.68133264839595,0.022742846863071528,132109.76442794205,0.01328674009988827,0.0,2531.0,0.01639679832536882,4.586395247444303e-07,2708.0,0.024115081849434387,0.000128915451049352,3119.0,0.10829111572616934,0.008052663084751579,5.0666319152550774e-05
sal3d,,bunny,screen_space,screen_sigmapx78p9,78.9,,,,ok,,,1054.359,/home/29d_kon@lab.graphicon.ru/ssd1_link/projects/REPROJECTING/outputs/KLD_diagnostic_20260602_064256/SAL3D/screen_space/screen_sigmapx78p9/bunny/sweep_screen_sigmapx78p9_recenter_rotx90p0_horizontaltovertical_blender_rig/bunny_report.json,/home/29d_kon@lab.graphicon.ru/ssd1_link/projects/REPROJECTING/outputs/KLD_diagnostic_20260602_064256/_logs/SAL3D/screen_space/screen_sigmapx78p9/bunny.log,bunny.txt,direct,20000,,20000,100.0,True,34676,720,horizontal_to_vertical,60.0,35.98339356333545,17822,8095771,,,34676,0.6561429866805111,0.7104770383541592,0.3829154939139884,0.02687730378928211,0.11004074555786897,0.6354071750958992,0.8258744985489489,0.8724471527777777,0.9554492894736841,0.9867304292929294,1.4927443755152767,2.220553833357946,3.1729267198131548,0.020187662724656004,132109.76442794205,0.007927142642423512,0.0,2178.0,0.007927142642423512,0.0,2178.0,0.00795097876689074,5.7325367619388086e-06,2187.0,0.08122219770778966,0.015304148016063644,0.003978160810117968
sal3d,,dog,cone,cone_sigma1_radius3,,,1.0,3.0,ok,,,440.860,/home/29d_kon@lab.graphicon.ru/ssd1_link/projects/REPROJECTING/outputs/KLD_diagnostic_20260602_064256/SAL3D/cone/cone_sigma1_radius3/dog/sweep_cone_sigma1_radius3_recenter_rotx90p0_horizontaltovertical_blender_rig/dog_report.json,/home/29d_kon@lab.graphicon.ru/ssd1_link/projects/REPROJECTING/outputs/KLD_diagnostic_20260602_064256/_logs/SAL3D/cone/cone_sigma1_radius3/dog.log,dog.txt,subset,44523,,20000,44.92,False,28792,720,horizontal_to_vertical,60.0,35.98339356333545,44523,,0.8508613503751042,24498,28792,0.13206343674813778,0.19316214094364634,2.1599726619633053,0.031760698665845764,0.10723706680846037,0.12563759363725718,0.26522246992574683,0.5978544027777778,0.6216532105263158,0.7164621212121213,0.2479377578105431,0.4501841344650453,1.0241389047692153,4384471.46988677,247.46447017825577,0.0,0.0,0.0,0.0,0.0,0.0,0.0,0.0,0.0,0.5588843004580528,0.1699557058715933,0.0085907409059356
sal3d,,dog,cone,cone_sigma1_radius5,,,1.0,5.0,ok,,,455.734,/home/29d_kon@lab.graphicon.ru/ssd1_link/projects/REPROJECTING/outputs/KLD_diagnostic_20260602_064256/SAL3D/cone/cone_sigma1_radius5/dog/sweep_cone_sigma1_radius5_recenter_rotx90p0_horizontaltovertical_blender_rig/dog_report.json,/home/29d_kon@lab.graphicon.ru/ssd1_link/projects/REPROJECTING/outputs/KLD_diagnostic_20260602_064256/_logs/SAL3D/cone/cone_sigma1_radius5/dog.log,dog.txt,subset,44523,,20000,44.92,False,28792,720,horizontal_to_vertical,60.0,35.98339356333545,44523,,0.8508613503751042,24498,28792,0.13198078151965012,0.19309697232363746,2.1586639037211137,0.0319810330878411,0.10739727408686381,0.1251320970125296,0.2655195105353475,0.5975546805555556,0.6215352368421053,0.7163342171717172,0.2475637046482753,0.44978354369114015,1.0242345274226483,4440082.1879168395,247.46447017825577,0.0,0.0,0.0,0.0,0.0,0.0,0.0,0.0,0.0,0.558674934329987,0.16995570587159328,0.008567099103902924
sal3d,,dog,cone,cone_sigma1_radius7,,,1.0,7.0,ok,,,468.913,/home/29d_kon@lab.graphicon.ru/ssd1_link/projects/REPROJECTING/outputs/KLD_diagnostic_20260602_064256/SAL3D/cone/cone_sigma1_radius7/dog/sweep_cone_sigma1_radius7_recenter_rotx90p0_horizontaltovertical_blender_rig/dog_report.json,/home/29d_kon@lab.graphicon.ru/ssd1_link/projects/REPROJECTING/outputs/KLD_diagnostic_20260602_064256/_logs/SAL3D/cone/cone_sigma1_radius7/dog.log,dog.txt,subset,44523,,20000,44.92,False,28792,720,horizontal_to_vertical,60.0,35.98339356333545,44523,,0.8508613503751042,24498,28792,0.13198082669410546,0.1930970350170341,2.158662265013133,0.031981033778180436,0.10739715790563348,0.12513243638913016,0.26551972143145197,0.597554986111111,0.6215356578947369,0.7163344696969696,0.24756394061893128,0.44978376815465904,1.0242344941208064,4440098.551329106,247.46447017825577,0.0,0.0,0.0,0.0,0.0,0.0,0.0,0.0,0.0,0.5586746858230601,0.16995570587159328,0.00856708867654222
sal3d,,dog,cone,cone_sigma2_radius3,,,2.0,3.0,ok,,,455.015,/home/29d_kon@lab.graphicon.ru/ssd1_link/projects/REPROJECTING/outputs/KLD_diagnostic_20260602_064256/SAL3D/cone/cone_sigma2_radius3/dog/sweep_cone_sigma2_radius3_recenter_rotx90p0_horizontaltovertical_blender_rig/dog_report.json,/home/29d_kon@lab.graphicon.ru/ssd1_link/projects/REPROJECTING/outputs/KLD_diagnostic_20260602_064256/_logs/SAL3D/cone/cone_sigma2_radius3/dog.log,dog.txt,subset,44523,,20000,44.92,False,28792,720,horizontal_to_vertical,60.0,35.98339356333545,44523,,0.8508613503751042,24498,28792,0.10480304854506815,0.1859452572038241,2.180718562348389,0.09072384373927603,0.2007463896295038,0.09394415991666503,0.25775667179152645,0.5778743888888889,0.6054357894736841,0.7011323232323232,0.18420026255317168,0.3560808520005985,0.8643186610830833,18957299.123238467,247.46447017825577,0.0,0.0,0.0,0.0,0.0,0.0,0.0,0.0,0.0,0.5730963273928689,0.17344119572546482,0.007845425119293344
sal3d,,dog,cone,cone_sigma2_radius5,,,2.0,5.0,ok,,,496.210,/home/29d_kon@lab.graphicon.ru/ssd1_link/projects/REPROJECTING/outputs/KLD_diagnostic_20260602_064256/SAL3D/cone/cone_sigma2_radius5/dog/sweep_cone_sigma2_radius5_recenter_rotx90p0_horizontaltovertical_blender_rig/dog_report.json,/home/29d_kon@lab.graphicon.ru/ssd1_link/projects/REPROJECTING/outputs/KLD_diagnostic_20260602_064256/_logs/SAL3D/cone/cone_sigma2_radius5/dog.log,dog.txt,subset,44523,,20000,44.92,False,28792,720,horizontal_to_vertical,60.0,35.98339356333545,44523,,0.8508613503751042,24498,28792,0.10488462745567395,0.18611621862575517,2.177431611307316,0.09106642087004138,0.20172641762222865,0.0938453198063195,0.25826831009688567,0.5778120555555556,0.605393447368421,0.701157702020202,0.18485405585950582,0.3564730085709985,0.8637629764413052,19131940.253304474,247.46447017825577,0.0,0.0,0.0,0.0,0.0,0.0,0.0,0.0,0.0,0.5730901622234486,0.17344119572546482,0.00781922070279088
sal3d,,dog,cone,cone_sigma2_radius7,,,2.0,7.0,ok,,,527.276,/home/29d_kon@lab.graphicon.ru/ssd1_link/projects/REPROJECTING/outputs/KLD_diagnostic_20260602_064256/SAL3D/cone/cone_sigma2_radius7/dog/sweep_cone_sigma2_radius7_recenter_rotx90p0_horizontaltovertical_blender_rig/dog_report.json,/home/29d_kon@lab.graphicon.ru/ssd1_link/projects/REPROJECTING/outputs/KLD_diagnostic_20260602_064256/_logs/SAL3D/cone/cone_sigma2_radius7/dog.log,dog.txt,subset,44523,,20000,44.92,False,28792,720,horizontal_to_vertical,60.0,35.98339356333545,44523,,0.8508613503751042,24498,28792,0.10488468703857215,0.18611627215346532,2.1774304977397634,0.09106646018932021,0.2017265685195732,0.09384536613861347,0.258268453348521,0.5778121111111111,0.6053933947368422,0.7011571969696969,0.18485432225650028,0.3564732563805802,0.8637631414361752,19131972.357453287,247.46447017825577,0.0,0.0,0.0,0.0,0.0,0.0,0.0,0.0,0.0,0.5730901308707828,0.17344119572546482,0.007819215609580526
sal3d,,dog,cone,cone_sigma3_radius3,,,3.0,3.0,ok,,,476.559,/home/29d_kon@lab.graphicon.ru/ssd1_link/projects/REPROJECTING/outputs/KLD_diagnostic_20260602_064256/SAL3D/cone/cone_sigma3_radius3/dog/sweep_cone_sigma3_radius3_recenter_rotx90p0_horizontaltovertical_blender_rig/dog_report.json,/home/29d_kon@lab.graphicon.ru/ssd1_link/projects/REPROJECTING/outputs/KLD_diagnostic_20260602_064256/_logs/SAL3D/cone/cone_sigma3_radius3/dog.log,dog.txt,subset,44523,,20000,44.92,False,28792,720,horizontal_to_vertical,60.0,35.98339356333545,44523,,0.8508613503751042,24498,28792,0.09982791146394397,0.18904796317392042,2.1336920170688076,0.14481255737144996,0.28040749277573224,0.0856766291559703,0.2659411501868904,0.570855625,0.5981571315789473,0.6906180555555556,0.19266569143306067,0.3444109646390306,0.7825692264349606,41282042.43513842,247.46447017825577,0.0,0.0,0.0,0.0,0.0,0.0,0.0,0.0,0.0,0.5842121718772272,0.1750174514995523,0.007259420423732917
sal3d,,dog,cone,cone_sigma3_radius5,,,3.0,5.0,ok,,,542.019,/home/29d_kon@lab.graphicon.ru/ssd1_link/projects/REPROJECTING/outputs/KLD_diagnostic_20260602_064256/SAL3D/cone/cone_sigma3_radius5/dog/sweep_cone_sigma3_radius5_recenter_rotx90p0_horizontaltovertical_blender_rig/dog_report.json,/home/29d_kon@lab.graphicon.ru/ssd1_link/projects/REPROJECTING/outputs/KLD_diagnostic_20260602_064256/_logs/SAL3D/cone/cone_sigma3_radius5/dog.log,dog.txt,subset,44523,,20000,44.92,False,28792,720,horizontal_to_vertical,60.0,35.98339356333545,44523,,0.8508613503751042,24498,28792,0.10006998372559534,0.1891895438819366,2.131300631898541,0.1450032468794638,0.2808320914125423,0.08644730950179232,0.26633927195737317,0.5713579722222222,0.5986527631578947,0.691042297979798,0.19377356674603566,0.34534418724404475,0.7830486856539054,41518740.31716677,247.46447017825577,0.0,0.0,0.0,0.0,0.0,0.0,0.0,0.0,0.0,0.584262448317714,0.1750174514995523,0.007245149411098083
sal3d,,dog,cone,cone_sigma3_radius7,,,3.0,7.0,ok,,,593.338,/home/29d_kon@lab.graphicon.ru/ssd1_link/projects/REPROJECTING/outputs/KLD_diagnostic_20260602_064256/SAL3D/cone/cone_sigma3_radius7/dog/sweep_cone_sigma3_radius7_recenter_rotx90p0_horizontaltovertical_blender_rig/dog_report.json,/home/29d_kon@lab.graphicon.ru/ssd1_link/projects/REPROJECTING/outputs/KLD_diagnostic_20260602_064256/_logs/SAL3D/cone/cone_sigma3_radius7/dog.log,dog.txt,subset,44523,,20000,44.92,False,28792,720,horizontal_to_vertical,60.0,35.98339356333545,44523,,0.8508613503751042,24498,28792,0.10006997866153956,0.18918954116230297,2.131300321205063,0.14500320783175202,0.28083199389779023,0.08644717328767901,0.2663393132798302,0.5713578611111111,0.5986526578947369,0.691042297979798,0.19377356033911997,0.34534417026419467,0.7830486454078799,41518781.16362192,247.46447017825577,0.0,0.0,0.0,0.0,0.0,0.0,0.0,0.0,0.0,0.5842624556489303,0.1750174514995523,0.007245146807210335
sal3d,,dog,cone,cone_sigma5_radius3,,,5.0,3.0,ok,,,535.112,/home/29d_kon@lab.graphicon.ru/ssd1_link/projects/REPROJECTING/outputs/KLD_diagnostic_20260602_064256/SAL3D/cone/cone_sigma5_radius3/dog/sweep_cone_sigma5_radius3_recenter_rotx90p0_horizontaltovertical_blender_rig/dog_report.json,/home/29d_kon@lab.graphicon.ru/ssd1_link/projects/REPROJECTING/outputs/KLD_diagnostic_20260602_064256/_logs/SAL3D/cone/cone_sigma5_radius3/dog.log,dog.txt,subset,44523,,20000,44.92,False,28792,720,horizontal_to_vertical,60.0,35.98339356333545,44523,,0.8508613503751042,24498,28792,0.10377180028367533,0.19452096278143113,2.0774216677444395,0.23663772172124922,0.4046880634518547,0.10894111857282669,0.27839107699179366,0.584647,0.6096729999999999,0.6884539141414142,0.25282154471460183,0.3676826117952251,0.6904679132912509,96089926.24095064,247.46447017825577,0.0,0.0,0.0,0.0,0.0,0.0,0.0,0.0,0.0,0.6054224262883888,0.1771446293106572,0.006493077346658982
sal3d,,dog,cone,cone_sigma5_radius5,,,5.0,5.0,ok,,,592.536,/home/29d_kon@lab.graphicon.ru/ssd1_link/projects/REPROJECTING/outputs/KLD_diagnostic_20260602_064256/SAL3D/cone/cone_sigma5_radius5/dog/sweep_cone_sigma5_radius5_recenter_rotx90p0_horizontaltovertical_blender_rig/dog_report.json,/home/29d_kon@lab.graphicon.ru/ssd1_link/projects/REPROJECTING/outputs/KLD_diagnostic_20260602_064256/_logs/SAL3D/cone/cone_sigma5_radius5/dog.log,dog.txt,subset,44523,,20000,44.92,False,28792,720,horizontal_to_vertical,60.0,35.98339356333545,44523,,0.8508613503751042,24498,28792,0.10371298585105722,0.19447255916314396,2.077269011388777,0.23630092075161346,0.40417142445415527,0.10894136771158515,0.27840653145915595,0.5846235277777778,0.6096214736842105,0.6883444444444445,0.2526653868467053,0.3674536302200347,0.6901029636430113,96402754.69435427,247.46447017825577,0.0,0.0,0.0,0.0,0.0,0.0,0.0,0.0,0.0,0.6055373393590384,0.1771446293106572,0.006486560097496069
sal3d,,dog,cone,cone_sigma5_radius7,,,5.0,7.0,ok,,,621.226,/home/29d_kon@lab.graphicon.ru/ssd1_link/projects/REPROJECTING/outputs/KLD_diagnostic_20260602_064256/SAL3D/cone/cone_sigma5_radius7/dog/sweep_cone_sigma5_radius7_recenter_rotx90p0_horizontaltovertical_blender_rig/dog_report.json,/home/29d_kon@lab.graphicon.ru/ssd1_link/projects/REPROJECTING/outputs/KLD_diagnostic_20260602_064256/_logs/SAL3D/cone/cone_sigma5_radius7/dog.log,dog.txt,subset,44523,,20000,44.92,False,28792,720,horizontal_to_vertical,60.0,35.98339356333545,44523,,0.8508613503751042,24498,28792,0.10371296635399752,0.19447253745027843,2.0772690140031185,0.2363008160123794,0.40417129017997594,0.10894139899119179,0.27840653227574413,0.584623611111111,0.6096215263157895,0.6883444444444445,0.2526652682008659,0.36745354475506237,0.6901029854872576,96402787.99159496,247.46447017825577,0.0,0.0,0.0,0.0,0.0,0.0,0.0,0.0,0.0,0.6055373568261769,0.1771446293106572,0.006486558987844404
sal3d,,dog,screen_space,screen_sigmapx13p15,13.15,,,,ok,,,167.858,/home/29d_kon@lab.graphicon.ru/ssd1_link/projects/REPROJECTING/outputs/KLD_diagnostic_20260602_064256/SAL3D/screen_space/screen_sigmapx13p15/dog/sweep_screen_sigmapx13p15_recenter_rotx90p0_horizontaltovertical_blender_rig/dog_report.json,/home/29d_kon@lab.graphicon.ru/ssd1_link/projects/REPROJECTING/outputs/KLD_diagnostic_20260602_064256/_logs/SAL3D/screen_space/screen_sigmapx13p15/dog.log,dog.txt,subset,44523,,20000,44.92,False,28792,720,horizontal_to_vertical,60.0,35.98339356333545,42544,16792628,,,28792,0.07096745521774364,0.16565159527847767,2.4629509230943847,0.02859642048956309,0.10475192557905971,0.016546723269269554,0.21833842129780218,0.5278266388888888,0.5546483157894737,0.6501111111111112,0.07555713161543184,0.23080482120806584,0.6483470065867567,0.06180950968858557,247.46447017825577,0.004690394540937182,0.0,873.0,0.00598871829532731,1.5562140354597855e-08,877.0,0.011350134417182248,3.870564872194544e-05,965.0,0.6368396633027742,0.16542106985216118,0.006805487733701854
sal3d,,dog,screen_space,screen_sigmapx26p3,26.3,,,,ok,,,349.244,/home/29d_kon@lab.graphicon.ru/ssd1_link/projects/REPROJECTING/outputs/KLD_diagnostic_20260602_064256/SAL3D/screen_space/screen_sigmapx26p3/dog/sweep_screen_sigmapx26p3_recenter_rotx90p0_horizontaltovertical_blender_rig/dog_report.json,/home/29d_kon@lab.graphicon.ru/ssd1_link/projects/REPROJECTING/outputs/KLD_diagnostic_20260602_064256/_logs/SAL3D/screen_space/screen_sigmapx26p3/dog.log,dog.txt,subset,44523,,20000,44.92,False,28792,720,horizontal_to_vertical,60.0,35.98339356333545,42554,16792628,,,28792,0.0832143265299453,0.17272590836576185,2.3546306226358187,0.030691840029250603,0.11496143676980783,0.027919844885758407,0.23459175434673044,0.5348348055555556,0.5615955263157895,0.6635765151515152,0.10594171479456371,0.26846532265461936,0.7452662576097535,0.05747306799567073,247.46447017825577,0.004690394540937183,0.0,871.0,0.004690394540937182,2.7275718631599097e-10,872.0,0.0046944234021279695,1.7739634509954494e-05,902.0,0.6041466198675949,0.16533538563258524,0.0071519782798656825
sal3d,,dog,screen_space,screen_sigmapx39p45,39.45,,,,ok,,,519.980,/home/29d_kon@lab.graphicon.ru/ssd1_link/projects/REPROJECTING/outputs/KLD_diagnostic_20260602_064256/SAL3D/screen_space/screen_sigmapx39p45/dog/sweep_screen_sigmapx39p45_recenter_rotx90p0_horizontaltovertical_blender_rig/dog_report.json,/home/29d_kon@lab.graphicon.ru/ssd1_link/projects/REPROJECTING/outputs/KLD_diagnostic_20260602_064256/_logs/SAL3D/screen_space/screen_sigmapx39p45/dog.log,dog.txt,subset,44523,,20000,44.92,False,28792,720,horizontal_to_vertical,60.0,35.98339356333545,42557,16792628,,,28792,0.09180237373779984,0.1789679795708281,2.2824506808259404,0.03691779627863517,0.1349632185359791,0.03754689968318406,0.24873127187913607,0.5407673611111111,0.5675974736842105,0.6722752525252526,0.13433965707928497,0.2984466196759496,0.7952305955630418,0.05159258909561123,247.46447017825577,0.004690394540937183,0.0,868.0,0.004690394540937183,1.2569082554067913e-08,871.0,0.0046944234021279695,1.0234061744941019e-05,889.0,0.5929524750960935,0.1669676199477135,0.0072351671265314535
sal3d,,dog,screen_space,screen_sigmapx52p6,52.6,,,,ok,,,694.952,/home/29d_kon@lab.graphicon.ru/ssd1_link/projects/REPROJECTING/outputs/KLD_diagnostic_20260602_064256/SAL3D/screen_space/screen_sigmapx52p6/dog/sweep_screen_sigmapx52p6_recenter_rotx90p0_horizontaltovertical_blender_rig/dog_report.json,/home/29d_kon@lab.graphicon.ru/ssd1_link/projects/REPROJECTING/outputs/KLD_diagnostic_20260602_064256/_logs/SAL3D/screen_space/screen_sigmapx52p6/dog.log,dog.txt,subset,44523,,20000,44.92,False,28792,720,horizontal_to_vertical,60.0,35.98339356333545,42557,16792628,,,28792,0.0971517743691364,0.18358413827480635,2.2299562349296647,0.04520943602006222,0.15922942354991193,0.04667181133981615,0.2594476752103026,0.5467791944444444,0.573517394736842,0.678181186868687,0.15748882967932554,0.3173680015714257,0.8084374776086247,0.04584061503933835,247.46447017825577,0.004690394540937183,0.0,868.0,0.004690394540937183,0.0,868.0,0.0046944234021279695,5.963251631436491e-06,882.0,0.5895298975770177,0.16774873139316976,0.0072332847246081135
sal3d,,dog,screen_space,screen_sigmapx6p575,6.575,,,,ok,,,88.910,/home/29d_kon@lab.graphicon.ru/ssd1_link/projects/REPROJECTING/outputs/KLD_diagnostic_20260602_064256/SAL3D/screen_space/screen_sigmapx6p575/dog/sweep_screen_sigmapx6p575_recenter_rotx90p0_horizontaltovertical_blender_rig/dog_report.json,/home/29d_kon@lab.graphicon.ru/ssd1_link/projects/REPROJECTING/outputs/KLD_diagnostic_20260602_064256/_logs/SAL3D/screen_space/screen_sigmapx6p575/dog.log,dog.txt,subset,44523,,20000,44.92,False,28792,720,horizontal_to_vertical,60.0,35.98339356333545,42486,16792628,,,28792,0.06386889847946736,0.1621093781657796,2.6187015124597837,0.017439435245601653,0.07922500590686143,0.008275237312435397,0.20852329181143972,0.5209105833333333,0.5471598421052631,0.6364493686868686,0.06215501516688728,0.2138751444803764,0.581525043679935,0.06279454629868203,247.46447017825577,0.007589703680076142,0.0,907.0,0.011964784269302177,1.0455938712615063e-07,940.0,0.015387756461592393,6.33522777260009e-05,1104.0,0.7050972180927798,0.16214396033653722,0.005804765375345374
sal3d,,dog,screen_space,screen_sigmapx78p9,78.9,,,,ok,,,1061.204,/home/29d_kon@lab.graphicon.ru/ssd1_link/projects/REPROJECTING/outputs/KLD_diagnostic_20260602_064256/SAL3D/screen_space/screen_sigmapx78p9/dog/sweep_screen_sigmapx78p9_recenter_rotx90p0_horizontaltovertical_blender_rig/dog_report.json,/home/29d_kon@lab.graphicon.ru/ssd1_link/projects/REPROJECTING/outputs/KLD_diagnostic_20260602_064256/_logs/SAL3D/screen_space/screen_sigmapx78p9/dog.log,dog.txt,subset,44523,,20000,44.92,False,28792,720,horizontal_to_vertical,60.0,35.98339356333545,42557,16792628,,,28792,0.10143403093356475,0.18908363898068162,2.1734552381950785,0.06505830216149007,0.2094490564802093,0.06468269035838885,0.27126359524118543,0.5585399305555555,0.583656605263158,0.6849349747474748,0.19203744880424375,0.3321805521154706,0.7774681393400493,0.036385745212944236,247.46447017825577,0.004690394540937183,0.0,868.0,0.004690394540937183,0.0,868.0,0.004690394540937182,4.609414110272876e-06,877.0,0.5950567821433341,0.17021176497354976,0.006910702310176147
sal3d,,dragon,cone,cone_sigma1_radius3,,,1.0,3.0,ok,,,215.507,/home/29d_kon@lab.graphicon.ru/ssd1_link/projects/REPROJECTING/outputs/KLD_diagnostic_20260602_064256/SAL3D/cone/cone_sigma1_radius3/dragon/sweep_cone_sigma1_radius3_recenter_rotx90p0_horizontaltovertical_blender_rig/dragon_report.json,/home/29d_kon@lab.graphicon.ru/ssd1_link/projects/REPROJECTING/outputs/KLD_diagnostic_20260602_064256/_logs/SAL3D/cone/cone_sigma1_radius3/dragon.log,dragon.txt,direct,20000,,20000,100.0,True,31617,720,horizontal_to_vertical,60.0,35.98339356333545,19959,,0.9293101812316159,29382,31617,0.4321795539144825,0.6548697068044692,0.42931966247718156,0.023098544127398073,0.09835447215800816,0.553273306994036,0.67042783405085,0.8624747916666667,0.8952805789473685,0.8360037878787878,1.4905692984403751,1.6009300682942338,0.9092565005701198,2554348.257127193,128201.06101652826,1.8925569601125265e-05,0.0,41.0,3.1081396716053904e-05,8.943593349969834e-08,55.0,0.0012427702096944756,0.0001412092479927118,476.0,0.10623909275370423,0.05367984187860258,0.00751075422628286
sal3d,,dragon,cone,cone_sigma1_radius5,,,1.0,5.0,ok,,,233.385,/home/29d_kon@lab.graphicon.ru/ssd1_link/projects/REPROJECTING/outputs/KLD_diagnostic_20260602_064256/SAL3D/cone/cone_sigma1_radius5/dragon/sweep_cone_sigma1_radius5_recenter_rotx90p0_horizontaltovertical_blender_rig/dragon_report.json,/home/29d_kon@lab.graphicon.ru/ssd1_link/projects/REPROJECTING/outputs/KLD_diagnostic_20260602_064256/_logs/SAL3D/cone/cone_sigma1_radius5/dragon.log,dragon.txt,direct,20000,,20000,100.0,True,31617,720,horizontal_to_vertical,60.0,35.98339356333545,20000,,0.9293101812316159,29382,31617,0.43407921309322806,0.6560231127205419,0.4246493433434503,0.0232955007231938,0.09908242823633213,0.5540564196691832,0.6719513063135663,0.8630027916666667,0.8962321842105263,0.8388513888888889,1.4929217362772524,1.608228362717965,0.922781697315385,2593757.939138788,128201.06101652826,0.0,0.0,0.0,0.0,6.318564181397839e-08,7.0,0.0010546156240415394,0.00016476103222301823,443.0,0.10576895901588798,0.05373876584711782,0.007598438981109628
sal3d,,dragon,cone,cone_sigma1_radius7,,,1.0,7.0,ok,,,227.951,/home/29d_kon@lab.graphicon.ru/ssd1_link/projects/REPROJECTING/outputs/KLD_diagnostic_20260602_064256/SAL3D/cone/cone_sigma1_radius7/dragon/sweep_cone_sigma1_radius7_recenter_rotx90p0_horizontaltovertical_blender_rig/dragon_report.json,/home/29d_kon@lab.graphicon.ru/ssd1_link/projects/REPROJECTING/outputs/KLD_diagnostic_20260602_064256/_logs/SAL3D/cone/cone_sigma1_radius7/dragon.log,dragon.txt,direct,20000,,20000,100.0,True,31617,720,horizontal_to_vertical,60.0,35.98339356333545,20000,,0.9293101812316159,29382,31617,0.4340800324789008,0.6560238594679466,0.42464655287858494,0.0232955212461971,0.09908245950332138,0.554057289144564,0.671951983772894,0.8630030416666667,0.8962323421052631,0.8388523989898989,1.492922854257467,1.6082305192805937,0.922786954118187,2593772.859287607,128201.06101652826,0.0,0.0,0.0,0.0,5.421554217258829e-08,6.0,0.0010546156240415394,0.00016482649437140132,443.0,0.10576881258970917,0.05373876584711782,0.0075984588261147545
sal3d,,dragon,cone,cone_sigma2_radius3,,,2.0,3.0,ok,,,233.392,/home/29d_kon@lab.graphicon.ru/ssd1_link/projects/REPROJECTING/outputs/KLD_diagnostic_20260602_064256/SAL3D/cone/cone_sigma2_radius3/dragon/sweep_cone_sigma2_radius3_recenter_rotx90p0_horizontaltovertical_blender_rig/dragon_report.json,/home/29d_kon@lab.graphicon.ru/ssd1_link/projects/REPROJECTING/outputs/KLD_diagnostic_20260602_064256/_logs/SAL3D/cone/cone_sigma2_radius3/dragon.log,dragon.txt,direct,20000,,20000,100.0,True,31617,720,horizontal_to_vertical,60.0,35.98339356333545,20000,,0.9293101812316159,29382,31617,0.4640093988769117,0.6697946254890836,0.36655759496917195,0.04606503606885173,0.14797023156362832,0.5726958554258851,0.695611412304523,0.8637357083333335,0.9015464210526316,0.8914022727272727,1.3989759334141632,1.655217469694588,1.4021719229164393,12565173.803378962,128201.06101652826,0.0,0.0,0.0,0.0,0.0,0.0,0.0,0.0,0.0,0.09612905294300873,0.053819346675102055,0.009145478983054015
sal3d,,dragon,cone,cone_sigma2_radius5,,,2.0,5.0,ok,,,241.946,/home/29d_kon@lab.graphicon.ru/ssd1_link/projects/REPROJECTING/outputs/KLD_diagnostic_20260602_064256/SAL3D/cone/cone_sigma2_radius5/dragon/sweep_cone_sigma2_radius5_recenter_rotx90p0_horizontaltovertical_blender_rig/dragon_report.json,/home/29d_kon@lab.graphicon.ru/ssd1_link/projects/REPROJECTING/outputs/KLD_diagnostic_20260602_064256/_logs/SAL3D/cone/cone_sigma2_radius5/dragon.log,dragon.txt,direct,20000,,20000,100.0,True,31617,720,horizontal_to_vertical,60.0,35.98339356333545,20000,,0.9293101812316159,29382,31617,0.4639983053493465,0.6700185156118448,0.36568925470684255,0.04641107045059675,0.14820465375705516,0.574020582366589,0.6959337928887587,0.8638505138888889,0.9018356315789473,0.8909747474747476,1.397717889418121,1.6532068487786609,1.3991804001200407,12727865.36579431,128201.06101652826,0.0,0.0,0.0,0.0,0.0,0.0,0.0,0.0,0.0,0.09624606150618753,0.05381934667510205,0.009119732083442987
sal3d,,dragon,cone,cone_sigma2_radius7,,,2.0,7.0,ok,,,267.118,/home/29d_kon@lab.graphicon.ru/ssd1_link/projects/REPROJECTING/outputs/KLD_diagnostic_20260602_064256/SAL3D/cone/cone_sigma2_radius7/dragon/sweep_cone_sigma2_radius7_recenter_rotx90p0_horizontaltovertical_blender_rig/dragon_report.json,/home/29d_kon@lab.graphicon.ru/ssd1_link/projects/REPROJECTING/outputs/KLD_diagnostic_20260602_064256/_logs/SAL3D/cone/cone_sigma2_radius7/dragon.log,dragon.txt,direct,20000,,20000,100.0,True,31617,720,horizontal_to_vertical,60.0,35.98339356333545,20000,,0.9293101812316159,29382,31617,0.46399847878332945,0.6700188130492224,0.36568881318219126,0.04641117244192608,0.14820501836280067,0.5740209454702482,0.6959340247581732,0.8638505138888889,0.9018355789473683,0.8909747474747476,1.3977177492749202,1.6532067264856005,1.3991805382340305,12727903.856740918,128201.06101652826,0.0,0.0,0.0,0.0,0.0,0.0,0.0,0.0,0.0,0.0962461394086621,0.05381934667510205,0.009119718524702053
sal3d,,dragon,cone,cone_sigma3_radius3,,,3.0,3.0,ok,,,238.258,/home/29d_kon@lab.graphicon.ru/ssd1_link/projects/REPROJECTING/outputs/KLD_diagnostic_20260602_064256/SAL3D/cone/cone_sigma3_radius3/dragon/sweep_cone_sigma3_radius3_recenter_rotx90p0_horizontaltovertical_blender_rig/dragon_report.json,/home/29d_kon@lab.graphicon.ru/ssd1_link/projects/REPROJECTING/outputs/KLD_diagnostic_20260602_064256/_logs/SAL3D/cone/cone_sigma3_radius3/dragon.log,dragon.txt,direct,20000,,20000,100.0,True,31617,720,horizontal_to_vertical,60.0,35.98339356333545,20000,,0.9293101812316159,29382,31617,0.4555243458505906,0.6661221854350516,0.3642441483223149,0.058899228131456684,0.16207555255043393,0.5917165355810644,0.6954633264936225,0.8551319583333334,0.9017221578947369,0.8902035353535354,1.2859756484081837,1.5853395240857506,1.5039898520097434,30692782.291951608,128201.06101652826,0.0,0.0,0.0,0.0,0.0,0.0,0.0,0.0,0.0,0.09442349224821527,0.05393947757075363,0.009435572756990331
sal3d,,dragon,cone,cone_sigma3_radius5,,,3.0,5.0,ok,,,264.773,/home/29d_kon@lab.graphicon.ru/ssd1_link/projects/REPROJECTING/outputs/KLD_diagnostic_20260602_064256/SAL3D/cone/cone_sigma3_radius5/dragon/sweep_cone_sigma3_radius5_recenter_rotx90p0_horizontaltovertical_blender_rig/dragon_report.json,/home/29d_kon@lab.graphicon.ru/ssd1_link/projects/REPROJECTING/outputs/KLD_diagnostic_20260602_064256/_logs/SAL3D/cone/cone_sigma3_radius5/dragon.log,dragon.txt,direct,20000,,20000,100.0,True,31617,720,horizontal_to_vertical,60.0,35.98339356333545,20000,,0.9293101812316159,29382,31617,0.45570864039060854,0.6666073652009635,0.36403354513109365,0.05923389210037679,0.16294528386644033,0.5922887902972005,0.6957976591793902,0.8547389861111111,0.901660052631579,0.8900532828282828,1.284733616497047,1.5840376715474007,1.5025868235836055,30964971.427564256,128201.06101652826,0.0,0.0,0.0,0.0,0.0,0.0,0.0,0.0,0.0,0.0946838560858904,0.05393947757075363,0.009389776430700285
sal3d,,dragon,cone,cone_sigma3_radius7,,,3.0,7.0,ok,,,279.608,/home/29d_kon@lab.graphicon.ru/ssd1_link/projects/REPROJECTING/outputs/KLD_diagnostic_20260602_064256/SAL3D/cone/cone_sigma3_radius7/dragon/sweep_cone_sigma3_radius7_recenter_rotx90p0_horizontaltovertical_blender_rig/dragon_report.json,/home/29d_kon@lab.graphicon.ru/ssd1_link/projects/REPROJECTING/outputs/KLD_diagnostic_20260602_064256/_logs/SAL3D/cone/cone_sigma3_radius7/dragon.log,dragon.txt,direct,20000,,20000,100.0,True,31617,720,horizontal_to_vertical,60.0,35.98339356333545,20000,,0.9293101812316159,29382,31617,0.45570860772346444,0.6666074570683485,0.36403356490561023,0.059233877400364794,0.1629452978638368,0.5922889564762733,0.6957977045147326,0.8547389583333335,0.901660157894737,0.8900532828282828,1.2847334562914479,1.5840376503651856,1.502586684053407,30965026.75360947,128201.06101652826,0.0,0.0,0.0,0.0,0.0,0.0,0.0,0.0,0.0,0.09468392185872741,0.05393947757075363,0.009389764975965404
sal3d,,dragon,cone,cone_sigma5_radius3,,,5.0,3.0,ok,,,260.237,/home/29d_kon@lab.graphicon.ru/ssd1_link/projects/REPROJECTING/outputs/KLD_diagnostic_20260602_064256/SAL3D/cone/cone_sigma5_radius3/dragon/sweep_cone_sigma5_radius3_recenter_rotx90p0_horizontaltovertical_blender_rig/dragon_report.json,/home/29d_kon@lab.graphicon.ru/ssd1_link/projects/REPROJECTING/outputs/KLD_diagnostic_20260602_064256/_logs/SAL3D/cone/cone_sigma5_radius3/dragon.log,dragon.txt,direct,20000,,20000,100.0,True,31617,720,horizontal_to_vertical,60.0,35.98339356333545,20000,,0.9293101812316159,29382,31617,0.41847828686305,0.6617949348395128,0.39538526923247036,0.12268335738414887,0.27180717974687296,0.5535449758541809,0.6826815972183308,0.8123654166666667,0.8730973947368421,0.8498436868686868,1.0841701759968454,1.3555040550593835,1.2834394069513353,82728648.31365725,128201.06101652826,0.0,0.0,0.0,0.0,0.0,0.0,0.0,0.0,0.0,0.10362889087680408,0.05429489144730243,0.008068020494537436
sal3d,,dragon,cone,cone_sigma5_radius5,,,5.0,5.0,ok,,,297.011,/home/29d_kon@lab.graphicon.ru/ssd1_link/projects/REPROJECTING/outputs/KLD_diagnostic_20260602_064256/SAL3D/cone/cone_sigma5_radius5/dragon/sweep_cone_sigma5_radius5_recenter_rotx90p0_horizontaltovertical_blender_rig/dragon_report.json,/home/29d_kon@lab.graphicon.ru/ssd1_link/projects/REPROJECTING/outputs/KLD_diagnostic_20260602_064256/_logs/SAL3D/cone/cone_sigma5_radius5/dragon.log,dragon.txt,direct,20000,,20000,100.0,True,31617,720,horizontal_to_vertical,60.0,35.98339356333545,20000,,0.9293101812316159,29382,31617,0.4183047265418097,0.661825136281599,0.39586204310984774,0.12268445468000234,0.27202986379475613,0.553387692266794,0.6825695088377987,0.811967361111111,0.8730760000000001,0.8498909090909091,1.083448132682947,1.355282430409594,1.2833628387519889,83152565.90257043,128201.06101652826,0.0,0.0,0.0,0.0,0.0,0.0,0.0,0.0,0.0,0.10379011373624546,0.054294891447302436,0.008044083461496524
sal3d,,dragon,cone,cone_sigma5_radius7,,,5.0,7.0,ok,,,301.920,/home/29d_kon@lab.graphicon.ru/ssd1_link/projects/REPROJECTING/outputs/KLD_diagnostic_20260602_064256/SAL3D/cone/cone_sigma5_radius7/dragon/sweep_cone_sigma5_radius7_recenter_rotx90p0_horizontaltovertical_blender_rig/dragon_report.json,/home/29d_kon@lab.graphicon.ru/ssd1_link/projects/REPROJECTING/outputs/KLD_diagnostic_20260602_064256/_logs/SAL3D/cone/cone_sigma5_radius7/dragon.log,dragon.txt,direct,20000,,20000,100.0,True,31617,720,horizontal_to_vertical,60.0,35.98339356333545,20000,,0.9293101812316159,29382,31617,0.418304775916463,0.6618251454662345,0.39586205759278414,0.12268442324140028,0.27202981039916607,0.5533876210497627,0.6825695225247297,0.8119673888888889,0.8730760000000001,0.8498909090909091,1.0834484666970607,1.3552827509741692,1.2833630594534906,83152612.10266577,128201.06101652826,0.0,0.0,0.0,0.0,0.0,0.0,0.0,0.0,0.0,0.10379012657150191,0.054294891447302436,0.008044081551160489
sal3d,,dragon,screen_space,screen_sigmapx13p15,13.15,,,,ok,,,163.297,/home/29d_kon@lab.graphicon.ru/ssd1_link/projects/REPROJECTING/outputs/KLD_diagnostic_20260602_064256/SAL3D/screen_space/screen_sigmapx13p15/dragon/sweep_screen_sigmapx13p15_recenter_rotx90p0_horizontaltovertical_blender_rig/dragon_report.json,/home/29d_kon@lab.graphicon.ru/ssd1_link/projects/REPROJECTING/outputs/KLD_diagnostic_20260602_064256/_logs/SAL3D/screen_space/screen_sigmapx13p15/dragon.log,dragon.txt,direct,20000,,20000,100.0,True,31617,720,horizontal_to_vertical,60.0,35.98339356333545,18906,7574170,,,31617,0.24554824983017698,0.5815054375916482,1.070070207660637,0.018495321782797863,0.08127443523969263,0.2572352954196635,0.5608647748339837,0.7407849305555555,0.8006658157894738,0.7595838383838385,0.8617573775057081,1.0338339907231124,0.5642431287746313,0.04386964251203823,128201.06101652826,0.026669060314241662,0.0,1094.0,0.027014349345795767,1.0901865490054644e-07,1131.0,0.030073114429721753,6.510566406646914e-05,1310.0,0.3088344043890729,0.02202482783044126,0.0004008128345931057
sal3d,,dragon,screen_space,screen_sigmapx26p3,26.3,,,,ok,,,344.282,/home/29d_kon@lab.graphicon.ru/ssd1_link/projects/REPROJECTING/outputs/KLD_diagnostic_20260602_064256/SAL3D/screen_space/screen_sigmapx26p3/dragon/sweep_screen_sigmapx26p3_recenter_rotx90p0_horizontaltovertical_blender_rig/dragon_report.json,/home/29d_kon@lab.graphicon.ru/ssd1_link/projects/REPROJECTING/outputs/KLD_diagnostic_20260602_064256/_logs/SAL3D/screen_space/screen_sigmapx26p3/dragon.log,dragon.txt,direct,20000,,20000,100.0,True,31617,720,horizontal_to_vertical,60.0,35.98339356333545,18916,7574170,,,31617,0.2637358377503155,0.6010417182629991,1.0012024301389892,0.020337115137079545,0.0886411306970821,0.28802297559237205,0.5818228793071691,0.7474215833333333,0.8126973947368422,0.7851414141414141,0.868647345494835,1.0800128152834771,0.6631714170454999,0.042146256153228215,128201.06101652826,0.02650722894531618,0.0,1084.0,0.026520701749315145,5.836051615025474e-11,1086.0,0.027672042420115305,3.782683429100396e-05,1161.0,0.30798931405024005,0.021983335485426213,0.0004003369116409579
sal3d,,dragon,screen_space,screen_sigmapx39p45,39.45,,,,ok,,,516.905,/home/29d_kon@lab.graphicon.ru/ssd1_link/projects/REPROJECTING/outputs/KLD_diagnostic_20260602_064256/SAL3D/screen_space/screen_sigmapx39p45/dragon/sweep_screen_sigmapx39p45_recenter_rotx90p0_horizontaltovertical_blender_rig/dragon_report.json,/home/29d_kon@lab.graphicon.ru/ssd1_link/projects/REPROJECTING/outputs/KLD_diagnostic_20260602_064256/_logs/SAL3D/screen_space/screen_sigmapx39p45/dragon.log,dragon.txt,direct,20000,,20000,100.0,True,31617,720,horizontal_to_vertical,60.0,35.98339356333545,18916,7574170,,,31617,0.2734634754696448,0.6099951957939007,0.9699285369537611,0.023378368896799177,0.10050998971409932,0.3035396885491699,0.5967499850210201,0.7449880000000001,0.815978,0.7983308080808081,0.8513055915545117,1.0939449250061837,0.7423933396965513,0.03985941723056523,128201.06101652826,0.02650722894531618,0.0,1084.0,0.026520701749315145,4.5529058298020106e-09,1085.0,0.02685138947812053,1.1123529737869711e-05,1104.0,0.3068405322884806,0.021035345928455743,0.0003613144655374766
sal3d,,dragon,screen_space,screen_sigmapx52p6,52.6,,,,ok,,,693.115,/home/29d_kon@lab.graphicon.ru/ssd1_link/projects/REPROJECTING/outputs/KLD_diagnostic_20260602_064256/SAL3D/screen_space/screen_sigmapx52p6/dragon/sweep_screen_sigmapx52p6_recenter_rotx90p0_horizontaltovertical_blender_rig/dragon_report.json,/home/29d_kon@lab.graphicon.ru/ssd1_link/projects/REPROJECTING/outputs/KLD_diagnostic_20260602_064256/_logs/SAL3D/screen_space/screen_sigmapx52p6/dragon.log,dragon.txt,direct,20000,,20000,100.0,True,31617,720,horizontal_to_vertical,60.0,35.98339356333545,18916,7574170,,,31617,0.2765267827953425,0.6142415732762918,0.952834422214345,0.02685359295986277,0.11367538914045601,0.31207657316759563,0.6068680960572985,0.737988625,0.8134639210526317,0.8000032828282828,0.8160010730478175,1.0753508659696367,0.7847522936572733,0.03720718317320465,128201.06101652826,0.02650722894531618,0.0,1084.0,0.02650722894531618,0.0,1084.0,0.02669719787030775,5.415557225582798e-06,1094.0,0.30602765215938665,0.020857688489477538,0.00036267192648126417
sal3d,,dragon,screen_space,screen_sigmapx6p575,6.575,,,,ok,,,87.418,/home/29d_kon@lab.graphicon.ru/ssd1_link/projects/REPROJECTING/outputs/KLD_diagnostic_20260602_064256/SAL3D/screen_space/screen_sigmapx6p575/dragon/sweep_screen_sigmapx6p575_recenter_rotx90p0_horizontaltovertical_blender_rig/dragon_report.json,/home/29d_kon@lab.graphicon.ru/ssd1_link/projects/REPROJECTING/outputs/KLD_diagnostic_20260602_064256/_logs/SAL3D/screen_space/screen_sigmapx6p575/dragon.log,dragon.txt,direct,20000,,20000,100.0,True,31617,720,horizontal_to_vertical,60.0,35.98339356333545,18801,7574170,,,31617,0.22561249774866732,0.560690946861558,1.1815155224921488,0.017665197572947357,0.07823873555196302,0.2408202146571144,0.539080528763759,0.7273420555555555,0.7832155526315789,0.7315239898989899,0.8262232471374622,0.96718062949741,0.48097623892989255,0.04445967114537903,128201.06101652826,0.028132205995346184,0.0,1199.0,0.02970562934478836,1.7828523628161968e-07,1283.0,0.03757406247611211,0.00010600036085288017,1584.0,0.3108864309239701,0.021957979715957553,0.0003143402351862584
sal3d,,dragon,screen_space,screen_sigmapx78p9,78.9,,,,ok,,,1054.019,/home/29d_kon@lab.graphicon.ru/ssd1_link/projects/REPROJECTING/outputs/KLD_diagnostic_20260602_064256/SAL3D/screen_space/screen_sigmapx78p9/dragon/sweep_screen_sigmapx78p9_recenter_rotx90p0_horizontaltovertical_blender_rig/dragon_report.json,/home/29d_kon@lab.graphicon.ru/ssd1_link/projects/REPROJECTING/outputs/KLD_diagnostic_20260602_064256/_logs/SAL3D/screen_space/screen_sigmapx78p9/dragon.log,dragon.txt,direct,20000,,20000,100.0,True,31617,720,horizontal_to_vertical,60.0,35.98339356333545,18916,7574170,,,31617,0.2653613564413869,0.6177078077377424,0.9419536006211895,0.03869414917023682,0.15060819133016315,0.3177455747463558,0.6141906180923965,0.7167330972222222,0.7966725000000001,0.7773815656565658,0.7091429408163565,0.971011002067108,0.7385094142631882,0.03198286297142432,128201.06101652826,0.02650722894531618,0.0,1084.0,0.02650722894531618,0.0,1084.0,0.026554022230026387,1.905120082269525e-06,1089.0,0.30579088529245146,0.020789965107364163,0.00035691276638342235
sal3d,,flowerpot,cone,cone_sigma1_radius3,,,1.0,3.0,ok,,,218.390,/home/29d_kon@lab.graphicon.ru/ssd1_link/projects/REPROJECTING/outputs/KLD_diagnostic_20260602_064256/SAL3D/cone/cone_sigma1_radius3/flowerpot/sweep_cone_sigma1_radius3_recenter_rotx90p0_horizontaltovertical_blender_rig/flowerpot_report.json,/home/29d_kon@lab.graphicon.ru/ssd1_link/projects/REPROJECTING/outputs/KLD_diagnostic_20260602_064256/_logs/SAL3D/cone/cone_sigma1_radius3/flowerpot.log,flowerpot.txt,direct,20000,,20000,100.0,False,34570,720,horizontal_to_vertical,60.0,35.98339356333545,19731,,0.9462250506219265,32711,34570,0.21847470062668234,0.28172487578224287,1.651455514539267,0.07068016212998848,0.20834082523432443,0.16092470939411577,0.3732093664213399,0.6577182500000001,0.7076012105263159,0.8286077020202021,0.533279784790968,0.783215140260103,1.4929277223820252,3651549.1501595587,620.7381954043801,0.0,0.0,269.0,0.0,1.2012501951669533e-07,290.0,0.0,9.880765654231355e-05,581.0,0.39395981705415023,0.14005364617024885,0.009504871270438971
sal3d,,flowerpot,cone,cone_sigma1_radius5,,,1.0,5.0,ok,,,224.681,/home/29d_kon@lab.graphicon.ru/ssd1_link/projects/REPROJECTING/outputs/KLD_diagnostic_20260602_064256/SAL3D/cone/cone_sigma1_radius5/flowerpot/sweep_cone_sigma1_radius5_recenter_rotx90p0_horizontaltovertical_blender_rig/flowerpot_report.json,/home/29d_kon@lab.graphicon.ru/ssd1_link/projects/REPROJECTING/outputs/KLD_diagnostic_20260602_064256/_logs/SAL3D/cone/cone_sigma1_radius5/flowerpot.log,flowerpot.txt,direct,20000,,20000,100.0,False,34570,720,horizontal_to_vertical,60.0,35.98339356333545,20000,,0.9462250506219265,32711,34570,0.2181475464245543,0.28159615903465146,1.6516266406178717,0.07130264882598542,0.20958613958726383,0.16054339105993112,0.373072190630177,0.6573200694444444,0.7071593157894737,0.8282861111111111,0.532252881573304,0.7820542903994009,1.4914969159100602,3696066.9435116034,620.7381954043801,0.0,0.0,0.0,0.0,9.921467160037512e-09,1.0,0.0,0.00014796741547384244,555.0,0.3942549240465795,0.14018953437662068,0.009513798043708218
sal3d,,flowerpot,cone,cone_sigma1_radius7,,,1.0,7.0,ok,,,228.408,/home/29d_kon@lab.graphicon.ru/ssd1_link/projects/REPROJECTING/outputs/KLD_diagnostic_20260602_064256/SAL3D/cone/cone_sigma1_radius7/flowerpot/sweep_cone_sigma1_radius7_recenter_rotx90p0_horizontaltovertical_blender_rig/flowerpot_report.json,/home/29d_kon@lab.graphicon.ru/ssd1_link/projects/REPROJECTING/outputs/KLD_diagnostic_20260602_064256/_logs/SAL3D/cone/cone_sigma1_radius7/flowerpot.log,flowerpot.txt,direct,20000,,20000,100.0,False,34570,720,horizontal_to_vertical,60.0,35.98339356333545,20000,,0.9462250506219265,32711,34570,0.21814745092678683,0.2815961104033344,1.6516265069885885,0.0713027392105523,0.2095863066134585,0.16054323425293013,0.373072166131375,0.6573199027777777,0.707159052631579,0.8282857323232322,0.5322526062589173,0.7820539679169987,1.4914965297631786,3696081.231783177,620.7381954043801,0.0,0.0,0.0,0.0,0.0,0.0,0.0,0.0001480306002186309,555.0,0.3942550668140199,0.14018953437662068,0.009513784633415094
sal3d,,flowerpot,cone,cone_sigma2_radius3,,,2.0,3.0,ok,,,227.905,/home/29d_kon@lab.graphicon.ru/ssd1_link/projects/REPROJECTING/outputs/KLD_diagnostic_20260602_064256/SAL3D/cone/cone_sigma2_radius3/flowerpot/sweep_cone_sigma2_radius3_recenter_rotx90p0_horizontaltovertical_blender_rig/flowerpot_report.json,/home/29d_kon@lab.graphicon.ru/ssd1_link/projects/REPROJECTING/outputs/KLD_diagnostic_20260602_064256/_logs/SAL3D/cone/cone_sigma2_radius3/flowerpot.log,flowerpot.txt,direct,20000,,20000,100.0,False,34570,720,horizontal_to_vertical,60.0,35.98339356333545,20000,,0.9462250506219265,32711,34570,0.18432922852085534,0.2711357302047429,1.7028587835074096,0.12433631790601594,0.28965681127698,0.12105994048955682,0.35660915012348515,0.625552,0.6733707105263158,0.8018635101010101,0.4320633921831746,0.6655909464504794,1.3335176660426118,15530492.009604573,620.7381954043801,0.0,0.0,0.0,0.0,0.0,0.0,0.0,0.0,0.0,0.4149021814005308,0.1408281373282109,0.008373410947143672
sal3d,,flowerpot,cone,cone_sigma2_radius5,,,2.0,5.0,ok,,,248.931,/home/29d_kon@lab.graphicon.ru/ssd1_link/projects/REPROJECTING/outputs/KLD_diagnostic_20260602_064256/SAL3D/cone/cone_sigma2_radius5/flowerpot/sweep_cone_sigma2_radius5_recenter_rotx90p0_horizontaltovertical_blender_rig/flowerpot_report.json,/home/29d_kon@lab.graphicon.ru/ssd1_link/projects/REPROJECTING/outputs/KLD_diagnostic_20260602_064256/_logs/SAL3D/cone/cone_sigma2_radius5/flowerpot.log,flowerpot.txt,direct,20000,,20000,100.0,False,34570,720,horizontal_to_vertical,60.0,35.98339356333545,20000,,0.9462250506219265,32711,34570,0.1840589860783507,0.2709928846270934,1.702634965566579,0.12419115049098804,0.28917189890660483,0.12050725309483107,0.35654581482016934,0.6252365,0.6730343684210526,0.801601893939394,0.4312796007689969,0.6647016277680308,1.3325680881556627,15697525.607840732,620.7381954043801,0.0,0.0,0.0,0.0,0.0,0.0,0.0,0.0,0.0,0.41524498099156015,0.14082813732821092,0.0083406685569248
sal3d,,flowerpot,cone,cone_sigma2_radius7,,,2.0,7.0,ok,,,280.007,/home/29d_kon@lab.graphicon.ru/ssd1_link/projects/REPROJECTING/outputs/KLD_diagnostic_20260602_064256/SAL3D/cone/cone_sigma2_radius7/flowerpot/sweep_cone_sigma2_radius7_recenter_rotx90p0_horizontaltovertical_blender_rig/flowerpot_report.json,/home/29d_kon@lab.graphicon.ru/ssd1_link/projects/REPROJECTING/outputs/KLD_diagnostic_20260602_064256/_logs/SAL3D/cone/cone_sigma2_radius7/flowerpot.log,flowerpot.txt,direct,20000,,20000,100.0,False,34570,720,horizontal_to_vertical,60.0,35.98339356333545,20000,,0.9462250506219265,32711,34570,0.18405881765773868,0.27099276080866763,1.7026349358231354,0.1241908057512755,0.28917119695906424,0.12050688523954951,0.3565457670560247,0.6252363055555555,0.6730341578947368,0.801601893939394,0.43127902126816653,0.6647011488104507,1.3325678563406822,15697586.077355469,620.7381954043801,0.0,0.0,0.0,0.0,0.0,0.0,0.0,0.0,0.0,0.4152451420662656,0.14082813732821092,0.008340652830472944
sal3d,,flowerpot,cone,cone_sigma3_radius3,,,3.0,3.0,ok,,,243.361,/home/29d_kon@lab.graphicon.ru/ssd1_link/projects/REPROJECTING/outputs/KLD_diagnostic_20260602_064256/SAL3D/cone/cone_sigma3_radius3/flowerpot/sweep_cone_sigma3_radius3_recenter_rotx90p0_horizontaltovertical_blender_rig/flowerpot_report.json,/home/29d_kon@lab.graphicon.ru/ssd1_link/projects/REPROJECTING/outputs/KLD_diagnostic_20260602_064256/_logs/SAL3D/cone/cone_sigma3_radius3/flowerpot.log,flowerpot.txt,direct,20000,,20000,100.0,False,34570,720,horizontal_to_vertical,60.0,35.98339356333545,20000,,0.9462250506219265,32711,34570,0.16600344915776294,0.2661037164300915,1.7222925648188996,0.1639565155925684,0.3462509759817421,0.09780486649106813,0.34894560446421036,0.6084835833333333,0.655041552631579,0.7893338383838384,0.3815366241749222,0.6007981440657119,1.2425237543080427,34837149.53213586,620.7381954043801,0.0,0.0,0.0,0.0,0.0,0.0,0.0,0.0,0.0,0.4300647093477108,0.1430006379673434,0.007843315520869735
sal3d,,flowerpot,cone,cone_sigma3_radius5,,,3.0,5.0,ok,,,293.928,/home/29d_kon@lab.graphicon.ru/ssd1_link/projects/REPROJECTING/outputs/KLD_diagnostic_20260602_064256/SAL3D/cone/cone_sigma3_radius5/flowerpot/sweep_cone_sigma3_radius5_recenter_rotx90p0_horizontaltovertical_blender_rig/flowerpot_report.json,/home/29d_kon@lab.graphicon.ru/ssd1_link/projects/REPROJECTING/outputs/KLD_diagnostic_20260602_064256/_logs/SAL3D/cone/cone_sigma3_radius5/flowerpot.log,flowerpot.txt,direct,20000,,20000,100.0,False,34570,720,horizontal_to_vertical,60.0,35.98339356333545,20000,,0.9462250506219265,32711,34570,0.16535042690356344,0.2657752448037939,1.7228883453564563,0.16467072182742937,0.34748335511442546,0.09630926972045101,0.3486605400375933,0.6077206944444443,0.6542928157894736,0.7887354797979798,0.37933743988831886,0.5988411862337182,1.2413276211036766,35234054.00398905,620.7381954043801,0.0,0.0,0.0,0.0,0.0,0.0,0.0,0.0,0.0,0.4305961962779141,0.14300063796734339,0.007802870556397549
sal3d,,flowerpot,cone,cone_sigma3_radius7,,,3.0,7.0,ok,,,311.358,/home/29d_kon@lab.graphicon.ru/ssd1_link/projects/REPROJECTING/outputs/KLD_diagnostic_20260602_064256/SAL3D/cone/cone_sigma3_radius7/flowerpot/sweep_cone_sigma3_radius7_recenter_rotx90p0_horizontaltovertical_blender_rig/flowerpot_report.json,/home/29d_kon@lab.graphicon.ru/ssd1_link/projects/REPROJECTING/outputs/KLD_diagnostic_20260602_064256/_logs/SAL3D/cone/cone_sigma3_radius7/flowerpot.log,flowerpot.txt,direct,20000,,20000,100.0,False,34570,720,horizontal_to_vertical,60.0,35.98339356333545,20000,,0.9462250506219265,32711,34570,0.16535047481504972,0.2657752495957542,1.7228880217605025,0.16467064338531873,0.3474832047811452,0.09630935114012083,0.34866055797713896,0.6077206388888888,0.6542927631578948,0.7887354797979798,0.3793375352199687,0.5988413061325789,1.2413278992564676,35234136.67474258,620.7381954043801,0.0,0.0,0.0,0.0,0.0,0.0,0.0,0.0,0.0,0.4305962697737709,0.14300063796734339,0.007802862872542255
sal3d,,flowerpot,cone,cone_sigma5_radius3,,,5.0,3.0,ok,,,288.637,/home/29d_kon@lab.graphicon.ru/ssd1_link/projects/REPROJECTING/outputs/KLD_diagnostic_20260602_064256/SAL3D/cone/cone_sigma5_radius3/flowerpot/sweep_cone_sigma5_radius3_recenter_rotx90p0_horizontaltovertical_blender_rig/flowerpot_report.json,/home/29d_kon@lab.graphicon.ru/ssd1_link/projects/REPROJECTING/outputs/KLD_diagnostic_20260602_064256/_logs/SAL3D/cone/cone_sigma5_radius3/flowerpot.log,flowerpot.txt,direct,20000,,20000,100.0,False,34570,720,horizontal_to_vertical,60.0,35.98339356333545,20000,,0.9462250506219265,32711,34570,0.11692031026816022,0.25487829738843665,1.77267408463032,0.24447820963476324,0.4545874742252673,0.017278638007829056,0.32989441556196125,0.5657335555555555,0.6138863684210526,0.7603078282828283,0.23610054833017194,0.4385322045137751,1.0621272389264755,97050201.20158814,620.7381954043801,0.0,0.0,0.0,0.0,0.0,0.0,0.0,0.0,0.0,0.4563198614063299,0.14402146351777886,0.006532804704056037
sal3d,,flowerpot,cone,cone_sigma5_radius5,,,5.0,5.0,ok,,,333.489,/home/29d_kon@lab.graphicon.ru/ssd1_link/projects/REPROJECTING/outputs/KLD_diagnostic_20260602_064256/SAL3D/cone/cone_sigma5_radius5/flowerpot/sweep_cone_sigma5_radius5_recenter_rotx90p0_horizontaltovertical_blender_rig/flowerpot_report.json,/home/29d_kon@lab.graphicon.ru/ssd1_link/projects/REPROJECTING/outputs/KLD_diagnostic_20260602_064256/_logs/SAL3D/cone/cone_sigma5_radius5/flowerpot.log,flowerpot.txt,direct,20000,,20000,100.0,False,34570,720,horizontal_to_vertical,60.0,35.98339356333545,20000,,0.9462250506219265,32711,34570,0.11707419445046828,0.254932125311824,1.7723767729980633,0.24421294402318036,0.4542132855791137,0.01751408958875329,0.3298842464310264,0.56574575,0.6138776578947369,0.7603574494949495,0.23640872894333978,0.4389245737814303,1.0630066844259982,97611299.7917082,620.7381954043801,0.0,0.0,0.0,0.0,0.0,0.0,0.0,0.0,0.0,0.456540846393437,0.1440214635177789,0.0065195861042877
sal3d,,flowerpot,cone,cone_sigma5_radius7,,,5.0,7.0,ok,,,314.717,/home/29d_kon@lab.graphicon.ru/ssd1_link/projects/REPROJECTING/outputs/KLD_diagnostic_20260602_064256/SAL3D/cone/cone_sigma5_radius7/flowerpot/sweep_cone_sigma5_radius7_recenter_rotx90p0_horizontaltovertical_blender_rig/flowerpot_report.json,/home/29d_kon@lab.graphicon.ru/ssd1_link/projects/REPROJECTING/outputs/KLD_diagnostic_20260602_064256/_logs/SAL3D/cone/cone_sigma5_radius7/flowerpot.log,flowerpot.txt,direct,20000,,20000,100.0,False,34570,720,horizontal_to_vertical,60.0,35.98339356333545,20000,,0.9462250506219265,32711,34570,0.11707421617214933,0.2549321317809391,1.7723767337265277,0.24421298015187845,0.4542133285316107,0.017514272341196086,0.32988425025471085,0.565745861111111,0.6138776578947369,0.7603574494949495,0.23640881498973512,0.4389246460619126,1.0630066909458447,97611316.39634703,620.7381954043801,0.0,0.0,0.0,0.0,0.0,0.0,0.0,0.0,0.0,0.4565408550829849,0.1440214635177789,0.0065195855563941595
sal3d,,flowerpot,screen_space,screen_sigmapx13p15,13.15,,,,ok,,,177.226,/home/29d_kon@lab.graphicon.ru/ssd1_link/projects/REPROJECTING/outputs/KLD_diagnostic_20260602_064256/SAL3D/screen_space/screen_sigmapx13p15/flowerpot/sweep_screen_sigmapx13p15_recenter_rotx90p0_horizontaltovertical_blender_rig/flowerpot_report.json,/home/29d_kon@lab.graphicon.ru/ssd1_link/projects/REPROJECTING/outputs/KLD_diagnostic_20260602_064256/_logs/SAL3D/screen_space/screen_sigmapx13p15/flowerpot.log,flowerpot.txt,direct,20000,,20000,100.0,False,34570,720,horizontal_to_vertical,60.0,35.98339356333545,19101,7477249,,,34570,0.061255343321794956,0.22507842685759535,1.9123474859711864,0.08105712879044943,0.22482843728312854,-0.05067865501819712,0.28500498485342196,0.5474209166666667,0.602569552631579,0.736652398989899,0.08598597763956346,0.27209031944617074,0.8056841784482203,0.046564275189746686,620.7381954043801,0.0006470827846163565,0.0,899.0,0.0006470827846163565,7.08344403761388e-09,902.0,0.001004879359153415,1.789261549806141e-05,941.0,0.43376634259726304,0.1404770868445073,0.007340973489030574
sal3d,,flowerpot,screen_space,screen_sigmapx26p3,26.3,,,,ok,,,345.658,/home/29d_kon@lab.graphicon.ru/ssd1_link/projects/REPROJECTING/outputs/KLD_diagnostic_20260602_064256/SAL3D/screen_space/screen_sigmapx26p3/flowerpot/sweep_screen_sigmapx26p3_recenter_rotx90p0_horizontaltovertical_blender_rig/flowerpot_report.json,/home/29d_kon@lab.graphicon.ru/ssd1_link/projects/REPROJECTING/outputs/KLD_diagnostic_20260602_064256/_logs/SAL3D/screen_space/screen_sigmapx26p3/flowerpot.log,flowerpot.txt,direct,20000,,20000,100.0,False,34570,720,horizontal_to_vertical,60.0,35.98339356333545,19103,7477249,,,34570,0.056810840789427136,0.22608283478925964,1.897731363732254,0.09846617883725188,0.25390944181431907,-0.06329633915572537,0.28667999750667533,0.53911575,0.5936504736842105,0.7297458333333333,0.06884054056942963,0.25289278303717655,0.7912244370235878,0.04534581000594069,620.7381954043801,0.0005795857298029253,0.0,897.0,0.0006470827846163565,2.0969723653243286e-09,899.0,0.0006834910484662679,3.470212537505762e-06,906.0,0.4353249807032811,0.1411328534833474,0.007303693069449037
sal3d,,flowerpot,screen_space,screen_sigmapx39p45,39.45,,,,ok,,,520.282,/home/29d_kon@lab.graphicon.ru/ssd1_link/projects/REPROJECTING/outputs/KLD_diagnostic_20260602_064256/SAL3D/screen_space/screen_sigmapx39p45/flowerpot/sweep_screen_sigmapx39p45_recenter_rotx90p0_horizontaltovertical_blender_rig/flowerpot_report.json,/home/29d_kon@lab.graphicon.ru/ssd1_link/projects/REPROJECTING/outputs/KLD_diagnostic_20260602_064256/_logs/SAL3D/screen_space/screen_sigmapx39p45/flowerpot.log,flowerpot.txt,direct,20000,,20000,100.0,False,34570,720,horizontal_to_vertical,60.0,35.98339356333545,19104,7477249,,,34570,0.04577124253960814,0.2263917082159244,1.8991794438195857,0.10783268296198821,0.269702006958352,-0.07161873407772011,0.2835676410698226,0.5307333333333334,0.5835544736842105,0.7183815656565656,0.042540545607024145,0.21567353094957806,0.7188182748672916,0.043767864995619785,620.7381954043801,0.0005795857298029253,0.0,896.0,0.0005795857298029253,2.45864404864822e-09,897.0,0.0006470827846163565,5.26754061096493e-06,906.0,0.4416613441794345,0.14172830000611084,0.007061007611511466
sal3d,,flowerpot,screen_space,screen_sigmapx52p6,52.6,,,,ok,,,693.145,/home/29d_kon@lab.graphicon.ru/ssd1_link/projects/REPROJECTING/outputs/KLD_diagnostic_20260602_064256/SAL3D/screen_space/screen_sigmapx52p6/flowerpot/sweep_screen_sigmapx52p6_recenter_rotx90p0_horizontaltovertical_blender_rig/flowerpot_report.json,/home/29d_kon@lab.graphicon.ru/ssd1_link/projects/REPROJECTING/outputs/KLD_diagnostic_20260602_064256/_logs/SAL3D/screen_space/screen_sigmapx52p6/flowerpot.log,flowerpot.txt,direct,20000,,20000,100.0,False,34570,720,horizontal_to_vertical,60.0,35.98339356333545,19104,7477249,,,34570,0.03447874706916114,0.22678468075555236,1.899837267426883,0.11370718283876352,0.28053337857751826,-0.07811637986451099,0.28035270925710987,0.5232278333333333,0.574580052631579,0.7070638888888889,0.016580419845487568,0.17792116881527453,0.6407069759107494,0.04197777496812184,620.7381954043801,0.0005795857298029253,0.0,896.0,0.0005795857298029253,0.0,896.0,0.0006470827846163565,3.3474160369629893e-06,903.0,0.4482344630916229,0.14247688898201116,0.006876549965550542
sal3d,,flowerpot,screen_space,screen_sigmapx6p575,6.575,,,,ok,,,85.301,/home/29d_kon@lab.graphicon.ru/ssd1_link/projects/REPROJECTING/outputs/KLD_diagnostic_20260602_064256/SAL3D/screen_space/screen_sigmapx6p575/flowerpot/sweep_screen_sigmapx6p575_recenter_rotx90p0_horizontaltovertical_blender_rig/flowerpot_report.json,/home/29d_kon@lab.graphicon.ru/ssd1_link/projects/REPROJECTING/outputs/KLD_diagnostic_20260602_064256/_logs/SAL3D/screen_space/screen_sigmapx6p575/flowerpot.log,flowerpot.txt,direct,20000,,20000,100.0,False,34570,720,horizontal_to_vertical,60.0,35.98339356333545,19090,7477249,,,34570,0.05571667304948194,0.22173907859553776,1.9756701180504783,0.04370538613003701,0.15880872152270653,-0.04166647653699659,0.2756895656504782,0.5467394166666666,0.5993060263157894,0.7337282828282828,0.07576503436605198,0.2487189847152539,0.7622093809391964,0.04695742222419505,620.7381954043801,0.0006470827846163565,0.0,910.0,0.000819688563982328,5.1069063611793054e-08,931.0,0.0030427990640555765,6.523890694699641e-05,1083.0,0.43976590785390307,0.1392394327707967,0.007112229000836361
sal3d,,flowerpot,screen_space,screen_sigmapx78p9,78.9,,,,ok,,,1053.378,/home/29d_kon@lab.graphicon.ru/ssd1_link/projects/REPROJECTING/outputs/KLD_diagnostic_20260602_064256/SAL3D/screen_space/screen_sigmapx78p9/flowerpot/sweep_screen_sigmapx78p9_recenter_rotx90p0_horizontaltovertical_blender_rig/flowerpot_report.json,/home/29d_kon@lab.graphicon.ru/ssd1_link/projects/REPROJECTING/outputs/KLD_diagnostic_20260602_064256/_logs/SAL3D/screen_space/screen_sigmapx78p9/flowerpot.log,flowerpot.txt,direct,20000,,20000,100.0,False,34570,720,horizontal_to_vertical,60.0,35.98339356333545,19104,7477249,,,34570,0.016574368421392795,0.22795296163442044,1.8982480403249269,0.12131294489190678,0.2966166987443256,-0.09009247432019,0.27671914156471145,0.5100018888888889,0.5594616052631578,0.687399494949495,-0.02577481066416823,0.1166456594732059,0.5151970388241653,0.03803999422944403,620.7381954043801,0.0005795857298029253,0.0,896.0,0.0005795857298029253,0.0,896.0,0.0005795857298029253,1.866379840611328e-06,900.0,0.4583447731152112,0.1428615194840773,0.006400971165033141
