source_label,dataset,texture_type,method,variant_family,variant_id,n_total,n_ok,n_failed_or_skipped,KLD_mean,KLD_median,CC_mean,CC_median,SIM_mean,SIM_median,Spearman_mean,Spearman_median,AUC_Judd_gt_top_10pct_proxy_mean,AUC_Judd_gt_top_10pct_proxy_median,NSS_gt_top_10pct_proxy_mean,NSS_gt_top_10pct_proxy_median,gt_mass_on_pred_zero_mean,gt_mass_on_pred_zero_median,gt_mass_on_pred_le_1e_8_mean,gt_mass_on_pred_le_1e_8_median,gt_mass_on_pred_le_1e_6_mean,gt_mass_on_pred_le_1e_6_median,top100_kld_gt_mass_mean,top100_kld_gt_mass_median,top100_kld_pred_mass_mean,top100_kld_pred_mass_median
kld_sweep,meshmamba,non_texture,cone,alpha_floor,alpha_0,72,72,0,2.426339907642952,1.1328829346034475,-0.06213986465521558,0.016778606954717064,0.5308262178734635,0.5800918210723105,-0.06344827691744105,0.013587089684864327,0.4283430900656911,0.4509857363178271,-0.07305502895520183,0.09528311142730647,0.06609131498303433,0.0,0.09441831706460355,0.0,0.1615842100763958,0.06753794126989718,0.015431161400912406,0.013825918723364854,0.0005545341472728806,8.230934700046389e-05
kld_sweep,meshmamba,non_texture,cone,alpha_floor,alpha_0p0001,72,72,0,1.8004464808441354,1.1083204321800364,-0.06213986465521555,0.016778606954717078,0.5308448106922606,0.5801125186318388,-0.06344827691744105,0.013587089684864327,0.4283430900656911,0.4509857363178271,-0.07305502895520181,0.09528311142730642,0.0,0.0,0.09269170353795989,0.0,0.16154079997220697,0.06738797585387635,0.015511207382666483,0.013856566852670232,0.0005549626036123416,8.424888119823119e-05
kld_sweep,meshmamba,non_texture,cone,alpha_floor,alpha_0p001,72,72,0,1.5732640370428856,1.0988310599684756,-0.06213986465521552,0.016778606954717064,0.5310121063552489,0.5802987313969938,-0.06344827691744105,0.013587089684864327,0.4283430900656911,0.4509857363178271,-0.07305502895520181,0.0952831114273065,0.0,0.0,0.0,0.0,0.16107348241833871,0.06642120836849073,0.015577238759334915,0.013862155051697578,0.0005609175277170792,8.710449555701565e-05
kld_sweep,meshmamba,non_texture,cone,alpha_floor,alpha_0p01,72,72,0,1.2873967913071724,0.9634724468601743,-0.06213986465521546,0.01677860695471709,0.5326815738398364,0.5821564166275274,-0.06344827691744105,0.013587089684864327,0.4283430900656911,0.4509857363178271,-0.07305502895520181,0.0952831114273066,0.0,0.0,0.0,0.0,0.15527763080105153,0.05872841816973226,0.01593525680442534,0.013873067674070011,0.0006119373307044078,0.00028696743498391104
kld_sweep,meshmamba,non_texture,cone,alpha_floor,alpha_1em05,72,72,0,1.9972039408125195,1.1284600843332715,-0.0621398646552154,0.016778606954717046,0.5308280772114186,0.5800938909236085,-0.06344827691744105,0.013587089684864327,0.4283430900656911,0.4509857363178271,-0.07305502895520183,0.09528311142730637,0.0,0.0,0.09427936441350891,0.0,0.16157979258693198,0.06753794126989718,0.01549199341969312,0.013856566852670232,0.0005545921405602191,8.233894863621378e-05
kld_sweep,meshmamba,non_texture,cone,alpha_floor,alpha_1em06,72,72,0,2.174506061963225,1.1323867974326247,-0.06213986465521556,0.016778606954717043,0.5308264038075248,0.5800920280574403,-0.06344827691744105,0.013587089684864327,0.4283430900656911,0.4509857363178271,-0.0730550289552018,0.09528311142730646,0.0,0.0,0.09440273643207585,0.0,0.16158312927355342,0.06753794126989718,0.01547289842769616,0.013845768087117316,0.0005545592817388536,8.231230716403887e-05
kld_sweep,meshmamba,non_texture,cone,alpha_floor,alpha_1em07,72,72,0,2.326051378187073,1.1328326394616197,-0.06213986465521558,0.016778606954717057,0.5308262364668697,0.5800918417708234,-0.06344827691744105,0.013587089684864327,0.4283430900656911,0.4509857363178271,-0.07305502895520183,0.09528311142730658,0.0,0.0,0.09441557349549187,0.0,0.1615842100763958,0.06753794126989718,0.015446032837710842,0.013825918723364854,0.0005545419609788566,8.230964301682138e-05
kld_sweep,meshmamba,non_texture,cone,alpha_floor,alpha_1em08,72,72,0,2.4074246167121753,1.1328778980821335,-0.062139864655215434,0.016778606954717078,0.5308262197328041,0.5800918231421619,-0.06344827691744105,0.013587089684864327,0.4283430900656911,0.4509857363178271,-0.0730550289552018,0.0952831114273068,0.0,0.0,0.09441831706460355,0.0,0.1615842100763958,0.06753794126989718,0.015433676647785909,0.013825918723364854,0.0005545345692104867,8.230937660209963e-05
kld_sweep,meshmamba,non_texture,cone,alpha_floor,alpha_1em09,72,72,0,2.424209083370271,1.1328824308810448,-0.06213986465521541,0.01677860695471712,0.5308262180593976,0.5800918212792956,-0.06344827691744105,0.013587089684864327,0.4283430900656911,0.4509857363178271,-0.07305502895520181,0.09528311142730655,0.0,0.0,0.09441831706460355,0.0,0.1615842100763958,0.06753794126989718,0.015431161400912406,0.013825918723364854,0.0005545341497608194,8.230934996062743e-05
kld_sweep,meshmamba,non_texture,cone,alpha_floor,alpha_1em10,72,72,0,2.4261239674193407,1.132882884230504,-0.062139864655215545,0.01677860695471707,0.530826217892057,0.580091821093009,-0.06344827691744105,0.013587089684864327,0.4283430900656911,0.4509857363178271,-0.07305502895520184,0.09528311142730653,0.0,0.0,0.09441831706460355,0.0,0.1615842100763958,0.06753794126989718,0.015431161400912406,0.013825918723364854,0.0005545341475216745,8.230934729648024e-05
kld_sweep,meshmamba,non_texture,cone,area_weighting,divide_area,72,72,0,2.8060276875873718,1.1316525251304261,0.5105442001264214,0.48584487332369136,0.5264959007917827,0.5691375642035882,0.2570130332851147,0.20662335247388552,0.6522219592335492,0.6687494029146375,0.9927525345976379,0.9668536377878392,0.08146712683482395,0.0,0.10918293846035196,0.0,0.17579090811346285,0.052026827161363635,0.06594621945842179,0.0420518182318821,0.007328124717368251,0.00023262493195412234
kld_sweep,meshmamba,non_texture,cone,area_weighting,multiply_area,72,72,0,1.8767009853747243,1.1407350365158182,0.12400094908589011,0.11497257433047817,0.5421458472913789,0.5756090145791224,0.1012973981173303,0.1628844859446349,0.6451610817506895,0.623794463505181,0.48166422701074657,0.36344258260756024,0.04163604587276166,0.0,0.06343257771515567,2.0133828611983896e-05,0.11560078979328144,0.07753672236545267,0.0364450473731495,0.015004168656942839,0.0020482839823753136,0.00033981133061942743
kld_sweep,meshmamba,non_texture,cone,area_weighting,none,72,72,0,2.426339907642952,1.1328829346034475,-0.0621398646552151,0.01677860695471701,0.5308262178734635,0.5800918210723105,-0.06344827691744105,0.013587089684864327,0.4283430900656911,0.4509857363178271,-0.07305502895520183,0.09528311142730662,0.06609131498303433,0.0,0.09441831706460355,0.0,0.1615842100763958,0.06753794126989718,0.015431161400912406,0.013825918723364854,0.0005545341472728806,8.230934700046389e-05
kld_sweep,meshmamba,non_texture,cone,baseline,baseline,72,72,0,2.426339907642952,1.1328829346034475,-0.0621398646552151,0.01677860695471701,0.5308262178734635,0.5800918210723105,-0.06344827691744105,0.013587089684864327,0.4283430900656911,0.4509857363178271,-0.07305502895520183,0.09528311142730662,0.06609131498303433,0.0,0.09441831706460355,0.0,0.1615842100763958,0.06753794126989718,0.015431161400912406,0.013825918723364854,0.0005545341472728806,8.230934700046389e-05
kld_sweep,meshmamba,non_texture,cone,diffusion,diffusion_steps10_blend0p5,72,72,0,2.3884289033991775,1.121643409433659,-0.06236471957973132,0.017856239385240193,0.5315442796173997,0.5816357478662371,-0.06516179893406451,0.01261895056532357,0.4264354927866477,0.4504278481405035,-0.0735175565430907,0.0946813460021041,0.05331049791208654,0.0,0.09316257583034313,0.0,0.160850988937824,0.06697479397144467,0.015451464340579733,0.013750238582756582,0.0005566428395269597,8.510602947740673e-05
kld_sweep,meshmamba,non_texture,cone,diffusion,diffusion_steps1_blend0p5,72,72,0,2.4198996251779934,1.1316973904501237,-0.06216804011024246,0.016890830141492015,0.5309069777477994,0.5802692560829719,-0.06372183515051616,0.01345192945741766,0.4280901240219226,0.4509186807197785,-0.07311744730360434,0.09521784279252561,0.06481119626856305,0.0,0.09424926589376656,0.0,0.16147446267736676,0.0673658267263176,0.015432350724787951,0.013805038002897074,0.0005545512626929826,8.217217922674996e-05
kld_sweep,meshmamba,non_texture,cone,diffusion,diffusion_steps20_blend0p5,72,72,0,2.364173804766246,1.1109156955978445,-0.06252265469668293,0.01891311300587104,0.5321618661454837,0.5828560558208362,-0.06570599111092178,0.012435167686621507,0.4255493555724481,0.45000050754505583,-0.07382274304583024,0.09412791874516357,0.04386674081807539,0.0,0.09211508171886729,0.0,0.16027413317919437,0.06641429562984258,0.015455809452361736,0.01370800071526963,0.0005583149550999543,8.709727849747516e-05
kld_sweep,meshmamba,non_texture,cone,diffusion,diffusion_steps3_blend0p5,72,72,0,2.410236049278962,1.1294061258782402,-0.06221891436704256,0.017112214501369134,0.5310586156939355,0.5806026615410274,-0.06417734694645846,0.01319112454041919,0.4276394860199608,0.4507961345574244,-0.07322509973116151,0.09509372386782153,0.062277411220191585,0.0,0.09398703371625752,0.0,0.16133694998517686,0.06723966340072883,0.015436427027433733,0.013805038002897074,0.0005549424299445962,8.2622793815013e-05
kld_sweep,meshmamba,non_texture,cone,diffusion,diffusion_steps40_blend0p5,72,72,0,2.32282401658099,1.1056507556056454,-0.06274251669018974,0.020666376692462178,0.5332141042732591,0.5847685155741683,-0.06591150560859499,0.012485077340128279,0.4244900720307509,0.44930590102529966,-0.0742314149104164,0.09311909668161747,0.032442301100989744,0.0,0.09015055599229066,0.0,0.15913937742683876,0.06513459630425303,0.01544813807417805,0.01349515792872278,0.0005614360472375765,9.17902151061976e-05
kld_sweep,meshmamba,non_texture,cone,diffusion,diffusion_steps5_blend0p5,72,72,0,2.402986056456813,1.1271583339206277,-0.06226483405396634,0.017329760409784525,0.5312033755692308,0.5809170167321099,-0.06453265943172562,0.012981093402418103,0.4272382143881355,0.45068312736243066,-0.07331900112832922,0.09497320567775358,0.05961044622557187,0.0,0.09373717244512661,0.0,0.1611943820335979,0.06706910705015115,0.015442287499229905,0.01379182556137492,0.0005555040795044143,8.306733203800315e-05
kld_sweep,meshmamba,non_texture,cone,support_mask,gt_positive,72,72,0,2.2697425024921287,0.98864046467958,-0.08990391001436707,0.018695378345947276,0.569852616308367,0.6178509321894099,-0.11042410283162853,-0.03636431891967206,0.412932044506916,0.4575736243236629,-0.10963101938498121,0.06505381724649333,0.06609131498303433,0.0,0.0934289279049829,0.0,0.1580061257136097,0.06338034451699152,0.015402982913334334,0.01380503800289707,0.0006479842810749283,6.481128906884637e-05
kld_sweep,meshmamba,non_texture,cone,support_mask,intersection_positive,72,72,0,1.1893133022928783,0.7279039834468143,-0.032552492029369426,0.03795792493455511,0.5991094747184812,0.6224771482566289,-0.057761487237187666,-0.024285641443178962,0.4547405063281749,0.48621241720966524,-0.005350583504426078,0.07119474610491797,0.0,0.0,0.029903719211692464,0.0,0.09831144140277859,0.003622362015357563,0.014946553217593046,0.013559596447188587,0.0009922323309125348,0.0003060670733255849
kld_sweep,meshmamba,non_texture,cone,support_mask,pred_above_1e_6,72,72,0,0.6598951277444622,0.5916576401688314,0.05595014587660489,0.03887337826259467,0.5901268336648946,0.6127002998639863,0.04056785361002502,0.031211080778978717,0.5244790384576272,0.5221794554867292,0.16506915056444157,0.19974980406316062,0.0,0.0,0.0,0.0,0.0,0.0,0.016065393276011735,0.01487132846663079,0.0017396240487945862,0.0011074295827330992
kld_sweep,meshmamba,non_texture,cone,support_mask,pred_above_1e_8,72,72,0,1.004862463953256,0.8186120650434364,0.013601579373718134,0.037346646169325995,0.5650799979013837,0.5971203870333646,0.0034695627430589415,0.02247756195088144,0.4873342825263504,0.5024871044731463,0.0729136977659352,0.1297091868583834,0.0,0.0,0.0,0.0,0.07339083213013729,0.004607980328157534,0.01496744374530399,0.013917086049563347,0.0010223777606870844,0.0004616540074323125
kld_sweep,meshmamba,non_texture,cone,support_mask,pred_positive,72,72,0,1.3605217728579606,0.9597358996885237,-0.0090697675780335,0.03316380690373479,0.5550338495845252,0.5949354307223811,-0.01659118696569421,0.020182353465109507,0.46955115656060425,0.4970596120255658,0.03193438195737903,0.10414456571532842,0.0,0.0,0.030976430332534145,0.0,0.10198189780736151,0.006592531249767733,0.015095310436758913,0.013796374517883885,0.0008496751733649671,0.00025695993694769507
kld_sweep,meshmamba,non_texture,cone,support_mask,union_positive,72,72,0,2.426339907642952,1.1328829346034475,-0.06661173334267963,0.0030032335987386426,0.5308262178734635,0.5800918210723105,-0.0725000769591637,0.004879862481188635,0.42429564163200684,0.4509857363178271,-0.0829285794367566,0.09528311142730662,0.06609131498303435,0.0,0.09441831706460355,0.0,0.1615842100763958,0.06753794126989718,0.015431161400912406,0.013825918723364854,0.0005545341472728806,8.230934700046389e-05
kld_sweep,meshmamba,non_texture,screen_space,alpha_floor,alpha_0,36,36,0,3.5273080902799956,3.9853340042212615,-0.0797738960073528,-0.06524732960572555,0.5471750361008626,0.5684921871175789,-0.07303577269516304,-0.05580939367169627,0.4646675644791884,0.470131801377575,-0.07419842065243401,-0.010809583577371917,0.18018784422139283,0.2037214343948862,0.18018784422139283,0.2037214343948862,0.1804360026927646,0.20409033577365954,0.014214607329639337,0.013015079494779754,0.0,0.0
kld_sweep,meshmamba,non_texture,screen_space,alpha_floor,alpha_0p0001,36,36,0,2.0820520209530717,2.351330838646259,-0.07977389600735284,-0.06524732960572567,0.5471902950343877,0.5685122659139163,-0.07303577269516304,-0.05580939367169627,0.4646675644791884,0.470131801377575,-0.07419842065243401,-0.010809583577371969,0.0,0.0,0.18018784422139283,0.2037214343948862,0.18043372442313424,0.20406288044782867,0.014214607329639337,0.013015079494779752,3.042472921990995e-07,3.042472921990995e-07
kld_sweep,meshmamba,non_texture,screen_space,alpha_floor,alpha_0p001,36,36,0,1.667087649508187,1.8395918138976781,-0.07977389600735248,-0.06524732960572532,0.5473276059684705,0.568692947091985,-0.07303577269516304,-0.05580939367169627,0.4646675644791884,0.470131801377575,-0.07419842065243405,-0.010809583577371868,0.0,0.0,0.0,0.0,0.1804164145698797,0.20405480371871904,0.014214607329639337,0.013015079494779752,3.0424729219909955e-06,3.0424729219909955e-06
kld_sweep,meshmamba,non_texture,screen_space,alpha_floor,alpha_0p01,36,36,0,1.2510928803995205,1.3158386375961382,-0.07977389600735268,-0.06524732960572552,0.5486981829008336,0.5704960871424642,-0.07303577269516304,-0.05580939367169627,0.4646675644791884,0.470131801377575,-0.07419842065243402,-0.010809583577371908,0.0,0.0,0.0,0.0,0.18032187796397076,0.20389288729169025,0.014229491672061008,0.013015079494779752,3.254747262373703e-05,3.0424729219909943e-05
kld_sweep,meshmamba,non_texture,screen_space,alpha_floor,alpha_1em05,36,36,0,2.4964300181635477,2.819818387849911,-0.07977389600735241,-0.06524732960572528,0.5471765620020346,0.5684941950046674,-0.07303577269516304,-0.05580939367169627,0.4646675644791884,0.470131801377575,-0.07419842065243401,-0.010809583577371782,0.0,0.0,0.18018784422139283,0.2037214343948862,0.1804360026927646,0.20409033577365954,0.014214607329639337,0.013015079494779754,3.042472921990995e-08,3.042472921990995e-08
kld_sweep,meshmamba,non_texture,screen_space,alpha_floor,alpha_1em06,36,36,0,2.906093200534061,3.282984920675618,-0.079773896007353,-0.06524732960572563,0.5471751886909798,0.5684923879062878,-0.07303577269516304,-0.05580939367169627,0.4646675644791884,0.470131801377575,-0.07419842065243401,-0.010809583577371894,0.0,0.0,0.18018784422139283,0.2037214343948862,0.1804360026927646,0.20409033577365954,0.014214607329639337,0.01301507949477975,3.0424729219909943e-09,3.042472921990994e-09
kld_sweep,meshmamba,non_texture,screen_space,alpha_floor,alpha_1em07,36,36,0,3.275611487313399,3.7007643588120334,-0.07977389600735298,-0.06524732960572549,0.5471750513598743,0.5684922071964498,-0.07303577269516304,-0.05580939367169627,0.4646675644791884,0.470131801377575,-0.07419842065243404,-0.010809583577371972,0.0,0.0,0.18018784422139283,0.2037214343948862,0.1804360026927646,0.20409033577365954,0.014214607329639337,0.013015079494779754,3.0424729219909935e-10,3.0424729219909935e-10
kld_sweep,meshmamba,non_texture,screen_space,alpha_floor,alpha_1em08,36,36,0,3.47944549556881,3.9312202747795104,-0.0797738960073524,-0.06524732960572517,0.5471750376267638,0.568492189125466,-0.07303577269516304,-0.05580939367169627,0.4646675644791884,0.470131801377575,-0.07419842065243405,-0.01080958357737176,0.0,0.0,0.18018784422139283,0.2037214343948862,0.1804360026927646,0.20409033577365954,0.014214607329639337,0.013015079494779754,3.042472921990995e-11,3.042472921990995e-11
kld_sweep,meshmamba,non_texture,screen_space,alpha_floor,alpha_1em09,36,36,0,3.521907666464074,3.9792282534625096,-0.07977389600735255,-0.06524732960572548,0.5471750362534528,0.5684921873183677,-0.07303577269516304,-0.05580939367169627,0.4646675644791884,0.470131801377575,-0.07419842065243401,-0.010809583577371934,0.0,0.0,0.18018784422139283,0.2037214343948862,0.1804360026927646,0.20409033577365954,0.014214607329639337,0.013015079494779752,3.042472921990995e-12,3.042472921990995e-12
kld_sweep,meshmamba,non_texture,screen_space,alpha_floor,alpha_1em10,36,36,0,3.526760705892849,3.9847151282307944,-0.07977389600735299,-0.06524732960572571,0.5471750361161216,0.5684921871376578,-0.07303577269516304,-0.05580939367169627,0.4646675644791884,0.470131801377575,-0.07419842065243401,-0.010809583577372004,0.0,0.0,0.18018784422139283,0.2037214343948862,0.1804360026927646,0.20409033577365954,0.014214607329639337,0.013015079494779754,3.0424729219909945e-13,3.0424729219909945e-13
kld_sweep,meshmamba,non_texture,screen_space,area_weighting,divide_area,36,36,0,4.020063578488102,4.196383708546965,0.4897123413695138,0.4223058432013528,0.5701490088435925,0.5869720625889174,0.2615735050174186,0.2316814362476788,0.6661889095290545,0.6658518554453676,1.05828672218203,0.9751448824705133,0.2050992418787427,0.20626513918888623,0.2050992418787427,0.20626513918888623,0.20539670261761434,0.20686990506084824,0.05309412746813355,0.03288072759640551,0.0010900611094444709,0.0
kld_sweep,meshmamba,non_texture,screen_space,area_weighting,multiply_area,36,36,0,3.446897532861726,2.9310555409570584,0.14578179201494337,0.16701998183964256,0.544753659773941,0.5652549790434882,0.12120848829043712,0.10887291411133942,0.6452025028380842,0.6085320437362528,0.5185598677085643,0.48879298451136094,0.16934026790548495,0.1401744958845672,0.16934026790548498,0.1401744958845672,0.1716552693234698,0.14396180589184976,0.034146665098879675,0.014500239530527453,5.43943950743681e-05,0.0
kld_sweep,meshmamba,non_texture,screen_space,area_weighting,none,36,36,0,3.5273080902799956,3.9853340042212615,-0.0797738960073524,-0.06524732960572513,0.5471750361008626,0.5684921871175789,-0.07303577269516304,-0.05580939367169627,0.4646675644791884,0.470131801377575,-0.07419842065243402,-0.010809583577371879,0.18018784422139283,0.2037214343948862,0.18018784422139283,0.2037214343948862,0.1804360026927646,0.20409033577365954,0.014214607329639337,0.013015079494779754,0.0,0.0
kld_sweep,meshmamba,non_texture,screen_space,baseline,baseline,36,36,0,3.5273080902799956,3.9853340042212615,-0.0797738960073524,-0.06524732960572513,0.5471750361008626,0.5684921871175789,-0.07303577269516304,-0.05580939367169627,0.4646675644791884,0.470131801377575,-0.07419842065243402,-0.010809583577371879,0.18018784422139283,0.2037214343948862,0.18018784422139283,0.2037214343948862,0.1804360026927646,0.20409033577365954,0.014214607329639337,0.013015079494779754,0.0,0.0
kld_sweep,meshmamba,non_texture,screen_space,diffusion,diffusion_steps10_blend0p5,36,36,0,1.9767404185147703,2.1811263208685245,-0.0804520608921509,-0.06534123949690485,0.551630526592302,0.5707780937544482,-0.06791089388967764,-0.05424537260416938,0.4644205156519953,0.47162515628608126,-0.07542713101266897,-0.009754034033745298,0.052117013861147414,0.03366543446787594,0.07884959360976032,0.0882989368289873,0.12111691560142854,0.1403317908345702,0.012429055738396777,0.011956342414542635,5.229358325455174e-06,8.634966117287257e-10
kld_sweep,meshmamba,non_texture,screen_space,diffusion,diffusion_steps1_blend0p5,36,36,0,3.1332952232867033,3.299158086801045,-0.0797649073357499,-0.06526404060534936,0.5483039391353709,0.5688323814053758,-0.0712135686828776,-0.05524436695736076,0.4648645855792688,0.4705996298757249,-0.07408703405531675,-0.01068066582682896,0.15341977712869104,0.1563616424669033,0.15342175660387897,0.1563616424669033,0.15725289645139928,0.16216486662127433,0.013910934361004455,0.012924023607275034,0.0,0.0
kld_sweep,meshmamba,non_texture,screen_space,diffusion,diffusion_steps20_blend0p5,36,36,0,1.7149747037424354,1.8488685896766284,-0.08124556066393429,-0.0653739827548877,0.5533825192409995,0.5725059333371276,-0.06942119699759737,-0.05568353492931806,0.4631591641994166,0.47176349188200967,-0.07688328665326787,-0.00896215172275162,0.028687605204088775,0.0031080719699410632,0.05874703471709213,0.04493116139299293,0.10267960609925265,0.1200608484572888,0.012061209925121677,0.010916837401975046,1.9940596024934155e-05,1.333523653193304e-07
kld_sweep,meshmamba,non_texture,screen_space,diffusion,diffusion_steps3_blend0p5,36,36,0,2.674497533698835,2.758312974823111,-0.07985649871052838,-0.06528740803406599,0.5495190164728014,0.5693385228742243,-0.06969694242049256,-0.05377658155037141,0.4649034022343202,0.47125003318069375,-0.07428049326347777,-0.010466235339977741,0.11855638026048933,0.13643360645930178,0.11901333593733673,0.13716569339874146,0.14345279794401491,0.14599655822834406,0.013155052150301834,0.012775380711672016,0.0,0.0
kld_sweep,meshmamba,non_texture,screen_space,diffusion,diffusion_steps40_blend0p5,36,36,0,1.4895210269405708,1.43100653806149,-0.08250625053884397,-0.06536334133998119,0.5556781638887774,0.5753814650829066,-0.07019372493123913,-0.05596244026358313,0.46240976875368495,0.4726968425565514,-0.07923749975833515,-0.006976287128479505,0.0037659408353667933,0.0,0.04648596017488851,0.021012636097499177,0.07863307972962469,0.09087620863408695,0.011966036656502832,0.010242163450356596,4.5106012301923353e-05,2.289615278045311e-06
kld_sweep,meshmamba,non_texture,screen_space,diffusion,diffusion_steps5_blend0p5,36,36,0,2.35975350749437,2.6467557434297646,-0.08001679411430036,-0.06530665192006258,0.5502960018073376,0.5697840393266043,-0.06855950220642147,-0.05315078646475231,0.4648760726214549,0.47135077856023133,-0.07459979630075836,-0.010246889428251263,0.09042959906518926,0.10472516029755975,0.10188545357957528,0.1179888392326047,0.13682286603948,0.14497968397523292,0.012928655718127445,0.01266226588841608,9.505955220804347e-07,0.0
kld_sweep,meshmamba,non_texture,screen_space,support_mask,gt_positive,36,36,0,3.3760750273799456,3.764085419161229,-0.09523673726467621,-0.05914069423724484,0.5943434877468985,0.6046969136248559,-0.0947861727650657,-0.05336153104468257,0.4709957701630584,0.47664400154795467,-0.057169848219204164,0.029933361917784118,0.1801878442213928,0.2037214343948862,0.1801878442213928,0.2037214343948862,0.18035890226024764,0.20399403963500984,0.014214607329639336,0.013015079494779752,0.0,0.0
kld_sweep,meshmamba,non_texture,screen_space,support_mask,intersection_positive,36,36,0,0.3896421209725067,0.346432970922256,-0.046787342947341964,-0.0791179223682196,0.6603734501692767,0.6787680788714443,-0.062480365811356804,-0.06048533893756376,0.49020611758496485,0.4686284172552086,0.00580740819030567,-0.00385614534246354,0.0,0.0,0.0,0.0,0.00020466152790838286,0.00011006900836596826,0.017320236126339015,0.016948348472796602,0.001918410854170173,0.0017938972222868135
kld_sweep,meshmamba,non_texture,screen_space,support_mask,pred_above_1e_6,36,36,0,0.580945175389163,0.49315986412049195,-0.055826449740936625,-0.08841986137606299,0.5988771357820688,0.6317382511508153,-0.06878708327137138,-0.09298106793032497,0.4770287878198679,0.46349951327733585,-0.029668486536820155,-0.02878286392532104,0.0,0.0,0.0,0.0,0.0,0.0,0.01751095963394761,0.017127018928687707,0.001630387686688977,0.0015332913097886583
kld_sweep,meshmamba,non_texture,screen_space,support_mask,pred_above_1e_8,36,36,0,0.5818156497772816,0.4946554519704236,-0.05573884007773116,-0.08807884279658418,0.5988061595835473,0.6315864615383662,-0.06877233388539097,-0.0928713726102731,0.47711952325831497,0.46348366808525787,-0.029385113330132256,-0.029049857570946545,0.0,0.0,0.0,0.0,0.00030304972869938556,0.0002461269879459627,0.017465643423706403,0.017091291042093337,0.0016148284673307984,0.001530984445277861
kld_sweep,meshmamba,non_texture,screen_space,support_mask,pred_positive,36,36,0,0.5818156497772816,0.4946554519704236,-0.05573884007773116,-0.08807884279658418,0.5988061595835473,0.6315864615383662,-0.06877233388539097,-0.0928713726102731,0.47711952325831497,0.46348366808525787,-0.029385113330132256,-0.029049857570946545,0.0,0.0,0.0,0.0,0.00030304972869938556,0.0002461269879459627,0.017465643423706403,0.017091291042093337,0.0016148284673307984,0.001530984445277861
kld_sweep,meshmamba,non_texture,screen_space,support_mask,union_positive,36,36,0,3.527308090279995,3.985334004221261,-0.13672225264516327,-0.08548171234198368,0.5471750361008626,0.5684921871175789,-0.1522486827508203,-0.12651339193176914,0.4486462722300295,0.4663655555309592,-0.1287051830929825,-0.014009888556043692,0.1801878442213928,0.20372143439488619,0.1801878442213928,0.20372143439488619,0.1804360026927646,0.20409033577365954,0.014214607329639336,0.013015079494779752,0.0,0.0
kld_sweep,meshmamba,rgb_texture,cone,alpha_floor,alpha_0,72,72,0,3.2180971123779836,1.7043328845646726,-0.1401401341913592,-0.09087084773340032,0.4417576203707964,0.44961262579852096,-0.210056009615531,-0.16258734734502328,0.3884928809015341,0.4655759160028668,-0.236048274418249,-0.1258851778877792,0.07772562869357683,0.0,0.12451339689127881,0.0,0.21827710167170516,0.10579707155985528,0.016199454620407266,0.012994226165718811,0.000629935372709391,3.8886490550892774e-05
kld_sweep,meshmamba,rgb_texture,cone,alpha_floor,alpha_0p0001,72,72,0,2.432503545479091,1.6997709889491759,-0.1401401341913591,-0.09087084773340018,0.44178118018543494,0.449644110490053,-0.210056009615531,-0.16258734734502328,0.3884928809015341,0.4655759160028668,-0.236048274418249,-0.1258851778877792,0.0,0.0,0.12044354634213794,0.0,0.2181850393305652,0.10553227143019114,0.01640614216122179,0.013231101095679865,0.0006305428077495846,3.9218294894035985e-05
kld_sweep,meshmamba,rgb_texture,cone,alpha_floor,alpha_0p001,72,72,0,2.135210643883938,1.6459726235313101,-0.14014013419135918,-0.09087084773339912,0.44199319070297993,0.44992743372311844,-0.210056009615531,-0.16258734734502328,0.3884928809015341,0.4655759160028668,-0.23604827441824897,-0.12588517788777914,0.0,0.0,0.0,0.0,0.21735270594229006,0.10361948890700659,0.016475808494288476,0.013258265746562015,0.0006334545588930204,4.8622263072833506e-05
kld_sweep,meshmamba,rgb_texture,cone,alpha_floor,alpha_0p01,72,72,0,1.752759811007424,1.3894112216040106,-0.1401401341913588,-0.09087084773339903,0.44411072645058686,0.4527559566123959,-0.210056009615531,-0.16258734734502328,0.3884928809015341,0.4655759160028668,-0.236048274418249,-0.12588517788777914,0.0,0.0,0.0,0.0,0.20726587319992443,0.0900559776676368,0.016614533863943536,0.013302617373267576,0.0006590361947031998,9.554044668795526e-05
kld_sweep,meshmamba,rgb_texture,cone,alpha_floor,alpha_1em05,72,72,0,2.682144961376611,1.699824437767323,-0.14014013419135898,-0.09087084773339883,0.4417599763941459,0.4496157742676742,-0.210056009615531,-0.16258734734502328,0.3884928809015341,0.4655759160028668,-0.236048274418249,-0.1258851778877792,0.0,0.0,0.12414389541513234,0.0,0.21826426267896748,0.10579707155985528,0.01634252228551054,0.013153928054749056,0.0006301233052357309,3.8916526415207165e-05
kld_sweep,meshmamba,rgb_texture,cone,alpha_floor,alpha_1em06,72,72,0,2.9041125263612937,1.699829782863987,-0.14014013419135896,-0.09087084773339865,0.4417578559731334,0.4496129406454363,-0.210056009615531,-0.16258734734502328,0.3884928809015341,0.4655759160028668,-0.23604827441824897,-0.1258851778877792,0.0,0.0,0.12449021637111937,0.0,0.218275985340396,0.10579707155985528,0.016280087650703982,0.013047803472899123,0.0006299536456838831,3.888949413732421e-05
kld_sweep,meshmamba,rgb_texture,cone,alpha_floor,alpha_1em07,72,72,0,3.093182109097235,1.7029113267300784,-0.1401401341913589,-0.09087084773339943,0.4417576439310321,0.44961265728321254,-0.210056009615531,-0.16258734734502328,0.3884928809015341,0.4655759160028668,-0.236048274418249,-0.1258851778877792,0.0,0.0,0.12451281043581162,0.0,0.21827710167170516,0.10579707155985528,0.016224589942504215,0.012994226165718811,0.0006299395870092447,3.888679090953591e-05
kld_sweep,meshmamba,rgb_texture,cone,alpha_floor,alpha_1em08,72,72,0,3.1945677071815375,1.7043328785428409,-0.14014013419135884,-0.09087084773340132,0.44175762272682084,0.44961262894699017,-0.210056009615531,-0.16258734734502328,0.3884928809015341,0.4655759160028668,-0.236048274418249,-0.1258851778877792,0.0,0.0,0.12451339689127881,0.0,0.21827710167170516,0.10579707155985528,0.016202754760029532,0.012994226165718811,0.0006299374668038841,3.8886520586757086e-05
kld_sweep,meshmamba,rgb_texture,cone,alpha_floor,alpha_1em09,72,72,0,3.215447692839209,1.7043328839624894,-0.14014013419135887,-0.09087084773340104,0.44175762060639884,0.4496126261133679,-0.210056009615531,-0.16258734734502328,0.3884928809015341,0.4655759160028668,-0.236048274418249,-0.12588517788777914,0.0,0.0,0.12451339689127881,0.0,0.21827710167170516,0.10579707155985528,0.016199874854353907,0.012994226165718811,0.0006299353773636128,3.88864935544792e-05
kld_sweep,meshmamba,rgb_texture,cone,alpha_floor,alpha_1em10,72,72,0,3.2178286321898826,1.704332884504454,-0.140140134191359,-0.09087084773339849,0.4417576203943567,0.4496126258300057,-0.210056009615531,-0.16258734734502328,0.3884928809015341,0.4655759160028668,-0.23604827441824897,-0.12588517788777914,0.0,0.0,0.12451339689127881,0.0,0.21827710167170516,0.10579707155985528,0.016199454620407266,0.012994226165718811,0.0006299353729506447,3.888649085125141e-05
kld_sweep,meshmamba,rgb_texture,cone,area_weighting,divide_area,72,72,0,3.3452630610963103,1.799564734062008,0.41645310837058613,0.39227149211993173,0.4588763554076735,0.4481617672007179,0.13665218693451744,0.10263932836199643,0.5933489518796927,0.5539802860861269,0.7464862607279588,0.4955923855843888,0.08387929260971931,0.0,0.12731853640909532,0.0,0.20793607261786093,0.09990409542477621,0.09064075961144315,0.03516066919547832,0.011411292102452892,0.00027829888534113847
kld_sweep,meshmamba,rgb_texture,cone,area_weighting,multiply_area,72,72,0,2.7356196503690335,1.8321809645493259,0.13148753024237955,0.14340217963417912,0.4531402849985333,0.4589524262869915,-0.002745259122217854,0.009739282388349597,0.602766095499584,0.6065273050446677,0.3629679562769328,0.3524287533024177,0.05638616034789219,0.0,0.09408756751600293,0.0007553147499638361,0.17687288502616008,0.14452397992840382,0.04957535153713707,0.014073548663790491,0.0017860131209589364,0.00024042034848027662
kld_sweep,meshmamba,rgb_texture,cone,area_weighting,none,72,72,0,3.2180971123779836,1.7043328845646721,-0.14014013419135787,-0.09087084773339835,0.4417576203707964,0.44961262579852096,-0.210056009615531,-0.16258734734502328,0.3884928809015341,0.4655759160028668,-0.236048274418249,-0.1258851778877792,0.07772562869357683,0.0,0.12451339689127881,0.0,0.21827710167170516,0.10579707155985528,0.016199454620407266,0.012994226165718811,0.000629935372709391,3.8886490550892774e-05
kld_sweep,meshmamba,rgb_texture,cone,baseline,baseline,72,72,0,3.2180971123779836,1.7043328845646721,-0.14014013419135787,-0.09087084773339835,0.4417576203707964,0.44961262579852096,-0.210056009615531,-0.16258734734502328,0.3884928809015341,0.4655759160028668,-0.236048274418249,-0.1258851778877792,0.07772562869357683,0.0,0.12451339689127881,0.0,0.21827710167170516,0.10579707155985528,0.016199454620407266,0.012994226165718811,0.000629935372709391,3.8886490550892774e-05
kld_sweep,meshmamba,rgb_texture,cone,diffusion,diffusion_steps10_blend0p5,72,72,0,3.161134243879718,1.6999925574027883,-0.1407380251076202,-0.09234445583860722,0.4426625493909317,0.4512753517711279,-0.21191432780317612,-0.16351822750653514,0.38646380527311214,0.46300728035586614,-0.2375701837403252,-0.12486492133606397,0.06260112894469771,0.0,0.12257956312975234,0.0,0.21733868996414699,0.10284240958352872,0.01622306442375523,0.012974157515113792,0.0006330665569449256,3.889883248147261e-05
kld_sweep,meshmamba,rgb_texture,cone,diffusion,diffusion_steps1_blend0p5,72,72,0,3.207796236527833,1.6998511551884241,-0.14021712051478724,-0.09103545785543922,0.4418567614215693,0.4499045785007179,-0.21036393533273065,-0.16234966866514616,0.3882143861213753,0.4651041227910593,-0.23624229126732804,-0.12576060676081358,0.07588905139993861,0.0,0.12424518602341414,0.0,0.21818054438664128,0.10549202439797165,0.016198405836116786,0.012994226165718813,0.0006305468913863742,3.8888157992088756e-05
kld_sweep,meshmamba,rgb_texture,cone,diffusion,diffusion_steps20_blend0p5,72,72,0,3.1290054804806497,1.7001227571216182,-0.14115490937028485,-0.0935534623450755,0.4434626405887334,0.452887372339233,-0.2125793058267058,-0.16377210234769024,0.38543422251616066,0.4627782962873609,-0.23861381124447523,-0.12384692490349834,0.052745923015182786,0.0,0.12105697635439364,0.0,0.21642506223243438,0.1007946270023227,0.016232818888457123,0.012948092149121484,0.0006357579053419448,4.671915372555728e-05
kld_sweep,meshmamba,rgb_texture,cone,diffusion,diffusion_steps3_blend0p5,72,72,0,3.1926867524169724,1.6998862058133781,-0.14035310684307925,-0.0913501024367961,0.44204685273075794,0.4502433231142776,-0.21087063477428397,-0.16288973721649164,0.3877387578961552,0.4641548232716288,-0.23659032291025506,-0.1255485932189641,0.07244245537340034,0.0,0.123886657429658,0.0,0.21794907734147512,0.10470656985002293,0.01619984242244012,0.012994226165718811,0.0006311217205412607,3.88911284439852e-05
kld_sweep,meshmamba,rgb_texture,cone,diffusion,diffusion_steps40_blend0p5,72,72,0,3.078903573628178,1.7003559666032886,-0.14176099488673075,-0.09547166625523718,0.4448990748271242,0.45659530945338866,-0.2129887589845936,-0.16271269543344724,0.3844951518179821,0.4630590993176404,-0.24008756494743855,-0.12165433363807149,0.04249602311888856,0.0,0.11838225700786285,0.0,0.2147235512208986,0.09761395055922188,0.016243627019091707,0.012876849150761899,0.0006407264526299731,5.8566530544083256e-05
kld_sweep,meshmamba,rgb_texture,cone,diffusion,diffusion_steps5_blend0p5,72,72,0,3.1819177645754353,1.6999188077906981,-0.14047492587883464,-0.09164957303538918,0.4422293245011027,0.4505503586438381,-0.21123264156006136,-0.16332738419997805,0.3873372487186167,0.4635279459912821,-0.23690186678573955,-0.12535140313460824,0.06915215428788912,0.0,0.12350293778064507,0.0,0.21775714854669542,0.10416254591712101,0.016212154496108046,0.01298045972767255,0.0006315997615391799,3.889372561037362e-05
kld_sweep,meshmamba,rgb_texture,cone,support_mask,gt_positive,72,72,0,2.9670802927009876,1.4553142875884308,-0.15202650541411664,-0.08014322776543438,0.4851910281817518,0.4805566963627772,-0.24867608571077335,-0.1503252543704514,0.4144251087482946,0.4649221269017557,-0.16362427547257258,-0.13441053815813891,0.07772562869357683,0.0,0.1203084011979239,0.0,0.2084007459221865,0.09586882215826642,0.016168892812073933,0.012994226165718813,0.000807712491017223,5.332385070279905e-05
kld_sweep,meshmamba,rgb_texture,cone,support_mask,intersection_positive,72,72,0,1.7620557618290718,1.0869335281164003,-0.11547670774807914,-0.03398794618423351,0.5206900981197168,0.5131201021303528,-0.19110946990641228,-0.07252691606029307,0.43102530727557187,0.47061837295201736,-0.12282478896232366,-0.11753975553341522,0.0,0.0,0.04985122231841817,0.0,0.1441931470666747,0.030945836852321322,0.017141261967430883,0.01307621571492082,0.00115529113648569,0.00014191744035747296
kld_sweep,meshmamba,rgb_texture,cone,support_mask,pred_above_1e_6,72,72,0,0.9629044159447129,0.8489004593658773,-0.025336463486924345,0.023060987440077507,0.5148668774687364,0.5270391781119299,-0.06422302563997753,-0.019887273227369974,0.49151707520673166,0.5035517153039358,0.016200274335141245,0.0004742199679803824,0.0,0.0,0.0,0.0,0.0,0.0,0.019570469538527705,0.01533631339390294,0.0013957612535847083,0.0008251308814548247
kld_sweep,meshmamba,rgb_texture,cone,support_mask,pred_above_1e_8,72,72,0,1.4378563678076568,1.2738155760292496,-0.06198383714943587,0.024482213501207488,0.48345566180083616,0.49190907594929834,-0.1127382117534088,-0.07914678068630579,0.4539496098088232,0.48835331213891486,-0.0781915514734476,-0.08313717670759568,0.0,0.0,0.0,0.0,0.10801017322720238,0.03810204054850748,0.018106192159613864,0.013249786666681966,0.00112291960774352,0.0001594577304006603
kld_sweep,meshmamba,rgb_texture,cone,support_mask,pred_positive,72,72,0,2.047915536467074,1.3868002575895875,-0.09507374201076652,0.008449674900601346,0.46743616201514904,0.48414267566032987,-0.15064287753601574,-0.09890649423103405,0.42132783432965004,0.48576415905058123,-0.15325476650642833,-0.0975051004534187,0.0,0.0,0.055358360709632265,0.0,0.15444277335907255,0.0406639358541007,0.017249195801416095,0.01307621571492082,0.0008558722054544385,0.00012250137976191255
kld_sweep,meshmamba,rgb_texture,cone,support_mask,union_positive,72,72,0,3.218097112377984,1.7043328845646721,-0.1439555822063272,-0.09874445246781252,0.4417576203707964,0.44961262579852096,-0.21928194407723445,-0.19294009652329863,0.38653557328564203,0.44638590615784035,-0.2395457459921798,-0.14014835190117547,0.07772562869357683,0.0,0.12451339689127881,0.0,0.21827710167170516,0.10579707155985527,0.016199454620407266,0.012994226165718811,0.000629935372709391,3.8886490550892774e-05
kld_sweep,meshmamba,rgb_texture,screen_space,alpha_floor,alpha_0,36,36,0,3.9176112480040826,4.820229340465763,-0.047092049177891185,0.027543818915275128,0.514629281418101,0.4908549696190367,-0.05233073402491269,-0.023926163606639128,0.4933689449867703,0.5115723589502208,-0.0019653012441359697,0.022673177447755363,0.19706629073030094,0.24233025914680834,0.19708175765077077,0.24245318290418613,0.19765835093319503,0.24394745483816693,0.015627900832530642,0.013165051962544385,0.0,0.0
kld_sweep,meshmamba,rgb_texture,screen_space,alpha_floor,alpha_0p0001,36,36,0,2.3369556373296403,2.7700267116592325,-0.047092049177891324,0.027543818915275096,0.514644617758461,0.49088113269182265,-0.05233073402491269,-0.023926163606639128,0.4933689449867703,0.5115723589502208,-0.0019653012441359532,0.022673177447755176,0.0,0.0,0.19707774310056772,0.24241109891151996,0.19765452679695794,0.24389512006073483,0.015627900832530642,0.013165051962544385,3.042472921990995e-07,3.042472921990995e-07
kld_sweep,meshmamba,rgb_texture,screen_space,alpha_floor,alpha_0p001,36,36,0,1.8830242346423756,2.1809894154745297,-0.04709204917789091,0.027543818915275187,0.5147826196098598,0.4911165851841083,-0.05233073402491269,-0.023926163606639128,0.4933689449867703,0.5115723589502208,-0.001965301244135985,0.022673177447755186,0.0,0.0,0.0,0.0,0.1976372099334677,0.24389512006073483,0.01562933798569266,0.013165051962544385,3.079382182640291e-06,3.0424729219909955e-06
kld_sweep,meshmamba,rgb_texture,screen_space,alpha_floor,alpha_0p01,36,36,0,1.4274540766436719,1.5889224777574003,-0.04709204917789144,0.027543818915275194,0.5161601037246325,0.49346867809018746,-0.05233073402491269,-0.023926163606639128,0.4933689449867703,0.5115723589502208,-0.0019653012441359597,0.022673177447755266,0.0,0.0,0.0,0.0,0.1974602365586312,0.2435208443895296,0.015708842455763882,0.013165051962544385,5.480117337197387e-05,3.0424729219909943e-05
kld_sweep,meshmamba,rgb_texture,screen_space,alpha_floor,alpha_1em05,36,36,0,2.7901654124688036,3.3579007274305797,-0.04709204917789043,0.027543818915274763,0.5146308150605888,0.4908575860013906,-0.05233073402491269,-0.023926163606639128,0.4933689449867703,0.5115723589502208,-0.0019653012441359446,0.022673177447755415,0.0,0.0,0.19708175765077077,0.24245318290418613,0.19765835093319503,0.24394745483816693,0.015627900832530642,0.013165051962544385,3.042472921990995e-08,3.042472921990995e-08
kld_sweep,meshmamba,rgb_texture,screen_space,alpha_floor,alpha_1em06,36,36,0,3.2382055743310207,3.9390237488312976,-0.04709204917789165,0.027543818915274916,0.5146294347825743,0.49085523126131325,-0.05233073402491269,-0.023926163606639128,0.4933689449867703,0.5115723589502208,-0.001965301244136005,0.022673177447755183,0.0,0.0,0.19708175765077077,0.24245318290418613,0.19765835093319503,0.24394745483816693,0.015627900832530642,0.013165051962544385,3.0424729219909947e-09,3.042472921990994e-09
kld_sweep,meshmamba,rgb_texture,screen_space,alpha_floor,alpha_1em07,36,36,0,3.642337786988405,4.463193025360324,-0.04709204917789181,0.02754381891527522,0.5146292967545484,0.49085499578326436,-0.05233073402491269,-0.023926163606639128,0.4933689449867703,0.5115723589502208,-0.001965301244135968,0.022673177447755134,0.0,0.0,0.19708175765077077,0.24245318290418613,0.19765835093319503,0.24394745483816693,0.015627900832530642,0.013165051962544385,3.0424729219909935e-10,3.0424729219909935e-10
kld_sweep,meshmamba,rgb_texture,screen_space,alpha_floor,alpha_1em08,36,36,0,3.865265288531938,4.752335367720379,-0.047092049177890616,0.027543818915274906,0.5146292829517458,0.4908549722354595,-0.05233073402491269,-0.023926163606639128,0.4933689449867703,0.5115723589502208,-0.001965301244135971,0.02267317744775545,0.0,0.0,0.19708175765077077,0.24245318290418613,0.19765835093319503,0.24394745483816693,0.015627900832530642,0.013165051962544385,3.042472921990995e-11,3.042472921990995e-11
kld_sweep,meshmamba,rgb_texture,screen_space,alpha_floor,alpha_1em09,36,36,0,3.9117049580812258,4.812568739869887,-0.047092049177891115,0.02754381891527522,0.5146292815714655,0.49085496988067895,-0.05233073402491269,-0.023926163606639128,0.4933689449867703,0.5115723589502208,-0.0019653012441360074,0.022673177447755252,0.0,0.0,0.19708175765077077,0.24245318290418613,0.19765835093319503,0.24394745483816693,0.015627900832530642,0.013165051962544385,3.042472921990995e-12,3.042472921990995e-12
kld_sweep,meshmamba,rgb_texture,screen_space,alpha_floor,alpha_1em10,36,36,0,3.9170125892703456,4.819452865637427,-0.047092049177891435,0.02754381891527509,0.5146292814334374,0.4908549696452009,-0.05233073402491269,-0.023926163606639128,0.4933689449867703,0.5115723589502208,-0.0019653012441359858,0.0226731774477552,0.0,0.0,0.19708175765077077,0.24245318290418613,0.19765835093319503,0.24394745483816693,0.015627900832530642,0.013165051962544385,3.0424729219909945e-13,3.0424729219909945e-13
kld_sweep,meshmamba,rgb_texture,screen_space,area_weighting,divide_area,36,36,0,4.187116950759233,5.109790372454954,0.519420928789471,0.5579414763475554,0.553994140382868,0.5423539518157912,0.26356891572446756,0.297852840476901,0.6516263921351517,0.654743103164616,1.0419665006324317,1.3091975047183624,0.21289043170528488,0.25166201932064436,0.21290076758236,0.2516638580292141,0.21343734413331167,0.2517385732583506,0.06632041844159699,0.026077396321194664,0.0036898172310022115,0.0
kld_sweep,meshmamba,rgb_texture,screen_space,area_weighting,multiply_area,36,36,0,4.184112395204767,3.866024621753489,0.1360750079372139,0.15047525129069467,0.49167335286950564,0.4745088149145893,0.0866460943968698,0.024331337533216944,0.623675824348446,0.611440904266543,0.4106187524951471,0.36026398947341165,0.20130104052590564,0.1851351387170454,0.2013176846365208,0.18525594458939298,0.20406404496587424,0.1898538614169904,0.048709059723853004,0.014833531823118022,0.0002813175471608766,0.0
kld_sweep,meshmamba,rgb_texture,screen_space,area_weighting,none,36,36,0,3.9176112480040826,4.820229340465763,-0.04709204917788998,0.02754381891527538,0.514629281418101,0.4908549696190367,-0.05233073402491269,-0.023926163606639128,0.4933689449867703,0.5115723589502208,-0.001965301244135977,0.022673177447755308,0.19706629073030094,0.24233025914680834,0.19708175765077077,0.24245318290418613,0.19765835093319503,0.24394745483816693,0.015627900832530642,0.013165051962544385,0.0,0.0
kld_sweep,meshmamba,rgb_texture,screen_space,baseline,baseline,36,36,0,3.9176112480040826,4.820229340465763,-0.04709204917788998,0.02754381891527538,0.514629281418101,0.4908549696190367,-0.05233073402491269,-0.023926163606639128,0.4933689449867703,0.5115723589502208,-0.001965301244135977,0.022673177447755308,0.19706629073030094,0.24233025914680834,0.19708175765077077,0.24245318290418613,0.19765835093319503,0.24394745483816693,0.015627900832530642,0.013165051962544385,0.0,0.0
kld_sweep,meshmamba,rgb_texture,screen_space,diffusion,diffusion_steps10_blend0p5,36,36,0,2.4616856454480467,2.3587120128246664,-0.048216231386819304,0.02817042199274368,0.5172392335713758,0.49203804298279785,-0.05208167202810527,-0.01886479626152919,0.4918815492902932,0.5116630511323516,-0.002188993691956166,0.021741766620232653,0.07566834212951903,0.04991735640871588,0.1015704895947606,0.0835025732575049,0.14008148579698718,0.1435843997026221,0.014479638227417404,0.01297045577724092,1.2467251159508463e-05,1.189383497720676e-12
kld_sweep,meshmamba,rgb_texture,screen_space,diffusion,diffusion_steps1_blend0p5,36,36,0,3.598135234252606,4.376390586161398,-0.04718917368785555,0.027830073164205042,0.5153135386328835,0.4910643306208199,-0.05244820657667746,-0.02310836541452052,0.4927826396000333,0.5123250503248664,-0.0016219303588617705,0.022641520135574487,0.17529668965113449,0.2050600172532117,0.17532225252604053,0.20506687921000133,0.17915121197897585,0.21126161983088362,0.015546830643392441,0.013094216700460456,0.0,0.0
kld_sweep,meshmamba,rgb_texture,screen_space,diffusion,diffusion_steps20_blend0p5,36,36,0,2.2115311274403266,1.9606906641893498,-0.049316590722425335,0.02804430699360707,0.5180849042199185,0.49270169190280727,-0.05396053785780847,-0.01755048285712907,0.4910313454718433,0.5116414920376569,-0.003723326647961257,0.022057890077557027,0.04700342569696883,0.02020098748147591,0.08428110702468426,0.057243014255313515,0.12431423080971608,0.12066056735414468,0.01407513127230378,0.012966691033662311,3.203746362146909e-05,6.641331542252173e-11
kld_sweep,meshmamba,rgb_texture,screen_space,diffusion,diffusion_steps3_blend0p5,36,36,0,3.1294251076994706,3.633796782726252,-0.047400515844854024,0.02806166642647408,0.5160546593199679,0.49134578607590396,-0.05202935284210186,-0.021872242283781776,0.4927123352108249,0.5120543467726979,-0.0014500353959158525,0.02244841156658068,0.13984655912435193,0.14516094791761897,0.14025655326916558,0.1452796968805828,0.16457803533012688,0.1862574153545254,0.015009258395816192,0.012970455777240918,1.2282224077124776e-08,0.0
kld_sweep,meshmamba,rgb_texture,screen_space,diffusion,diffusion_steps40_blend0p5,36,36,0,1.9765738761026077,1.809539953099708,-0.05128451812678798,0.027781765211364506,0.5191058868009796,0.4936082952464935,-0.056647588574923476,-0.016699286061242817,0.4899464977690192,0.5120280284789238,-0.006609367994600019,0.02256471152869704,0.03558261631692947,0.0,0.07097331941993786,0.04702539198695737,0.10485123954415805,0.0772199148144562,0.013757899033905917,0.012877616567880579,6.673351672554377e-05,6.459790549216828e-08
kld_sweep,meshmamba,rgb_texture,screen_space,diffusion,diffusion_steps5_blend0p5,36,36,0,2.8244035634000815,3.0651831900676343,-0.047633107293883405,0.028148611725857177,0.516523121078328,0.4915772540572908,-0.051630682443633835,-0.020800598642955612,0.49270380113468015,0.5118385835586852,-0.001560401817147418,0.022173137042088994,0.11326740817160173,0.10837573301321703,0.12166651670474093,0.11923143204911946,0.15769665616580306,0.17296179871942047,0.01481144192578177,0.01297045577724092,1.8861969895977616e-06,0.0
kld_sweep,meshmamba,rgb_texture,screen_space,support_mask,gt_positive,36,36,0,3.7287364580594575,4.6540606944086615,-0.0687138702243813,0.0013774009030737403,0.569344105027901,0.5492837748843183,-0.08679056948652965,-0.015451068630255457,0.49079210585468114,0.4999394141348529,-0.014975266852505179,0.0072390589527656125,0.19706629073030094,0.24233025914680834,0.19708010576803614,0.24243305224645925,0.19757252364737724,0.2437856549658176,0.015627900832530642,0.013165051962544385,0.0,0.0
kld_sweep,meshmamba,rgb_texture,screen_space,support_mask,intersection_positive,36,36,0,0.43779665009125746,0.40445228465089833,0.0007203400991253193,0.031753564030235104,0.64003302932367,0.6443548846215561,-0.007671116397051967,0.006013945329925663,0.5392546308761099,0.5506472177510655,0.12890117228334808,0.1393850851414685,0.0,0.0,1.6533719657528484e-05,0.0,0.0005989366987469774,0.0001085884064648681,0.020573125339227897,0.01589584324164653,0.002560226169810749,0.0022609377553983825
kld_sweep,meshmamba,rgb_texture,screen_space,support_mask,pred_above_1e_6,36,36,0,0.6883555738383421,0.6363748301397603,-0.004785545283497672,0.04982346872964975,0.5658206008159854,0.5664498089565053,-0.0205320040624161,0.013684073713569672,0.5349405279071663,0.5468376392341527,0.12398561402346,0.13763325076828248,0.0,0.0,0.0,0.0,0.0,0.0,0.021029631185893807,0.016090553052268943,0.0020377537260391427,0.002186908846986701
kld_sweep,meshmamba,rgb_texture,screen_space,support_mask,pred_above_1e_8,36,36,0,0.6902375029130102,0.6370966539502443,-0.004393962745666192,0.05052275637380734,0.5656469565482511,0.5663462146870419,-0.01986669638205446,0.013915402893952454,0.5353666707183039,0.5473520151913583,0.12497746457799652,0.13933489199287433,0.0,0.0,0.0,0.0,0.0006872463787724319,0.00014195203715193218,0.020898543435611584,0.015998080431293988,0.0020031248782177557,0.002141477647563503
kld_sweep,meshmamba,rgb_texture,screen_space,support_mask,pred_positive,36,36,0,0.6903731790572911,0.6370966539502443,-0.004386471031196733,0.05052275637380734,0.5656422617945036,0.5663462146870419,-0.01986439593903266,0.013915402893952454,0.5353872428403537,0.5474014474901197,0.12502795108764275,0.13950662552477386,0.0,0.0,1.856709558448959e-05,0.0,0.0007057190252376377,0.00014195203715193218,0.020884087136498065,0.015998080431293988,0.0020014585988122552,0.002141477647563503
kld_sweep,meshmamba,rgb_texture,screen_space,support_mask,union_positive,36,36,0,3.9176112480040826,4.820229340465763,-0.10519481992856028,-0.0068857595236078515,0.514629281418101,0.49085496961903674,-0.13916626227673554,-0.0685530525281443,0.4726952263884121,0.4871722326016704,-0.07277791238898935,-0.05650258485315962,0.19706629073030094,0.24233025914680834,0.19708175765077077,0.24245318290418613,0.19765835093319503,0.24394745483816693,0.015627900832530642,0.013165051962544385,0.0,0.0
reference,meshmamba,non_texture,cone,alpha_floor,alpha_0,105,105,0,0.9634521316164526,0.6441440196144197,0.3212397190361732,0.3112471384186743,0.593469025477623,0.5975483263936717,0.2684047903994117,0.280188344368532,0.6910598547991236,0.7099115486267193,0.7350878888724856,0.5845377562325026,0.018440973995552473,0.0,0.019211343028221427,0.0,0.03543488553043377,0.0057150028740154,0.011857609945564883,0.009820446835574074,0.0013360174966905638,0.0009906158036198792
reference,meshmamba,non_texture,cone,alpha_floor,alpha_0p0001,105,105,0,0.8146701993518098,0.6379433172881962,0.3212397190361731,0.3112471384186735,0.5934854122512702,0.5975733628869715,0.2684047903994117,0.280188344368532,0.6910598547991236,0.7099115486267193,0.7350878888724856,0.5845377562325026,0.0,0.0,0.01889810609223166,0.0,0.035396252998461844,0.0057150028740154,0.01227866518800574,0.009854344917314666,0.0013807783204022276,0.0010065344694192193
reference,meshmamba,non_texture,cone,alpha_floor,alpha_0p001,105,105,0,0.7674771087931446,0.6255014549486329,0.32123971903617327,0.31124713841867335,0.5936328015323029,0.597798668699035,0.2684047903994117,0.280188344368532,0.6910598547991236,0.7099115486267193,0.7350878888724856,0.5845377562325025,0.0,0.0,0.0,0.0,0.03509126166348254,0.005210610328154562,0.012468781810690128,0.009924178580473914,0.0014368533580507916,0.0010225260028358613
reference,meshmamba,non_texture,cone,alpha_floor,alpha_0p01,105,105,0,0.7038249118277929,0.6008079308196326,0.32123971903617304,0.3112471384186733,0.5950982182050882,0.5997074704449579,0.2684047903994117,0.280188344368532,0.6910598547991236,0.7099115486267193,0.7350878888724856,0.5845377562325026,0.0,0.0,0.0,0.0,0.031955317476227194,0.0034230001198615224,0.013104790582269921,0.010521296139939532,0.0016751386870289256,0.0011166883652365441
reference,meshmamba,non_texture,cone,alpha_floor,alpha_1em05,105,105,0,0.857850438818039,0.6380925230793579,0.32123971903617293,0.3112471384186725,0.5934706642646758,0.5975508300430016,0.2684047903994117,0.280188344368532,0.6910598547991236,0.7099115486267193,0.7350878888724856,0.5845377562325025,0.0,0.0,0.019184600642652573,0.0,0.03543117763454571,0.0057150028740154,0.01216183828553758,0.009820446835574072,0.001354033962478127,0.0009906363221910627
reference,meshmamba,non_texture,cone,alpha_floor,alpha_1em06,105,105,0,0.8998650885144441,0.6441426279062316,0.32123971903617315,0.3112471384186734,0.5934691893579545,0.5975485767586046,0.2684047903994117,0.280188344368532,0.6910598547991236,0.7099115486267193,0.7350878888724856,0.5845377562325024,0.0,0.0,0.019209574423279384,0.0,0.03543429672585221,0.0057150028740154,0.012088218376478903,0.009820446835574074,0.0013490351659160228,0.0009906178554769975
reference,meshmamba,non_texture,cone,alpha_floor,alpha_1em07,105,105,0,0.9376917295902384,0.6441438804425474,0.32123971903617327,0.3112471384186731,0.5934690418656694,0.5975483514301649,0.2684047903994117,0.280188344368532,0.6910598547991236,0.7099115486267193,0.7350878888724856,0.5845377562325027,0.0,0.0,0.019211343028221427,0.0,0.03543488553043377,0.0057150028740154,0.011953692446592452,0.009820446835574074,0.0013409962795725729,0.0009906160088055912
reference,meshmamba,non_texture,cone,alpha_floor,alpha_1em08,105,105,0,0.9585536272035098,0.6441440056972217,0.32123971903617343,0.3112471384186735,0.5934690271164277,0.5975483288973209,0.2684047903994117,0.280188344368532,0.6910598547991236,0.7099115486267193,0.7350878888724856,0.5845377562325025,0.0,0.0,0.019211343028221427,0.0,0.03543488553043377,0.0057150028740154,0.011876109612392563,0.009820446835574074,0.0013373505122039639,0.0009906158241384502
reference,meshmamba,non_texture,cone,alpha_floor,alpha_1em09,105,105,0,0.9628994257208043,0.6441440182227,0.3212397190361736,0.31124713841867335,0.5934690256415035,0.5975483266440367,0.2684047903994117,0.280188344368532,0.6910598547991236,0.7099115486267193,0.7350878888724856,0.5845377562325025,0.0,0.0,0.019211343028221427,0.0,0.03543488553043377,0.0057150028740154,0.01186341322114174,0.009820446835574074,0.0013364126988640874,0.0009906158056717362
reference,meshmamba,non_texture,cone,alpha_floor,alpha_1em10,105,105,0,0.9633961096236213,0.6441440194752477,0.32123971903617293,0.31124713841867346,0.593469025494011,0.5975483264187081,0.2684047903994117,0.280188344368532,0.6910598547991236,0.7099115486267193,0.7350878888724856,0.5845377562325026,0.0,0.0,0.019211343028221427,0.0,0.03543488553043377,0.0057150028740154,0.011857609945564883,0.009820446835574074,0.0013360174968612092,0.0009906158038250651
reference,meshmamba,non_texture,cone,area_weighting,divide_area,105,105,0,0.8774926857932543,0.519176064521545,0.6960332087705745,0.7519946532033154,0.6331077720985921,0.6433726410227324,0.5882118529890206,0.6456045555300871,0.8688634158456532,0.9093462308536855,1.3471889844065532,1.4116839505767356,0.018695035862621667,0.0,0.019246652437297566,4.2997992101045275e-06,0.03461724955740845,0.006141284260205011,0.07194113901340755,0.051988390453247366,0.02514845591146736,0.013007411570551497
reference,meshmamba,non_texture,cone,area_weighting,multiply_area,105,105,0,1.1394379214007344,0.7959419344396281,0.2644267586433258,0.263680637602621,0.5487146374398644,0.5739981338876508,0.23416857347902112,0.24607331894404608,0.6921226292207913,0.6935107880887085,0.6339957726832003,0.658359005239422,0.01923964612012744,0.0,0.01992428178922826,0.0,0.0412645433988713,0.015328510192427182,0.02435569442258648,0.016261009516619174,0.0026591925948583855,0.0014773405437118877
reference,meshmamba,non_texture,cone,area_weighting,none,105,105,0,0.9634521316164525,0.6441440196144197,0.32123971903617193,0.31124713841867196,0.593469025477623,0.5975483263936717,0.2684047903994117,0.280188344368532,0.6910598547991236,0.7099115486267193,0.7350878888724856,0.5845377562325025,0.018440973995552473,0.0,0.019211343028221427,0.0,0.03543488553043377,0.005715002874015399,0.011857609945564883,0.009820446835574074,0.0013360174966905636,0.0009906158036198792
reference,meshmamba,non_texture,cone,baseline,baseline,105,105,0,0.9634521316164525,0.6441440196144197,0.32123971903617193,0.31124713841867196,0.593469025477623,0.5975483263936717,0.2684047903994117,0.280188344368532,0.6910598547991236,0.7099115486267193,0.7350878888724856,0.5845377562325025,0.018440973995552473,0.0,0.019211343028221427,0.0,0.03543488553043377,0.005715002874015399,0.011857609945564883,0.009820446835574074,0.0013360174966905636,0.0009906158036198792
reference,meshmamba,non_texture,cone,diffusion,diffusion_steps10_blend0p5,105,105,0,0.9380531182798949,0.6334853008956135,0.3215046706550304,0.31164166836891677,0.5945647844751799,0.5989807825901796,0.2675601453508355,0.27914169661012256,0.6906009814184894,0.7100887008776992,0.7354643442584486,0.5937513178799668,0.01456464524843279,0.0,0.01840937312098672,0.0,0.03456009716462162,0.005152407594093489,0.01208487498079551,0.009936479990456173,0.0013765034626424936,0.0009886469718679719
reference,meshmamba,non_texture,cone,diffusion,diffusion_steps1_blend0p5,105,105,0,0.9585650379617553,0.6429414259658861,0.3212687605956203,0.3112894386185252,0.5935954367555862,0.59770325814284,0.2682529675225355,0.28005202392055,0.6909876140096504,0.709934071902751,0.7351241597492502,0.5857629693515576,0.017910907890755796,0.0,0.01908432267874272,0.0,0.035336754256794785,0.005688788570944547,0.011920315848677305,0.009820446835574074,0.0013461553890581153,0.0009940259642916202
reference,meshmamba,non_texture,cone,diffusion,diffusion_steps20_blend0p5,105,105,0,0.9243441138299986,0.6263878708329937,0.3217260148579225,0.3120127199086021,0.5954790392335394,0.599946988335251,0.2671900163620477,0.27753747991307043,0.6903926417998218,0.7102293530799865,0.7358197967529233,0.5948808494478857,0.011731864466732772,0.0,0.01789932674202582,0.0,0.033866090925971065,0.004441522339848366,0.012205978741987342,0.009969737482743898,0.0014033727822743687,0.0010032370922670045
reference,meshmamba,non_texture,cone,diffusion,diffusion_steps3_blend0p5,105,105,0,0.9516519891368618,0.6406772016634754,0.3213250991665076,0.3113698815752434,0.5938313443926908,0.5979989893839445,0.26803342237125255,0.2798715000408058,0.6908759286233573,0.7099767941350047,0.7352003977251227,0.5880329857589759,0.01703394144138165,0.0,0.018903614085718282,0.0,0.035150014911037385,0.005599455798576034,0.01198273394031929,0.009824215868051173,0.0013554744409429258,0.0009914198739483086
reference,meshmamba,non_texture,cone,diffusion,diffusion_steps40_blend0p5,105,105,0,0.9032775036832397,0.6156932143034208,0.3220998975947678,0.31382535365432057,0.5970437154735766,0.6013156052875124,0.26684004591268706,0.2745918073174361,0.6901032563204336,0.7104496389472571,0.7364839683716602,0.5972083233633777,0.009277890429496718,0.0,0.017106685572242722,0.0,0.03254050980906329,0.0033318292447106664,0.012354827614419615,0.010019732171511614,0.0014375680466447765,0.0010729587012723084
reference,meshmamba,non_texture,cone,diffusion,diffusion_steps5_blend0p5,105,105,0,0.9469008441657065,0.6385248742804148,0.3213791843954082,0.3114487861050648,0.5940525508213366,0.5982861679742342,0.2678699042865776,0.279747512962303,0.6907820003666403,0.7100119469009757,0.7352772286754987,0.5901215762223081,0.01627615662256923,0.0,0.018751102639388666,0.0,0.034981610336941714,0.005527817277755014,0.012026587114146649,0.009903694668978962,0.0013648613014844702,0.0009907498886154696
reference,meshmamba,non_texture,cone,support_mask,gt_positive,105,105,0,0.8353459595730579,0.5458155850247618,0.294161943687084,0.2873254323841862,0.6338934485554676,0.6322527419375805,0.24916967435076573,0.2664316735570269,0.6782968010342287,0.6792248070087104,0.644954596539777,0.5549067463405147,0.01844097399555247,0.0,0.01910019635314099,0.0,0.03415779427161254,0.004951246042261485,0.011461584062809869,0.00966618076156733,0.001474823734671501,0.0010560879700449895
reference,meshmamba,non_texture,cone,support_mask,intersection_positive,105,105,0,0.5299411173593576,0.5012270349045682,0.303868685453393,0.2873254323841862,0.6420994356689181,0.6351371332193357,0.2598372330011474,0.2699628353689728,0.6842966263572443,0.6792248070087104,0.6598474630313694,0.5595926723250166,0.0,0.0,0.0007035867012852297,0.0,0.016507428389799142,0.004029674834730683,0.012336870231702811,0.010056069208667974,0.0018707722788214756,0.0011490211554824861
reference,meshmamba,non_texture,cone,support_mask,pred_above_1e_6,105,105,0,0.597738591239853,0.5676859656886509,0.32446449847162423,0.30216156208992084,0.6052594541682311,0.6061402495569909,0.2705445285114279,0.270674747268774,0.6942261678781675,0.7028185892631188,0.7348418167122208,0.5936630380636245,0.0,0.0,0.0,0.0,0.0,0.0,0.013711067206674771,0.011115109103327797,0.0020211886531029868,0.00126677528621979
reference,meshmamba,non_texture,cone,support_mask,pred_above_1e_8,105,105,0,0.6560048250150395,0.6193959779931038,0.3294032086916471,0.3109751274674924,0.600409138716347,0.5993049736548158,0.2770178981596392,0.2699955347311401,0.6970407514567359,0.7099115486267193,0.7481294341299571,0.5926571449305829,0.0,0.0,0.0,0.0,0.01707156615615997,0.005091301217900679,0.012845066373376474,0.010410572841344517,0.0017598142405290235,0.0010911334065300759
reference,meshmamba,non_texture,cone,support_mask,pred_positive,105,105,0,0.6614952826466837,0.6201271766969652,0.329693886471605,0.3112106813367879,0.6001683449340367,0.5993049736548158,0.2773963716174158,0.2719430523518404,0.6972348853727314,0.7099115486267193,0.749025181828076,0.5926571449305829,0.0,0.0,0.000825909201951413,0.0,0.017818048134938674,0.005170624808230788,0.012714253293152473,0.010393725952476935,0.0017053622046838378,0.0010911333831849488
reference,meshmamba,non_texture,cone,support_mask,union_positive,105,105,0,0.9634521316164525,0.6441440196144197,0.31757535524599845,0.31016545287022224,0.593469025477623,0.5975483263936717,0.2598248577463744,0.2637037870084992,0.6886138800062014,0.7057205331378764,0.7270387315916758,0.5779380635204179,0.018440973995552473,0.0,0.019211343028221427,0.0,0.03543488553043377,0.005715002874015399,0.011857609945564883,0.009820446835574074,0.0013360174966905636,0.0009906158036198792
reference,meshmamba,non_texture,screen_space,alpha_floor,alpha_0,105,105,0,1.953945983884797,1.7499801675434048,0.13591947605859314,0.130324088656505,0.5832579657606975,0.5964695283664813,0.12720840724050958,0.10609363665788961,0.5815541774870959,0.5880741882708281,0.2777158802598513,0.2518097046721088,0.08611732587005765,0.07001728343120744,0.08611986429282575,0.07001728343120744,0.08679266291216614,0.07141057725357093,0.011541498136886019,0.010301429980345903,2.424058107879565e-05,0.0
reference,meshmamba,non_texture,screen_space,alpha_floor,alpha_0p0001,105,105,0,1.2631869803518057,1.1124383116809347,0.13591947605859314,0.13032408865650488,0.5832688506375633,0.5964810322832865,0.12720840724050958,0.10609363665788961,0.5815541774870959,0.5880741882708281,0.2777158802598513,0.251809704672109,0.0,0.0,0.08611913247342216,0.07001728343120744,0.08678873927168836,0.07141057725357093,0.012205067060967892,0.010522851216764943,0.00013209614405584912,3.042472921990995e-07
reference,meshmamba,non_texture,screen_space,alpha_floor,alpha_0p001,105,105,0,1.0646593138653904,0.9284606664207615,0.1359194760585927,0.1303240886565049,0.583366775429895,0.5965845506610397,0.12720840724050958,0.10609363665788961,0.5815541774870959,0.5880741882708281,0.2777158802598513,0.251809704672109,0.0,0.0,0.0,0.0,0.08675980135412963,0.07141057725357093,0.012338284644638535,0.010522851216764943,0.00015677483932214573,3.0424729219909955e-06
reference,meshmamba,non_texture,screen_space,alpha_floor,alpha_0p01,105,105,0,0.8640750363005143,0.7970642880946538,0.13591947605859234,0.13032408865650497,0.584342256805645,0.597614837570316,0.12720840724050958,0.10609363665788961,0.5815541774870959,0.5880741882708281,0.2777158802598512,0.25180970467210856,0.0,0.0,0.0,0.0,0.08650705071964972,0.07128251855294981,0.012632990419545225,0.010637712206264936,0.00023874130235285458,3.0424729219909943e-05
reference,meshmamba,non_texture,screen_space,alpha_floor,alpha_1em05,105,105,0,1.461253790644302,1.2988556641910345,0.13591947605859267,0.130324088656505,0.5832590542823912,0.5964706787581618,0.12720840724050958,0.10609363665788961,0.5815541774870959,0.5880741882708281,0.2777158802598513,0.25180970467210856,0.0,0.0,0.08611986429282575,0.07001728343120744,0.08679167727044122,0.07141057725357093,0.012074329327994703,0.010522675076093354,0.00011002996685623482,3.042472921990995e-08
reference,meshmamba,non_texture,screen_space,alpha_floor,alpha_1em06,105,105,0,1.6570476122471465,1.4658803302904884,0.13591947605859267,0.13032408865650513,0.5832580746131314,0.5964696434056493,0.12720840724050958,0.10609363665788961,0.5815541774870959,0.5880741882708281,0.2777158802598513,0.251809704672109,0.0,0.0,0.08611986429282575,0.07001728343120744,0.08679167727044122,0.07141057725357093,0.011881464673044032,0.010471827482900013,7.198049486791645e-05,3.042472921990996e-09
reference,meshmamba,non_texture,screen_space,alpha_floor,alpha_1em07,105,105,0,1.8336523415545802,1.6466228301646781,0.1359194760585928,0.13032408865650494,0.583257976645941,0.5964695398703981,0.12720840724050958,0.10609363665788961,0.5815541774870959,0.5880741882708281,0.2777158802598512,0.2518097046721089,0.0,0.0,0.08611986429282575,0.07001728343120744,0.08679266291216614,0.07141057725357093,0.011687999628119816,0.010415338458462731,4.0609128804511657e-05,3.0424729219909935e-10
reference,meshmamba,non_texture,screen_space,alpha_floor,alpha_1em08,105,105,0,1.9310709664223817,1.732152246592312,0.1359194760585925,0.130324088656505,0.5832579668492219,0.596469529516873,0.12720840724050958,0.10609363665788961,0.5815541774870959,0.5880741882708281,0.2777158802598513,0.2518097046721086,0.0,0.0,0.08611986429282575,0.07001728343120744,0.08679266291216614,0.07141057725357093,0.011554104268596262,0.010301429980345903,2.5830637610232443e-05,3.042472921990996e-11
reference,meshmamba,non_texture,screen_space,alpha_floor,alpha_1em09,105,105,0,1.9513649540601488,1.7479686107659633,0.1359194760585926,0.13032408865650508,0.58325796586955,0.5964695284815205,0.12720840724050958,0.10609363665788961,0.5815541774870959,0.5880741882708281,0.2777158802598513,0.2518097046721089,0.0,0.0,0.08611986429282575,0.07001728343120744,0.08679266291216614,0.07141057725357093,0.011541498136886019,0.010301429980345903,2.4240584097027993e-05,3.042472921990995e-12
reference,meshmamba,non_texture,screen_space,alpha_floor,alpha_1em10,105,105,0,1.953684371931488,1.7497762771064997,0.13591947605859303,0.13032408865650508,0.5832579657715828,0.5964695283779853,0.12720840724050958,0.10609363665788961,0.5815541774870959,0.5880741882708281,0.2777158802598512,0.2518097046721087,0.0,0.0,0.08611986429282575,0.07001728343120744,0.08679266291216614,0.07141057725357093,0.011541498136886019,0.010301429980345903,2.4240581380618887e-05,3.0424729219909945e-13
reference,meshmamba,non_texture,screen_space,area_weighting,divide_area,105,105,0,1.81751813848063,1.5040990266945475,0.6991467487114722,0.7261449928725161,0.6420359842218699,0.6541936526554896,0.5293263605785195,0.5578578652700839,0.83507421027903,0.847922526553734,1.3412551158673163,1.408485977967647,0.08283950942261292,0.0661252003448137,0.08284169924071888,0.0661252003448137,0.08372093092184142,0.0663828483482699,0.04299963568102336,0.02934505365633027,0.006380479407999833,1.2623703204679099e-05
reference,meshmamba,non_texture,screen_space,area_weighting,multiply_area,105,105,0,2.188073827522808,1.8374002717565137,0.19291536227876974,0.1965556341756314,0.5358047234587209,0.5651089461894723,0.17113779094254522,0.18719486162497975,0.6636941949981013,0.6695185419373166,0.5008600601083318,0.48419401098092524,0.08898608865342847,0.06615804724396047,0.08899356675380483,0.06615804724396047,0.09334280236328207,0.07362219501028747,0.018719622428600976,0.013010756922219507,0.0003506670097062223,0.0
reference,meshmamba,non_texture,screen_space,area_weighting,none,105,105,0,1.953945983884797,1.7499801675434048,0.13591947605859206,0.13032408865650466,0.5832579657606975,0.5964695283664813,0.12720840724050958,0.10609363665788961,0.5815541774870959,0.5880741882708281,0.2777158802598512,0.2518097046721088,0.08611732587005765,0.07001728343120744,0.08611986429282574,0.07001728343120744,0.08679266291216614,0.07141057725357093,0.011541498136886019,0.010301429980345903,2.4240581078795644e-05,0.0
reference,meshmamba,non_texture,screen_space,baseline,baseline,105,105,0,1.953945983884797,1.7499801675434048,0.13591947605859206,0.13032408865650466,0.5832579657606975,0.5964695283664813,0.12720840724050958,0.10609363665788961,0.5815541774870959,0.5880741882708281,0.2777158802598512,0.2518097046721088,0.08611732587005765,0.07001728343120744,0.08611986429282574,0.07001728343120744,0.08679266291216614,0.07141057725357093,0.011541498136886019,0.010301429980345903,2.4240581078795644e-05,0.0
reference,meshmamba,non_texture,screen_space,diffusion,diffusion_steps10_blend0p5,105,105,0,0.9793747769230888,0.7923736835661681,0.1410368183591922,0.13535932113971572,0.5887985623124393,0.6029392908222131,0.13200568729608,0.13423340576502393,0.5847724260985733,0.601208586883029,0.2872692926327887,0.2645367344266136,0.010702922946248469,0.0004794806643720868,0.021822633168265295,0.006038010448413992,0.04398049035578573,0.026149053601298496,0.010628491913365326,0.008149717718093034,0.0003002003657591233,1.8224511097818714e-05
reference,meshmamba,non_texture,screen_space,diffusion,diffusion_steps1_blend0p5,105,105,0,1.628926242677362,1.3486582730589556,0.13725999351782306,0.13154850251206596,0.5846403626147721,0.598205295789264,0.12820683069074246,0.12011440117146928,0.5821727965574458,0.5913361678256335,0.28021003823595697,0.254213150165271,0.06387696129224853,0.04254589246624186,0.06389408296293085,0.04258870732630694,0.06867455900216532,0.050849726406056256,0.010665391569823155,0.00909234931427289,3.639225844955636e-05,0.0
reference,meshmamba,non_texture,screen_space,diffusion,diffusion_steps20_blend0p5,105,105,0,0.8628871822155331,0.7040323912083805,0.14300885582451972,0.13735280369987207,0.5910474134435028,0.6051860307169116,0.13342912680249383,0.13834283789329832,0.5860782820201329,0.6056677713454708,0.2910947801487152,0.27257033620800364,0.0038903307214577477,0.0,0.014112653737212195,0.0016290030656765416,0.03420916556250365,0.018225307436900744,0.011468770748040962,0.00940284969522984,0.0005055525085817985,0.00010665936099593374
reference,meshmamba,non_texture,screen_space,diffusion,diffusion_steps3_blend0p5,105,105,0,1.302589130830861,1.0251660227687156,0.13861698520119137,0.1328833392895298,0.5861010501521674,0.6000261282656641,0.1295905616252574,0.12986029940595117,0.5830666811020035,0.5951382308523712,0.28272970981032475,0.25727460681989645,0.039092336545471174,0.02129878116895552,0.03978628607344371,0.02232784149144032,0.05888494162556028,0.03871049970458664,0.009781945243699488,0.00800537760247975,7.64813203074161e-05,0.0
reference,meshmamba,non_texture,screen_space,diffusion,diffusion_steps40_blend0p5,105,105,0,0.7704548182705377,0.6415539954395444,0.14555144108523682,0.13877285203131595,0.5939598615547873,0.6059396389870165,0.13520838861037818,0.13986968441065487,0.5878573649522368,0.6053849738504251,0.2962436400484114,0.28615363184710624,0.00030130767180436806,0.0,0.009063303614228312,2.6838410602811025e-05,0.024356655802426,0.009003999126744506,0.012228461903517519,0.010147072011276268,0.0007703646178921819,0.00041483792423421925
reference,meshmamba,non_texture,screen_space,diffusion,diffusion_steps5_blend0p5,105,105,0,1.1428605153596552,0.9279732929432467,0.13951074721329756,0.1337920006648904,0.5870866152642988,0.601374842211555,0.13055671029525287,0.132357146979693,0.5837045322312437,0.5975228729380837,0.284394660476448,0.25966309201754995,0.025429416900104886,0.010154705586201972,0.031543353567311694,0.015935709002670048,0.053378706479507085,0.0343344049476335,0.009878937456282287,0.007929678195596835,0.00015029171623868066,5.669148563205145e-07
reference,meshmamba,non_texture,screen_space,support_mask,gt_positive,105,105,0,1.7899508448139043,1.6060395815570323,0.11235389805637976,0.10289557065979708,0.6381802755246313,0.6528520980898525,0.10445501541189153,0.10330062178767462,0.5673636338211306,0.581298888993912,0.22234948395599954,0.2195281720584373,0.08611732587005765,0.07001728343120744,0.08611972805832194,0.07001728343120744,0.08661982852150453,0.07133088334465354,0.011473369281654749,0.010261746534912016,1.894586527813132e-05,0.0
reference,meshmamba,non_texture,screen_space,support_mask,intersection_positive,105,105,0,0.37848258624286857,0.3491090501057921,0.12763553977667222,0.1456129475387284,0.6683770779705327,0.6793991297667903,0.1192036720896204,0.11076962891435911,0.5750398047556079,0.5950637602528396,0.2505161626762514,0.23420990675846218,0.0,0.0,2.6429112701805694e-06,0.0,0.0005577047708137657,0.00032905522779192494,0.015537186382759034,0.013090009703698242,0.001959915455525125,0.0016191846720656701
reference,meshmamba,non_texture,screen_space,support_mask,pred_above_1e_6,105,105,0,0.5581811801557466,0.4938730697988176,0.153023612627094,0.14473128524543705,0.6074255111353772,0.625776524595289,0.1455859480491599,0.1529851664529108,0.5903004893612226,0.6061838198067553,0.30818449562165195,0.31130126262965685,0.0,0.0,0.0,0.0,0.0,0.0,0.015841838635833824,0.013654787437058436,0.0017083279276215084,0.0014671979148106929
reference,meshmamba,non_texture,screen_space,support_mask,pred_above_1e_8,105,105,0,0.5603609724046608,0.49474335022747307,0.15297565964708776,0.14450550625895228,0.607237003230167,0.6253612552153971,0.14544727153638806,0.1529234037236489,0.5904456224436114,0.6061144114918884,0.3086255729470418,0.31120154360044844,0.0,0.0,0.0,0.0,0.0007483619785373666,0.00046446610442930876,0.01571383905747031,0.013090009703698245,0.0016702622889548677,0.0014471024448833001
reference,meshmamba,non_texture,screen_space,support_mask,pred_positive,105,105,0,0.5603845499877083,0.49474335022747307,0.15297684020606192,0.14450550625895228,0.6072363804248058,0.6253612552153971,0.14544681859316094,0.15293107074878087,0.5904456733724303,0.6061144114918884,0.30862956320743057,0.31120154360044844,0.0,0.0,2.800919602074722e-06,0.0,0.0007511590755160518,0.00046446610442930876,0.01570669111239557,0.013090009703698245,0.0016687978886669747,0.0014471024448833001
reference,meshmamba,non_texture,screen_space,support_mask,union_positive,105,105,0,1.953945983884797,1.7499801675434048,0.11344436441792934,0.10608444119189235,0.5832579657606975,0.5964695283664813,0.09395066375272763,0.08388598188668138,0.5736711432431559,0.5756732194350119,0.25170990950798733,0.20399593081922449,0.08611732587005765,0.07001728343120744,0.08611986429282574,0.07001728343120744,0.08679266291216614,0.07141057725357093,0.011541498136886019,0.010301429980345903,2.4240581078795648e-05,0.0
reference,meshmamba,rgb_texture,cone,alpha_floor,alpha_0,105,105,0,1.1570151936312514,0.6845534974713771,0.269609638854393,0.24795497295072472,0.5718909979813918,0.6063970120143867,0.2325528835916405,0.21913606741784689,0.6511148421890781,0.6757566871992211,0.5783891841475377,0.4493344598119327,0.02491626323004376,0.0,0.02600828229175066,0.0,0.04512939576136531,0.011696203454824474,0.012495936189510802,0.011184697707341745,0.0011699583069619082,0.0005821744826134459
reference,meshmamba,rgb_texture,cone,alpha_floor,alpha_0p0001,105,105,0,0.9559944289108112,0.6648241371927355,0.2696096388543932,0.24795497295072408,0.5719081386955305,0.6064192571826056,0.2325528835916405,0.21913606741784689,0.6511148421890781,0.6757566871992211,0.5783891841475377,0.44933445981193276,0.0,0.0,0.025505319763384927,0.0,0.045086007363091686,0.011688063386391959,0.013137600902132486,0.011633640529510625,0.0012290015138553163,0.0006941183764150413
reference,meshmamba,rgb_texture,cone,alpha_floor,alpha_0p001,105,105,0,0.8924116207689148,0.6582899103795449,0.26960963885439293,0.2479549729507256,0.5720623277726244,0.60661940821597,0.2325528835916405,0.21913606741784689,0.6511148421890781,0.6757566871992211,0.5783891841475377,0.4493344598119328,0.0,0.0,0.0,0.0,0.04474163274589334,0.011209050122547406,0.013552417716896808,0.011927459239828174,0.0013329549815765008,0.0007510824004084438
reference,meshmamba,rgb_texture,cone,alpha_floor,alpha_0p01,105,105,0,0.809349054088924,0.6346322910347109,0.26960963885439265,0.2479549729507227,0.5735962147113327,0.608613593087219,0.2325528835916405,0.21913606741784689,0.6511148421890781,0.6757566871992211,0.5783891841475377,0.4493344598119327,0.0,0.0,0.0,0.0,0.04132691640829168,0.006605805741279126,0.01395208555346626,0.01204618432010241,0.001431339915180035,0.0007843559906998112
reference,meshmamba,rgb_texture,cone,alpha_floor,alpha_1em05,105,105,0,1.014333390486116,0.6697986284511701,0.26960963885439293,0.24795497295072508,0.5718927121190086,0.6063992369543594,0.2325528835916405,0.21913606741784689,0.6511148421890781,0.6757566871992211,0.5783891841475377,0.449334459811933,0.0,0.0,0.0259586130755924,0.0,0.045125352718697005,0.011696203454824474,0.01291987922067744,0.011539782013934042,0.0012005406329815326,0.0006392023244272251
reference,meshmamba,rgb_texture,cone,alpha_floor,alpha_1em06,105,105,0,1.0711004999938274,0.6754681141140901,0.2696096388543928,0.24795497295072388,0.5718911693957635,0.6063972345083839,0.2325528835916405,0.21913606741784689,0.6511148421890781,0.6757566871992211,0.5783891841475377,0.4493344598119327,0.0,0.0,0.026002601360643467,0.0,0.04512939576136531,0.011696203454824474,0.012749265573077687,0.011281979944061795,0.0011876854648539908,0.0006050936850668752
reference,meshmamba,rgb_texture,cone,alpha_floor,alpha_1em07,105,105,0,1.1222093928242016,0.6820891903883948,0.2696096388543932,0.24795497295072366,0.5718910151228289,0.6063970342637863,0.2325528835916405,0.21913606741784689,0.6511148421890781,0.6757566871992211,0.5783891841475377,0.4493344598119328,0.0,0.0,0.026008158964031084,0.0,0.04512939576136531,0.011696203454824474,0.012587608731743574,0.011184697707341745,0.0011774676969121842,0.0005821747286432899
reference,meshmamba,rgb_texture,cone,alpha_floor,alpha_1em08,105,105,0,1.1503966486404218,0.6840998308867159,0.269609638854393,0.24795497295072333,0.5718909996955355,0.6063970142393266,0.2325528835916405,0.21913606741784689,0.6511148421890781,0.6757566871992211,0.5783891841475377,0.4493344598119327,0.0,0.0,0.02600828229175066,0.0,0.04512939576136531,0.011696203454824474,0.012522034354297289,0.011184697707341745,0.00117183889599692,0.0005821745072164302
reference,meshmamba,rgb_texture,cone,alpha_floor,alpha_1em09,105,105,0,1.1562684128675111,0.6845023124584977,0.2696096388543929,0.24795497295072325,0.5718909981528061,0.6063970122368806,0.2325528835916405,0.21913606741784689,0.6511148421890781,0.6757566871992211,0.5783891841475377,0.44933445981193293,0.0,0.0,0.02600828229175066,0.0,0.04512939576136531,0.011696203454824474,0.012497707701062028,0.011184697707341745,0.0011700508338408923,0.0005821744850737443
reference,meshmamba,rgb_texture,cone,alpha_floor,alpha_1em10,105,105,0,1.1569395003069036,0.6845483094147815,0.2696096388543931,0.24795497295072486,0.5718909979985332,0.606397012036636,0.2325528835916405,0.21913606741784689,0.6511148421890781,0.6757566871992211,0.5783891841475377,0.44933445981193276,0.0,0.0,0.02600828229175066,0.0,0.04512939576136531,0.011696203454824474,0.012496338284541362,0.011184697707341745,0.0011699594239322209,0.0005821744828594759
reference,meshmamba,rgb_texture,cone,area_weighting,divide_area,105,105,0,1.0610562936707422,0.5824921628548054,0.6615884072810758,0.7606244702892859,0.6173435391408773,0.6291297674115315,0.5544278810911764,0.6196619655792031,0.8519674255717278,0.9008478388458983,1.2709626441622335,1.3256234579225288,0.02495175476437804,0.0,0.025783495865936375,1.8741676328988513e-05,0.04385954778181028,0.008022758111518171,0.06858206617118419,0.05113288398185853,0.019462927123802983,0.007929288659517555
reference,meshmamba,rgb_texture,cone,area_weighting,multiply_area,105,105,0,1.33113460299214,0.8066044520482891,0.24447212461811688,0.2539090824102181,0.5275454313155261,0.5631907927817201,0.21807482250051102,0.2468562313431783,0.6811288729809555,0.6989385067975092,0.5719716664126919,0.5582917007321841,0.024784450102095377,0.0,0.02588635496252436,0.0,0.05472070382035553,0.018921854668870808,0.027315347501087557,0.01718860870128204,0.002841885769417589,0.001158894383109106
reference,meshmamba,rgb_texture,cone,area_weighting,none,105,105,0,1.1570151936312514,0.6845534974713765,0.2696096388543932,0.24795497295072252,0.5718909979813918,0.6063970120143867,0.2325528835916405,0.21913606741784689,0.6511148421890781,0.6757566871992211,0.5783891841475377,0.44933445981193254,0.02491626323004376,0.0,0.02600828229175066,0.0,0.04512939576136531,0.011696203454824474,0.012495936189510802,0.011184697707341743,0.0011699583069619082,0.0005821744826134459
reference,meshmamba,rgb_texture,cone,baseline,baseline,105,105,0,1.1570151936312514,0.6845534974713765,0.2696096388543932,0.24795497295072252,0.5718909979813918,0.6063970120143867,0.2325528835916405,0.21913606741784689,0.6511148421890781,0.6757566871992211,0.5783891841475377,0.44933445981193254,0.02491626323004376,0.0,0.02600828229175066,0.0,0.04512939576136531,0.011696203454824474,0.012495936189510802,0.011184697707341743,0.0011699583069619082,0.0005821744826134459
reference,meshmamba,rgb_texture,cone,diffusion,diffusion_steps10_blend0p5,105,105,0,1.1211911892951614,0.6573641517797576,0.2699518297490156,0.249648183664091,0.5730679338134996,0.6076847404290007,0.231037231833049,0.21938493557635305,0.650263093278601,0.6750097474876443,0.578818721661216,0.44887131115300594,0.019409421348740224,0.0,0.02498708529104858,0.0,0.04414879494047159,0.011056052024389298,0.012708273294933818,0.011254161019693518,0.0011976496956945582,0.0006434750300840281
reference,meshmamba,rgb_texture,cone,diffusion,diffusion_steps1_blend0p5,105,105,0,1.1496260942466585,0.6777840238303492,0.26964798561972975,0.2481404520332151,0.5720239468631589,0.6065338127504074,0.23231180931397172,0.21915800513251849,0.6509877032942566,0.6756805194447505,0.5784428552277918,0.4490520899533857,0.02407707284696358,0.0,0.025859104443499842,0.0,0.04501147274411425,0.011244861407076482,0.012546913437064159,0.011192232494932973,0.0011754030871095574,0.0005825063635869768
reference,meshmamba,rgb_texture,cone,diffusion,diffusion_steps20_blend0p5,105,105,0,1.1043102614393243,0.6531679036179693,0.27024542183680433,0.2511373817867957,0.5740635581161347,0.6087791081082539,0.23030976865441094,0.21968582204848908,0.6497587765507955,0.6742863800813937,0.5791601760179318,0.44726752023679267,0.016026460145207255,0.0,0.024248016038889496,0.0,0.0432756495487542,0.01017191370526294,0.012770533558469861,0.011212489364916088,0.0012123066955186655,0.0006827317365871214
reference,meshmamba,rgb_texture,cone,diffusion,diffusion_steps3_blend0p5,105,105,0,1.1395093663072806,0.6659007368913095,0.26972103406240094,0.24849702996328182,0.5722755575622113,0.606798684018268,0.23192443593630416,0.21921055341771695,0.6507774109743707,0.6755294180879206,0.5785386741748803,0.44847797385653193,0.02270918549255009,0.0,0.025637967415189086,0.0,0.04479955154154203,0.011221411624727867,0.012624952156818494,0.01119479129967469,0.0011844668465178522,0.000583108290147804
reference,meshmamba,rgb_texture,cone,diffusion,diffusion_steps40_blend0p5,105,105,0,1.0800881596861083,0.6388770456449583,0.27076717698888686,0.253781121418209,0.5757810688027516,0.6105743251742441,0.22961603764722596,0.21912856895467034,0.6490799863067561,0.6728880446008586,0.579782947059342,0.443916548104092,0.012804185710974568,0.0,0.023148188764233017,0.0,0.04189101363631448,0.008556702015142427,0.012897075676557894,0.011213562085204179,0.0012502999947481335,0.0007280659435461888
reference,meshmamba,rgb_texture,cone,diffusion,diffusion_steps5_blend0p5,105,105,0,1.1329123193234656,0.663255627799764,0.26979030937275106,0.2488387849565491,0.5725131855790138,0.6070573935142349,0.23162718666349522,0.21925512707713546,0.6506077633467351,0.6753747376899678,0.5786254414900174,0.4479074806356938,0.021598237936851478,0.0,0.025432483182735773,0.0,0.044600195947398176,0.011221411624727867,0.012655539769030558,0.011199576775901582,0.0011889520140369334,0.0005905001970876107
reference,meshmamba,rgb_texture,cone,support_mask,gt_positive,105,105,0,1.0123617030143133,0.586975598166017,0.23855306714076258,0.20753286815185948,0.6119647305751988,0.6359363595846431,0.20546567602683524,0.19629045359970326,0.6383114835809183,0.6717855050426631,0.498573838766688,0.3733576200526078,0.02491626323004376,0.0,0.0256450909771376,0.0,0.04332845554679442,0.008564683562238839,0.012208178085583702,0.01043085186381271,0.0012805528900081084,0.0006717795387771103
reference,meshmamba,rgb_texture,cone,support_mask,intersection_positive,105,105,0,0.5960166049786827,0.5319823354092283,0.24756695558346456,0.20854456854892015,0.6245112112366299,0.6386976709165053,0.21993701739078245,0.19201594209959894,0.6434181134616255,0.6717855050426631,0.5114717425114025,0.43589882210832986,0.0,0.0,0.0007646786748820227,0.0,0.01980206558532958,0.006410306563076911,0.013459675842185274,0.01137030583852225,0.0016276344815282337,0.0009535951116515787
reference,meshmamba,rgb_texture,cone,support_mask,pred_above_1e_6,105,105,0,0.6711774430057003,0.577381946539577,0.2735626700144284,0.251186938315466,0.5860022202249969,0.6093008727292146,0.23619159845392929,0.21107145642352418,0.6552659216734429,0.6675270935212805,0.5826153399897679,0.4465591185496915,0.0,0.0,0.0,0.0,0.0,0.0,0.014862535052096363,0.012617005956110634,0.001706968333195496,0.0010136768262138363
reference,meshmamba,rgb_texture,cone,support_mask,pred_above_1e_8,105,105,0,0.7426719276493308,0.647828444656125,0.2787094545238743,0.25742531595529483,0.5806107822102893,0.6063970120143867,0.2443399677036607,0.21545285676493675,0.6593012955984396,0.6708023481019209,0.5958510228483617,0.4512119859454762,0.0,0.0,0.0,0.0,0.020632334282066594,0.008043530754987958,0.013840686958168948,0.011654421995107352,0.0014483100063323526,0.0008323459288123829
reference,meshmamba,rgb_texture,cone,support_mask,pred_positive,105,105,0,0.7505311715658362,0.6525209050718175,0.2790267434452581,0.2557634046346858,0.5803199709385756,0.6063970120143867,0.24500774009530962,0.21606857421455683,0.6594114957633928,0.6708023481019209,0.5964209690294385,0.4512119859454762,0.0,0.0,0.0012115637907835182,0.0,0.021678922221434062,0.009350408904329015,0.013733288671707486,0.011654421995107352,0.0014304412338876091,0.0008192236694724212
reference,meshmamba,rgb_texture,cone,support_mask,union_positive,105,105,0,1.1570151936312514,0.6845534974713765,0.2657182354932652,0.23318609139403843,0.5718909979813918,0.6063970120143867,0.22308721640815038,0.2095660755250631,0.648716465349739,0.670159262290512,0.5709135495869679,0.4465591185496915,0.02491626323004376,0.0,0.02600828229175066,0.0,0.04512939576136531,0.011696203454824475,0.012495936189510802,0.011184697707341748,0.0011699583069619082,0.0005821744826134459
reference,meshmamba,rgb_texture,screen_space,alpha_floor,alpha_0,105,105,0,1.9379449994506257,1.6166868151843543,0.12904854295136597,0.09641062833349671,0.5744103481585566,0.5953694439555861,0.12753147141050244,0.10283681824297328,0.5703668174675616,0.5552895260688253,0.24386634447789315,0.17771271205131836,0.08300379305150964,0.0615125165668302,0.08300408278412358,0.0615125165668302,0.08377067071959035,0.0629628528184557,0.011479299624627116,0.010308960803800955,3.651242616536918e-05,0.0
reference,meshmamba,rgb_texture,screen_space,alpha_floor,alpha_0p0001,105,105,0,1.2721611478164787,1.0947064610680388,0.12904854295136597,0.09641062833349674,0.5744209963728577,0.5953806411429581,0.12753147141050244,0.10283681824297328,0.5703668174675616,0.5552895260688253,0.24386634447789313,0.17771271205131836,0.0,0.0,0.0830038998654284,0.0615125165668302,0.08376392980814415,0.06289420683918936,0.01191937082852165,0.010622801059889428,8.338136184962385e-05,3.042472921990995e-07
reference,meshmamba,rgb_texture,screen_space,alpha_floor,alpha_0p001,105,105,0,1.08079645256539,0.9604594087975968,0.1290485429513658,0.09641062833349681,0.5745167952270461,0.5954813713719527,0.12753147141050244,0.10283681824297328,0.5703668174675616,0.5552895260688253,0.24386634447789315,0.17771271205131836,0.0,0.0,0.0,0.0,0.08373887279684797,0.06265653974637188,0.012327422031641874,0.011075243703816537,0.0001557573690620482,3.0424729219909955e-06
reference,meshmamba,rgb_texture,screen_space,alpha_floor,alpha_0p01,105,105,0,0.8873164299562467,0.7709033139380312,0.12904854295136545,0.09641062833349678,0.5754709822207837,0.5964819670139916,0.12753147141050244,0.10283681824297328,0.5703668174675616,0.5552895260688253,0.24386634447789315,0.17771271205131822,0.0,0.0,0.0,0.0,0.08347021115276188,0.062256844451294355,0.013161682395107458,0.012013657580066962,0.00034263427924798506,3.0424729219909943e-05
reference,meshmamba,rgb_texture,screen_space,alpha_floor,alpha_1em05,105,105,0,1.4630670306935196,1.272507356252403,0.12904854295136578,0.09641062833349678,0.5744114130122808,0.5953705636743233,0.12753147141050244,0.10283681824297328,0.5703668174675616,0.5552895260688253,0.24386634447789315,0.17771271205131836,0.0,0.0,0.08300408278412358,0.0615125165668302,0.08376960216016137,0.0629628528184557,0.011738807050237228,0.010460261566229243,5.9635089550135076e-05,3.042472921990995e-08
reference,meshmamba,rgb_texture,screen_space,alpha_floor,alpha_1em06,105,105,0,1.651781204993009,1.4077931696628068,0.12904854295136578,0.09641062833349665,0.5744104546440522,0.5953695559274597,0.12753147141050244,0.10283681824297328,0.5703668174675616,0.5552895260688253,0.24386634447789315,0.1777127120513184,0.0,0.0,0.08300408278412358,0.0615125165668302,0.08377067071959035,0.0629628528184557,0.011626847074268516,0.01044124786856663,4.780646574096497e-05,3.042472921990994e-09
reference,meshmamba,rgb_texture,screen_space,alpha_floor,alpha_1em07,105,105,0,1.8220005669211332,1.5267136014889577,0.12904854295136572,0.0964106283334967,0.5744103588071061,0.5953694551527734,0.12753147141050244,0.10283681824297328,0.5703668174675616,0.5552895260688253,0.24386634447789315,0.17771271205131833,0.0,0.0,0.08300408278412358,0.0615125165668302,0.08377067071959035,0.0629628528184557,0.011544319744495057,0.01044124786856663,4.315261101926958e-05,3.0424729219909935e-10
reference,meshmamba,rgb_texture,screen_space,alpha_floor,alpha_1em08,105,105,0,1.9158970228232515,1.5960853993830078,0.12904854295136545,0.09641062833349658,0.5744103492234116,0.5953694450753049,0.12753147141050244,0.10283681824297328,0.5703668174675616,0.5552895260688253,0.24386634447789315,0.17771271205131844,0.0,0.0,0.08300408278412358,0.0615125165668302,0.08377067071959035,0.0629628528184557,0.011491642068356142,0.010308960803800954,3.787052869753369e-05,3.042472921990995e-11
reference,meshmamba,rgb_texture,screen_space,alpha_floor,alpha_1em09,105,105,0,1.9354572860856487,1.6143438925418458,0.12904854295136542,0.0964106283334967,0.5744103482650421,0.5953694440675579,0.12753147141050244,0.10283681824297328,0.5703668174675616,0.5552895260688253,0.24386634447789313,0.17771271205131847,0.0,0.0,0.08300408278412358,0.0615125165668302,0.08377067071959035,0.0629628528184557,0.011479299624627116,0.010308960803800954,3.6512429171329665e-05,3.042472921990995e-12
reference,meshmamba,rgb_texture,screen_space,alpha_floor,alpha_1em10,105,105,0,1.9376928460085483,1.616449337661529,0.12904854295136614,0.09641062833349674,0.5744103481692051,0.5953694439667833,0.12753147141050244,0.10283681824297328,0.5703668174675616,0.5552895260688253,0.24386634447789315,0.17771271205131822,0.0,0.0,0.08300408278412358,0.0615125165668302,0.08377067071959035,0.0629628528184557,0.011479299624627116,0.010308960803800955,3.651242646596523e-05,3.0424729219909945e-13
reference,meshmamba,rgb_texture,screen_space,area_weighting,divide_area,105,105,0,1.844255772487621,1.4299105297938817,0.6788252141044574,0.7285031983377377,0.6298506428312262,0.6525746823843132,0.5232823347915326,0.558477623883553,0.8326674972010838,0.8578154230282109,1.2964443990509282,1.3042458156932568,0.08182697618841062,0.05873255959984416,0.08182797175752221,0.05873255959984416,0.0828645638776592,0.059509132382075794,0.04483700947606143,0.03304056975165251,0.006755587261027626,0.0003132737944232537
reference,meshmamba,rgb_texture,screen_space,area_weighting,multiply_area,105,105,0,2.1613716025517387,1.8369603780704893,0.1982111382707971,0.21001456929028517,0.5305438425941355,0.5571680817410396,0.16988513378632655,0.2109962310465831,0.6658319115962229,0.6827928455009092,0.510446782771714,0.5345601256221123,0.08536548324704533,0.06642310084373185,0.08537195599931557,0.06642310084373185,0.08975339124522164,0.0711843222467414,0.021348441933171827,0.01269172549921208,0.0005411183497328013,0.0
reference,meshmamba,rgb_texture,screen_space,area_weighting,none,105,105,0,1.9379449994506257,1.6166868151843543,0.12904854295136578,0.09641062833349516,0.5744103481585566,0.5953694439555861,0.12753147141050244,0.10283681824297328,0.5703668174675616,0.5552895260688253,0.24386634447789313,0.17771271205131833,0.08300379305150964,0.06151251656683018,0.08300408278412358,0.06151251656683018,0.08377067071959035,0.0629628528184557,0.011479299624627114,0.010308960803800955,3.6512426165369174e-05,0.0
reference,meshmamba,rgb_texture,screen_space,baseline,baseline,105,105,0,1.9379449994506257,1.6166868151843543,0.12904854295136578,0.09641062833349516,0.5744103481585566,0.5953694439555861,0.12753147141050244,0.10283681824297328,0.5703668174675616,0.5552895260688253,0.24386634447789313,0.17771271205131833,0.08300379305150964,0.06151251656683018,0.08300408278412358,0.06151251656683018,0.08377067071959035,0.0629628528184557,0.011479299624627114,0.010308960803800955,3.6512426165369174e-05,0.0
reference,meshmamba,rgb_texture,screen_space,diffusion,diffusion_steps10_blend0p5,105,105,0,1.1216352903104425,0.860754500308672,0.134185820918846,0.10133992106592336,0.5787254594275989,0.5975836121465314,0.13227739970472568,0.10916112791263011,0.5732943606272418,0.5554319575070732,0.25328965632269484,0.18428893047292383,0.0188964319483913,0.003412657243017661,0.02900777642244449,0.009879940095315138,0.04882533804357093,0.031042704821433405,0.010831301540137296,0.008989987185103108,0.000340943636010237,5.256082544519547e-06
reference,meshmamba,rgb_texture,screen_space,diffusion,diffusion_steps1_blend0p5,105,105,0,1.6760149118807899,1.3260173227069774,0.130417173871263,0.09708909075595462,0.575514779352748,0.5958072652923894,0.1284716256763741,0.1055844727469873,0.5709527459826618,0.5549020742980757,0.24636412012355277,0.17912708926074336,0.06505849040001165,0.04651610623221358,0.06507038946369632,0.04651610623221358,0.06942869808647997,0.050545616374177024,0.01067570770609624,0.009511747275216899,4.615181291374478e-05,0.0
reference,meshmamba,rgb_texture,screen_space,diffusion,diffusion_steps20_blend0p5,105,105,0,1.0232246070160607,0.7843245822342653,0.13595812157835244,0.1021147254981369,0.5803675723656588,0.5987317890232591,0.13378824482724053,0.11090754500195167,0.5743216856094064,0.5579981299921517,0.25651355205625,0.18533299356035926,0.010937637364482429,0.0,0.02263435227281555,0.006301932960526868,0.041552667526725595,0.02542218747508479,0.011556416011388295,0.009773329096564991,0.0005068990706721368,4.1517447338825436e-05
reference,meshmamba,rgb_texture,screen_space,diffusion,diffusion_steps3_blend0p5,105,105,0,1.395301614663563,1.09522105813774,0.13179991840153307,0.09785723784508328,0.5766621648292392,0.5963442734300182,0.12989315280322222,0.10639419703478704,0.5718042303737956,0.5545233027305091,0.2489008381636775,0.1805397283687895,0.04369362450641164,0.02710517416923785,0.04428780658635669,0.027745991121817744,0.060872343718698714,0.043309021572226034,0.009997406787149023,0.008628014629096637,0.00010844764090965892,0.0
reference,meshmamba,rgb_texture,screen_space,diffusion,diffusion_steps40_blend0p5,105,105,0,0.941068738380542,0.6858593893426497,0.13802279844425183,0.1030842405420544,0.5824164032065435,0.6014728621690797,0.1355964543761684,0.11335617610708452,0.5754167843952832,0.560242096214766,0.2602039190406412,0.18895359187559443,0.007618507808274874,0.0,0.017830507807963886,0.0028681505894998516,0.03466367619591623,0.01606773931853673,0.012127662594897433,0.010426305288590738,0.000675589314043839,0.00010600159555682248
reference,meshmamba,rgb_texture,screen_space,diffusion,diffusion_steps5_blend0p5,105,105,0,1.2587745302731768,0.9677971999828596,0.13270280343872623,0.09898869250071998,0.577427856630512,0.5967644284351106,0.13086899918000502,0.1069181728908152,0.5723927559987055,0.5541939435280997,0.2505630101806998,0.18195282868541834,0.03188796784593102,0.0133608546385677,0.03704761770991586,0.019469168549772944,0.056268949984237634,0.03754325071639204,0.01017845291266645,0.008786725108858539,0.0001968429996505841,6.182465455275881e-08
reference,meshmamba,rgb_texture,screen_space,support_mask,gt_positive,105,105,0,1.7558722767157315,1.4297412891709658,0.10423503904049654,0.08736351604954198,0.6323280958783044,0.6501207237586055,0.10547309155759114,0.10649832489613693,0.5568776303700403,0.5492285858179555,0.19057873636984057,0.15084588160409557,0.08300379305150964,0.06151251656683019,0.0830038998654284,0.06151251656683019,0.08358157845823921,0.06234800040399886,0.011294760278599717,0.01021509257290901,2.2782331872289862e-05,0.0
reference,meshmamba,rgb_texture,screen_space,support_mask,intersection_positive,105,105,0,0.39496927345215765,0.3502721955865262,0.11191490864674104,0.09276436616570315,0.6615370658682461,0.6712418048841815,0.112945397270008,0.08849006459007545,0.562847592295119,0.548565965164353,0.2115952598314007,0.15999243551627124,0.0,0.0,1.2856634342443155e-07,0.0,0.0006362919187332753,0.0003474302201360352,0.016418432034296035,0.014569466948317544,0.0021076561682019435,0.001724501074943404
reference,meshmamba,rgb_texture,screen_space,support_mask,pred_above_1e_6,105,105,0,0.5934539559481764,0.504149687606274,0.13813952217333703,0.11649162579717959,0.597502499796831,0.6276074192709055,0.13608829418817567,0.12114380081010975,0.5760059173962717,0.5792255544996157,0.2635240851576287,0.21445686623898033,0.0,0.0,0.0,0.0,0.0,0.0,0.01672373392730975,0.01496341018170274,0.001788841088078605,0.001550582391052594
reference,meshmamba,rgb_texture,screen_space,support_mask,pred_above_1e_8,105,105,0,0.596015042143492,0.5047012011903673,0.13808281956650914,0.11597000919253547,0.5972949321036726,0.6274659533526155,0.13602405436834739,0.11996400278930858,0.5759907569260161,0.5794460627337357,0.2633591576321628,0.21519277866295358,0.0,0.0,0.0,0.0,0.0008499098059733177,0.00043419351915805604,0.016596443166309503,0.0148134429502765,0.001750659771617406,0.0015400448168663972
reference,meshmamba,rgb_texture,screen_space,support_mask,pred_positive,105,105,0,0.5960172715621066,0.5047012011903673,0.13808437618515737,0.11597000919253547,0.5972948326107705,0.6274659533526155,0.13602654674310252,0.11996400278930858,0.5759914535085068,0.5794460627337357,0.26336141701273885,0.21519277866295358,0.0,0.0,3.327527109206583e-07,0.0,0.0008502419462461029,0.00043419351915805604,0.01659643687322791,0.0148134429502765,0.001750659771085752,0.0015400448168663972
reference,meshmamba,rgb_texture,screen_space,support_mask,union_positive,105,105,0,1.9379449994506257,1.616686815184355,0.10462476241099446,0.08151688897661893,0.5744103481585566,0.5953694439555861,0.09136036514085943,0.07091252496919799,0.5607263591472467,0.5405352427202329,0.21368411728734674,0.16509136727417623,0.08300379305150964,0.06151251656683019,0.08300408278412358,0.06151251656683019,0.08377067071959035,0.06296285281845569,0.011479299624627114,0.010308960803800957,3.6512426165369174e-05,0.0
