texture_type,model,screen_space_status,screen_space_error_type,screen_space_error_message,screen_space_report_path,screen_space_stdout_log_path,screen_space_gt_file,screen_space_n_faces,screen_space_num_rows,screen_space_num_participants,screen_space_num_points,screen_space_num_frames_with_points,screen_space_projection_fov_mode,screen_space_projection_fov_source,screen_space_input_fov_deg,screen_space_effective_vertical_fov_deg,screen_space_CC,screen_space_SIM,screen_space_KLD,screen_space_MSE,screen_space_MAE,screen_space_Spearman,screen_space_Cosine,screen_space_AUC_Judd_gt_top_10pct_proxy,screen_space_AUC_Judd_gt_top_5pct_proxy,screen_space_AUC_Judd_gt_top_1pct_proxy,screen_space_NSS_gt_top_10pct_proxy,screen_space_NSS_gt_top_5pct_proxy,screen_space_NSS_gt_top_1pct_proxy,screen_space_PredictionSum,screen_space_GroundTruthSum,screen_space_nonzero_faces,screen_space_culled_back_faces,screen_space_hit_rate,screen_space_successful_hits,screen_space_total_gaze_points,screen_space_cone_nonzero_faces,cone_status,cone_error_type,cone_error_message,cone_report_path,cone_stdout_log_path,cone_gt_file,cone_n_faces,cone_num_rows,cone_num_participants,cone_num_points,cone_num_frames_with_points,cone_projection_fov_mode,cone_projection_fov_source,cone_input_fov_deg,cone_effective_vertical_fov_deg,cone_CC,cone_SIM,cone_KLD,cone_MSE,cone_MAE,cone_Spearman,cone_Cosine,cone_AUC_Judd_gt_top_10pct_proxy,cone_AUC_Judd_gt_top_5pct_proxy,cone_AUC_Judd_gt_top_1pct_proxy,cone_NSS_gt_top_10pct_proxy,cone_NSS_gt_top_5pct_proxy,cone_NSS_gt_top_1pct_proxy,cone_PredictionSum,cone_GroundTruthSum,cone_nonzero_faces,cone_culled_back_faces,cone_hit_rate,cone_successful_hits,cone_total_gaze_points,cone_cone_nonzero_faces
non_texture,Apple_Red_v1_L3,ok,,,/mnt/ssd1/29d_kon/acm_2026/outputs/coordinator/rc3_full_metrics_20260611_004003/meshmamba/non_texture/baseline_screen_space/Apple_Red_v1_L3/sigma0p05_recenter_rotx90p0_horizontaltovertical_blender_rig/Apple_Red_v1_L3_report.json,/mnt/ssd1/29d_kon/acm_2026/outputs/coordinator/rc3_full_metrics_20260611_004003/meshmamba/_logs/non_texture/screen_space/Apple_Red_v1_L3.log,Apple_v01_l3.csv,32868,,,52465,450,horizontal_to_vertical,json_camera_static.fov_degrees,60.000001669652114,35.98339890412515,0.47577183173955284,0.48298084859907014,1.2787326868552307,0.060174850313463694,0.15660942103984338,0.47361003775763827,0.6173184792337914,0.8439556222761042,0.8186436808855626,0.845620560447874,1.0209219227016781,0.8842636759233559,1.1682385149289265,2.6414848291046122,3892.478142,28783,8169900,,,,,ok,,,/mnt/ssd1/29d_kon/acm_2026/outputs/coordinator/rc3_full_metrics_20260611_004003/meshmamba/non_texture/baseline_cone/Apple_Red_v1_L3/recenter_rotx90p0_horizontaltovertical_blender_rig/Apple_Red_v1_L3_report.json,/mnt/ssd1/29d_kon/acm_2026/outputs/coordinator/rc3_full_metrics_20260611_004003/meshmamba/_logs/non_texture/cone/Apple_Red_v1_L3.log,Apple_v01_l3.csv,32868,,,52465,450,horizontal_to_vertical,json_camera_static.fov_degrees,60.000001669652114,35.98339890412515,0.8221888827974209,0.7059711691055321,0.7747671351196351,0.017642076976408204,0.06757006928051051,0.5284027449283026,0.8595054724699693,0.9674482455998082,0.9587428029658389,0.9756509163518623,1.940509444161615,2.211179704613616,3.4339011862126396,18209265.791163962,3892.478142,,,0.8672829505384542,45502,52465,29488
non_texture,Aquarium_Deep_Sea_Diver_v1_L1,ok,,,/mnt/ssd1/29d_kon/acm_2026/outputs/coordinator/rc3_full_metrics_20260611_004003/meshmamba/non_texture/baseline_screen_space/Aquarium_Deep_Sea_Diver_v1_L1/sigma0p05_recenter_rotx90p0_horizontaltovertical_blender_rig/Aquarium_Deep_Sea_Diver_v1_L1_report.json,/mnt/ssd1/29d_kon/acm_2026/outputs/coordinator/rc3_full_metrics_20260611_004003/meshmamba/_logs/non_texture/screen_space/Aquarium_Deep_Sea_Diver_v1_L1.log,Aquarium_Deep_Sea_Diver_v1_L1.csv,32868,,,52465,450,horizontal_to_vertical,json_camera_static.fov_degrees,60.000001669652114,35.98339890412515,0.004798263378266457,0.6568472878121088,2.7571284510630334,0.050516146829987216,0.18139956094637466,-0.0017155248976178526,0.7195724324473765,0.5526985460683141,0.5221942904671869,0.6428641020067478,0.09085577541688146,-0.014396011609484302,0.30653226209174067,3.3736210811723946,6468.683624,28520,7796419,,,,,ok,,,/mnt/ssd1/29d_kon/acm_2026/outputs/coordinator/rc3_full_metrics_20260611_004003/meshmamba/non_texture/baseline_cone/Aquarium_Deep_Sea_Diver_v1_L1/recenter_rotx90p0_horizontaltovertical_blender_rig/Aquarium_Deep_Sea_Diver_v1_L1_report.json,/mnt/ssd1/29d_kon/acm_2026/outputs/coordinator/rc3_full_metrics_20260611_004003/meshmamba/_logs/non_texture/cone/Aquarium_Deep_Sea_Diver_v1_L1.log,Aquarium_Deep_Sea_Diver_v1_L1.csv,32868,,,52465,450,horizontal_to_vertical,json_camera_static.fov_degrees,60.000001669652114,35.98339890412515,-0.01851948246902288,0.5891912198455287,0.7213915000427846,0.04186667565820907,0.1520405281901256,-0.04939261649867122,0.6189777035560551,0.45529810390890146,0.40346520129565316,0.48096051397196404,-0.047656603863071585,-0.22967818654204933,-0.27675362276910154,12785020.742327029,6468.683624,,,0.9413894977604117,49390,52465,32866
non_texture,Aquarium_Skull_v1_L1,ok,,,/mnt/ssd1/29d_kon/acm_2026/outputs/coordinator/rc3_full_metrics_20260611_004003/meshmamba/non_texture/baseline_screen_space/Aquarium_Skull_v1_L1/sigma0p05_recenter_rotx90p0_horizontaltovertical_blender_rig/Aquarium_Skull_v1_L1_report.json,/mnt/ssd1/29d_kon/acm_2026/outputs/coordinator/rc3_full_metrics_20260611_004003/meshmamba/_logs/non_texture/screen_space/Aquarium_Skull_v1_L1.log,Aquarium_Skull_v1_L1.csv,32868,,,55463,450,horizontal_to_vertical,json_camera_static.fov_degrees,60.000001669652114,35.98339890412515,0.0462643740568784,0.48495252699526026,1.9507168310520377,0.05878155241331953,0.17165019756706837,0.17864718234131857,0.4882012819856267,0.5585269127488499,0.5756242234901969,0.5608113845335562,-0.012588926384421597,0.028158939012651586,-0.04188968022933137,2.465464334839318,3783.525497,28965,8246963,,,,,ok,,,/mnt/ssd1/29d_kon/acm_2026/outputs/coordinator/rc3_full_metrics_20260611_004003/meshmamba/non_texture/baseline_cone/Aquarium_Skull_v1_L1/recenter_rotx90p0_horizontaltovertical_blender_rig/Aquarium_Skull_v1_L1_report.json,/mnt/ssd1/29d_kon/acm_2026/outputs/coordinator/rc3_full_metrics_20260611_004003/meshmamba/_logs/non_texture/cone/Aquarium_Skull_v1_L1.log,Aquarium_Skull_v1_L1.csv,32868,,,55463,450,horizontal_to_vertical,json_camera_static.fov_degrees,60.000001669652114,35.98339890412515,0.050350462589142574,0.45735535806769595,1.121605676621877,0.05440693365648544,0.15867884099558477,0.25146750647122607,0.45457693562443147,0.5781339336221777,0.5924959347198767,0.6044261966304451,-0.051551061962635945,-0.046629896094934474,-0.033058464352895146,6953648.944066896,3783.525497,,,0.9804013486468457,54376,55463,30883
non_texture,BastetCat_v2_L2,ok,,,/mnt/ssd1/29d_kon/acm_2026/outputs/coordinator/rc3_full_metrics_20260611_004003/meshmamba/non_texture/baseline_screen_space/BastetCat_v2_L2/sigma0p05_recenter_rotx90p0_horizontaltovertical_blender_rig/BastetCat_v2_L2_report.json,/mnt/ssd1/29d_kon/acm_2026/outputs/coordinator/rc3_full_metrics_20260611_004003/meshmamba/_logs/non_texture/screen_space/BastetCat_v2_L2.log,Bastet_Cat_v2_l2.csv,32868,,,52465,450,horizontal_to_vertical,json_camera_static.fov_degrees,60.000001669652114,35.98339890412515,0.28410674902760147,0.6208992240793454,1.598487129022065,0.050922896374727564,0.1732270713678465,0.27781820369873633,0.7056950230400222,0.6246103434679264,0.5724483061878285,0.4865715968987788,0.4148879310345782,0.26382270700589866,-0.044258425377858755,3.4807832195575736,6583.921925000001,30864,7738186,,,,,ok,,,/mnt/ssd1/29d_kon/acm_2026/outputs/coordinator/rc3_full_metrics_20260611_004003/meshmamba/non_texture/baseline_cone/BastetCat_v2_L2/recenter_rotx90p0_horizontaltovertical_blender_rig/BastetCat_v2_L2_report.json,/mnt/ssd1/29d_kon/acm_2026/outputs/coordinator/rc3_full_metrics_20260611_004003/meshmamba/_logs/non_texture/cone/BastetCat_v2_L2.log,Bastet_Cat_v2_l2.csv,32868,,,52465,450,horizontal_to_vertical,json_camera_static.fov_degrees,60.000001669652114,35.98339890412515,0.5317979254099084,0.6382718648840465,0.5727731583164449,0.039547417705910616,0.14094948979032484,0.42968143692059974,0.7547228176820385,0.7479987734996318,0.6730739926957428,0.5417838551652443,0.9797393665224313,0.7491333286048536,0.22063346860663527,20761935.130298585,6583.921925000001,,,0.8607071380920613,45157,52465,32868
non_texture,Beauceron_v1_L3,ok,,,/mnt/ssd1/29d_kon/acm_2026/outputs/coordinator/rc3_full_metrics_20260611_004003/meshmamba/non_texture/baseline_screen_space/Beauceron_v1_L3/sigma0p05_recenter_rotx90p0_horizontaltovertical_blender_rig/Beauceron_v1_L3_report.json,/mnt/ssd1/29d_kon/acm_2026/outputs/coordinator/rc3_full_metrics_20260611_004003/meshmamba/_logs/non_texture/screen_space/Beauceron_v1_L3.log,Beauceron_v1_L3.csv,32868,,,55463,450,horizontal_to_vertical,json_camera_static.fov_degrees,60.000001669652114,35.98339890412515,3.195820048697019e-05,0.4472463651960903,2.8940194936683215,0.12396081672898232,0.2977303430783397,-0.12974670485441583,0.5184219708050252,0.5294558838289327,0.7813702947324191,0.8553915801389045,0.20548077733506034,1.0018966650034304,1.3959705027492657,2.663193997131655,5917.465047,30113,7960210,,,,,ok,,,/mnt/ssd1/29d_kon/acm_2026/outputs/coordinator/rc3_full_metrics_20260611_004003/meshmamba/non_texture/baseline_cone/Beauceron_v1_L3/recenter_rotx90p0_horizontaltovertical_blender_rig/Beauceron_v1_L3_report.json,/mnt/ssd1/29d_kon/acm_2026/outputs/coordinator/rc3_full_metrics_20260611_004003/meshmamba/_logs/non_texture/cone/Beauceron_v1_L3.log,Beauceron_v1_L3.csv,32868,,,55463,450,horizontal_to_vertical,json_camera_static.fov_degrees,60.000001669652114,35.98339890412515,0.2733668022662861,0.49291658578501657,1.0015139614192168,0.06680946337934536,0.1723432629666121,0.06963903297640432,0.5490826685570711,0.5569526951655495,0.8144137576965251,0.8830792340750604,0.7369606057489492,1.6725700167852449,2.122095426782943,15413774.974980634,5917.465047,,,0.782233200512053,43385,55463,32868
non_texture,BellPepper_v1_L3,ok,,,/mnt/ssd1/29d_kon/acm_2026/outputs/coordinator/rc3_full_metrics_20260611_004003/meshmamba/non_texture/baseline_screen_space/BellPepper_v1_L3/sigma0p05_recenter_rotx90p0_horizontaltovertical_blender_rig/BellPepper_v1_L3_report.json,/mnt/ssd1/29d_kon/acm_2026/outputs/coordinator/rc3_full_metrics_20260611_004003/meshmamba/_logs/non_texture/screen_space/BellPepper_v1_L3.log,BellPepper_v01_L3.csv,32868,,,52465,450,horizontal_to_vertical,json_camera_static.fov_degrees,60.000001669652114,35.98339890412515,0.14275245675362136,0.45378022584794037,1.5391035439176992,0.057157510608251076,0.15135523679553925,0.04554196501075268,0.4872557953303536,0.601435825936297,0.6885914384904493,0.7577592883396133,0.3568952272899676,0.48575579172385763,0.46329148069264753,2.325012495626465,2372.3617870000003,31900,8207925,,,,,ok,,,/mnt/ssd1/29d_kon/acm_2026/outputs/coordinator/rc3_full_metrics_20260611_004003/meshmamba/non_texture/baseline_cone/BellPepper_v1_L3/recenter_rotx90p0_horizontaltovertical_blender_rig/BellPepper_v1_L3_report.json,/mnt/ssd1/29d_kon/acm_2026/outputs/coordinator/rc3_full_metrics_20260611_004003/meshmamba/_logs/non_texture/cone/BellPepper_v1_L3.log,BellPepper_v01_L3.csv,32868,,,52465,450,horizontal_to_vertical,json_camera_static.fov_degrees,60.000001669652114,35.98339890412515,0.2830367375428128,0.4640910991956004,1.3719667922283556,0.029026803181628747,0.10552097779697864,0.09013988051562201,0.5403937989139767,0.6328759589606164,0.7511770571704467,0.909427882239232,0.6035609802004798,0.9918788634987854,1.6743726549390128,6534283.53757967,2372.3617870000003,,,0.9422662727532641,49436,52465,32861
non_texture,Bird_Toucan_V3_L2,ok,,,/mnt/ssd1/29d_kon/acm_2026/outputs/coordinator/rc3_full_metrics_20260611_004003/meshmamba/non_texture/baseline_screen_space/Bird_Toucan_V3_L2/sigma0p05_recenter_rotx90p0_horizontaltovertical_blender_rig/Bird_Toucan_V3_L2_report.json,/mnt/ssd1/29d_kon/acm_2026/outputs/coordinator/rc3_full_metrics_20260611_004003/meshmamba/_logs/non_texture/screen_space/Bird_Toucan_V3_L2.log,Bird_Toucan_v3_l2.csv,32868,,,52465,450,horizontal_to_vertical,json_camera_static.fov_degrees,60.000001669652114,35.98339890412515,-0.1457372569922269,0.4356440347807189,3.326560338579664,0.12971770496871404,0.2987747730639726,-0.19831533668315232,0.4919157112128259,0.4530365114543149,0.4414028968452117,0.2743480794755435,-0.1497892872094563,-0.21985441428194727,-0.772537201925816,3.789377994840403,7217.951107000001,28583,7739159,,,,,ok,,,/mnt/ssd1/29d_kon/acm_2026/outputs/coordinator/rc3_full_metrics_20260611_004003/meshmamba/non_texture/baseline_cone/Bird_Toucan_V3_L2/recenter_rotx90p0_horizontaltovertical_blender_rig/Bird_Toucan_V3_L2_report.json,/mnt/ssd1/29d_kon/acm_2026/outputs/coordinator/rc3_full_metrics_20260611_004003/meshmamba/_logs/non_texture/cone/Bird_Toucan_V3_L2.log,Bird_Toucan_v3_l2.csv,32868,,,52465,450,horizontal_to_vertical,json_camera_static.fov_degrees,60.000001669652114,35.98339890412515,-0.14595305924823634,0.42149462125668097,0.9204141149817961,0.11359286139783917,0.2687297569050378,-0.132730803700552,0.46659015335308435,0.5346750462578209,0.5587438432474117,0.5669207705955098,-0.13992111951508918,-0.09020808659886484,-0.06964520487178258,15243196.403313117,7217.951107000001,,,0.8457829028876394,44374,52465,32868
non_texture,Bird_v1_L3,ok,,,/mnt/ssd1/29d_kon/acm_2026/outputs/coordinator/rc3_full_metrics_20260611_004003/meshmamba/non_texture/baseline_screen_space/Bird_v1_L3/sigma0p05_recenter_rotx90p0_horizontaltovertical_blender_rig/Bird_v1_L3_report.json,/mnt/ssd1/29d_kon/acm_2026/outputs/coordinator/rc3_full_metrics_20260611_004003/meshmamba/_logs/non_texture/screen_space/Bird_v1_L3.log,Chick.csv,32868,,,52465,450,horizontal_to_vertical,json_camera_static.fov_degrees,60.000001669652114,35.98339890412515,0.04412159524938554,0.4399627007134854,4.152318194428002,0.08443517991485802,0.24505646125114725,-0.1386387445316782,0.5390364565879288,0.4408401986215611,0.5386623958237876,0.8885787370796849,-0.009111233781260964,0.26815625167915813,1.466750286478087,2.3219469904976546,6749.235361,27988,8282257,,,,,ok,,,/mnt/ssd1/29d_kon/acm_2026/outputs/coordinator/rc3_full_metrics_20260611_004003/meshmamba/non_texture/baseline_cone/Bird_v1_L3/recenter_rotx90p0_horizontaltovertical_blender_rig/Bird_v1_L3_report.json,/mnt/ssd1/29d_kon/acm_2026/outputs/coordinator/rc3_full_metrics_20260611_004003/meshmamba/_logs/non_texture/cone/Bird_v1_L3.log,Chick.csv,32868,,,52465,450,horizontal_to_vertical,json_camera_static.fov_degrees,60.000001669652114,35.98339890412515,0.42658320244137216,0.5240608898139636,0.9288900592672126,0.05805899416566523,0.1736812621289636,0.3018629362652567,0.6513653164237078,0.6131777033924589,0.6752590807620066,0.9663819362521346,0.5713125631490127,0.9583399763331206,2.7172445767672837,11891571.88721538,6749.235361,,,0.8316020203945488,43630,52465,32864
non_texture,Blackberry_v02_L3,ok,,,/mnt/ssd1/29d_kon/acm_2026/outputs/coordinator/rc3_full_metrics_20260611_004003/meshmamba/non_texture/baseline_screen_space/Blackberry_v02_L3/sigma0p05_recenter_rotx90p0_horizontaltovertical_blender_rig/Blackberry_v02_L3_report.json,/mnt/ssd1/29d_kon/acm_2026/outputs/coordinator/rc3_full_metrics_20260611_004003/meshmamba/_logs/non_texture/screen_space/Blackberry_v02_L3.log,Blackberry_v2_L3.csv,32868,,,52465,450,horizontal_to_vertical,json_camera_static.fov_degrees,60.000001669652114,35.98339890412515,0.1565533917622445,0.6367505356603442,1.0957876846783527,0.04378309134894101,0.148423988861232,0.231015893515882,0.6821145673358384,0.6561413100876394,0.6527886481357842,0.5813760919676374,0.37537602461946185,0.35976877860269013,-0.059860721208268304,2.469216115557411,6210.727108,31330,8071428,,,,,ok,,,/mnt/ssd1/29d_kon/acm_2026/outputs/coordinator/rc3_full_metrics_20260611_004003/meshmamba/non_texture/baseline_cone/Blackberry_v02_L3/recenter_rotx90p0_horizontaltovertical_blender_rig/Blackberry_v02_L3_report.json,/mnt/ssd1/29d_kon/acm_2026/outputs/coordinator/rc3_full_metrics_20260611_004003/meshmamba/_logs/non_texture/cone/Blackberry_v02_L3.log,Blackberry_v2_L3.csv,32868,,,52465,450,horizontal_to_vertical,json_camera_static.fov_degrees,60.000001669652114,35.98339890412515,0.39548373627487754,0.5933571045466859,1.0746535460632851,0.03281027082330533,0.13429676404344196,0.28265401080821345,0.6650712046035426,0.7516142992442659,0.814790246117373,0.8729169140122807,1.151487712661064,1.5843844560197118,1.079597900442266,8312507.839357976,6210.727108,,,0.9180215381683027,48164,52465,31803
non_texture,Boombox_v2_L3,ok,,,/mnt/ssd1/29d_kon/acm_2026/outputs/coordinator/rc3_full_metrics_20260611_004003/meshmamba/non_texture/baseline_screen_space/Boombox_v2_L3/sigma0p05_recenter_rotx90p0_horizontaltovertical_blender_rig/Boombox_v2_L3_report.json,/mnt/ssd1/29d_kon/acm_2026/outputs/coordinator/rc3_full_metrics_20260611_004003/meshmamba/_logs/non_texture/screen_space/Boombox_v2_L3.log,Boombox_v2_Iteration2.csv,32868,,,52465,450,horizontal_to_vertical,json_camera_static.fov_degrees,60.000001669652114,35.98339890412515,0.10069672369059188,0.5441728751085558,1.2916920589833945,0.09864917252417285,0.2654015341188233,0.22115361749029708,0.5935041195241485,0.5168562860823012,0.49854451166143954,0.43897605781642807,0.07430410417245235,0.0206885461328057,-0.1658714361380542,3.7728685286408776,4043.210779,31636,6568023,,,,,ok,,,/mnt/ssd1/29d_kon/acm_2026/outputs/coordinator/rc3_full_metrics_20260611_004003/meshmamba/non_texture/baseline_cone/Boombox_v2_L3/recenter_rotx90p0_horizontaltovertical_blender_rig/Boombox_v2_L3_report.json,/mnt/ssd1/29d_kon/acm_2026/outputs/coordinator/rc3_full_metrics_20260611_004003/meshmamba/_logs/non_texture/cone/Boombox_v2_L3.log,Boombox_v2_Iteration2.csv,32868,,,52465,450,horizontal_to_vertical,json_camera_static.fov_degrees,60.000001669652114,35.98339890412515,0.6270021959066935,0.6379025245359056,0.4273446768333423,0.04443349406149882,0.16257264192759865,0.5734731932551796,0.7952363122680431,0.9132671012575629,0.929539576440981,0.9546159292038705,1.558220675127129,1.8273349770851157,2.094675580466689,12571884.02674853,4043.210779,,,0.9576479557800438,50243,52465,32695
non_texture,Camel_toy_v03_L3,ok,,,/mnt/ssd1/29d_kon/acm_2026/outputs/coordinator/rc3_full_metrics_20260611_004003/meshmamba/non_texture/baseline_screen_space/Camel_toy_v03_L3/sigma0p05_recenter_rotx90p0_horizontaltovertical_blender_rig/Camel_toy_v03_L3_report.json,/mnt/ssd1/29d_kon/acm_2026/outputs/coordinator/rc3_full_metrics_20260611_004003/meshmamba/_logs/non_texture/screen_space/Camel_toy_v03_L3.log,Camel_toy.csv,32868,,,53964,450,horizontal_to_vertical,json_camera_static.fov_degrees,60.000001669652114,35.98339890412515,-0.035504334672021666,0.48749344759316987,2.087152442193684,0.08391068143053977,0.22880709733957164,0.13241796794570776,0.4909409238748066,0.30923395077997745,0.3225100802115536,0.3154920665227446,-0.5970319997613706,-0.5935836787185936,-0.6429323430108483,2.7028082886224896,5610.1134569999995,30550,7789207,,,,,ok,,,/mnt/ssd1/29d_kon/acm_2026/outputs/coordinator/rc3_full_metrics_20260611_004003/meshmamba/non_texture/baseline_cone/Camel_toy_v03_L3/recenter_rotx90p0_horizontaltovertical_blender_rig/Camel_toy_v03_L3_report.json,/mnt/ssd1/29d_kon/acm_2026/outputs/coordinator/rc3_full_metrics_20260611_004003/meshmamba/_logs/non_texture/cone/Camel_toy_v03_L3.log,Camel_toy.csv,32868,,,53964,450,horizontal_to_vertical,json_camera_static.fov_degrees,60.000001669652114,35.98339890412515,0.16308163502370462,0.4953766646003337,0.840407805600369,0.0801703273974051,0.18404988159744698,0.5608549495699863,0.4994707743075637,0.5825759761780669,0.6270072661524948,0.7056779468098651,-0.28429760763413614,-0.2265818072594747,-0.0894785117697082,19039347.188399438,5610.1134569999995,,,0.7780001482469795,41984,53964,32868
non_texture,Cardigan_Welsh_Corgi_v1_L3,ok,,,/mnt/ssd1/29d_kon/acm_2026/outputs/coordinator/rc3_full_metrics_20260611_004003/meshmamba/non_texture/baseline_screen_space/Cardigan_Welsh_Corgi_v1_L3/sigma0p05_recenter_rotx90p0_horizontaltovertical_blender_rig/Cardigan_Welsh_Corgi_v1_L3_report.json,/mnt/ssd1/29d_kon/acm_2026/outputs/coordinator/rc3_full_metrics_20260611_004003/meshmamba/_logs/non_texture/screen_space/Cardigan_Welsh_Corgi_v1_L3.log,Cardigan_Welsh_Corgi_v1_L3.csv,32868,,,52465,450,horizontal_to_vertical,json_camera_static.fov_degrees,60.000001669652114,35.98339890412515,0.01678013721626513,0.6437606613061071,2.009873577769601,0.09921101279658005,0.2576835954615146,0.034515641395365435,0.7197569660176233,0.40275294289484587,0.3803395958284007,0.32190111636903146,-0.31680818502356634,-0.3888680325239489,-0.5808770215717557,4.404451772398232,10421.181111000002,29881,8155256,,,,,ok,,,/mnt/ssd1/29d_kon/acm_2026/outputs/coordinator/rc3_full_metrics_20260611_004003/meshmamba/non_texture/baseline_cone/Cardigan_Welsh_Corgi_v1_L3/recenter_rotx90p0_horizontaltovertical_blender_rig/Cardigan_Welsh_Corgi_v1_L3_report.json,/mnt/ssd1/29d_kon/acm_2026/outputs/coordinator/rc3_full_metrics_20260611_004003/meshmamba/_logs/non_texture/cone/Cardigan_Welsh_Corgi_v1_L3.log,Cardigan_Welsh_Corgi_v1_L3.csv,32868,,,52465,450,horizontal_to_vertical,json_camera_static.fov_degrees,60.000001669652114,35.98339890412515,0.2563602351776608,0.5920626040829872,0.6204109425382494,0.0833772826013366,0.2252340008680313,0.24245836786469557,0.6813082949057145,0.5553450166331309,0.4934941102140533,0.4329396727667738,0.06088613379773067,-0.09536555672748942,-0.3007035441176146,25425808.399956137,10421.181111000002,,,0.8474030305918231,44459,52465,32868
non_texture,Cat_v1_L3,ok,,,/mnt/ssd1/29d_kon/acm_2026/outputs/coordinator/rc3_full_metrics_20260611_004003/meshmamba/non_texture/baseline_screen_space/Cat_v1_L3/sigma0p05_recenter_rotx90p0_horizontaltovertical_blender_rig/Cat_v1_L3_report.json,/mnt/ssd1/29d_kon/acm_2026/outputs/coordinator/rc3_full_metrics_20260611_004003/meshmamba/_logs/non_texture/screen_space/Cat_v1_L3.log,Cat_v1_l3.csv,32868,,,52465,450,horizontal_to_vertical,json_camera_static.fov_degrees,60.000001669652114,35.98339890412515,0.36348237813359324,0.5399436247926976,1.574132435393135,0.08136459495955524,0.23673221457278346,0.2808992468628651,0.6892806568949987,0.849791649926336,0.815089288107657,0.8001650299276127,1.1160916950713433,1.0219526315974203,0.9691188578520897,3.688104668131974,6512.130991,30523,7976874,,,,,ok,,,/mnt/ssd1/29d_kon/acm_2026/outputs/coordinator/rc3_full_metrics_20260611_004003/meshmamba/non_texture/baseline_cone/Cat_v1_L3/recenter_rotx90p0_horizontaltovertical_blender_rig/Cat_v1_L3_report.json,/mnt/ssd1/29d_kon/acm_2026/outputs/coordinator/rc3_full_metrics_20260611_004003/meshmamba/_logs/non_texture/cone/Cat_v1_L3.log,Cat_v1_l3.csv,32868,,,52465,450,horizontal_to_vertical,json_camera_static.fov_degrees,60.000001669652114,35.98339890412515,0.6297432953188142,0.6315303169798079,0.5764873470419749,0.03935847704332745,0.1368328859371948,0.4743701053456486,0.7771269623624316,0.9322855755582018,0.908549295008581,0.9028038927521251,1.7424328379875282,1.623648177003385,1.7499122206454523,22622554.355084863,6512.130991,,,0.8293719622605547,43513,52465,32868
non_texture,Charging_Bull_Statue_of_Wall_Street_v1,ok,,,/mnt/ssd1/29d_kon/acm_2026/outputs/coordinator/rc3_full_metrics_20260611_004003/meshmamba/non_texture/baseline_screen_space/Charging_Bull_Statue_of_Wall_Street_v1/sigma0p05_recenter_rotx90p0_horizontaltovertical_blender_rig/Charging_Bull_Statue_of_Wall_Street_v1_report.json,/mnt/ssd1/29d_kon/acm_2026/outputs/coordinator/rc3_full_metrics_20260611_004003/meshmamba/_logs/non_texture/screen_space/Charging_Bull_Statue_of_Wall_Street_v1.log,Charging_Bull_Statue_of_Wall_Street_v1_L1.csv,32868,,,52465,450,horizontal_to_vertical,json_camera_static.fov_degrees,60.000001669652114,35.98339890412515,0.20767007064449994,0.5982013386828889,1.9339985972171387,0.06137991842703951,0.19554874555793317,0.172258873765109,0.6751319905112126,0.6565523958713211,0.606897941520435,0.4570839986171376,0.5341640492356226,0.2833953345546285,-0.19163591699169957,2.698644815283309,6570.023825,30615,8119545,,,,,ok,,,/mnt/ssd1/29d_kon/acm_2026/outputs/coordinator/rc3_full_metrics_20260611_004003/meshmamba/non_texture/baseline_cone/Charging_Bull_Statue_of_Wall_Street_v1/recenter_rotx90p0_horizontaltovertical_blender_rig/Charging_Bull_Statue_of_Wall_Street_v1_report.json,/mnt/ssd1/29d_kon/acm_2026/outputs/coordinator/rc3_full_metrics_20260611_004003/meshmamba/_logs/non_texture/cone/Charging_Bull_Statue_of_Wall_Street_v1.log,Charging_Bull_Statue_of_Wall_Street_v1_L1.csv,32868,,,52465,450,horizontal_to_vertical,json_camera_static.fov_degrees,60.000001669652114,35.98339890412515,0.26840596361155744,0.5251492708002197,0.8275605368758926,0.060205418380930735,0.1694108852872801,0.19715323371901358,0.5805323643537695,0.7267391972377372,0.6984792953576793,0.5935969658481368,0.668031275326799,0.4437007427966966,-0.17790304043793617,10567616.274079967,6570.023825,,,0.8554274278090155,44880,52465,32868
non_texture,Chinese_coin,ok,,,/mnt/ssd1/29d_kon/acm_2026/outputs/coordinator/rc3_full_metrics_20260611_004003/meshmamba/non_texture/baseline_screen_space/Chinese_coin/sigma0p05_recenter_rotx90p0_horizontaltovertical_blender_rig/Chinese_coin_report.json,/mnt/ssd1/29d_kon/acm_2026/outputs/coordinator/rc3_full_metrics_20260611_004003/meshmamba/_logs/non_texture/screen_space/Chinese_coin.log,chinese_coin.csv,32868,,,52465,450,horizontal_to_vertical,json_camera_static.fov_degrees,60.000001669652114,35.98339890412515,-0.013861019727414126,0.6555367063864666,0.650732289272963,0.056093740497812225,0.18868262478886455,0.0038908054120305826,0.7236172850850442,0.4520059430183537,0.45004053591566284,0.44362715174336975,-0.17811176921480032,-0.18914639482788556,-0.2508578642790014,3.1206254441661208,7979.822288,32195,7582010,,,,,ok,,,/mnt/ssd1/29d_kon/acm_2026/outputs/coordinator/rc3_full_metrics_20260611_004003/meshmamba/non_texture/baseline_cone/Chinese_coin/recenter_rotx90p0_horizontaltovertical_blender_rig/Chinese_coin_report.json,/mnt/ssd1/29d_kon/acm_2026/outputs/coordinator/rc3_full_metrics_20260611_004003/meshmamba/_logs/non_texture/cone/Chinese_coin.log,chinese_coin.csv,32868,,,52465,450,horizontal_to_vertical,json_camera_static.fov_degrees,60.000001669652114,35.98339890412515,0.022969895504306025,0.5708323045145961,0.6922961986702493,0.05548763284580794,0.18169933731212518,0.07041625116638105,0.6115976453725982,0.4973034650558623,0.5107172671312167,0.5346359211125746,-0.12006875000997994,-0.1267621492400725,-0.17068938038521259,11628562.458611254,7979.822288,,,0.9419613075383589,49420,52465,32868
non_texture,Chips_v1_L3,ok,,,/mnt/ssd1/29d_kon/acm_2026/outputs/coordinator/rc3_full_metrics_20260611_004003/meshmamba/non_texture/baseline_screen_space/Chips_v1_L3/sigma0p05_recenter_rotx90p0_horizontaltovertical_blender_rig/Chips_v1_L3_report.json,/mnt/ssd1/29d_kon/acm_2026/outputs/coordinator/rc3_full_metrics_20260611_004003/meshmamba/_logs/non_texture/screen_space/Chips_v1_L3.log,Chips_v1_L3.csv,32868,,,52465,450,horizontal_to_vertical,json_camera_static.fov_degrees,60.000001669652114,35.98339890412515,-0.3777235068975338,0.4558820819130306,1.3333286818044476,0.21060734916844337,0.39318523627476254,-0.4031874848443517,0.546456503451301,0.30401324051864953,0.32814791931217674,0.47645616936085394,-0.5592453677972987,-0.5103025373892484,-0.10242339348931759,2.2686165189473475,9654.76884,32290,7789360,,,,,ok,,,/mnt/ssd1/29d_kon/acm_2026/outputs/coordinator/rc3_full_metrics_20260611_004003/meshmamba/non_texture/baseline_cone/Chips_v1_L3/recenter_rotx90p0_horizontaltovertical_blender_rig/Chips_v1_L3_report.json,/mnt/ssd1/29d_kon/acm_2026/outputs/coordinator/rc3_full_metrics_20260611_004003/meshmamba/_logs/non_texture/cone/Chips_v1_L3.log,Chips_v1_L3.csv,32868,,,52465,450,horizontal_to_vertical,json_camera_static.fov_degrees,60.000001669652114,35.98339890412515,0.17532830916940007,0.5411798019807706,0.7714255707602838,0.10776077417838013,0.26374110731670075,0.01908752478280515,0.6526432922354793,0.5025416180003637,0.5366483016059143,0.7616791577953078,0.020407188972780696,0.10829105667934871,0.9395326649649858,10557138.267088128,9654.76884,,,0.8751358048222625,45914,52465,32868
non_texture,Christmas_Bear,ok,,,/mnt/ssd1/29d_kon/acm_2026/outputs/coordinator/rc3_full_metrics_20260611_004003/meshmamba/non_texture/baseline_screen_space/Christmas_Bear/sigma0p05_recenter_rotx90p0_horizontaltovertical_blender_rig/Christmas_Bear_report.json,/mnt/ssd1/29d_kon/acm_2026/outputs/coordinator/rc3_full_metrics_20260611_004003/meshmamba/_logs/non_texture/screen_space/Christmas_Bear.log,Christmas_Bear.csv,32868,,,52465,450,horizontal_to_vertical,json_camera_static.fov_degrees,60.000001669652114,35.98339890412515,0.25536038224862884,0.6533050971519602,1.609930937172697,0.03684903679587101,0.14695976866723515,0.28192008399401036,0.7205524737563775,0.641936779797037,0.6392995078961657,0.686883899246086,0.45624814889326637,0.4835299560296062,0.6296133830776085,3.1469081066442928,5117.615583000001,30191,7823967,,,,,ok,,,/mnt/ssd1/29d_kon/acm_2026/outputs/coordinator/rc3_full_metrics_20260611_004003/meshmamba/non_texture/baseline_cone/Christmas_Bear/recenter_rotx90p0_horizontaltovertical_blender_rig/Christmas_Bear_report.json,/mnt/ssd1/29d_kon/acm_2026/outputs/coordinator/rc3_full_metrics_20260611_004003/meshmamba/_logs/non_texture/cone/Christmas_Bear.log,Christmas_Bear.csv,32868,,,52465,450,horizontal_to_vertical,json_camera_static.fov_degrees,60.000001669652114,35.98339890412515,0.2122936348745113,0.5701121886110523,0.7048600847999773,0.028272873405611836,0.11693399875538989,0.20331043268651744,0.6023724704635681,0.6022987142387327,0.5701062213201773,0.4959448241254754,0.442950222142251,0.2947146990691859,-0.19550671144038712,8052853.726696353,5117.615583000001,,,0.9252835223482322,48545,52465,32868
non_texture,CrawlingBaby_v1_L1,ok,,,/mnt/ssd1/29d_kon/acm_2026/outputs/coordinator/rc3_full_metrics_20260611_004003/meshmamba/non_texture/baseline_screen_space/CrawlingBaby_v1_L1/sigma0p05_recenter_rotx90p0_horizontaltovertical_blender_rig/CrawlingBaby_v1_L1_report.json,/mnt/ssd1/29d_kon/acm_2026/outputs/coordinator/rc3_full_metrics_20260611_004003/meshmamba/_logs/non_texture/screen_space/CrawlingBaby_v1_L1.log,CrawlingBaby.csv,32868,,,52465,450,horizontal_to_vertical,json_camera_static.fov_degrees,60.000001669652114,35.98339890412515,-0.022598446511881375,0.6588889832754262,1.635522156591695,0.07597445242163912,0.22444332791306887,0.008989723667394187,0.7085803075001244,0.41590805307598677,0.33320099938720793,0.2147137720449746,-0.23057170891304637,-0.4871624794904972,-0.9097806164679964,3.3045941142951785,7827.039065999999,30538,7743065,,,,,ok,,,/mnt/ssd1/29d_kon/acm_2026/outputs/coordinator/rc3_full_metrics_20260611_004003/meshmamba/non_texture/baseline_cone/CrawlingBaby_v1_L1/recenter_rotx90p0_horizontaltovertical_blender_rig/CrawlingBaby_v1_L1_report.json,/mnt/ssd1/29d_kon/acm_2026/outputs/coordinator/rc3_full_metrics_20260611_004003/meshmamba/_logs/non_texture/cone/CrawlingBaby_v1_L1.log,CrawlingBaby.csv,32868,,,52465,450,horizontal_to_vertical,json_camera_static.fov_degrees,60.000001669652114,35.98339890412515,0.3447743783439552,0.6184604469076997,0.6271330865780971,0.041237119726884264,0.15618636972029784,0.24091190991466752,0.718068839463253,0.7599465178125636,0.7015831721870943,0.7522846794741798,1.0676039027924618,0.7509904293759403,0.43842842384329356,10781971.700584576,7827.039065999999,,,0.8965977318212142,47040,52465,32868
non_texture,Deathstroke-obj,ok,,,/mnt/ssd1/29d_kon/acm_2026/outputs/coordinator/rc3_full_metrics_20260611_004003/meshmamba/non_texture/baseline_screen_space/Deathstroke-obj/sigma0p05_recenter_rotx90p0_horizontaltovertical_blender_rig/Deathstroke-obj_report.json,/mnt/ssd1/29d_kon/acm_2026/outputs/coordinator/rc3_full_metrics_20260611_004003/meshmamba/_logs/non_texture/screen_space/Deathstroke-obj.log,Deathstroke.csv,32868,,,53964,450,horizontal_to_vertical,json_camera_static.fov_degrees,60.000001669652114,35.98339890412515,0.2827103789453709,0.7830935559066974,0.7023370961841655,0.04622979114305214,0.1670782279352314,0.2982626457818794,0.8748644083191318,0.674645168669358,0.731234489284866,0.713983948744789,0.48230154604618125,0.6759801198895464,0.6559114602793605,4.029665058669574,12971.013206,31698,7599524,,,,,ok,,,/mnt/ssd1/29d_kon/acm_2026/outputs/coordinator/rc3_full_metrics_20260611_004003/meshmamba/non_texture/baseline_cone/Deathstroke-obj/recenter_rotx90p0_horizontaltovertical_blender_rig/Deathstroke-obj_report.json,/mnt/ssd1/29d_kon/acm_2026/outputs/coordinator/rc3_full_metrics_20260611_004003/meshmamba/_logs/non_texture/cone/Deathstroke-obj.log,Deathstroke.csv,32868,,,53964,450,horizontal_to_vertical,json_camera_static.fov_degrees,60.000001669652114,35.98339890412515,0.2414090564112236,0.7368492483401041,0.24159794218423183,0.10362406070886193,0.2736288479131879,0.24311130964167296,0.7608718995378075,0.6137537490327205,0.6708296631264365,0.6345538498529377,0.5495046767603905,0.6948478304360715,0.5212128110019364,20074024.5691394,12971.013206,,,0.8014787636201912,43251,53964,32868
non_texture,Diavolo_Mask_v1_L3,ok,,,/mnt/ssd1/29d_kon/acm_2026/outputs/coordinator/rc3_full_metrics_20260611_004003/meshmamba/non_texture/baseline_screen_space/Diavolo_Mask_v1_L3/sigma0p05_recenter_rotx90p0_horizontaltovertical_blender_rig/Diavolo_Mask_v1_L3_report.json,/mnt/ssd1/29d_kon/acm_2026/outputs/coordinator/rc3_full_metrics_20260611_004003/meshmamba/_logs/non_texture/screen_space/Diavolo_Mask_v1_L3.log,Diavolo_Mask_v1_l3.csv,32868,,,52465,450,horizontal_to_vertical,json_camera_static.fov_degrees,60.000001669652114,35.98339890412515,0.06866869129819314,0.6276224390003887,1.0990826951196588,0.05091181085929538,0.1831546936920256,0.017335394551495218,0.7110542046640198,0.5650931316380479,0.617524914548856,0.6709921907132065,0.20259564361897522,0.3873437042799561,0.5655822190989188,2.272375229421548,8128.870566,31585,7503728,,,,,ok,,,/mnt/ssd1/29d_kon/acm_2026/outputs/coordinator/rc3_full_metrics_20260611_004003/meshmamba/non_texture/baseline_cone/Diavolo_Mask_v1_L3/recenter_rotx90p0_horizontaltovertical_blender_rig/Diavolo_Mask_v1_L3_report.json,/mnt/ssd1/29d_kon/acm_2026/outputs/coordinator/rc3_full_metrics_20260611_004003/meshmamba/_logs/non_texture/cone/Diavolo_Mask_v1_L3.log,Diavolo_Mask_v1_l3.csv,32868,,,52465,450,horizontal_to_vertical,json_camera_static.fov_degrees,60.000001669652114,35.98339890412515,0.02248313415410294,0.5503646683051526,0.6691835352030195,0.07974393905318872,0.22495825965909166,0.028204353956099916,0.6161842718317039,0.5551112630809454,0.5365551340661903,0.5405338704613617,-0.023916592081141462,-0.03068682708185135,-0.04937148825880003,9132520.642931435,8128.870566,,,0.8519012675116745,44695,52465,32868
non_texture,Domestic_cat_V2_L3,ok,,,/mnt/ssd1/29d_kon/acm_2026/outputs/coordinator/rc3_full_metrics_20260611_004003/meshmamba/non_texture/baseline_screen_space/Domestic_cat_V2_L3/sigma0p05_recenter_rotx90p0_horizontaltovertical_blender_rig/Domestic_cat_V2_L3_report.json,/mnt/ssd1/29d_kon/acm_2026/outputs/coordinator/rc3_full_metrics_20260611_004003/meshmamba/_logs/non_texture/screen_space/Domestic_cat_V2_L3.log,Domestic_cat_V1_iterations-2.csv,32868,,,53964,450,horizontal_to_vertical,json_camera_static.fov_degrees,60.000001669652114,35.98339890412515,0.1852648895905072,0.5613597296749672,4.139066680294207,0.0680797927309399,0.20113594184726064,0.11654449104666724,0.5909676688963642,0.6007566720294346,0.5607462294273604,0.3126739845783376,0.6459303299362584,0.6084925685160443,-0.33149078122723363,2.10176682296777,3590.5043860000005,26745,8557045,,,,,ok,,,/mnt/ssd1/29d_kon/acm_2026/outputs/coordinator/rc3_full_metrics_20260611_004003/meshmamba/non_texture/baseline_cone/Domestic_cat_V2_L3/recenter_rotx90p0_horizontaltovertical_blender_rig/Domestic_cat_V2_L3_report.json,/mnt/ssd1/29d_kon/acm_2026/outputs/coordinator/rc3_full_metrics_20260611_004003/meshmamba/_logs/non_texture/cone/Domestic_cat_V2_L3.log,Domestic_cat_V1_iterations-2.csv,32868,,,53964,450,horizontal_to_vertical,json_camera_static.fov_degrees,60.000001669652114,35.98339890412515,0.3429455545776449,0.5131332937989366,1.5882490063611674,0.020665661592866983,0.08809631091285103,0.12859535372867384,0.5586348848631135,0.6224306251473076,0.5871474555881588,0.43868199871634045,1.1667590754155015,1.4127466867000846,0.38004114633751424,8473687.278529903,3590.5043860000005,,,0.8713401526943888,47021,53964,31467
non_texture,Eagle_wood_v1_L3,ok,,,/mnt/ssd1/29d_kon/acm_2026/outputs/coordinator/rc3_full_metrics_20260611_004003/meshmamba/non_texture/baseline_screen_space/Eagle_wood_v1_L3/sigma0p05_recenter_rotx90p0_horizontaltovertical_blender_rig/Eagle_wood_v1_L3_report.json,/mnt/ssd1/29d_kon/acm_2026/outputs/coordinator/rc3_full_metrics_20260611_004003/meshmamba/_logs/non_texture/screen_space/Eagle_wood_v1_L3.log,Eagle_v1_max2011_it2.csv,32868,,,52465,450,horizontal_to_vertical,json_camera_static.fov_degrees,60.000001669652114,35.98339890412515,0.009482786166094688,0.5815836029308352,2.440091748081961,0.055139328554137265,0.1831048583338259,-0.021854535230153557,0.6360880446655088,0.5025800361271291,0.46821875508452226,0.5290620159245893,0.05931288761803956,-0.03123867068568508,0.20179743457177496,2.523701377450992,7210.587536,28801,7832796,,,,,ok,,,/mnt/ssd1/29d_kon/acm_2026/outputs/coordinator/rc3_full_metrics_20260611_004003/meshmamba/non_texture/baseline_cone/Eagle_wood_v1_L3/recenter_rotx90p0_horizontaltovertical_blender_rig/Eagle_wood_v1_L3_report.json,/mnt/ssd1/29d_kon/acm_2026/outputs/coordinator/rc3_full_metrics_20260611_004003/meshmamba/_logs/non_texture/cone/Eagle_wood_v1_L3.log,Eagle_v1_max2011_it2.csv,32868,,,52465,450,horizontal_to_vertical,json_camera_static.fov_degrees,60.000001669652114,35.98339890412515,0.18819538696952606,0.5498340744986474,0.6488792991442343,0.05115691829058245,0.1747200110156758,0.08191313116043437,0.5585365149088233,0.6414644235033286,0.6723843873138948,0.733175835478604,0.5589883196270522,0.6196561146689099,0.992224412258766,8537993.878234677,7210.587536,,,0.8722005146288001,45760,52465,32868
non_texture,Elephant_v01_l3,ok,,,/mnt/ssd1/29d_kon/acm_2026/outputs/coordinator/rc3_full_metrics_20260611_004003/meshmamba/non_texture/baseline_screen_space/Elephant_v01_l3/sigma0p05_recenter_rotx90p0_horizontaltovertical_blender_rig/Elephant_v01_l3_report.json,/mnt/ssd1/29d_kon/acm_2026/outputs/coordinator/rc3_full_metrics_20260611_004003/meshmamba/_logs/non_texture/screen_space/Elephant_v01_l3.log,statue_Elephant_v1_L3.csv,32868,,,52465,450,horizontal_to_vertical,json_camera_static.fov_degrees,60.000001669652114,35.98339890412515,-0.08848664593862637,0.4263442811462089,2.21552256724323,0.16923629683825486,0.3576191457978231,0.10832842110303958,0.4040996206506972,0.3697359337178862,0.22277288962324196,0.2058373066652493,-0.35633287346250436,-0.8490766127723366,-0.8817789138745753,2.036843913672606,3178.395711,29386,8093950,,,,,ok,,,/mnt/ssd1/29d_kon/acm_2026/outputs/coordinator/rc3_full_metrics_20260611_004003/meshmamba/non_texture/baseline_cone/Elephant_v01_l3/recenter_rotx90p0_horizontaltovertical_blender_rig/Elephant_v01_l3_report.json,/mnt/ssd1/29d_kon/acm_2026/outputs/coordinator/rc3_full_metrics_20260611_004003/meshmamba/_logs/non_texture/cone/Elephant_v01_l3.log,statue_Elephant_v1_L3.csv,32868,,,52465,450,horizontal_to_vertical,json_camera_static.fov_degrees,60.000001669652114,35.98339890412515,0.19765103893852762,0.4600951097119733,1.2250039194898683,0.06524717262564667,0.17897154982186247,0.2598542982872331,0.48230685186241895,0.7086488876016226,0.5517291992777407,0.6341201874094318,0.6101779017043454,-0.05243769625416973,0.13259863643584388,5496354.888454694,3178.395711,,,0.9281997522157629,48698,52465,31689
non_texture,Fighter_Jet_SG_v1_L3,ok,,,/mnt/ssd1/29d_kon/acm_2026/outputs/coordinator/rc3_full_metrics_20260611_004003/meshmamba/non_texture/baseline_screen_space/Fighter_Jet_SG_v1_L3/sigma0p05_recenter_rotx90p0_horizontaltovertical_blender_rig/Fighter_Jet_SG_v1_L3_report.json,/mnt/ssd1/29d_kon/acm_2026/outputs/coordinator/rc3_full_metrics_20260611_004003/meshmamba/_logs/non_texture/screen_space/Fighter_Jet_SG_v1_L3.log,Fighter_Jet_SG_v1_iterations-2.csv,32868,,,52465,450,horizontal_to_vertical,json_camera_static.fov_degrees,60.000001669652114,35.98339890412515,0.07369157610228089,0.5548996161753479,4.531840015369492,0.08849536843137754,0.23857972393676008,0.07437641248569375,0.635589680078148,0.5762424001041543,0.640179402985912,0.6718355555750681,0.19521396499631583,0.4067469172813533,0.4338606282716234,3.2547009654311116,8567.267849,22984,7766650,,,,,ok,,,/mnt/ssd1/29d_kon/acm_2026/outputs/coordinator/rc3_full_metrics_20260611_004003/meshmamba/non_texture/baseline_cone/Fighter_Jet_SG_v1_L3/recenter_rotx90p0_horizontaltovertical_blender_rig/Fighter_Jet_SG_v1_L3_report.json,/mnt/ssd1/29d_kon/acm_2026/outputs/coordinator/rc3_full_metrics_20260611_004003/meshmamba/_logs/non_texture/cone/Fighter_Jet_SG_v1_L3.log,Fighter_Jet_SG_v1_iterations-2.csv,32868,,,52465,450,horizontal_to_vertical,json_camera_static.fov_degrees,60.000001669652114,35.98339890412515,0.3090588438047069,0.678762824451209,0.362562294677782,0.05205019892955657,0.17947875104379765,0.29755929769352163,0.7763426898912928,0.643351133543517,0.773373110661647,0.8370687464030772,0.40345730936463425,0.7878831994825923,1.0415123872327714,15088638.602673398,8567.267849,,,0.8169446297531687,42861,52465,32868
non_texture,Flying_saucer_v1_L3,ok,,,/mnt/ssd1/29d_kon/acm_2026/outputs/coordinator/rc3_full_metrics_20260611_004003/meshmamba/non_texture/baseline_screen_space/Flying_saucer_v1_L3/sigma0p05_recenter_rotx90p0_horizontaltovertical_blender_rig/Flying_saucer_v1_L3_report.json,/mnt/ssd1/29d_kon/acm_2026/outputs/coordinator/rc3_full_metrics_20260611_004003/meshmamba/_logs/non_texture/screen_space/Flying_saucer_v1_L3.log,Flying_saucer_v1_L3.csv,32868,,,53964,450,horizontal_to_vertical,json_camera_static.fov_degrees,60.000001669652114,35.98339890412515,0.12350957912901228,0.43998981906786666,4.593103792683804,0.14726887537404376,0.29799241903907137,0.10577724113559624,0.4893314270819484,0.5480250701957439,0.5942797546244607,0.5899551354367276,0.21129357894829606,0.3935138984148504,0.3826453144200159,2.9357383678680185,3754.2624929999997,24960,7597463,,,,,ok,,,/mnt/ssd1/29d_kon/acm_2026/outputs/coordinator/rc3_full_metrics_20260611_004003/meshmamba/non_texture/baseline_cone/Flying_saucer_v1_L3/recenter_rotx90p0_horizontaltovertical_blender_rig/Flying_saucer_v1_L3_report.json,/mnt/ssd1/29d_kon/acm_2026/outputs/coordinator/rc3_full_metrics_20260611_004003/meshmamba/_logs/non_texture/cone/Flying_saucer_v1_L3.log,Flying_saucer_v1_L3.csv,32868,,,53964,450,horizontal_to_vertical,json_camera_static.fov_degrees,60.000001669652114,35.98339890412515,0.056162259993224176,0.3853748878674192,10.726918058386952,0.07909177943686889,0.195019726298009,0.1627042829253461,0.3716476413777625,0.45674027393260835,0.5,0.5,-0.281638107963064,-0.7586905722207238,-0.7586905722207237,7543000.679396536,3754.2624929999997,,,0.9261544733526055,49979,53964,19743
non_texture,Frog_v1_L3,ok,,,/mnt/ssd1/29d_kon/acm_2026/outputs/coordinator/rc3_full_metrics_20260611_004003/meshmamba/non_texture/baseline_screen_space/Frog_v1_L3/sigma0p05_recenter_rotx90p0_horizontaltovertical_blender_rig/Frog_v1_L3_report.json,/mnt/ssd1/29d_kon/acm_2026/outputs/coordinator/rc3_full_metrics_20260611_004003/meshmamba/_logs/non_texture/screen_space/Frog_v1_L3.log,Frog_v1_L3.csv,32868,,,55463,450,horizontal_to_vertical,json_camera_static.fov_degrees,60.000001669652114,35.98339890412515,-0.30803678935782336,0.3557482872494142,4.57586811025256,0.11961305990715326,0.2759312970404267,-0.3079527376624514,0.35183990363725093,0.3335851757844505,0.3517815776497335,0.341713068003222,-0.5389389110501782,-0.5237421946246336,-0.5660430553010684,3.1038861069420243,6687.5190569999995,27559,7588494,,,,,ok,,,/mnt/ssd1/29d_kon/acm_2026/outputs/coordinator/rc3_full_metrics_20260611_004003/meshmamba/non_texture/baseline_cone/Frog_v1_L3/recenter_rotx90p0_horizontaltovertical_blender_rig/Frog_v1_L3_report.json,/mnt/ssd1/29d_kon/acm_2026/outputs/coordinator/rc3_full_metrics_20260611_004003/meshmamba/_logs/non_texture/cone/Frog_v1_L3.log,Frog_v1_L3.csv,32868,,,55463,450,horizontal_to_vertical,json_camera_static.fov_degrees,60.000001669652114,35.98339890412515,-0.1872553912230012,0.3379697387880213,1.1774762872377387,0.10577240498751174,0.24577287214962149,-0.08113101783361015,0.3135098788332609,0.6824265645811693,0.6923189193165404,0.7226192258791438,-0.06824338348148443,-0.05439723613228579,-0.020103286049756187,11535161.127362614,6687.5190569999995,,,0.7854245172457314,43562,55463,32868
non_texture,Gold_Doubloon_v1_L1,ok,,,/mnt/ssd1/29d_kon/acm_2026/outputs/coordinator/rc3_full_metrics_20260611_004003/meshmamba/non_texture/baseline_screen_space/Gold_Doubloon_v1_L1/sigma0p05_recenter_rotx90p0_horizontaltovertical_blender_rig/Gold_Doubloon_v1_L1_report.json,/mnt/ssd1/29d_kon/acm_2026/outputs/coordinator/rc3_full_metrics_20260611_004003/meshmamba/_logs/non_texture/screen_space/Gold_Doubloon_v1_L1.log,Gold_Doubloon_v1_l1.csv,32868,,,52465,450,horizontal_to_vertical,json_camera_static.fov_degrees,60.000001669652114,35.98339890412515,0.3953853456567101,0.6998400278386113,0.3176701074999354,0.03411954085620921,0.147671592187168,0.4399702118979918,0.7941928763715081,0.7136290873279556,0.7316371113710646,0.683987211605134,0.6602522892647155,0.7395192354684973,0.5985922563007656,3.6839027929917325,6497.457248000001,32640,7548339,,,,,ok,,,/mnt/ssd1/29d_kon/acm_2026/outputs/coordinator/rc3_full_metrics_20260611_004003/meshmamba/non_texture/baseline_cone/Gold_Doubloon_v1_L1/recenter_rotx90p0_horizontaltovertical_blender_rig/Gold_Doubloon_v1_L1_report.json,/mnt/ssd1/29d_kon/acm_2026/outputs/coordinator/rc3_full_metrics_20260611_004003/meshmamba/_logs/non_texture/cone/Gold_Doubloon_v1_L1.log,Gold_Doubloon_v1_l1.csv,32868,,,52465,450,horizontal_to_vertical,json_camera_static.fov_degrees,60.000001669652114,35.98339890412515,0.306917237549203,0.6310976198945237,0.45179058169965086,0.0522572785945693,0.16926594401227588,0.4318872711292675,0.71253199319977,0.6743191828160526,0.6750313681907923,0.633065806185722,0.3583313065896549,0.32258050062837534,0.16337638061973686,12292624.803921066,6497.457248000001,,,0.9258172114743162,48573,52465,32868
non_texture,GrayAlien_v01_L3,ok,,,/mnt/ssd1/29d_kon/acm_2026/outputs/coordinator/rc3_full_metrics_20260611_004003/meshmamba/non_texture/baseline_screen_space/GrayAlien_v01_L3/sigma0p05_recenter_rotx90p0_horizontaltovertical_blender_rig/GrayAlien_v01_L3_report.json,/mnt/ssd1/29d_kon/acm_2026/outputs/coordinator/rc3_full_metrics_20260611_004003/meshmamba/_logs/non_texture/screen_space/GrayAlien_v01_L3.log,GrayAlien_v01.csv,32868,,,52465,450,horizontal_to_vertical,json_camera_static.fov_degrees,60.000001669652114,35.98339890412515,-0.10415642466877838,0.5870505761424922,1.1507492629244802,0.07540983797747675,0.21037346043945152,-0.18938311868850777,0.6250744406930554,0.3914835657168053,0.2033945868266534,0.21690795922143835,-0.13917370228279316,-0.8075698762465515,-0.8335134285720457,3.8232852011382987,8642.473778,31690,7638557,,,,,ok,,,/mnt/ssd1/29d_kon/acm_2026/outputs/coordinator/rc3_full_metrics_20260611_004003/meshmamba/non_texture/baseline_cone/GrayAlien_v01_L3/recenter_rotx90p0_horizontaltovertical_blender_rig/GrayAlien_v01_L3_report.json,/mnt/ssd1/29d_kon/acm_2026/outputs/coordinator/rc3_full_metrics_20260611_004003/meshmamba/_logs/non_texture/cone/GrayAlien_v01_L3.log,GrayAlien_v01.csv,32868,,,52465,450,horizontal_to_vertical,json_camera_static.fov_degrees,60.000001669652114,35.98339890412515,0.16933840100409994,0.480244226084578,0.938904347584646,0.09099829161558554,0.22798389673826222,-0.11914623373745681,0.5544063820934647,0.36453497503263993,0.0782142810945227,0.14969887432719267,0.38301273725235385,-0.6114171468947737,-0.5853595557276132,29411994.253851175,8642.473778,,,0.7617078052034689,39963,52465,32868
non_texture,Great_Dane_v1_L3,ok,,,/mnt/ssd1/29d_kon/acm_2026/outputs/coordinator/rc3_full_metrics_20260611_004003/meshmamba/non_texture/baseline_screen_space/Great_Dane_v1_L3/sigma0p05_recenter_rotx90p0_horizontaltovertical_blender_rig/Great_Dane_v1_L3_report.json,/mnt/ssd1/29d_kon/acm_2026/outputs/coordinator/rc3_full_metrics_20260611_004003/meshmamba/_logs/non_texture/screen_space/Great_Dane_v1_L3.log,Great_Dane_v1_l3.csv,32868,,,52465,450,horizontal_to_vertical,json_camera_static.fov_degrees,60.000001669652114,35.98339890412515,0.17579706879171852,0.6287392945013555,1.8962020162169,0.09132583976623351,0.25501152721091924,0.07586521816694809,0.7299236541906784,0.6854048358831208,0.8518506375406529,0.963829796575183,0.6464833089533614,1.2973499701110691,1.8240481232025993,3.5457886289889218,8309.431102,30580,8001141,,,,,ok,,,/mnt/ssd1/29d_kon/acm_2026/outputs/coordinator/rc3_full_metrics_20260611_004003/meshmamba/non_texture/baseline_cone/Great_Dane_v1_L3/recenter_rotx90p0_horizontaltovertical_blender_rig/Great_Dane_v1_L3_report.json,/mnt/ssd1/29d_kon/acm_2026/outputs/coordinator/rc3_full_metrics_20260611_004003/meshmamba/_logs/non_texture/cone/Great_Dane_v1_L3.log,Great_Dane_v1_l3.csv,32868,,,52465,450,horizontal_to_vertical,json_camera_static.fov_degrees,60.000001669652114,35.98339890412515,0.5330173265755315,0.6163318003066662,0.7032729461382827,0.043046742696411636,0.15790761221251015,0.21248685645258972,0.7661029170234792,0.7485137800333872,0.9062620684350986,0.959397238628119,1.3666913955553412,2.280709475210576,2.55192806552515,20048307.02347301,8309.431102,,,0.8181835509387211,42926,52465,32868
non_texture,Gun_Powder_Keg_v1_L3,ok,,,/mnt/ssd1/29d_kon/acm_2026/outputs/coordinator/rc3_full_metrics_20260611_004003/meshmamba/non_texture/baseline_screen_space/Gun_Powder_Keg_v1_L3/sigma0p05_recenter_rotx90p0_horizontaltovertical_blender_rig/Gun_Powder_Keg_v1_L3_report.json,/mnt/ssd1/29d_kon/acm_2026/outputs/coordinator/rc3_full_metrics_20260611_004003/meshmamba/_logs/non_texture/screen_space/Gun_Powder_Keg_v1_L3.log,Gun_Powder_Keg_v1_L3.csv,32868,,,52465,450,horizontal_to_vertical,json_camera_static.fov_degrees,60.000001669652114,35.98339890412515,0.14188599979863567,0.5401645945308018,3.2156940716944407,0.058160395399321524,0.17434262259368474,0.22102905759878982,0.5836553421619223,0.6290350564712524,0.6495466904863874,0.6327587161947632,0.28563022064036847,0.34466423596565093,0.2870551464714255,1.3268896963754113,4295.185837999999,26985,7949241,,,,,ok,,,/mnt/ssd1/29d_kon/acm_2026/outputs/coordinator/rc3_full_metrics_20260611_004003/meshmamba/non_texture/baseline_cone/Gun_Powder_Keg_v1_L3/recenter_rotx90p0_horizontaltovertical_blender_rig/Gun_Powder_Keg_v1_L3_report.json,/mnt/ssd1/29d_kon/acm_2026/outputs/coordinator/rc3_full_metrics_20260611_004003/meshmamba/_logs/non_texture/cone/Gun_Powder_Keg_v1_L3.log,Gun_Powder_Keg_v1_L3.csv,32868,,,52465,450,horizontal_to_vertical,json_camera_static.fov_degrees,60.000001669652114,35.98339890412515,0.29155265884037657,0.5916491342413588,0.9656253422327035,0.022153377587604727,0.10969123144976704,0.3121044473704683,0.6730818205981904,0.6247131431964995,0.6266768111652838,0.6256865854965157,0.41890078308986317,0.443463955360128,0.48901583722869657,4037819.0452273423,4295.185837999999,,,0.9696940817687982,50875,52465,32290
non_texture,Handheld_Game_unit_v1_L3,ok,,,/mnt/ssd1/29d_kon/acm_2026/outputs/coordinator/rc3_full_metrics_20260611_004003/meshmamba/non_texture/baseline_screen_space/Handheld_Game_unit_v1_L3/sigma0p05_recenter_rotx90p0_horizontaltovertical_blender_rig/Handheld_Game_unit_v1_L3_report.json,/mnt/ssd1/29d_kon/acm_2026/outputs/coordinator/rc3_full_metrics_20260611_004003/meshmamba/_logs/non_texture/screen_space/Handheld_Game_unit_v1_L3.log,Handheld_Game_unit_v1_L3.csv,32868,,,53964,450,horizontal_to_vertical,json_camera_static.fov_degrees,60.000001669652114,35.98339890412515,0.06509657599890394,0.5191749075130923,2.273354489815349,0.0763106226647743,0.22324736114618543,0.05530672964123017,0.5580046791875999,0.5774152251401475,0.5681648201863562,0.5262371149476834,0.20464715784918056,0.2149120764547133,-0.034513413147341424,3.017956755819333,4133.048981,29305,7567925,,,,,ok,,,/mnt/ssd1/29d_kon/acm_2026/outputs/coordinator/rc3_full_metrics_20260611_004003/meshmamba/non_texture/baseline_cone/Handheld_Game_unit_v1_L3/recenter_rotx90p0_horizontaltovertical_blender_rig/Handheld_Game_unit_v1_L3_report.json,/mnt/ssd1/29d_kon/acm_2026/outputs/coordinator/rc3_full_metrics_20260611_004003/meshmamba/_logs/non_texture/cone/Handheld_Game_unit_v1_L3.log,Handheld_Game_unit_v1_L3.csv,32868,,,53964,450,horizontal_to_vertical,json_camera_static.fov_degrees,60.000001669652114,35.98339890412515,0.08463495310157651,0.5082372592619664,0.7288781211121726,0.04426744463858062,0.15161420212980736,0.16114963140744956,0.5373013143999028,0.6694976539128326,0.6721744510897787,0.6579754983755289,0.18092351657578504,0.1970594973467578,0.06471325442989626,10102025.549387515,4133.048981,,,0.9226150767178118,49788,53964,32868
non_texture,Holsteind_v2_L3,ok,,,/mnt/ssd1/29d_kon/acm_2026/outputs/coordinator/rc3_full_metrics_20260611_004003/meshmamba/non_texture/baseline_screen_space/Holsteind_v2_L3/sigma0p05_recenter_rotx90p0_horizontaltovertical_blender_rig/Holsteind_v2_L3_report.json,/mnt/ssd1/29d_kon/acm_2026/outputs/coordinator/rc3_full_metrics_20260611_004003/meshmamba/_logs/non_texture/screen_space/Holsteind_v2_L3.log,Holsteind_v2_l3.csv,32868,,,53964,450,horizontal_to_vertical,json_camera_static.fov_degrees,60.000001669652114,35.98339890412515,-0.09915886640572731,0.5536798470630362,1.7273311106589362,0.09248040283108823,0.2467624106666599,-0.05907391486111352,0.5841193979852944,0.45166168142919993,0.4938970732164976,0.6119745853724653,-0.22951719327433032,-0.08735822982345319,0.29316679882031144,2.754899108159088,4582.046034999999,30714,8092521,,,,,ok,,,/mnt/ssd1/29d_kon/acm_2026/outputs/coordinator/rc3_full_metrics_20260611_004003/meshmamba/non_texture/baseline_cone/Holsteind_v2_L3/recenter_rotx90p0_horizontaltovertical_blender_rig/Holsteind_v2_L3_report.json,/mnt/ssd1/29d_kon/acm_2026/outputs/coordinator/rc3_full_metrics_20260611_004003/meshmamba/_logs/non_texture/cone/Holsteind_v2_L3.log,Holsteind_v2_l3.csv,32868,,,53964,450,horizontal_to_vertical,json_camera_static.fov_degrees,60.000001669652114,35.98339890412515,-0.13009768512513684,0.4494033172906997,1.0523305536362138,0.05752779275391797,0.16310502167513344,-0.09500438264616234,0.39882276092491803,0.36178129370344747,0.4222612191445472,0.5130794180955265,-0.4367770779556664,-0.3828423585885301,-0.3045986716069638,9924675.166120809,4582.046034999999,,,0.838948187680676,45273,53964,32864
non_texture,Horse_v01_L3,ok,,,/mnt/ssd1/29d_kon/acm_2026/outputs/coordinator/rc3_full_metrics_20260611_004003/meshmamba/non_texture/baseline_screen_space/Horse_v01_L3/sigma0p05_recenter_rotx90p0_horizontaltovertical_blender_rig/Horse_v01_L3_report.json,/mnt/ssd1/29d_kon/acm_2026/outputs/coordinator/rc3_full_metrics_20260611_004003/meshmamba/_logs/non_texture/screen_space/Horse_v01_L3.log,Horse_v01-it2.csv,32868,,,53964,450,horizontal_to_vertical,json_camera_static.fov_degrees,60.000001669652114,35.98339890412515,0.1879850145741023,0.6166200072154542,1.3182911655066405,0.06385078745377253,0.19968610240322748,0.08814952089295838,0.7005219505023357,0.6790644925417977,0.759725054749201,0.6068637672202755,0.6053629373048327,0.9110571000602903,0.2994240653912609,2.8607870789151972,5650.8679569999995,31138,7899226,,,,,ok,,,/mnt/ssd1/29d_kon/acm_2026/outputs/coordinator/rc3_full_metrics_20260611_004003/meshmamba/non_texture/baseline_cone/Horse_v01_L3/recenter_rotx90p0_horizontaltovertical_blender_rig/Horse_v01_L3_report.json,/mnt/ssd1/29d_kon/acm_2026/outputs/coordinator/rc3_full_metrics_20260611_004003/meshmamba/_logs/non_texture/cone/Horse_v01_L3.log,Horse_v01-it2.csv,32868,,,53964,450,horizontal_to_vertical,json_camera_static.fov_degrees,60.000001669652114,35.98339890412515,0.32203198126468907,0.5616296420595539,0.6832038435875494,0.04519165731248742,0.15102886950755406,0.26776612339337125,0.6457864856515539,0.822854757975726,0.8722229741860557,0.87165716781667,0.7153846650025695,1.0308111726418139,1.1550233735945787,15617446.444719061,5650.8679569999995,,,0.8316470239418872,44879,53964,32868
non_texture,Hover_Truck_v1_L2,ok,,,/mnt/ssd1/29d_kon/acm_2026/outputs/coordinator/rc3_full_metrics_20260611_004003/meshmamba/non_texture/baseline_screen_space/Hover_Truck_v1_L2/sigma0p05_recenter_rotx90p0_horizontaltovertical_blender_rig/Hover_Truck_v1_L2_report.json,/mnt/ssd1/29d_kon/acm_2026/outputs/coordinator/rc3_full_metrics_20260611_004003/meshmamba/_logs/non_texture/screen_space/Hover_Truck_v1_L2.log,Hover_Truck_V1_l2.csv,32868,,,52465,450,horizontal_to_vertical,json_camera_static.fov_degrees,60.000001669652114,35.98339890412515,0.06758504275606046,0.5772010106792547,1.9164526019449233,0.10294683347763531,0.2491940939921533,0.060062595910572086,0.6401782500134652,0.5397246001905099,0.5815089930978291,0.684515453095285,0.0979913251054405,0.21412463010220983,0.568711749522469,2.2513794120971076,5687.454299999999,27911,7427252,,,,,ok,,,/mnt/ssd1/29d_kon/acm_2026/outputs/coordinator/rc3_full_metrics_20260611_004003/meshmamba/non_texture/baseline_cone/Hover_Truck_v1_L2/recenter_rotx90p0_horizontaltovertical_blender_rig/Hover_Truck_v1_L2_report.json,/mnt/ssd1/29d_kon/acm_2026/outputs/coordinator/rc3_full_metrics_20260611_004003/meshmamba/_logs/non_texture/cone/Hover_Truck_v1_L2.log,Hover_Truck_V1_l2.csv,32868,,,52465,450,horizontal_to_vertical,json_camera_static.fov_degrees,60.000001669652114,35.98339890412515,0.1189866305081841,0.5547970270054148,0.8163718176814725,0.07000720352049791,0.2040247384679399,0.10156028177791565,0.6257378607305242,0.5842166322833602,0.6421093103720202,0.8278912160679571,0.23401839548190706,0.44845836394605143,1.3706937958463965,6198858.616677819,5687.454299999999,,,0.9513580482226246,49913,52465,32187
non_texture,Ice_Cream_V1_L3,ok,,,/mnt/ssd1/29d_kon/acm_2026/outputs/coordinator/rc3_full_metrics_20260611_004003/meshmamba/non_texture/baseline_screen_space/Ice_Cream_V1_L3/sigma0p05_recenter_rotx90p0_horizontaltovertical_blender_rig/Ice_Cream_V1_L3_report.json,/mnt/ssd1/29d_kon/acm_2026/outputs/coordinator/rc3_full_metrics_20260611_004003/meshmamba/_logs/non_texture/screen_space/Ice_Cream_V1_L3.log,Ice_Cream_v1_LOD1.csv,32868,,,52465,450,horizontal_to_vertical,json_camera_static.fov_degrees,60.000001669652114,35.98339890412515,0.4313580865287433,0.6960709778123355,1.2010699339500694,0.07243121540662942,0.21220058110672232,0.4652462585759497,0.8048021731532867,0.6893146143448976,0.6861792515022134,0.6301448782854076,0.6379844268613214,0.6623502854007604,0.42333713487753144,6.18820029417982,11149.350145,31028,7623894,,,,,ok,,,/mnt/ssd1/29d_kon/acm_2026/outputs/coordinator/rc3_full_metrics_20260611_004003/meshmamba/non_texture/baseline_cone/Ice_Cream_V1_L3/recenter_rotx90p0_horizontaltovertical_blender_rig/Ice_Cream_V1_L3_report.json,/mnt/ssd1/29d_kon/acm_2026/outputs/coordinator/rc3_full_metrics_20260611_004003/meshmamba/_logs/non_texture/cone/Ice_Cream_V1_L3.log,Ice_Cream_v1_LOD1.csv,32868,,,52465,450,horizontal_to_vertical,json_camera_static.fov_degrees,60.000001669652114,35.98339890412515,0.7018143604151925,0.7690467481781496,0.20037903023363396,0.04145563156442513,0.15496655265789505,0.7556359266982322,0.885890344790261,0.8157482272921899,0.8079144719452813,0.819854472505334,1.0012011352296168,1.010329071428454,1.1197045603875775,33263622.30900455,11149.350145,,,0.8539597827122843,44803,52465,32461
non_texture,Ichthyosaurus_V1_L2,ok,,,/mnt/ssd1/29d_kon/acm_2026/outputs/coordinator/rc3_full_metrics_20260611_004003/meshmamba/non_texture/baseline_screen_space/Ichthyosaurus_V1_L2/sigma0p05_recenter_rotx90p0_horizontaltovertical_blender_rig/Ichthyosaurus_V1_L2_report.json,/mnt/ssd1/29d_kon/acm_2026/outputs/coordinator/rc3_full_metrics_20260611_004003/meshmamba/_logs/non_texture/screen_space/Ichthyosaurus_V1_L2.log,Ichthyosaurus_v1_L2.csv,32868,,,52465,450,horizontal_to_vertical,json_camera_static.fov_degrees,60.000001669652114,35.98339890412515,0.1497119910043449,0.6494739489056929,1.48212602787175,0.07858013133184688,0.22308315786257668,0.09915545873384655,0.7256384260390882,0.6294978532283985,0.6675374641628842,0.6715809627932102,0.440335219412819,0.5519166593102862,0.679626486416039,4.889301620034647,8498.226217,30355,7619780,,,,,ok,,,/mnt/ssd1/29d_kon/acm_2026/outputs/coordinator/rc3_full_metrics_20260611_004003/meshmamba/non_texture/baseline_cone/Ichthyosaurus_V1_L2/recenter_rotx90p0_horizontaltovertical_blender_rig/Ichthyosaurus_V1_L2_report.json,/mnt/ssd1/29d_kon/acm_2026/outputs/coordinator/rc3_full_metrics_20260611_004003/meshmamba/_logs/non_texture/cone/Ichthyosaurus_V1_L2.log,Ichthyosaurus_v1_L2.csv,32868,,,52465,450,horizontal_to_vertical,json_camera_static.fov_degrees,60.000001669652114,35.98339890412515,0.6503755599744455,0.7361424121436664,0.2799354791465819,0.0412371346103668,0.15062842751948777,0.517340976067349,0.8616379668679878,0.9156891247760388,0.9293310331032402,0.9257001488323902,1.5471198919417817,1.7854602638332489,1.9460556603649,27479040.465805694,8498.226217,,,0.7230915848661013,37937,52465,32868
non_texture,Impact_Driver_v2_L3,ok,,,/mnt/ssd1/29d_kon/acm_2026/outputs/coordinator/rc3_full_metrics_20260611_004003/meshmamba/non_texture/baseline_screen_space/Impact_Driver_v2_L3/sigma0p05_recenter_rotx90p0_horizontaltovertical_blender_rig/Impact_Driver_v2_L3_report.json,/mnt/ssd1/29d_kon/acm_2026/outputs/coordinator/rc3_full_metrics_20260611_004003/meshmamba/_logs/non_texture/screen_space/Impact_Driver_v2_L3.log,Impact_Driver_v2_L3.csv,32868,,,53964,450,horizontal_to_vertical,json_camera_static.fov_degrees,60.000001669652114,35.98339890412515,-0.08439220868141228,0.5054932295766069,1.8669494993230638,0.06420355484559283,0.205983475313379,-0.1256708170698243,0.5440891377568831,0.45541416720438843,0.5383275965895596,0.5814422739474379,-0.17038121592663802,0.07280780872020343,0.19562492637041864,3.047550261103134,4456.589027,30588,7622631,,,,,ok,,,/mnt/ssd1/29d_kon/acm_2026/outputs/coordinator/rc3_full_metrics_20260611_004003/meshmamba/non_texture/baseline_cone/Impact_Driver_v2_L3/recenter_rotx90p0_horizontaltovertical_blender_rig/Impact_Driver_v2_L3_report.json,/mnt/ssd1/29d_kon/acm_2026/outputs/coordinator/rc3_full_metrics_20260611_004003/meshmamba/_logs/non_texture/cone/Impact_Driver_v2_L3.log,Impact_Driver_v2_L3.csv,32868,,,53964,450,horizontal_to_vertical,json_camera_static.fov_degrees,60.000001669652114,35.98339890412515,0.288139639101781,0.5948517335498028,0.5106140375412129,0.08513038183904906,0.22349934591395199,0.44700352386054804,0.6702489223763854,0.7172625339897061,0.6837461225160258,0.7300790606100829,0.45288798855631146,0.3946992151816927,0.5374467129259425,17205635.286118314,4456.589027,,,0.92937884515603,50153,53964,32851
non_texture,Jambu_Fruit_Dove_v1_L3,ok,,,/mnt/ssd1/29d_kon/acm_2026/outputs/coordinator/rc3_full_metrics_20260611_004003/meshmamba/non_texture/baseline_screen_space/Jambu_Fruit_Dove_v1_L3/sigma0p05_recenter_rotx90p0_horizontaltovertical_blender_rig/Jambu_Fruit_Dove_v1_L3_report.json,/mnt/ssd1/29d_kon/acm_2026/outputs/coordinator/rc3_full_metrics_20260611_004003/meshmamba/_logs/non_texture/screen_space/Jambu_Fruit_Dove_v1_L3.log,Jambu_fruit_dove_v1_L3.csv,32868,,,52465,450,horizontal_to_vertical,json_camera_static.fov_degrees,60.000001669652114,35.98339890412515,0.09478445661346013,0.5085732152712426,2.970713312559264,0.133873163449126,0.2953380368403105,0.06500791453276537,0.5882586658873995,0.5136921103339804,0.41494198112001934,0.5314360200539339,0.06898685729726844,-0.29931402799139556,0.05705373824688452,3.369630183340232,7967.074756,28889,8023252,,,,,ok,,,/mnt/ssd1/29d_kon/acm_2026/outputs/coordinator/rc3_full_metrics_20260611_004003/meshmamba/non_texture/baseline_cone/Jambu_Fruit_Dove_v1_L3/recenter_rotx90p0_horizontaltovertical_blender_rig/Jambu_Fruit_Dove_v1_L3_report.json,/mnt/ssd1/29d_kon/acm_2026/outputs/coordinator/rc3_full_metrics_20260611_004003/meshmamba/_logs/non_texture/cone/Jambu_Fruit_Dove_v1_L3.log,Jambu_fruit_dove_v1_L3.csv,32868,,,52465,450,horizontal_to_vertical,json_camera_static.fov_degrees,60.000001669652114,35.98339890412515,0.3644113932403145,0.5596399568915457,0.7243499391324422,0.08068934471694855,0.189784632501378,0.33935937582988496,0.6457001124213372,0.6776785911437841,0.5844818119819242,0.5987614021462764,0.4438764374164615,-0.22031378974608884,-0.21791789215668342,21181182.292748183,7967.074756,,,0.8018107309634995,42067,52465,32859
non_texture,Jukebox_bubbler_style_V2_L1,ok,,,/mnt/ssd1/29d_kon/acm_2026/outputs/coordinator/rc3_full_metrics_20260611_004003/meshmamba/non_texture/baseline_screen_space/Jukebox_bubbler_style_V2_L1/sigma0p05_recenter_rotx90p0_horizontaltovertical_blender_rig/Jukebox_bubbler_style_V2_L1_report.json,/mnt/ssd1/29d_kon/acm_2026/outputs/coordinator/rc3_full_metrics_20260611_004003/meshmamba/_logs/non_texture/screen_space/Jukebox_bubbler_style_V2_L1.log,Jukebox_bubbler_style_V2_Textured.csv,32868,,,53964,450,horizontal_to_vertical,json_camera_static.fov_degrees,60.000001669652114,35.98339890412515,0.1993643451495777,0.5037331791236221,2.773682778436864,0.06360627371672443,0.20493784143289848,0.2569075590550694,0.5887580589006077,0.6047909610123429,0.5867665936989015,0.6307549481655448,0.28503976324456154,0.2292390082210337,0.3486599384320462,3.4405653654714037,4420.396696,29003,7676569,,,,,ok,,,/mnt/ssd1/29d_kon/acm_2026/outputs/coordinator/rc3_full_metrics_20260611_004003/meshmamba/non_texture/baseline_cone/Jukebox_bubbler_style_V2_L1/recenter_rotx90p0_horizontaltovertical_blender_rig/Jukebox_bubbler_style_V2_L1_report.json,/mnt/ssd1/29d_kon/acm_2026/outputs/coordinator/rc3_full_metrics_20260611_004003/meshmamba/_logs/non_texture/cone/Jukebox_bubbler_style_V2_L1.log,Jukebox_bubbler_style_V2_Textured.csv,32868,,,53964,450,horizontal_to_vertical,json_camera_static.fov_degrees,60.000001669652114,35.98339890412515,0.2852782035461824,0.5316274040676141,0.7669634080046379,0.06080273239290133,0.17538530575241107,0.4994274185947115,0.5991714700446603,0.6435915206633007,0.5966812173616526,0.5768075737219148,0.22191961025447082,0.06467564701234345,-0.01012723389563757,10759849.443786852,4420.396696,,,0.9432584686087021,50902,53964,32627
non_texture,Kangaroo_v1_L3,ok,,,/mnt/ssd1/29d_kon/acm_2026/outputs/coordinator/rc3_full_metrics_20260611_004003/meshmamba/non_texture/baseline_screen_space/Kangaroo_v1_L3/sigma0p05_recenter_rotx90p0_horizontaltovertical_blender_rig/Kangaroo_v1_L3_report.json,/mnt/ssd1/29d_kon/acm_2026/outputs/coordinator/rc3_full_metrics_20260611_004003/meshmamba/_logs/non_texture/screen_space/Kangaroo_v1_L3.log,Kangaroo_v1_L3.csv,32868,,,52465,450,horizontal_to_vertical,json_camera_static.fov_degrees,60.000001669652114,35.98339890412515,-0.02833247394203609,0.5608400119772341,1.7903715148300015,0.11077518189326378,0.2752183828853841,-0.006534639145497248,0.6358240904064252,0.514086468214253,0.45417355122673747,0.4434494832527831,0.0245552673694691,-0.17618875894363625,-0.20563690605303359,3.782493645183487,9455.601539,31024,7783997,,,,,ok,,,/mnt/ssd1/29d_kon/acm_2026/outputs/coordinator/rc3_full_metrics_20260611_004003/meshmamba/non_texture/baseline_cone/Kangaroo_v1_L3/recenter_rotx90p0_horizontaltovertical_blender_rig/Kangaroo_v1_L3_report.json,/mnt/ssd1/29d_kon/acm_2026/outputs/coordinator/rc3_full_metrics_20260611_004003/meshmamba/_logs/non_texture/cone/Kangaroo_v1_L3.log,Kangaroo_v1_L3.csv,32868,,,52465,450,horizontal_to_vertical,json_camera_static.fov_degrees,60.000001669652114,35.98339890412515,0.31904246645766804,0.5349973610027697,1.1238509849251594,0.10300287684981778,0.2317416637634034,0.0026547970194474592,0.6248068727131583,0.6546165511502005,0.6513574622553117,0.8817978164337001,0.9109655161572003,0.8681324649149101,1.6914226333133733,27514822.378713515,9455.601539,,,0.7046793100162013,36971,52465,32868
non_texture,King_Cake_v2_L2,ok,,,/mnt/ssd1/29d_kon/acm_2026/outputs/coordinator/rc3_full_metrics_20260611_004003/meshmamba/non_texture/baseline_screen_space/King_Cake_v2_L2/sigma0p05_recenter_rotx90p0_horizontaltovertical_blender_rig/King_Cake_v2_L2_report.json,/mnt/ssd1/29d_kon/acm_2026/outputs/coordinator/rc3_full_metrics_20260611_004003/meshmamba/_logs/non_texture/screen_space/King_Cake_v2_L2.log,King_Cake_v2_L2.csv,32868,,,52465,450,horizontal_to_vertical,json_camera_static.fov_degrees,60.000001669652114,35.98339890412515,0.3198789147889507,0.6493711063061084,1.692740376798593,0.10323957019538275,0.2691550174708159,0.347659389650543,0.7462315360129722,0.6858420291262571,0.7165533500027741,0.679237428529767,0.5720673380554723,0.6888599318770103,0.6730655951263138,3.008996512980943,5983.677776,29048,6590191,,,,,ok,,,/mnt/ssd1/29d_kon/acm_2026/outputs/coordinator/rc3_full_metrics_20260611_004003/meshmamba/non_texture/baseline_cone/King_Cake_v2_L2/recenter_rotx90p0_horizontaltovertical_blender_rig/King_Cake_v2_L2_report.json,/mnt/ssd1/29d_kon/acm_2026/outputs/coordinator/rc3_full_metrics_20260611_004003/meshmamba/_logs/non_texture/cone/King_Cake_v2_L2.log,King_Cake_v2_L2.csv,32868,,,52465,450,horizontal_to_vertical,json_camera_static.fov_degrees,60.000001669652114,35.98339890412515,0.22066249367772564,0.5870895669769747,0.9742235101007342,0.04162429191433801,0.1585532056735134,0.24772014335341522,0.6717917972991885,0.6489034707617589,0.6841227083415153,0.7115557660010698,0.3152020647862762,0.43545028987736545,0.5448352923089675,7916471.445171698,5983.677776,,,0.9164204707900505,48080,52465,32285
non_texture,Lamb_v1_L2,ok,,,/mnt/ssd1/29d_kon/acm_2026/outputs/coordinator/rc3_full_metrics_20260611_004003/meshmamba/non_texture/baseline_screen_space/Lamb_v1_L2/sigma0p05_recenter_rotx90p0_horizontaltovertical_blender_rig/Lamb_v1_L2_report.json,/mnt/ssd1/29d_kon/acm_2026/outputs/coordinator/rc3_full_metrics_20260611_004003/meshmamba/_logs/non_texture/screen_space/Lamb_v1_L2.log,Lamb_v1_l2.csv,32868,,,52465,450,horizontal_to_vertical,json_camera_static.fov_degrees,60.000001669652114,35.98339890412515,0.41733239670079736,0.6309004922004361,1.010294096328955,0.078237152987878,0.22069672353517678,0.33291149516125307,0.7435985972677527,0.7855865524399921,0.7891966895045486,0.9246315690752578,0.9018936350966543,0.9663789495834875,1.659246217061491,2.663006025572413,5978.346767,30825,8058265,,,,,ok,,,/mnt/ssd1/29d_kon/acm_2026/outputs/coordinator/rc3_full_metrics_20260611_004003/meshmamba/non_texture/baseline_cone/Lamb_v1_L2/recenter_rotx90p0_horizontaltovertical_blender_rig/Lamb_v1_L2_report.json,/mnt/ssd1/29d_kon/acm_2026/outputs/coordinator/rc3_full_metrics_20260611_004003/meshmamba/_logs/non_texture/cone/Lamb_v1_L2.log,Lamb_v1_l2.csv,32868,,,52465,450,horizontal_to_vertical,json_camera_static.fov_degrees,60.000001669652114,35.98339890412515,0.520914001770733,0.6147157568833902,0.527568982263344,0.032509908651151144,0.12719698359636164,0.40523616211554125,0.7314139985744416,0.8383446988286776,0.8223250308733752,0.9113982089857847,1.1178580812298788,0.8591057217733037,1.468850562244265,11532007.789051615,5978.346767,,,0.8629753168779186,45276,52465,32868
non_texture,Laser_Pistol_v2_L3,ok,,,/mnt/ssd1/29d_kon/acm_2026/outputs/coordinator/rc3_full_metrics_20260611_004003/meshmamba/non_texture/baseline_screen_space/Laser_Pistol_v2_L3/sigma0p05_recenter_rotx90p0_horizontaltovertical_blender_rig/Laser_Pistol_v2_L3_report.json,/mnt/ssd1/29d_kon/acm_2026/outputs/coordinator/rc3_full_metrics_20260611_004003/meshmamba/_logs/non_texture/screen_space/Laser_Pistol_v2_L3.log,Laser_Pistol_v2_l3.csv,32868,,,52465,450,horizontal_to_vertical,json_camera_static.fov_degrees,60.000001669652114,35.98339890412515,0.20846529573189987,0.6618250254718101,1.863295461951174,0.054395793716706255,0.18665058949505117,0.23194309163178067,0.7458690890409105,0.6611944584883527,0.6235271833756928,0.6132149954074283,0.43554438681355473,0.3680790197615039,0.2742176610481453,3.624308080995447,6716.302889,29548,7875123,,,,,ok,,,/mnt/ssd1/29d_kon/acm_2026/outputs/coordinator/rc3_full_metrics_20260611_004003/meshmamba/non_texture/baseline_cone/Laser_Pistol_v2_L3/recenter_rotx90p0_horizontaltovertical_blender_rig/Laser_Pistol_v2_L3_report.json,/mnt/ssd1/29d_kon/acm_2026/outputs/coordinator/rc3_full_metrics_20260611_004003/meshmamba/_logs/non_texture/cone/Laser_Pistol_v2_L3.log,Laser_Pistol_v2_l3.csv,32868,,,52465,450,horizontal_to_vertical,json_camera_static.fov_degrees,60.000001669652114,35.98339890412515,0.4151279887996788,0.6737019870024306,0.41096663588047366,0.03661161712354305,0.14856212349608403,0.24536112993671172,0.7801350538796282,0.7192746647382079,0.6649592996653021,0.8937186995899521,1.0334013417458818,0.9655106612614248,2.3010789542373407,11976123.245725868,6716.302889,,,0.8630324978557133,45279,52465,32868
non_texture,Mango_L3,ok,,,/mnt/ssd1/29d_kon/acm_2026/outputs/coordinator/rc3_full_metrics_20260611_004003/meshmamba/non_texture/baseline_screen_space/Mango_L3/sigma0p05_recenter_rotx90p0_horizontaltovertical_blender_rig/Mango_L3_report.json,/mnt/ssd1/29d_kon/acm_2026/outputs/coordinator/rc3_full_metrics_20260611_004003/meshmamba/_logs/non_texture/screen_space/Mango_L3.log,Mango-L3.csv,32868,,,52465,450,horizontal_to_vertical,json_camera_static.fov_degrees,60.000001669652114,35.98339890412515,0.2781850972075285,0.5979183465113272,2.344930651419725,0.0492287021549645,0.16845464526274237,-0.14372397282207114,0.6813454409451414,0.4985414224695308,0.7374335154878056,0.9498785698452481,0.6194459238484414,1.6790132473125183,2.3321148119557185,2.088808618499612,5965.807452999999,30797,8426209,,,,,ok,,,/mnt/ssd1/29d_kon/acm_2026/outputs/coordinator/rc3_full_metrics_20260611_004003/meshmamba/non_texture/baseline_cone/Mango_L3/recenter_rotx90p0_horizontaltovertical_blender_rig/Mango_L3_report.json,/mnt/ssd1/29d_kon/acm_2026/outputs/coordinator/rc3_full_metrics_20260611_004003/meshmamba/_logs/non_texture/cone/Mango_L3.log,Mango-L3.csv,32868,,,52465,450,horizontal_to_vertical,json_camera_static.fov_degrees,60.000001669652114,35.98339890412515,0.5211822931711313,0.5236057262790691,1.61889072108309,0.03608461665372001,0.14098997191334536,-0.13239966472695544,0.6700373148486872,0.5020565396553076,0.7345334676114761,0.9907604911982638,1.236531703130984,2.6518307007604425,4.468486833411087,9571824.14525573,5965.807452999999,,,0.8676260364052225,45520,52465,32573
non_texture,MansWorkCasual_v02_L3,ok,,,/mnt/ssd1/29d_kon/acm_2026/outputs/coordinator/rc3_full_metrics_20260611_004003/meshmamba/non_texture/baseline_screen_space/MansWorkCasual_v02_L3/sigma0p05_recenter_rotx90p0_horizontaltovertical_blender_rig/MansWorkCasual_v02_L3_report.json,/mnt/ssd1/29d_kon/acm_2026/outputs/coordinator/rc3_full_metrics_20260611_004003/meshmamba/_logs/non_texture/screen_space/MansWorkCasual_v02_L3.log,MansWorkCasual_v02_L3.csv,32868,,,52465,450,horizontal_to_vertical,json_camera_static.fov_degrees,60.000001669652114,35.98339890412515,-0.2067567733561338,0.522166747640447,1.817518599413162,0.08465168436187165,0.2391196541756865,-0.1706296302849632,0.5436196813900492,0.28228534466891075,0.26241850738062245,0.30448180443930223,-0.6433817225697406,-0.743942931101633,-0.6460050899592169,3.6891346205881623,6263.444969,30758,7604317,,,,,ok,,,/mnt/ssd1/29d_kon/acm_2026/outputs/coordinator/rc3_full_metrics_20260611_004003/meshmamba/non_texture/baseline_cone/MansWorkCasual_v02_L3/recenter_rotx90p0_horizontaltovertical_blender_rig/MansWorkCasual_v02_L3_report.json,/mnt/ssd1/29d_kon/acm_2026/outputs/coordinator/rc3_full_metrics_20260611_004003/meshmamba/_logs/non_texture/cone/MansWorkCasual_v02_L3.log,MansWorkCasual_v02_L3.csv,32868,,,52465,450,horizontal_to_vertical,json_camera_static.fov_degrees,60.000001669652114,35.98339890412515,-0.09344603223155223,0.512849465987154,0.7823856734165167,0.07987322824145743,0.21488625565939254,-0.005516696306899349,0.5296154639579188,0.2804995522753255,0.24872398945411633,0.2878659239961847,-0.6039758159655315,-0.6834470190982418,-0.654464778734768,21221917.866759628,6263.444969,,,0.8810063852091871,46222,52465,32868
non_texture,Marco_Polo_Sheep_v1_L3,ok,,,/mnt/ssd1/29d_kon/acm_2026/outputs/coordinator/rc3_full_metrics_20260611_004003/meshmamba/non_texture/baseline_screen_space/Marco_Polo_Sheep_v1_L3/sigma0p05_recenter_rotx90p0_horizontaltovertical_blender_rig/Marco_Polo_Sheep_v1_L3_report.json,/mnt/ssd1/29d_kon/acm_2026/outputs/coordinator/rc3_full_metrics_20260611_004003/meshmamba/_logs/non_texture/screen_space/Marco_Polo_Sheep_v1_L3.log,Marco_Polo_Sheep_v1_L3.csv,32868,,,53964,450,horizontal_to_vertical,json_camera_static.fov_degrees,60.000001669652114,35.98339890412515,0.2926739816772354,0.6259599557700695,1.5830354281464247,0.06319132433728027,0.19701851854279168,0.2032924478270501,0.7238362748091813,0.6751294551001424,0.7623061803478888,0.8780999858855368,0.6607117395577062,1.0142535362930378,1.4891354669153083,2.9368277340715983,8594.819636,31000,8004680,,,,,ok,,,/mnt/ssd1/29d_kon/acm_2026/outputs/coordinator/rc3_full_metrics_20260611_004003/meshmamba/non_texture/baseline_cone/Marco_Polo_Sheep_v1_L3/recenter_rotx90p0_horizontaltovertical_blender_rig/Marco_Polo_Sheep_v1_L3_report.json,/mnt/ssd1/29d_kon/acm_2026/outputs/coordinator/rc3_full_metrics_20260611_004003/meshmamba/_logs/non_texture/cone/Marco_Polo_Sheep_v1_L3.log,Marco_Polo_Sheep_v1_L3.csv,32868,,,53964,450,horizontal_to_vertical,json_camera_static.fov_degrees,60.000001669652114,35.98339890412515,0.5251914952578299,0.6026785191180697,0.6274581231478588,0.05686893968660418,0.17072449405439358,0.3511501305593803,0.732765559056558,0.732640799503484,0.8078950786811319,0.9237044141839239,1.1423069249783695,1.6203666448765441,2.2518487849060005,12989594.085452069,8594.819636,,,0.820306130012601,44267,53964,32868
non_texture,Military_Action_Figure_SG_v2_L3,ok,,,/mnt/ssd1/29d_kon/acm_2026/outputs/coordinator/rc3_full_metrics_20260611_004003/meshmamba/non_texture/baseline_screen_space/Military_Action_Figure_SG_v2_L3/sigma0p05_recenter_rotx90p0_horizontaltovertical_blender_rig/Military_Action_Figure_SG_v2_L3_report.json,/mnt/ssd1/29d_kon/acm_2026/outputs/coordinator/rc3_full_metrics_20260611_004003/meshmamba/_logs/non_texture/screen_space/Military_Action_Figure_SG_v2_L3.log,Military_Action_Figure_SG_v2_L3.csv,32868,,,52465,450,horizontal_to_vertical,json_camera_static.fov_degrees,60.000001669652114,35.98339890412515,0.44424017358286233,0.6562613258978689,1.0485914953605353,0.04559018091497933,0.17344550783704377,0.4497251633579297,0.777757346158547,0.7705789953666534,0.8147228128839691,0.8375954466050606,0.8491582281257842,1.0829251852241295,1.149032915324618,4.315152461998326,7201.217913,31473,7630167,,,,,ok,,,/mnt/ssd1/29d_kon/acm_2026/outputs/coordinator/rc3_full_metrics_20260611_004003/meshmamba/non_texture/baseline_cone/Military_Action_Figure_SG_v2_L3/recenter_rotx90p0_horizontaltovertical_blender_rig/Military_Action_Figure_SG_v2_L3_report.json,/mnt/ssd1/29d_kon/acm_2026/outputs/coordinator/rc3_full_metrics_20260611_004003/meshmamba/_logs/non_texture/cone/Military_Action_Figure_SG_v2_L3.log,Military_Action_Figure_SG_v2_L3.csv,32868,,,52465,450,horizontal_to_vertical,json_camera_static.fov_degrees,60.000001669652114,35.98339890412515,0.7086297488601513,0.688568697150123,0.4329283969628606,0.04507789870037187,0.15711412327630878,0.5659178314704306,0.8426951250087978,0.8956290980856478,0.8867497660730126,0.888838467488768,1.5108738399036972,1.540390440019703,1.6714858907903742,44964228.24677576,7201.217913,,,0.8276755932526446,43424,52465,32868
non_texture,Moai_v3_L3,ok,,,/mnt/ssd1/29d_kon/acm_2026/outputs/coordinator/rc3_full_metrics_20260611_004003/meshmamba/non_texture/baseline_screen_space/Moai_v3_L3/sigma0p05_recenter_rotx90p0_horizontaltovertical_blender_rig/Moai_v3_L3_report.json,/mnt/ssd1/29d_kon/acm_2026/outputs/coordinator/rc3_full_metrics_20260611_004003/meshmamba/_logs/non_texture/screen_space/Moai_v3_L3.log,Moai_L3.csv,32868,,,52465,450,horizontal_to_vertical,json_camera_static.fov_degrees,60.000001669652114,35.98339890412515,0.18022520767105446,0.6149384342002319,2.3345061106351253,0.0814888749062297,0.22175920733203666,0.18219241563700625,0.6859519525871866,0.6204449566769928,0.7016543262778087,0.6587939690981996,0.3446544113344524,0.6540276810233012,0.5613772993353152,3.0315639979003346,5537.26836,29816,8197129,,,,,ok,,,/mnt/ssd1/29d_kon/acm_2026/outputs/coordinator/rc3_full_metrics_20260611_004003/meshmamba/non_texture/baseline_cone/Moai_v3_L3/recenter_rotx90p0_horizontaltovertical_blender_rig/Moai_v3_L3_report.json,/mnt/ssd1/29d_kon/acm_2026/outputs/coordinator/rc3_full_metrics_20260611_004003/meshmamba/_logs/non_texture/cone/Moai_v3_L3.log,Moai_L3.csv,32868,,,52465,450,horizontal_to_vertical,json_camera_static.fov_degrees,60.000001669652114,35.98339890412515,0.29195052464959126,0.5852081077889633,0.8369629605377356,0.047273211356724396,0.15686772948575414,0.24411904609261123,0.6694047525268608,0.7254873196167131,0.8208368340561538,0.8349807679930682,0.688625717939116,1.011845512404101,0.984436398534744,11103409.62165694,5537.26836,,,0.9421900314495378,49432,52465,32819
non_texture,MushroomShitake_L3,ok,,,/mnt/ssd1/29d_kon/acm_2026/outputs/coordinator/rc3_full_metrics_20260611_004003/meshmamba/non_texture/baseline_screen_space/MushroomShitake_L3/sigma0p05_recenter_rotx90p0_horizontaltovertical_blender_rig/MushroomShitake_L3_report.json,/mnt/ssd1/29d_kon/acm_2026/outputs/coordinator/rc3_full_metrics_20260611_004003/meshmamba/_logs/non_texture/screen_space/MushroomShitake_L3.log,MushroomShitake_v1-L3.csv,32868,,,52465,450,horizontal_to_vertical,json_camera_static.fov_degrees,60.000001669652114,35.98339890412515,-0.08951907978887311,0.5361106638861519,4.992163460166195,0.08548020914721981,0.2215433006870378,-0.05800139489678834,0.5467259571149659,0.44140502376221047,0.42996148464622325,0.43314947478036875,-0.21280997972805815,-0.26460456154914763,-0.26999601354439196,1.5765225562296408,5643.052412,24103,9018803,,,,,ok,,,/mnt/ssd1/29d_kon/acm_2026/outputs/coordinator/rc3_full_metrics_20260611_004003/meshmamba/non_texture/baseline_cone/MushroomShitake_L3/recenter_rotx90p0_horizontaltovertical_blender_rig/MushroomShitake_L3_report.json,/mnt/ssd1/29d_kon/acm_2026/outputs/coordinator/rc3_full_metrics_20260611_004003/meshmamba/_logs/non_texture/cone/MushroomShitake_L3.log,MushroomShitake_v1-L3.csv,32868,,,52465,450,horizontal_to_vertical,json_camera_static.fov_degrees,60.000001669652114,35.98339890412515,-0.05290494841725336,0.42625408033918044,5.357345531268877,0.04352755459715653,0.14960566407295647,0.014014419031269813,0.39502607129220757,0.4849075795421064,0.4595518848811164,0.4844259369467417,-0.09251612846283391,-0.15804923482583536,-0.03528922523584193,3538783.9525345275,5643.052412,,,0.9546745449347184,50087,52465,24926
non_texture,Mushroom_v2_L1,ok,,,/mnt/ssd1/29d_kon/acm_2026/outputs/coordinator/rc3_full_metrics_20260611_004003/meshmamba/non_texture/baseline_screen_space/Mushroom_v2_L1/sigma0p05_recenter_rotx90p0_horizontaltovertical_blender_rig/Mushroom_v2_L1_report.json,/mnt/ssd1/29d_kon/acm_2026/outputs/coordinator/rc3_full_metrics_20260611_004003/meshmamba/_logs/non_texture/screen_space/Mushroom_v2_L1.log,Mushroom_v2_NEW.csv,32868,,,52465,450,horizontal_to_vertical,json_camera_static.fov_degrees,60.000001669652114,35.98339890412515,0.1464369749128924,0.5353406817577794,3.018200964584458,0.07895118580943765,0.21332592269293082,0.2465141312146395,0.5809166361435326,0.5239518893773514,0.5326008757534444,0.5640264649453623,0.04489895003804084,0.06823852889163645,0.13940899111086025,3.22547092050761,4840.364261,25395,8002327,,,,,ok,,,/mnt/ssd1/29d_kon/acm_2026/outputs/coordinator/rc3_full_metrics_20260611_004003/meshmamba/non_texture/baseline_cone/Mushroom_v2_L1/recenter_rotx90p0_horizontaltovertical_blender_rig/Mushroom_v2_L1_report.json,/mnt/ssd1/29d_kon/acm_2026/outputs/coordinator/rc3_full_metrics_20260611_004003/meshmamba/_logs/non_texture/cone/Mushroom_v2_L1.log,Mushroom_v2_NEW.csv,32868,,,52465,450,horizontal_to_vertical,json_camera_static.fov_degrees,60.000001669652114,35.98339890412515,0.3190352886157159,0.5538220112746735,0.8955643282061263,0.03740596114999366,0.12452799627122428,0.5485043810274436,0.5956355189039845,0.7035186406900549,0.7539538102513945,0.8289569467772646,0.34962581116384067,0.6337835266184848,1.1771694457696547,12587386.18115388,4840.364261,,,0.9792242447345849,51375,52465,31879
non_texture,NYC_Fire_Hydrant_v2_L3,ok,,,/mnt/ssd1/29d_kon/acm_2026/outputs/coordinator/rc3_full_metrics_20260611_004003/meshmamba/non_texture/baseline_screen_space/NYC_Fire_Hydrant_v2_L3/sigma0p05_recenter_rotx90p0_horizontaltovertical_blender_rig/NYC_Fire_Hydrant_v2_L3_report.json,/mnt/ssd1/29d_kon/acm_2026/outputs/coordinator/rc3_full_metrics_20260611_004003/meshmamba/_logs/non_texture/screen_space/NYC_Fire_Hydrant_v2_L3.log,NYC_Fire_Hydrant_v2_l3.csv,32868,,,52465,450,horizontal_to_vertical,json_camera_static.fov_degrees,60.000001669652114,35.98339890412515,0.15769218064821083,0.6256858016072018,1.546813434455955,0.062073165169792915,0.20270153154961426,0.16870852609371495,0.7101900118947001,0.6311345137662314,0.6502935503165885,0.7563613866773479,0.38982378316246313,0.49386214232776343,0.9046126073848946,3.8213446629385563,7638.3416689999995,30030,7408244,,,,,ok,,,/mnt/ssd1/29d_kon/acm_2026/outputs/coordinator/rc3_full_metrics_20260611_004003/meshmamba/non_texture/baseline_cone/NYC_Fire_Hydrant_v2_L3/recenter_rotx90p0_horizontaltovertical_blender_rig/NYC_Fire_Hydrant_v2_L3_report.json,/mnt/ssd1/29d_kon/acm_2026/outputs/coordinator/rc3_full_metrics_20260611_004003/meshmamba/_logs/non_texture/cone/NYC_Fire_Hydrant_v2_L3.log,NYC_Fire_Hydrant_v2_l3.csv,32868,,,52465,450,horizontal_to_vertical,json_camera_static.fov_degrees,60.000001669652114,35.98339890412515,0.3917735480869032,0.6835210031413733,0.31991573777755244,0.05016373678672887,0.16448455279993945,0.537105556038825,0.7652993228991192,0.7316986426393981,0.6869724369799761,0.7215259855113307,0.4944831648865874,0.3146120983896433,0.3779378990848581,18518263.86863012,7638.3416689999995,,,0.8877156199371009,46574,52465,32868
non_texture,Peach_L3,ok,,,/mnt/ssd1/29d_kon/acm_2026/outputs/coordinator/rc3_full_metrics_20260611_004003/meshmamba/non_texture/baseline_screen_space/Peach_L3/sigma0p05_recenter_rotx90p0_horizontaltovertical_blender_rig/Peach_L3_report.json,/mnt/ssd1/29d_kon/acm_2026/outputs/coordinator/rc3_full_metrics_20260611_004003/meshmamba/_logs/non_texture/screen_space/Peach_L3.log,Peach.csv,32868,,,52465,450,horizontal_to_vertical,json_camera_static.fov_degrees,60.000001669652114,35.98339890412515,0.4018394835704829,0.48172342899640047,1.946799964024847,0.09301786150856833,0.2274198870972612,0.3992869233138242,0.6116599973263612,0.7285043330103591,0.6829220013240797,0.5970835932116438,0.7452104599028778,0.7237507899384084,0.5890971816123356,3.2842780053145066,4074.7328580000003,29869,7576501,,,,,ok,,,/mnt/ssd1/29d_kon/acm_2026/outputs/coordinator/rc3_full_metrics_20260611_004003/meshmamba/non_texture/baseline_cone/Peach_L3/recenter_rotx90p0_horizontaltovertical_blender_rig/Peach_L3_report.json,/mnt/ssd1/29d_kon/acm_2026/outputs/coordinator/rc3_full_metrics_20260611_004003/meshmamba/_logs/non_texture/cone/Peach_L3.log,Peach.csv,32868,,,52465,450,horizontal_to_vertical,json_camera_static.fov_degrees,60.000001669652114,35.98339890412515,0.7614478447873969,0.6703124621125909,0.4638215284066244,0.028287472357886295,0.10299533205217945,0.5635329052178842,0.8296288551927875,0.973275639327561,0.9376030443703858,0.9042333674689741,2.1866208468997326,1.9825226960073203,1.6669609342481364,22107877.130667016,4074.7328580000003,,,0.9595730486991327,50344,52465,30511
non_texture,Peanut_L3,ok,,,/mnt/ssd1/29d_kon/acm_2026/outputs/coordinator/rc3_full_metrics_20260611_004003/meshmamba/non_texture/baseline_screen_space/Peanut_L3/sigma0p05_recenter_rotx90p0_horizontaltovertical_blender_rig/Peanut_L3_report.json,/mnt/ssd1/29d_kon/acm_2026/outputs/coordinator/rc3_full_metrics_20260611_004003/meshmamba/_logs/non_texture/screen_space/Peanut_L3.log,Peanut_v1_L3.csv,32868,,,53964,450,horizontal_to_vertical,json_camera_static.fov_degrees,60.000001669652114,35.98339890412515,-0.1511105918768086,0.693280493235344,0.7829474581494873,0.1851709480453217,0.36603619892313133,-0.16679487752019456,0.7636684602371984,0.4770996082214976,0.447221898838812,0.1282536242924203,-0.11433105814188149,-0.2393272957840208,-1.3386157300398478,2.912244743624422,9224.917730000001,32017,8036028,,,,,ok,,,/mnt/ssd1/29d_kon/acm_2026/outputs/coordinator/rc3_full_metrics_20260611_004003/meshmamba/non_texture/baseline_cone/Peanut_L3/recenter_rotx90p0_horizontaltovertical_blender_rig/Peanut_L3_report.json,/mnt/ssd1/29d_kon/acm_2026/outputs/coordinator/rc3_full_metrics_20260611_004003/meshmamba/_logs/non_texture/cone/Peanut_L3.log,Peanut_v1_L3.csv,32868,,,53964,450,horizontal_to_vertical,json_camera_static.fov_degrees,60.000001669652114,35.98339890412515,0.05715646541115053,0.6745424450976558,0.4830327813141609,0.05422041115331428,0.1837217355282643,-0.0041893658488438065,0.7498323017548254,0.6358392250298143,0.6656773082406509,0.5388523250705652,0.4809681292178508,0.653704028080235,0.02799851657130392,11595880.088542614,9224.917730000001,,,0.9099955525906159,49107,53964,32868
non_texture,Pear_L3,ok,,,/mnt/ssd1/29d_kon/acm_2026/outputs/coordinator/rc3_full_metrics_20260611_004003/meshmamba/non_texture/baseline_screen_space/Pear_L3/sigma0p05_recenter_rotx90p0_horizontaltovertical_blender_rig/Pear_L3_report.json,/mnt/ssd1/29d_kon/acm_2026/outputs/coordinator/rc3_full_metrics_20260611_004003/meshmamba/_logs/non_texture/screen_space/Pear_L3.log,Pear.csv,32868,,,50966,450,horizontal_to_vertical,json_camera_static.fov_degrees,60.000001669652114,35.98339890412515,0.3348099629538767,0.5912049282623604,1.4261149505647102,0.05749794411246906,0.19748914771487674,0.12140269051833193,0.6812232020695899,0.7743252743851823,0.8634088963477466,0.9526031936798591,0.9672824835122522,1.361119037469871,1.5952853070551032,2.510841191693845,4551.196823,29610,8390975,,,,,ok,,,/mnt/ssd1/29d_kon/acm_2026/outputs/coordinator/rc3_full_metrics_20260611_004003/meshmamba/non_texture/baseline_cone/Pear_L3/recenter_rotx90p0_horizontaltovertical_blender_rig/Pear_L3_report.json,/mnt/ssd1/29d_kon/acm_2026/outputs/coordinator/rc3_full_metrics_20260611_004003/meshmamba/_logs/non_texture/cone/Pear_L3.log,Pear.csv,32868,,,50966,450,horizontal_to_vertical,json_camera_static.fov_degrees,60.000001669652114,35.98339890412515,0.8198833829854754,0.6659422954600243,1.2063140933556251,0.010464225628400829,0.07949401908828317,0.15279640890387258,0.8808548881711197,0.8076238656509416,0.9871947377493013,0.9969794488372195,1.926504140796749,3.67299463132315,5.121714387360325,12838011.44326168,4551.196823,,,0.826394066632657,42118,50966,30948
non_texture,Penguin_V2_L3,ok,,,/mnt/ssd1/29d_kon/acm_2026/outputs/coordinator/rc3_full_metrics_20260611_004003/meshmamba/non_texture/baseline_screen_space/Penguin_V2_L3/sigma0p05_recenter_rotx90p0_horizontaltovertical_blender_rig/Penguin_V2_L3_report.json,/mnt/ssd1/29d_kon/acm_2026/outputs/coordinator/rc3_full_metrics_20260611_004003/meshmamba/_logs/non_texture/screen_space/Penguin_V2_L3.log,Penguin_v1_iterations-2.csv,32868,,,52465,450,horizontal_to_vertical,json_camera_static.fov_degrees,60.000001669652114,35.98339890412515,-0.1520476441715155,0.6469088010086967,1.9656416449183698,0.04647145010823339,0.15481229851713563,-0.1840414419780274,0.6568054070022079,0.4487118933295179,0.4828396495957629,0.5882163755609239,-0.2442218581581228,-0.22758997216640997,0.029583371155231818,2.422784966524588,7470.246838,30912,8010697,,,,,ok,,,/mnt/ssd1/29d_kon/acm_2026/outputs/coordinator/rc3_full_metrics_20260611_004003/meshmamba/non_texture/baseline_cone/Penguin_V2_L3/recenter_rotx90p0_horizontaltovertical_blender_rig/Penguin_V2_L3_report.json,/mnt/ssd1/29d_kon/acm_2026/outputs/coordinator/rc3_full_metrics_20260611_004003/meshmamba/_logs/non_texture/cone/Penguin_V2_L3.log,Penguin_v1_iterations-2.csv,32868,,,52465,450,horizontal_to_vertical,json_camera_static.fov_degrees,60.000001669652114,35.98339890412515,-0.054471636926267386,0.5576963064578222,0.6376030591988211,0.05880346918389246,0.19401393214415688,-0.01232951094994174,0.4655247213247696,0.6301350253942738,0.7001895163150437,0.8243179963328552,0.06024245388764342,0.19544732333709244,0.5433260828922082,11324785.634225652,7470.246838,,,0.8269131802153817,43384,52465,32868
non_texture,Pierrot_Mask_v1_L3,ok,,,/mnt/ssd1/29d_kon/acm_2026/outputs/coordinator/rc3_full_metrics_20260611_004003/meshmamba/non_texture/baseline_screen_space/Pierrot_Mask_v1_L3/sigma0p05_recenter_rotx90p0_horizontaltovertical_blender_rig/Pierrot_Mask_v1_L3_report.json,/mnt/ssd1/29d_kon/acm_2026/outputs/coordinator/rc3_full_metrics_20260611_004003/meshmamba/_logs/non_texture/screen_space/Pierrot_Mask_v1_L3.log,Pierrot_Mask_v1_l3.csv,32868,,,53964,450,horizontal_to_vertical,json_camera_static.fov_degrees,60.000001669652114,35.98339890412515,0.3184186148102822,0.7027267107159835,0.5245268902391612,0.0409506113133569,0.15957282172550394,0.31594954022644,0.7997012858356448,0.7014412798601689,0.7215119670563477,0.6959446653260885,0.638940396489198,0.6846652103232965,0.6363490961927513,3.9049931529686557,8788.067008000002,32350,7426869,,,,,ok,,,/mnt/ssd1/29d_kon/acm_2026/outputs/coordinator/rc3_full_metrics_20260611_004003/meshmamba/non_texture/baseline_cone/Pierrot_Mask_v1_L3/recenter_rotx90p0_horizontaltovertical_blender_rig/Pierrot_Mask_v1_L3_report.json,/mnt/ssd1/29d_kon/acm_2026/outputs/coordinator/rc3_full_metrics_20260611_004003/meshmamba/_logs/non_texture/cone/Pierrot_Mask_v1_L3.log,Pierrot_Mask_v1_l3.csv,32868,,,53964,450,horizontal_to_vertical,json_camera_static.fov_degrees,60.000001669652114,35.98339890412515,0.38451940034269944,0.6570279797005826,0.3904788542359969,0.05415417287568445,0.17767126076491432,0.4565202369536933,0.7509622826581124,0.7324261804513248,0.720470019864313,0.7090714430034905,0.7927761070380155,0.7354278123434073,0.7559436683121443,20254550.342354495,8788.067008000002,,,0.8501593655029279,45878,53964,32868
non_texture,Pirate_Shipmate_Old_v1_L1,ok,,,/mnt/ssd1/29d_kon/acm_2026/outputs/coordinator/rc3_full_metrics_20260611_004003/meshmamba/non_texture/baseline_screen_space/Pirate_Shipmate_Old_v1_L1/sigma0p05_recenter_rotx90p0_horizontaltovertical_blender_rig/Pirate_Shipmate_Old_v1_L1_report.json,/mnt/ssd1/29d_kon/acm_2026/outputs/coordinator/rc3_full_metrics_20260611_004003/meshmamba/_logs/non_texture/screen_space/Pirate_Shipmate_Old_v1_L1.log,Pirate_Shipmate_Old_v1_L1.csv,32868,,,53964,450,horizontal_to_vertical,json_camera_static.fov_degrees,60.000001669652114,35.98339890412515,-0.1892107232311395,0.5891175685502329,1.5026911423379261,0.07953706455556446,0.23760142982221502,-0.15364766132487637,0.6368420392431587,0.3346608884761838,0.3894739985711908,0.2704606237770696,-0.529457081403858,-0.401807710257477,-0.8279107099374626,3.656865205946283,7821.579102,31796,7545714,,,,,ok,,,/mnt/ssd1/29d_kon/acm_2026/outputs/coordinator/rc3_full_metrics_20260611_004003/meshmamba/non_texture/baseline_cone/Pirate_Shipmate_Old_v1_L1/recenter_rotx90p0_horizontaltovertical_blender_rig/Pirate_Shipmate_Old_v1_L1_report.json,/mnt/ssd1/29d_kon/acm_2026/outputs/coordinator/rc3_full_metrics_20260611_004003/meshmamba/_logs/non_texture/cone/Pirate_Shipmate_Old_v1_L1.log,Pirate_Shipmate_Old_v1_L1.csv,32868,,,53964,450,horizontal_to_vertical,json_camera_static.fov_degrees,60.000001669652114,35.98339890412515,0.22230549967124427,0.5984859760885757,0.5608073656620463,0.06397239542559917,0.18112367682075814,0.22563406006515377,0.649188021971959,0.5134706725914059,0.5674564838919217,0.4028761931788938,0.13184239566621778,0.3034855156120721,-0.16689372079011472,26415406.087054167,7821.579102,,,0.7236120376547328,39049,53964,32868
non_texture,Plate,ok,,,/mnt/ssd1/29d_kon/acm_2026/outputs/coordinator/rc3_full_metrics_20260611_004003/meshmamba/non_texture/baseline_screen_space/Plate/sigma0p05_recenter_rotx90p0_horizontaltovertical_blender_rig/Plate_report.json,/mnt/ssd1/29d_kon/acm_2026/outputs/coordinator/rc3_full_metrics_20260611_004003/meshmamba/_logs/non_texture/screen_space/Plate.log,Plate.csv,32868,,,53964,450,horizontal_to_vertical,json_camera_static.fov_degrees,60.000001669652114,35.98339890412515,-0.09683838573023829,0.6794143510020378,0.6109474857114938,0.06787634835043715,0.2089901450247056,-0.06110452631739064,0.742648691762251,0.3744379658429274,0.3286835376960639,0.21632637981954972,-0.3943005536023402,-0.5564978915481404,-0.9254100568216809,3.112634974246866,8884.133427,32561,7552219,,,,,ok,,,/mnt/ssd1/29d_kon/acm_2026/outputs/coordinator/rc3_full_metrics_20260611_004003/meshmamba/non_texture/baseline_cone/Plate/recenter_rotx90p0_horizontaltovertical_blender_rig/Plate_report.json,/mnt/ssd1/29d_kon/acm_2026/outputs/coordinator/rc3_full_metrics_20260611_004003/meshmamba/_logs/non_texture/cone/Plate.log,Plate.csv,32868,,,53964,450,horizontal_to_vertical,json_camera_static.fov_degrees,60.000001669652114,35.98339890412515,-0.07758046337994584,0.5969516417892748,0.6889137934680234,0.06289972361255461,0.18931936030486807,-0.05250390458812204,0.6192285335723485,0.3505073913009986,0.2818677207563213,0.12521878118481344,-0.39926625012249656,-0.5732897698341832,-0.8704342335194682,14022336.466432404,8884.133427,,,0.9430360981395004,50890,53964,32868
non_texture,PoloTeamShirt_v2_L3,ok,,,/mnt/ssd1/29d_kon/acm_2026/outputs/coordinator/rc3_full_metrics_20260611_004003/meshmamba/non_texture/baseline_screen_space/PoloTeamShirt_v2_L3/sigma0p05_recenter_rotx90p0_horizontaltovertical_blender_rig/PoloTeamShirt_v2_L3_report.json,/mnt/ssd1/29d_kon/acm_2026/outputs/coordinator/rc3_full_metrics_20260611_004003/meshmamba/_logs/non_texture/screen_space/PoloTeamShirt_v2_L3.log,Polo_Team_Shirt_v2_L3.csv,32868,,,55463,450,horizontal_to_vertical,json_camera_static.fov_degrees,60.000001669652114,35.98339890412515,0.30371964035632654,0.6772869874806625,0.6687246367414,0.04226671469855333,0.15684425905218435,0.3908086067271737,0.7567928216259505,0.668688713484563,0.600777998146039,0.5701705533439367,0.45315826089803046,0.22622117717497037,0.12322943917785685,3.5811300008594054,7183.263217,31961,7756912,,,,,ok,,,/mnt/ssd1/29d_kon/acm_2026/outputs/coordinator/rc3_full_metrics_20260611_004003/meshmamba/non_texture/baseline_cone/PoloTeamShirt_v2_L3/recenter_rotx90p0_horizontaltovertical_blender_rig/PoloTeamShirt_v2_L3_report.json,/mnt/ssd1/29d_kon/acm_2026/outputs/coordinator/rc3_full_metrics_20260611_004003/meshmamba/_logs/non_texture/cone/PoloTeamShirt_v2_L3.log,Polo_Team_Shirt_v2_L3.csv,32868,,,55463,450,horizontal_to_vertical,json_camera_static.fov_degrees,60.000001669652114,35.98339890412515,0.5438540794000023,0.6671842281166914,0.4166684175262687,0.034124672272168546,0.13343343080027945,0.547361657268114,0.7762941579401269,0.8817241685046706,0.833160917377175,0.8299752711989943,1.279628016753654,0.8105239624554584,0.7188790406296165,17173251.16860622,7183.263217,,,0.936227755440564,51926,55463,32868
non_texture,Possum_wooden_v1_L3,ok,,,/mnt/ssd1/29d_kon/acm_2026/outputs/coordinator/rc3_full_metrics_20260611_004003/meshmamba/non_texture/baseline_screen_space/Possum_wooden_v1_L3/sigma0p05_recenter_rotx90p0_horizontaltovertical_blender_rig/Possum_wooden_v1_L3_report.json,/mnt/ssd1/29d_kon/acm_2026/outputs/coordinator/rc3_full_metrics_20260611_004003/meshmamba/_logs/non_texture/screen_space/Possum_wooden_v1_L3.log,Possum_wooden_v1_L3.csv,32868,,,52465,450,horizontal_to_vertical,json_camera_static.fov_degrees,60.000001669652114,35.98339890412515,-0.16200027567570735,0.26001988243750584,3.81433418318462,0.14690253900235936,0.32134120171048997,-0.18638326854197032,0.3439654271482276,0.4025356344195439,0.45052105249377705,0.43610314337781797,-0.32291277248877703,-0.205726556825728,-0.27122650618277533,3.743162531361838,4739.030841,29471,7789692,,,,,ok,,,/mnt/ssd1/29d_kon/acm_2026/outputs/coordinator/rc3_full_metrics_20260611_004003/meshmamba/non_texture/baseline_cone/Possum_wooden_v1_L3/recenter_rotx90p0_horizontaltovertical_blender_rig/Possum_wooden_v1_L3_report.json,/mnt/ssd1/29d_kon/acm_2026/outputs/coordinator/rc3_full_metrics_20260611_004003/meshmamba/_logs/non_texture/cone/Possum_wooden_v1_L3.log,Possum_wooden_v1_L3.csv,32868,,,52465,450,horizontal_to_vertical,json_camera_static.fov_degrees,60.000001669652114,35.98339890412515,-0.1937514476095515,0.1839699345494776,1.8023122932055362,0.166881145103261,0.3008315881066474,-0.03459266921606246,0.2148253554300295,0.5773697620617465,0.6336857764443473,0.6558918635958103,-0.29389215659468165,-0.2036389217507785,-0.16036072414982006,16510089.720854789,4739.030841,,,0.9124368626703516,47871,52465,32867
non_texture,Raptor_Claw_Fossil_v2_L3,ok,,,/mnt/ssd1/29d_kon/acm_2026/outputs/coordinator/rc3_full_metrics_20260611_004003/meshmamba/non_texture/baseline_screen_space/Raptor_Claw_Fossil_v2_L3/sigma0p05_recenter_rotx90p0_horizontaltovertical_blender_rig/Raptor_Claw_Fossil_v2_L3_report.json,/mnt/ssd1/29d_kon/acm_2026/outputs/coordinator/rc3_full_metrics_20260611_004003/meshmamba/_logs/non_texture/screen_space/Raptor_Claw_Fossil_v2_L3.log,Raptor_Claw_Fossil_v2_l3.csv,32868,,,55463,450,horizontal_to_vertical,json_camera_static.fov_degrees,60.000001669652114,35.98339890412515,0.13356972199932826,0.6484851628000028,1.1929063504112833,0.11572576033197829,0.2900546920452534,0.12966250182408412,0.7169740709282468,0.5818258071017987,0.6332548096074327,0.7136351972676043,0.1810546261904567,0.36434296386981524,0.6022761164680239,4.245593017244481,6851.097213000001,32008,8224301,,,,,ok,,,/mnt/ssd1/29d_kon/acm_2026/outputs/coordinator/rc3_full_metrics_20260611_004003/meshmamba/non_texture/baseline_cone/Raptor_Claw_Fossil_v2_L3/recenter_rotx90p0_horizontaltovertical_blender_rig/Raptor_Claw_Fossil_v2_L3_report.json,/mnt/ssd1/29d_kon/acm_2026/outputs/coordinator/rc3_full_metrics_20260611_004003/meshmamba/_logs/non_texture/cone/Raptor_Claw_Fossil_v2_L3.log,Raptor_Claw_Fossil_v2_l3.csv,32868,,,55463,450,horizontal_to_vertical,json_camera_static.fov_degrees,60.000001669652114,35.98339890412515,0.10849487357838909,0.6193851440459303,0.4821727648610247,0.05189604472108536,0.16265025615597664,0.11490907698584016,0.6570613175768831,0.5455251048291374,0.6346482414488075,0.786925131039853,0.03933099990811778,0.19065964114642905,0.5815765125752038,20213016.04500781,6851.097213000001,,,0.8590952526909832,47648,55463,32868
non_texture,Rhinoceros_v1_L3,ok,,,/mnt/ssd1/29d_kon/acm_2026/outputs/coordinator/rc3_full_metrics_20260611_004003/meshmamba/non_texture/baseline_screen_space/Rhinoceros_v1_L3/sigma0p05_recenter_rotx90p0_horizontaltovertical_blender_rig/Rhinoceros_v1_L3_report.json,/mnt/ssd1/29d_kon/acm_2026/outputs/coordinator/rc3_full_metrics_20260611_004003/meshmamba/_logs/non_texture/screen_space/Rhinoceros_v1_L3.log,Rhinoceros_v1_L3.csv,32868,,,55463,450,horizontal_to_vertical,json_camera_static.fov_degrees,60.000001669652114,35.98339890412515,0.05572733295805383,0.6414418537222624,1.7673411591112118,0.06698129213092754,0.20628502931391174,0.116889684749492,0.6980538411733757,0.5130207315854195,0.5251903598392402,0.5383155831426417,-0.0009547090968111567,0.014591387326300428,0.034408677786611316,3.1788635356095654,7571.749143999999,30249,8080722,,,,,ok,,,/mnt/ssd1/29d_kon/acm_2026/outputs/coordinator/rc3_full_metrics_20260611_004003/meshmamba/non_texture/baseline_cone/Rhinoceros_v1_L3/recenter_rotx90p0_horizontaltovertical_blender_rig/Rhinoceros_v1_L3_report.json,/mnt/ssd1/29d_kon/acm_2026/outputs/coordinator/rc3_full_metrics_20260611_004003/meshmamba/_logs/non_texture/cone/Rhinoceros_v1_L3.log,Rhinoceros_v1_L3.csv,32868,,,55463,450,horizontal_to_vertical,json_camera_static.fov_degrees,60.000001669652114,35.98339890412515,0.21783309835026743,0.5800214558047995,0.7070827246111817,0.05818908792333912,0.17674376167866762,0.17953856511943644,0.6422269390600742,0.6118332643630854,0.6819392079709101,0.850546517431362,0.45196550121355494,0.6320395399138452,0.9284686792228941,11043961.301913498,7571.749143999999,,,0.8661630276039882,48040,55463,32868
non_texture,Rocket_Ship_v1_L3,ok,,,/mnt/ssd1/29d_kon/acm_2026/outputs/coordinator/rc3_full_metrics_20260611_004003/meshmamba/non_texture/baseline_screen_space/Rocket_Ship_v1_L3/sigma0p05_recenter_rotx90p0_horizontaltovertical_blender_rig/Rocket_Ship_v1_L3_report.json,/mnt/ssd1/29d_kon/acm_2026/outputs/coordinator/rc3_full_metrics_20260611_004003/meshmamba/_logs/non_texture/screen_space/Rocket_Ship_v1_L3.log,Rocket_Ship_v1_L3.csv,32868,,,55463,450,horizontal_to_vertical,json_camera_static.fov_degrees,60.000001669652114,35.98339890412515,-0.0952305170532544,0.5303043588789189,2.4730483435267994,0.09252062537271466,0.25079056024152674,-0.08135737093124644,0.5933001405552363,0.37790728570077325,0.3425069609253098,0.4022730357426594,-0.3732265921383453,-0.5515355892813112,-0.45709610182128896,3.946112880492747,8023.3485470000005,29870,7730953,,,,,ok,,,/mnt/ssd1/29d_kon/acm_2026/outputs/coordinator/rc3_full_metrics_20260611_004003/meshmamba/non_texture/baseline_cone/Rocket_Ship_v1_L3/recenter_rotx90p0_horizontaltovertical_blender_rig/Rocket_Ship_v1_L3_report.json,/mnt/ssd1/29d_kon/acm_2026/outputs/coordinator/rc3_full_metrics_20260611_004003/meshmamba/_logs/non_texture/cone/Rocket_Ship_v1_L3.log,Rocket_Ship_v1_L3.csv,32868,,,55463,450,horizontal_to_vertical,json_camera_static.fov_degrees,60.000001669652114,35.98339890412515,0.6216487411156425,0.666921868965273,0.49264234152174546,0.04011668784109512,0.16372343728810737,0.3256101241313697,0.8272431351224788,0.9216057374168395,0.9912490501099348,0.9949489184407283,1.9942674423638462,2.695928237141199,3.093043952465816,25049027.027283054,8023.3485470000005,,,0.823143356832483,45654,55463,32868
non_texture,Rubber_Duck_v1_L3,ok,,,/mnt/ssd1/29d_kon/acm_2026/outputs/coordinator/rc3_full_metrics_20260611_004003/meshmamba/non_texture/baseline_screen_space/Rubber_Duck_v1_L3/sigma0p05_recenter_rotx90p0_horizontaltovertical_blender_rig/Rubber_Duck_v1_L3_report.json,/mnt/ssd1/29d_kon/acm_2026/outputs/coordinator/rc3_full_metrics_20260611_004003/meshmamba/_logs/non_texture/screen_space/Rubber_Duck_v1_L3.log,Rubber_Duck_v1_L3.csv,32868,,,52465,450,horizontal_to_vertical,json_camera_static.fov_degrees,60.000001669652114,35.98339890412515,0.2801659011540663,0.548166929834752,2.777737331433465,0.06618965070811925,0.18775491837922897,0.25860133575054234,0.573904309109426,0.7013344845641356,0.7509119022549876,0.6919942036355532,0.7804335931904812,1.0981738601842779,0.9898345168511264,2.5706026180227433,2640.598398,27815,8093002,,,,,ok,,,/mnt/ssd1/29d_kon/acm_2026/outputs/coordinator/rc3_full_metrics_20260611_004003/meshmamba/non_texture/baseline_cone/Rubber_Duck_v1_L3/recenter_rotx90p0_horizontaltovertical_blender_rig/Rubber_Duck_v1_L3_report.json,/mnt/ssd1/29d_kon/acm_2026/outputs/coordinator/rc3_full_metrics_20260611_004003/meshmamba/_logs/non_texture/cone/Rubber_Duck_v1_L3.log,Rubber_Duck_v1_L3.csv,32868,,,52465,450,horizontal_to_vertical,json_camera_static.fov_degrees,60.000001669652114,35.98339890412515,0.6221339869649388,0.6073695723784687,0.9852927699294717,0.011743557486288544,0.06981896415811004,0.42942497682190417,0.7507807870735146,0.8738664762808769,0.9580702336558128,0.9887058606595164,1.5121283952272389,2.342935981046249,3.904397661978329,7441760.5565507645,2640.598398,,,0.9362622700848184,49121,52465,30132
non_texture,SLR_Camera_V1_L3,ok,,,/mnt/ssd1/29d_kon/acm_2026/outputs/coordinator/rc3_full_metrics_20260611_004003/meshmamba/non_texture/baseline_screen_space/SLR_Camera_V1_L3/sigma0p05_recenter_rotx90p0_horizontaltovertical_blender_rig/SLR_Camera_V1_L3_report.json,/mnt/ssd1/29d_kon/acm_2026/outputs/coordinator/rc3_full_metrics_20260611_004003/meshmamba/_logs/non_texture/screen_space/SLR_Camera_V1_L3.log,SLR_Camera_SG_V1_Iteration2.csv,32868,,,52465,450,horizontal_to_vertical,json_camera_static.fov_degrees,60.000001669652114,35.98339890412515,-0.10312584939425957,0.40655021644483,2.742451708841045,0.07915935550915282,0.22124480402094998,-0.02088760623321331,0.3820593356152324,0.38075498370934635,0.32486372701016686,0.3696142137034343,-0.35743810286442046,-0.5581743088301899,-0.49551359188304467,1.6531290439779047,3402.2921220000003,30367,7403379,,,,,ok,,,/mnt/ssd1/29d_kon/acm_2026/outputs/coordinator/rc3_full_metrics_20260611_004003/meshmamba/non_texture/baseline_cone/SLR_Camera_V1_L3/recenter_rotx90p0_horizontaltovertical_blender_rig/SLR_Camera_V1_L3_report.json,/mnt/ssd1/29d_kon/acm_2026/outputs/coordinator/rc3_full_metrics_20260611_004003/meshmamba/_logs/non_texture/cone/SLR_Camera_V1_L3.log,SLR_Camera_SG_V1_Iteration2.csv,32868,,,52465,450,horizontal_to_vertical,json_camera_static.fov_degrees,60.000001669652114,35.98339890412515,0.1975219728641619,0.4540615848860844,1.0961566805055991,0.05199163560830812,0.14774764003299826,0.30185297576171943,0.48140079923873996,0.7793229219369889,0.707234092731089,0.6094103022129815,0.6738035275808514,0.4043908195202689,-0.012379322863639717,5630572.440362642,3402.2921220000003,,,0.9854379109882779,51701,52465,31568
non_texture,SeaHorse_v2_L3,ok,,,/mnt/ssd1/29d_kon/acm_2026/outputs/coordinator/rc3_full_metrics_20260611_004003/meshmamba/non_texture/baseline_screen_space/SeaHorse_v2_L3/sigma0p05_recenter_rotx90p0_horizontaltovertical_blender_rig/SeaHorse_v2_L3_report.json,/mnt/ssd1/29d_kon/acm_2026/outputs/coordinator/rc3_full_metrics_20260611_004003/meshmamba/_logs/non_texture/screen_space/SeaHorse_v2_L3.log,SeaHorse_v1_iterations-2.csv,32868,,,52465,450,horizontal_to_vertical,json_camera_static.fov_degrees,60.000001669652114,35.98339890412515,-0.009097493799307202,0.7108034144775781,0.8125310244701486,0.07188715939756028,0.20402199040110852,0.028340701932194814,0.7812811626642612,0.3810190048420621,0.2807235863547474,0.3026262803083809,-0.3595194455205713,-0.697948434789887,-0.7003579175578133,4.504571355184719,12340.246732,32099,7593810,,,,,ok,,,/mnt/ssd1/29d_kon/acm_2026/outputs/coordinator/rc3_full_metrics_20260611_004003/meshmamba/non_texture/baseline_cone/SeaHorse_v2_L3/recenter_rotx90p0_horizontaltovertical_blender_rig/SeaHorse_v2_L3_report.json,/mnt/ssd1/29d_kon/acm_2026/outputs/coordinator/rc3_full_metrics_20260611_004003/meshmamba/_logs/non_texture/cone/SeaHorse_v2_L3.log,SeaHorse_v1_iterations-2.csv,32868,,,52465,450,horizontal_to_vertical,json_camera_static.fov_degrees,60.000001669652114,35.98339890412515,0.31998778625870183,0.7283055153451652,0.234706975388568,0.06815540361295727,0.21567248468105069,0.3990308684475502,0.8211466935208541,0.758723457643339,0.7400722169701639,0.7636606472046498,0.47766092185589015,0.3324116377840076,0.44056736768175037,32449127.413482465,12340.246732,,,0.8912036595825789,46757,52465,32868
non_texture,Seagull_v1_L3,ok,,,/mnt/ssd1/29d_kon/acm_2026/outputs/coordinator/rc3_full_metrics_20260611_004003/meshmamba/non_texture/baseline_screen_space/Seagull_v1_L3/sigma0p05_recenter_rotx90p0_horizontaltovertical_blender_rig/Seagull_v1_L3_report.json,/mnt/ssd1/29d_kon/acm_2026/outputs/coordinator/rc3_full_metrics_20260611_004003/meshmamba/_logs/non_texture/screen_space/Seagull_v1_L3.log,Seagull_v1_L3.csv,32868,,,52465,450,horizontal_to_vertical,json_camera_static.fov_degrees,60.000001669652114,35.98339890412515,-0.021966917147488906,0.5631648723286128,3.5833440569410273,0.11136138755157787,0.2861863570781628,0.03472022248452974,0.6304778990599894,0.4674248378351257,0.4375136561307572,0.4712721633735566,-0.1245067940306597,-0.2520442194271033,-0.1328405278957105,2.750098120643549,7690.103635,28366,7625282,,,,,ok,,,/mnt/ssd1/29d_kon/acm_2026/outputs/coordinator/rc3_full_metrics_20260611_004003/meshmamba/non_texture/baseline_cone/Seagull_v1_L3/recenter_rotx90p0_horizontaltovertical_blender_rig/Seagull_v1_L3_report.json,/mnt/ssd1/29d_kon/acm_2026/outputs/coordinator/rc3_full_metrics_20260611_004003/meshmamba/_logs/non_texture/cone/Seagull_v1_L3.log,Seagull_v1_L3.csv,32868,,,52465,450,horizontal_to_vertical,json_camera_static.fov_degrees,60.000001669652114,35.98339890412515,0.35856752394355496,0.6201964852625208,0.6883280284777045,0.05184526043955848,0.16577808228421237,0.3632425089464903,0.7090295989460657,0.6150248090049008,0.7935121826712622,0.8687858413719295,0.336204076050329,0.7851095381933869,1.0537616385149497,14198370.59542871,7690.103635,,,0.7840274468693414,41134,52465,32813
non_texture,Seal_wooden_v1_L3,ok,,,/mnt/ssd1/29d_kon/acm_2026/outputs/coordinator/rc3_full_metrics_20260611_004003/meshmamba/non_texture/baseline_screen_space/Seal_wooden_v1_L3/sigma0p05_recenter_rotx90p0_horizontaltovertical_blender_rig/Seal_wooden_v1_L3_report.json,/mnt/ssd1/29d_kon/acm_2026/outputs/coordinator/rc3_full_metrics_20260611_004003/meshmamba/_logs/non_texture/screen_space/Seal_wooden_v1_L3.log,Seal_wooden_v1_L3.csv,32868,,,53964,450,horizontal_to_vertical,json_camera_static.fov_degrees,60.000001669652114,35.98339890412515,0.30512239093808907,0.6226225132416008,1.801634032140629,0.07760931900731964,0.22799509672369744,0.2748546264966474,0.7281973176078527,0.6589618876035662,0.7290592390874074,0.9657584618355098,0.5750485052726189,0.9117935939033113,1.7891245440228543,2.4849993130342796,6367.140573000001,29605,7782071,,,,,ok,,,/mnt/ssd1/29d_kon/acm_2026/outputs/coordinator/rc3_full_metrics_20260611_004003/meshmamba/non_texture/baseline_cone/Seal_wooden_v1_L3/recenter_rotx90p0_horizontaltovertical_blender_rig/Seal_wooden_v1_L3_report.json,/mnt/ssd1/29d_kon/acm_2026/outputs/coordinator/rc3_full_metrics_20260611_004003/meshmamba/_logs/non_texture/cone/Seal_wooden_v1_L3.log,Seal_wooden_v1_L3.csv,32868,,,53964,450,horizontal_to_vertical,json_camera_static.fov_degrees,60.000001669652114,35.98339890412515,0.45424067074428265,0.6058008690593233,0.6948323141024095,0.037401690833438195,0.14337479928077385,0.3458916550875516,0.7179866757983092,0.7195283807007941,0.7893441406510557,0.9576842135941429,0.9750902090208352,1.3108002234096763,2.559457288854798,9269233.992760826,6367.140573000001,,,0.9164442961974649,49455,53964,32338
non_texture,Sheep_doll_v1_L3,ok,,,/mnt/ssd1/29d_kon/acm_2026/outputs/coordinator/rc3_full_metrics_20260611_004003/meshmamba/non_texture/baseline_screen_space/Sheep_doll_v1_L3/sigma0p05_recenter_rotx90p0_horizontaltovertical_blender_rig/Sheep_doll_v1_L3_report.json,/mnt/ssd1/29d_kon/acm_2026/outputs/coordinator/rc3_full_metrics_20260611_004003/meshmamba/_logs/non_texture/screen_space/Sheep_doll_v1_L3.log,Sheep_doll_v1_iterations-2.csv,32868,,,52465,450,horizontal_to_vertical,json_camera_static.fov_degrees,60.000001669652114,35.98339890412515,0.41097668297286927,0.6470912641229917,1.216655538241369,0.038211796955833974,0.15254726061559004,0.3898312558622163,0.7420521991147873,0.7735074737732135,0.7345117853382482,0.5435973441643233,1.0033767191341176,0.9209740292464673,0.1701687408032904,2.968413759614535,5166.721262,30964,7859900,,,,,ok,,,/mnt/ssd1/29d_kon/acm_2026/outputs/coordinator/rc3_full_metrics_20260611_004003/meshmamba/non_texture/baseline_cone/Sheep_doll_v1_L3/recenter_rotx90p0_horizontaltovertical_blender_rig/Sheep_doll_v1_L3_report.json,/mnt/ssd1/29d_kon/acm_2026/outputs/coordinator/rc3_full_metrics_20260611_004003/meshmamba/_logs/non_texture/cone/Sheep_doll_v1_L3.log,Sheep_doll_v1_iterations-2.csv,32868,,,52465,450,horizontal_to_vertical,json_camera_static.fov_degrees,60.000001669652114,35.98339890412515,0.5747621633818351,0.6346388425838223,0.5554756359753023,0.026085506149879513,0.1156793857999206,0.38893253561147445,0.7666026316134451,0.8702176747099412,0.8779558120336657,0.7852156556392325,1.5152450578784158,1.5129345118198958,0.8692928479601447,11531080.87796213,5166.721262,,,0.8764319069856095,45982,52465,32868
non_texture,SittingBaby_v1_L1,ok,,,/mnt/ssd1/29d_kon/acm_2026/outputs/coordinator/rc3_full_metrics_20260611_004003/meshmamba/non_texture/baseline_screen_space/SittingBaby_v1_L1/sigma0p05_recenter_rotx90p0_horizontaltovertical_blender_rig/SittingBaby_v1_L1_report.json,/mnt/ssd1/29d_kon/acm_2026/outputs/coordinator/rc3_full_metrics_20260611_004003/meshmamba/_logs/non_texture/screen_space/SittingBaby_v1_L1.log,SittingBaby.csv,32868,,,52465,450,horizontal_to_vertical,json_camera_static.fov_degrees,60.000001669652114,35.98339890412515,-0.00612739435084824,0.539431637134145,2.2497875457659027,0.10507043077200359,0.2638874390148139,0.10467438019353276,0.41311266469897423,0.5098602685780337,0.4541488104477622,0.3523829856358482,0.17079791072249387,0.01674020300225084,-0.5021267722281686,2.502574700629906,1712.867961,29981,7901518,,,,,ok,,,/mnt/ssd1/29d_kon/acm_2026/outputs/coordinator/rc3_full_metrics_20260611_004003/meshmamba/non_texture/baseline_cone/SittingBaby_v1_L1/recenter_rotx90p0_horizontaltovertical_blender_rig/SittingBaby_v1_L1_report.json,/mnt/ssd1/29d_kon/acm_2026/outputs/coordinator/rc3_full_metrics_20260611_004003/meshmamba/_logs/non_texture/cone/SittingBaby_v1_L1.log,SittingBaby.csv,32868,,,52465,450,horizontal_to_vertical,json_camera_static.fov_degrees,60.000001669652114,35.98339890412515,0.09915360995003111,0.47607040536973944,1.3858707072089949,0.02118687599304231,0.07811028311986794,0.13487665065857019,0.361061762464481,0.5616749519583151,0.5160795582411184,0.29819974739688104,0.8974165448866349,0.8966896805471838,-0.4472703104318577,7840730.1440837,1712.867961,,,0.9235299723625274,48453,52465,32481
non_texture,Sitting_inside_an_egg_v1_L1,ok,,,/mnt/ssd1/29d_kon/acm_2026/outputs/coordinator/rc3_full_metrics_20260611_004003/meshmamba/non_texture/baseline_screen_space/Sitting_inside_an_egg_v1_L1/sigma0p05_recenter_rotx90p0_horizontaltovertical_blender_rig/Sitting_inside_an_egg_v1_L1_report.json,/mnt/ssd1/29d_kon/acm_2026/outputs/coordinator/rc3_full_metrics_20260611_004003/meshmamba/_logs/non_texture/screen_space/Sitting_inside_an_egg_v1_L1.log,Sitting_inside_an_egg_Texture.csv,32868,,,53964,450,horizontal_to_vertical,json_camera_static.fov_degrees,60.000001669652114,35.98339890412515,0.35243356249094926,0.5855058205843915,1.2757503498402394,0.05240308516409014,0.17776498062515989,0.4070723006724993,0.6710375547954034,0.7247788751664086,0.7138489685705611,0.7485886237426942,0.7231534900715252,0.7199663264219828,0.8914064419253681,4.219923032750454,3848.2654460000003,30033,7324888,,,,,ok,,,/mnt/ssd1/29d_kon/acm_2026/outputs/coordinator/rc3_full_metrics_20260611_004003/meshmamba/non_texture/baseline_cone/Sitting_inside_an_egg_v1_L1/recenter_rotx90p0_horizontaltovertical_blender_rig/Sitting_inside_an_egg_v1_L1_report.json,/mnt/ssd1/29d_kon/acm_2026/outputs/coordinator/rc3_full_metrics_20260611_004003/meshmamba/_logs/non_texture/cone/Sitting_inside_an_egg_v1_L1.log,Sitting_inside_an_egg_Texture.csv,32868,,,53964,450,horizontal_to_vertical,json_camera_static.fov_degrees,60.000001669652114,35.98339890412515,0.43508249000036125,0.5605515417933677,0.7364811432080226,0.025503319375872743,0.09744939589864499,0.5131448664995182,0.6280702786575045,0.830780621676769,0.8304932769757869,0.8736844288140179,1.1357328330815006,1.3555771491325919,1.6865562584000655,14907867.479337718,3848.2654460000003,,,0.9661070343191758,52135,53964,32700
non_texture,Soda_Can_v3_L3,ok,,,/mnt/ssd1/29d_kon/acm_2026/outputs/coordinator/rc3_full_metrics_20260611_004003/meshmamba/non_texture/baseline_screen_space/Soda_Can_v3_L3/sigma0p05_recenter_rotx90p0_horizontaltovertical_blender_rig/Soda_Can_v3_L3_report.json,/mnt/ssd1/29d_kon/acm_2026/outputs/coordinator/rc3_full_metrics_20260611_004003/meshmamba/_logs/non_texture/screen_space/Soda_Can_v3_L3.log,Soda_Can_v3_l3.csv,32868,,,53964,450,horizontal_to_vertical,json_camera_static.fov_degrees,60.000001669652114,35.98339890412515,0.6315776541879999,0.663028361032176,1.7448124439361887,0.04669691627569287,0.13125402680239173,0.5333556492024605,0.7731736704307521,0.9174009760312541,0.9266995882666836,0.9120987478107869,1.6051830334520654,1.8238060107489895,1.833696591279376,3.7704217670623468,4650.378855,29151,7700948,,,,,ok,,,/mnt/ssd1/29d_kon/acm_2026/outputs/coordinator/rc3_full_metrics_20260611_004003/meshmamba/non_texture/baseline_cone/Soda_Can_v3_L3/recenter_rotx90p0_horizontaltovertical_blender_rig/Soda_Can_v3_L3_report.json,/mnt/ssd1/29d_kon/acm_2026/outputs/coordinator/rc3_full_metrics_20260611_004003/meshmamba/_logs/non_texture/cone/Soda_Can_v3_L3.log,Soda_Can_v3_l3.csv,32868,,,53964,450,horizontal_to_vertical,json_camera_static.fov_degrees,60.000001669652114,35.98339890412515,0.8228617960473696,0.6960435650567145,1.228159737524764,0.01537150688518631,0.08146294051050598,0.5647895022915828,0.8641493671269024,0.9620751689757362,0.9796430727689038,0.9732474876302284,2.3461310101943713,2.966618920162086,3.1493629271267607,19184122.710978266,4650.378855,,,0.9736120376547328,52540,53964,31620
non_texture,Spark_Plug_v1_L3,ok,,,/mnt/ssd1/29d_kon/acm_2026/outputs/coordinator/rc3_full_metrics_20260611_004003/meshmamba/non_texture/baseline_screen_space/Spark_Plug_v1_L3/sigma0p05_recenter_rotx90p0_horizontaltovertical_blender_rig/Spark_Plug_v1_L3_report.json,/mnt/ssd1/29d_kon/acm_2026/outputs/coordinator/rc3_full_metrics_20260611_004003/meshmamba/_logs/non_texture/screen_space/Spark_Plug_v1_L3.log,Spark_Plug_v1_l3.csv,32868,,,52465,450,horizontal_to_vertical,json_camera_static.fov_degrees,60.000001669652114,35.98339890412515,0.22286071328202714,0.6814947229186644,1.1381092958173313,0.08582713756726684,0.25279759427755977,0.2566253369182944,0.7611836335430341,0.6695550471283096,0.7053109452271102,0.6012037834234177,0.507616485221225,0.6201338580571445,0.1802639854981835,4.724844270319963,6913.158081,31021,7625963,,,,,ok,,,/mnt/ssd1/29d_kon/acm_2026/outputs/coordinator/rc3_full_metrics_20260611_004003/meshmamba/non_texture/baseline_cone/Spark_Plug_v1_L3/recenter_rotx90p0_horizontaltovertical_blender_rig/Spark_Plug_v1_L3_report.json,/mnt/ssd1/29d_kon/acm_2026/outputs/coordinator/rc3_full_metrics_20260611_004003/meshmamba/_logs/non_texture/cone/Spark_Plug_v1_L3.log,Spark_Plug_v1_l3.csv,32868,,,52465,450,horizontal_to_vertical,json_camera_static.fov_degrees,60.000001669652114,35.98339890412515,0.3916167829071153,0.6374382227083487,0.5565821277778488,0.04469518839418059,0.17100822453505807,0.23126848929140942,0.755807504043039,0.8223937558814418,0.7877288405169646,0.8760071967882169,1.2231020144764853,0.9501555192485568,1.2705676828766488,22838984.4206024,6913.158081,,,0.8797865243495664,46158,52465,32868
non_texture,Spinning_Top_v1_L3,ok,,,/mnt/ssd1/29d_kon/acm_2026/outputs/coordinator/rc3_full_metrics_20260611_004003/meshmamba/non_texture/baseline_screen_space/Spinning_Top_v1_L3/sigma0p05_recenter_rotx90p0_horizontaltovertical_blender_rig/Spinning_Top_v1_L3_report.json,/mnt/ssd1/29d_kon/acm_2026/outputs/coordinator/rc3_full_metrics_20260611_004003/meshmamba/_logs/non_texture/screen_space/Spinning_Top_v1_L3.log,Spinning_Top_v1_L3.csv,32868,,,52465,450,horizontal_to_vertical,json_camera_static.fov_degrees,60.000001669652114,35.98339890412515,-0.2643003877638009,0.39924847097327076,5.199443682298309,0.1911570584992783,0.36788422495243517,-0.18086795340097464,0.41050800372312063,0.34542457696890944,0.5111484092964861,0.6147766472610702,-0.4830487207313567,0.027394344815185382,0.37349005380797823,2.371401856739267,7172.3753830000005,26780,7886901,,,,,ok,,,/mnt/ssd1/29d_kon/acm_2026/outputs/coordinator/rc3_full_metrics_20260611_004003/meshmamba/non_texture/baseline_cone/Spinning_Top_v1_L3/recenter_rotx90p0_horizontaltovertical_blender_rig/Spinning_Top_v1_L3_report.json,/mnt/ssd1/29d_kon/acm_2026/outputs/coordinator/rc3_full_metrics_20260611_004003/meshmamba/_logs/non_texture/cone/Spinning_Top_v1_L3.log,Spinning_Top_v1_L3.csv,32868,,,52465,450,horizontal_to_vertical,json_camera_static.fov_degrees,60.000001669652114,35.98339890412515,-0.2867526588843856,0.3428447084693382,8.833176031003319,0.15789266978261202,0.3161462121397813,-0.2971915865950623,0.33222077492912266,0.4863525865416514,0.6162247866137034,0.6778701658080447,-0.43842480101892634,0.04287363889233431,0.2805936358693693,9732585.870430697,7172.3753830000005,,,0.9135995425521777,47932,52465,25549
non_texture,Squirrel_wooden_v2_L3,ok,,,/mnt/ssd1/29d_kon/acm_2026/outputs/coordinator/rc3_full_metrics_20260611_004003/meshmamba/non_texture/baseline_screen_space/Squirrel_wooden_v2_L3/sigma0p05_recenter_rotx90p0_horizontaltovertical_blender_rig/Squirrel_wooden_v2_L3_report.json,/mnt/ssd1/29d_kon/acm_2026/outputs/coordinator/rc3_full_metrics_20260611_004003/meshmamba/_logs/non_texture/screen_space/Squirrel_wooden_v2_L3.log,Squirrel_wooden_v2_L3.csv,32868,,,53964,450,horizontal_to_vertical,json_camera_static.fov_degrees,60.000001669652114,35.98339890412515,0.08379059719654967,0.5846227207704919,1.2116820063676834,0.036050097481437476,0.14553304601797248,0.08478064244545253,0.6415418871651691,0.6056966383969383,0.6476332737061079,0.7264783312164752,0.10015282706673723,0.21415527180454785,0.47883866896817096,2.023712245988234,5229.3140809999995,31024,7872166,,,,,ok,,,/mnt/ssd1/29d_kon/acm_2026/outputs/coordinator/rc3_full_metrics_20260611_004003/meshmamba/non_texture/baseline_cone/Squirrel_wooden_v2_L3/recenter_rotx90p0_horizontaltovertical_blender_rig/Squirrel_wooden_v2_L3_report.json,/mnt/ssd1/29d_kon/acm_2026/outputs/coordinator/rc3_full_metrics_20260611_004003/meshmamba/_logs/non_texture/cone/Squirrel_wooden_v2_L3.log,Squirrel_wooden_v2_L3.csv,32868,,,53964,450,horizontal_to_vertical,json_camera_static.fov_degrees,60.000001669652114,35.98339890412515,2.8197318572491552e-05,0.4846496018159509,1.0654897142016306,0.04055377936065255,0.13982868570832202,-0.004002260147072888,0.46089940459518713,0.4303008532711721,0.39142626032255423,0.4404513041212831,-0.1934472295775462,-0.2465761451574568,-0.16939163873986024,5473050.994472837,5229.3140809999995,,,0.9285820176413906,50110,53964,32852
non_texture,StandingBaby_v2_L1,ok,,,/mnt/ssd1/29d_kon/acm_2026/outputs/coordinator/rc3_full_metrics_20260611_004003/meshmamba/non_texture/baseline_screen_space/StandingBaby_v2_L1/sigma0p05_recenter_rotx90p0_horizontaltovertical_blender_rig/StandingBaby_v2_L1_report.json,/mnt/ssd1/29d_kon/acm_2026/outputs/coordinator/rc3_full_metrics_20260611_004003/meshmamba/_logs/non_texture/screen_space/StandingBaby_v2_L1.log,StandingBaby.csv,32868,,,52465,450,horizontal_to_vertical,json_camera_static.fov_degrees,60.000001669652114,35.98339890412515,0.2511479275020275,0.6524588197188627,0.9678395802349579,0.06938287979668739,0.21577993469274392,0.12922888360481208,0.7579470616684981,0.7409460467058491,0.7857985142908973,0.8805412929315312,0.8097166529980693,1.0375966494844096,1.4458835426310095,3.74218977176942,8509.269993,31710,7842853,,,,,ok,,,/mnt/ssd1/29d_kon/acm_2026/outputs/coordinator/rc3_full_metrics_20260611_004003/meshmamba/non_texture/baseline_cone/StandingBaby_v2_L1/recenter_rotx90p0_horizontaltovertical_blender_rig/StandingBaby_v2_L1_report.json,/mnt/ssd1/29d_kon/acm_2026/outputs/coordinator/rc3_full_metrics_20260611_004003/meshmamba/_logs/non_texture/cone/StandingBaby_v2_L1.log,StandingBaby.csv,32868,,,52465,450,horizontal_to_vertical,json_camera_static.fov_degrees,60.000001669652114,35.98339890412515,0.659070727423366,0.6728402708227922,0.3925968871998821,0.03760625428863238,0.143134689086257,0.33576379552742475,0.8217219588847757,0.8889026862524001,0.9202813236963518,0.9701560839174426,1.7433798800348312,2.2978979824716665,3.2728181248567054,19446014.2638471,8509.269993,,,0.8876965596111693,46573,52465,32868
non_texture,Starfruit_L3,ok,,,/mnt/ssd1/29d_kon/acm_2026/outputs/coordinator/rc3_full_metrics_20260611_004003/meshmamba/non_texture/baseline_screen_space/Starfruit_L3/sigma0p05_recenter_rotx90p0_horizontaltovertical_blender_rig/Starfruit_L3_report.json,/mnt/ssd1/29d_kon/acm_2026/outputs/coordinator/rc3_full_metrics_20260611_004003/meshmamba/_logs/non_texture/screen_space/Starfruit_L3.log,Starfruit-L3.csv,32868,,,53964,450,horizontal_to_vertical,json_camera_static.fov_degrees,60.000001669652114,35.98339890412515,-0.18069119411409484,0.6530773568465814,0.7307326321698991,0.0662070024275088,0.21518470174470297,-0.3252518187850122,0.7332429324226478,0.4735371715868523,0.4833807616014382,0.3963503323717875,0.0980078556414359,0.10317820538869052,-0.36180606681742883,3.049113383057958,10666.68505,32363,7850565,,,,,ok,,,/mnt/ssd1/29d_kon/acm_2026/outputs/coordinator/rc3_full_metrics_20260611_004003/meshmamba/non_texture/baseline_cone/Starfruit_L3/recenter_rotx90p0_horizontaltovertical_blender_rig/Starfruit_L3_report.json,/mnt/ssd1/29d_kon/acm_2026/outputs/coordinator/rc3_full_metrics_20260611_004003/meshmamba/_logs/non_texture/cone/Starfruit_L3.log,Starfruit-L3.csv,32868,,,53964,450,horizontal_to_vertical,json_camera_static.fov_degrees,60.000001669652114,35.98339890412515,0.12743554773053928,0.5374390354464397,0.5940600153721715,0.10414954958228369,0.269920153480218,-0.12516060446676522,0.5851457507802458,0.5462399051628153,0.5391989005899137,0.43299613996054864,0.5031679284083683,0.49561296086520673,-0.34947693134909413,15515949.368569048,10666.68505,,,0.9183900378029798,49560,53964,32868
non_texture,Statue_v1_L2_David,ok,,,/mnt/ssd1/29d_kon/acm_2026/outputs/coordinator/rc3_full_metrics_20260611_004003/meshmamba/non_texture/baseline_screen_space/Statue_v1_L2_David/sigma0p05_recenter_rotx90p0_horizontaltovertical_blender_rig/Statue_v1_L2_David_report.json,/mnt/ssd1/29d_kon/acm_2026/outputs/coordinator/rc3_full_metrics_20260611_004003/meshmamba/_logs/non_texture/screen_space/Statue_v1_L2_David.log,Statue_v1_L2_David.csv,32868,,,53964,450,horizontal_to_vertical,json_camera_static.fov_degrees,60.000001669652114,35.98339890412515,0.48035805567063056,0.6339913919668834,0.9043172698063913,0.04616411867656756,0.173064886012568,0.39947311069738334,0.7537830607366064,0.8520347728116743,0.8368055847769479,0.8300322521554915,1.1643299958242679,1.15914768879833,1.1811454640412398,4.03841504283622,6215.5208569999995,31165,7234442,,,,,ok,,,/mnt/ssd1/29d_kon/acm_2026/outputs/coordinator/rc3_full_metrics_20260611_004003/meshmamba/non_texture/baseline_cone/Statue_v1_L2_David/recenter_rotx90p0_horizontaltovertical_blender_rig/Statue_v1_L2_David_report.json,/mnt/ssd1/29d_kon/acm_2026/outputs/coordinator/rc3_full_metrics_20260611_004003/meshmamba/_logs/non_texture/cone/Statue_v1_L2_David.log,Statue_v1_L2_David.csv,32868,,,53964,450,horizontal_to_vertical,json_camera_static.fov_degrees,60.000001669652114,35.98339890412515,0.850567363282831,0.7694064472029991,0.23738123345861867,0.019011878211282328,0.10701852959553322,0.6350068060746935,0.9190610167061678,0.9861166989347734,0.9709518124432326,0.9677119745293256,2.28316700568006,2.428904260881213,2.6263579125689924,33832266.37495236,6215.5208569999995,,,0.8522533540879105,45991,53964,32868
non_texture,Statue_v1_L2_Venus,ok,,,/mnt/ssd1/29d_kon/acm_2026/outputs/coordinator/rc3_full_metrics_20260611_004003/meshmamba/non_texture/baseline_screen_space/Statue_v1_L2_Venus/sigma0p05_recenter_rotx90p0_horizontaltovertical_blender_rig/Statue_v1_L2_Venus_report.json,/mnt/ssd1/29d_kon/acm_2026/outputs/coordinator/rc3_full_metrics_20260611_004003/meshmamba/_logs/non_texture/screen_space/Statue_v1_L2_Venus.log,Statue_v1_L2_Venus.csv,32868,,,52465,450,horizontal_to_vertical,json_camera_static.fov_degrees,60.000001669652114,35.98339890412515,0.5142971393943496,0.5778797399750462,0.7569101628884306,0.05964259510505791,0.196801617729703,0.6489016323858225,0.7203676640125422,0.8077598126483045,0.8135183655282947,0.8301176768845354,0.9064781828848899,0.9650344026285019,1.0488216823299603,4.268395037468827,6256.65759,31067,7608501,,,,,ok,,,/mnt/ssd1/29d_kon/acm_2026/outputs/coordinator/rc3_full_metrics_20260611_004003/meshmamba/non_texture/baseline_cone/Statue_v1_L2_Venus/recenter_rotx90p0_horizontaltovertical_blender_rig/Statue_v1_L2_Venus_report.json,/mnt/ssd1/29d_kon/acm_2026/outputs/coordinator/rc3_full_metrics_20260611_004003/meshmamba/_logs/non_texture/cone/Statue_v1_L2_Venus.log,Statue_v1_L2_Venus.csv,32868,,,52465,450,horizontal_to_vertical,json_camera_static.fov_degrees,60.000001669652114,35.98339890412515,0.6792131087297713,0.651412168772511,0.3840380528504629,0.05175809971307007,0.15134018758205553,0.7582682051900981,0.8053779058225936,0.929732130266771,0.9529581555893433,0.9452313057858743,1.732626955676259,2.0586530745032423,2.1200464268185204,43106073.81806706,6256.65759,,,0.8658724864195178,45428,52465,32868
non_texture,Statue_v1_L3_eagle,ok,,,/mnt/ssd1/29d_kon/acm_2026/outputs/coordinator/rc3_full_metrics_20260611_004003/meshmamba/non_texture/baseline_screen_space/Statue_v1_L3_eagle/sigma0p05_recenter_rotx90p0_horizontaltovertical_blender_rig/Statue_v1_L3_eagle_report.json,/mnt/ssd1/29d_kon/acm_2026/outputs/coordinator/rc3_full_metrics_20260611_004003/meshmamba/_logs/non_texture/screen_space/Statue_v1_L3_eagle.log,Statue_v1_l3_eagle.csv,32868,,,52465,450,horizontal_to_vertical,json_camera_static.fov_degrees,60.000001669652114,35.98339890412515,0.27142342722028445,0.6732736245827338,0.789870615321303,0.078210562110903,0.23168001025962973,0.31953616993384965,0.7381820750129887,0.6824340620552457,0.6710976330360388,0.37710113774156073,0.5928463608240544,0.5573289624981109,-0.5021912245740033,3.255809787566961,5575.5405470000005,31496,6879521,,,,,ok,,,/mnt/ssd1/29d_kon/acm_2026/outputs/coordinator/rc3_full_metrics_20260611_004003/meshmamba/non_texture/baseline_cone/Statue_v1_L3_eagle/recenter_rotx90p0_horizontaltovertical_blender_rig/Statue_v1_L3_eagle_report.json,/mnt/ssd1/29d_kon/acm_2026/outputs/coordinator/rc3_full_metrics_20260611_004003/meshmamba/_logs/non_texture/cone/Statue_v1_L3_eagle.log,Statue_v1_l3_eagle.csv,32868,,,52465,450,horizontal_to_vertical,json_camera_static.fov_degrees,60.000001669652114,35.98339890412515,0.49126330281164426,0.6492785483341483,0.5072345447850148,0.033324901021288836,0.11571890502403678,0.4738651960686055,0.7242296538617897,0.7400349390519637,0.6647456328434114,0.20439442741191283,1.532546193882741,1.4829648950432666,-0.5890453621534152,16534904.784023691,5575.5405470000005,,,0.8620985418850662,45230,52465,32791
non_texture,Statue_willendorf_V1_L3,ok,,,/mnt/ssd1/29d_kon/acm_2026/outputs/coordinator/rc3_full_metrics_20260611_004003/meshmamba/non_texture/baseline_screen_space/Statue_willendorf_V1_L3/sigma0p05_recenter_rotx90p0_horizontaltovertical_blender_rig/Statue_willendorf_V1_L3_report.json,/mnt/ssd1/29d_kon/acm_2026/outputs/coordinator/rc3_full_metrics_20260611_004003/meshmamba/_logs/non_texture/screen_space/Statue_willendorf_V1_L3.log,Statue_willendorf_V1_L3.csv,32868,,,55463,450,horizontal_to_vertical,json_camera_static.fov_degrees,60.000001669652114,35.98339890412515,0.1616993985253208,0.6496343345589564,0.94973439897918,0.07332564815123388,0.2240932350845093,0.15318211818829267,0.742893147900176,0.6171424581884948,0.6522898681873635,0.8115711695416051,0.33635722866141704,0.4090214632003343,0.8354735728510482,3.166494442228691,6551.697971,32235,7991428,,,,,ok,,,/mnt/ssd1/29d_kon/acm_2026/outputs/coordinator/rc3_full_metrics_20260611_004003/meshmamba/non_texture/baseline_cone/Statue_willendorf_V1_L3/recenter_rotx90p0_horizontaltovertical_blender_rig/Statue_willendorf_V1_L3_report.json,/mnt/ssd1/29d_kon/acm_2026/outputs/coordinator/rc3_full_metrics_20260611_004003/meshmamba/_logs/non_texture/cone/Statue_willendorf_V1_L3.log,Statue_willendorf_V1_L3.csv,32868,,,55463,450,horizontal_to_vertical,json_camera_static.fov_degrees,60.000001669652114,35.98339890412515,0.05048357358503416,0.5342170619767773,0.7887001625018858,0.0609869090518933,0.1994997161641093,-0.034109578429138386,0.6105664919771296,0.5254438147263287,0.551885465544316,0.757335387387835,0.08264829258484785,0.13489685977411411,0.715762908639787,11943810.930156779,6551.697971,,,0.9608567874078214,53292,55463,32868
non_texture,Stone_Chess_Bishop_Side_A_v2_L1,ok,,,/mnt/ssd1/29d_kon/acm_2026/outputs/coordinator/rc3_full_metrics_20260611_004003/meshmamba/non_texture/baseline_screen_space/Stone_Chess_Bishop_Side_A_v2_L1/sigma0p05_recenter_rotx90p0_horizontaltovertical_blender_rig/Stone_Chess_Bishop_Side_A_v2_L1_report.json,/mnt/ssd1/29d_kon/acm_2026/outputs/coordinator/rc3_full_metrics_20260611_004003/meshmamba/_logs/non_texture/screen_space/Stone_Chess_Bishop_Side_A_v2_L1.log,Stone_Chess_Bishop_V2_l1.csv,32868,,,52465,450,horizontal_to_vertical,json_camera_static.fov_degrees,60.000001669652114,35.98339890412515,0.5257373326046482,0.6588262401175143,0.8873691822625083,0.04169377307421207,0.16378221852219446,0.5885929526074186,0.7672115098443614,0.832950173669371,0.8330593145954855,0.9021516476230393,1.0858102734950323,1.1589623410556524,1.2636905890652181,4.128818021353043,5285.834689,30984,7784806,,,,,ok,,,/mnt/ssd1/29d_kon/acm_2026/outputs/coordinator/rc3_full_metrics_20260611_004003/meshmamba/non_texture/baseline_cone/Stone_Chess_Bishop_Side_A_v2_L1/recenter_rotx90p0_horizontaltovertical_blender_rig/Stone_Chess_Bishop_Side_A_v2_L1_report.json,/mnt/ssd1/29d_kon/acm_2026/outputs/coordinator/rc3_full_metrics_20260611_004003/meshmamba/_logs/non_texture/cone/Stone_Chess_Bishop_Side_A_v2_L1.log,Stone_Chess_Bishop_V2_l1.csv,32868,,,52465,450,horizontal_to_vertical,json_camera_static.fov_degrees,60.000001669652114,35.98339890412515,0.6829951772019468,0.7063207009452415,0.33590933270648304,0.020095812517958597,0.09553922089611246,0.6685177789795471,0.8270447037756217,0.9166313999130354,0.9523176518873435,0.9453847340170987,1.7053769444691969,2.2002988733710325,1.9864619072258425,22414335.33126723,5285.834689,,,0.9489564471552464,49787,52465,32819
non_texture,Stone_Chess_Knight_Side_A_v2_L1,ok,,,/mnt/ssd1/29d_kon/acm_2026/outputs/coordinator/rc3_full_metrics_20260611_004003/meshmamba/non_texture/baseline_screen_space/Stone_Chess_Knight_Side_A_v2_L1/sigma0p05_recenter_rotx90p0_horizontaltovertical_blender_rig/Stone_Chess_Knight_Side_A_v2_L1_report.json,/mnt/ssd1/29d_kon/acm_2026/outputs/coordinator/rc3_full_metrics_20260611_004003/meshmamba/_logs/non_texture/screen_space/Stone_Chess_Knight_Side_A_v2_L1.log,Stone_Chess_Knight_Side_A_v2_l1.csv,32868,,,53964,450,horizontal_to_vertical,json_camera_static.fov_degrees,60.000001669652114,35.98339890412515,0.2729639136376718,0.6367973304867256,1.08894431919057,0.05259583648631463,0.18814582039670283,0.2943930935848673,0.7261582778807791,0.681645438856109,0.7293504497445037,0.8110493267326344,0.5416114091404324,0.6993016667617592,1.0465118687934774,3.4979019904163504,5938.732939,31265,7775557,,,,,ok,,,/mnt/ssd1/29d_kon/acm_2026/outputs/coordinator/rc3_full_metrics_20260611_004003/meshmamba/non_texture/baseline_cone/Stone_Chess_Knight_Side_A_v2_L1/recenter_rotx90p0_horizontaltovertical_blender_rig/Stone_Chess_Knight_Side_A_v2_L1_report.json,/mnt/ssd1/29d_kon/acm_2026/outputs/coordinator/rc3_full_metrics_20260611_004003/meshmamba/_logs/non_texture/cone/Stone_Chess_Knight_Side_A_v2_L1.log,Stone_Chess_Knight_Side_A_v2_l1.csv,32868,,,53964,450,horizontal_to_vertical,json_camera_static.fov_degrees,60.000001669652114,35.98339890412515,0.3263974218353239,0.6218269415852586,0.6408736352022855,0.03962203661860675,0.14790729385695414,0.36530203771753866,0.7070659517216255,0.7166874345327301,0.7683514143621507,0.7932832716709086,0.580250009934951,0.8089553846032691,0.8979670984344934,12644271.48344603,5938.732939,,,0.9022496479134238,48689,53964,32868
non_texture,TomatoBeefSteak_V1_L3,ok,,,/mnt/ssd1/29d_kon/acm_2026/outputs/coordinator/rc3_full_metrics_20260611_004003/meshmamba/non_texture/baseline_screen_space/TomatoBeefSteak_V1_L3/sigma0p05_recenter_rotx90p0_horizontaltovertical_blender_rig/TomatoBeefSteak_V1_L3_report.json,/mnt/ssd1/29d_kon/acm_2026/outputs/coordinator/rc3_full_metrics_20260611_004003/meshmamba/_logs/non_texture/screen_space/TomatoBeefSteak_V1_L3.log,TomatoBeefSteak_v1.csv,32868,,,52465,450,horizontal_to_vertical,json_camera_static.fov_degrees,60.000001669652114,35.98339890412515,0.4750850451306366,0.6072286082325915,2.127013693410642,0.07734503755605383,0.20144699882198855,0.44792412977167073,0.7228699490630467,0.6915211034817312,0.6495329369509885,0.6872100918691819,0.5443549658907213,0.39664579238051334,0.6182007246206281,3.5908667566579044,7835.041499,28246,7793938,,,,,ok,,,/mnt/ssd1/29d_kon/acm_2026/outputs/coordinator/rc3_full_metrics_20260611_004003/meshmamba/non_texture/baseline_cone/TomatoBeefSteak_V1_L3/recenter_rotx90p0_horizontaltovertical_blender_rig/TomatoBeefSteak_V1_L3_report.json,/mnt/ssd1/29d_kon/acm_2026/outputs/coordinator/rc3_full_metrics_20260611_004003/meshmamba/_logs/non_texture/cone/TomatoBeefSteak_V1_L3.log,TomatoBeefSteak_v1.csv,32868,,,52465,450,horizontal_to_vertical,json_camera_static.fov_degrees,60.000001669652114,35.98339890412515,0.5400783741905172,0.6335035620716258,1.6252926251856397,0.058993922587838386,0.16097756072458072,0.5746876316668704,0.7360172002553347,0.7331791829351484,0.6783016705909048,0.726698968952945,0.5155540527768838,0.28641232180797804,0.5373843309925267,12840615.788896702,7835.041499,,,0.9359382445439817,49104,52465,28702
non_texture,Tricorn_Hat_v1_L2,ok,,,/mnt/ssd1/29d_kon/acm_2026/outputs/coordinator/rc3_full_metrics_20260611_004003/meshmamba/non_texture/baseline_screen_space/Tricorn_Hat_v1_L2/sigma0p05_recenter_rotx90p0_horizontaltovertical_blender_rig/Tricorn_Hat_v1_L2_report.json,/mnt/ssd1/29d_kon/acm_2026/outputs/coordinator/rc3_full_metrics_20260611_004003/meshmamba/_logs/non_texture/screen_space/Tricorn_Hat_v1_L2.log,Tricorn_Hat_v1_l2.csv,32868,,,52465,450,horizontal_to_vertical,json_camera_static.fov_degrees,60.000001669652114,35.98339890412515,0.013130661227494136,0.5701832404063103,3.3761692539604624,0.1108337739446354,0.26644728460381706,-0.03362207523453801,0.6309390205937419,0.5203811787812598,0.5399791312503389,0.5488319324269376,0.12402343408062629,0.21252074905910662,0.17799173538599522,2.9526577726384566,8102.453899,28682,7433994,,,,,ok,,,/mnt/ssd1/29d_kon/acm_2026/outputs/coordinator/rc3_full_metrics_20260611_004003/meshmamba/non_texture/baseline_cone/Tricorn_Hat_v1_L2/recenter_rotx90p0_horizontaltovertical_blender_rig/Tricorn_Hat_v1_L2_report.json,/mnt/ssd1/29d_kon/acm_2026/outputs/coordinator/rc3_full_metrics_20260611_004003/meshmamba/_logs/non_texture/cone/Tricorn_Hat_v1_L2.log,Tricorn_Hat_v1_l2.csv,32868,,,52465,450,horizontal_to_vertical,json_camera_static.fov_degrees,60.000001669652114,35.98339890412515,-0.06179789491486819,0.5705901689434196,0.6234166645150284,0.06864861361052678,0.20030892525507812,-0.06491441730740576,0.6074015114471905,0.4971826621333654,0.5455369232164664,0.5117747410145468,-0.02893659164305038,0.053391392599164395,0.08659607432724696,7527686.466314701,8102.453899,,,0.9433336510054322,49492,52465,32868
non_texture,UFO_v1_L2,ok,,,/mnt/ssd1/29d_kon/acm_2026/outputs/coordinator/rc3_full_metrics_20260611_004003/meshmamba/non_texture/baseline_screen_space/UFO_v1_L2/sigma0p05_recenter_rotx90p0_horizontaltovertical_blender_rig/UFO_v1_L2_report.json,/mnt/ssd1/29d_kon/acm_2026/outputs/coordinator/rc3_full_metrics_20260611_004003/meshmamba/_logs/non_texture/screen_space/UFO_v1_L2.log,UFO_V1_l2.csv,32868,,,52465,450,horizontal_to_vertical,json_camera_static.fov_degrees,60.000001669652114,35.98339890412515,-0.05606115895234488,0.45742742771281886,5.458053699788916,0.13181815889667947,0.27976811682662195,-0.08647705615753234,0.49273503323526374,0.5457106081760705,0.5341212355833339,0.5058052385302239,0.08640260698140897,0.04592661125516712,-0.035041562159463975,3.3319831706507945,5251.1876010000005,22258,8155097,,,,,ok,,,/mnt/ssd1/29d_kon/acm_2026/outputs/coordinator/rc3_full_metrics_20260611_004003/meshmamba/non_texture/baseline_cone/UFO_v1_L2/recenter_rotx90p0_horizontaltovertical_blender_rig/UFO_v1_L2_report.json,/mnt/ssd1/29d_kon/acm_2026/outputs/coordinator/rc3_full_metrics_20260611_004003/meshmamba/_logs/non_texture/cone/UFO_v1_L2.log,UFO_V1_l2.csv,32868,,,52465,450,horizontal_to_vertical,json_camera_static.fov_degrees,60.000001669652114,35.98339890412515,0.26163131592626976,0.5838447600923695,1.389141633599533,0.07648189616898456,0.21391639519832428,0.15427480999624338,0.6565145568789169,0.7994175048864968,0.7366608726489636,0.6440562183457943,1.06847220683137,0.8495691424942813,0.2650404398745173,14294086.183330096,5251.1876010000005,,,0.8924425807681311,46822,52465,31176
non_texture,Volto_Mask_v1_L2,ok,,,/mnt/ssd1/29d_kon/acm_2026/outputs/coordinator/rc3_full_metrics_20260611_004003/meshmamba/non_texture/baseline_screen_space/Volto_Mask_v1_L2/sigma0p05_recenter_rotx90p0_horizontaltovertical_blender_rig/Volto_Mask_v1_L2_report.json,/mnt/ssd1/29d_kon/acm_2026/outputs/coordinator/rc3_full_metrics_20260611_004003/meshmamba/_logs/non_texture/screen_space/Volto_Mask_v1_L2.log,Volto_Mask_L2.csv,32868,,,53964,450,horizontal_to_vertical,json_camera_static.fov_degrees,60.000001669652114,35.98339890412515,0.15640043548029897,0.6634664922234468,0.9435811951734967,0.03935603549381225,0.1574001435855657,0.07294521355300063,0.7415358228377469,0.5503368633614764,0.5818969557854617,0.6254663681113644,0.3221230732504421,0.574057955867182,1.2131127917951439,3.469751473020212,6551.343242999999,32254,7429838,,,,,ok,,,/mnt/ssd1/29d_kon/acm_2026/outputs/coordinator/rc3_full_metrics_20260611_004003/meshmamba/non_texture/baseline_cone/Volto_Mask_v1_L2/recenter_rotx90p0_horizontaltovertical_blender_rig/Volto_Mask_v1_L2_report.json,/mnt/ssd1/29d_kon/acm_2026/outputs/coordinator/rc3_full_metrics_20260611_004003/meshmamba/_logs/non_texture/cone/Volto_Mask_v1_L2.log,Volto_Mask_L2.csv,32868,,,53964,450,horizontal_to_vertical,json_camera_static.fov_degrees,60.000001669652114,35.98339890412515,0.3059420150133151,0.6003069623691227,0.6003950536791753,0.035574534825888425,0.14331385394667773,0.107421847435982,0.6856835802859477,0.6161772638183307,0.7005757939023759,0.8168957129863617,0.6711351749705851,1.040832084617821,1.3484560246700048,16881870.094361678,6551.343242999999,,,0.8783633533466756,47400,53964,32868
non_texture,WWII_Plane-Germany_Focke-Wulf_Fw_190_v1,ok,,,/mnt/ssd1/29d_kon/acm_2026/outputs/coordinator/rc3_full_metrics_20260611_004003/meshmamba/non_texture/baseline_screen_space/WWII_Plane-Germany_Focke-Wulf_Fw_190_v1/sigma0p05_recenter_rotx90p0_horizontaltovertical_blender_rig/WWII_Plane-Germany_Focke-Wulf_Fw_190_v1_report.json,/mnt/ssd1/29d_kon/acm_2026/outputs/coordinator/rc3_full_metrics_20260611_004003/meshmamba/_logs/non_texture/screen_space/WWII_Plane-Germany_Focke-Wulf_Fw_190_v1.log,WWII_Plane-Germany_Focke-Wulf_FW_190_v1_l3.csv,32868,,,52465,450,horizontal_to_vertical,json_camera_static.fov_degrees,60.000001669652114,35.98339890412515,0.0923342326966338,0.5420423928640308,3.3115223855890927,0.1256961355493532,0.2846672631172057,0.15001569297386386,0.5992422418558342,0.5362044597602444,0.5388278473480691,0.5699680374198611,0.06580578281678066,0.06166598928684581,0.1423380680814435,4.144590061782907,6027.774467,25766,7781313,,,,,ok,,,/mnt/ssd1/29d_kon/acm_2026/outputs/coordinator/rc3_full_metrics_20260611_004003/meshmamba/non_texture/baseline_cone/WWII_Plane-Germany_Focke-Wulf_Fw_190_v1/recenter_rotx90p0_horizontaltovertical_blender_rig/WWII_Plane-Germany_Focke-Wulf_Fw_190_v1_report.json,/mnt/ssd1/29d_kon/acm_2026/outputs/coordinator/rc3_full_metrics_20260611_004003/meshmamba/_logs/non_texture/cone/WWII_Plane-Germany_Focke-Wulf_Fw_190_v1.log,WWII_Plane-Germany_Focke-Wulf_FW_190_v1_l3.csv,32868,,,52465,450,horizontal_to_vertical,json_camera_static.fov_degrees,60.000001669652114,35.98339890412515,0.5587364098882232,0.6713550849757277,0.3912598886343964,0.05767240400168151,0.19050218568247418,0.4565158497897526,0.7987647255539595,0.8637503413564436,0.9141876795751974,0.9435896470646261,1.389161485809064,1.7347609098841537,1.9293853436466692,23516103.32920257,6027.774467,,,0.7666063089678834,40220,52465,32868
non_texture,Watermelon_V1_L3,ok,,,/mnt/ssd1/29d_kon/acm_2026/outputs/coordinator/rc3_full_metrics_20260611_004003/meshmamba/non_texture/baseline_screen_space/Watermelon_V1_L3/sigma0p05_recenter_rotx90p0_horizontaltovertical_blender_rig/Watermelon_V1_L3_report.json,/mnt/ssd1/29d_kon/acm_2026/outputs/coordinator/rc3_full_metrics_20260611_004003/meshmamba/_logs/non_texture/screen_space/Watermelon_V1_L3.log,Watermelon_v1-L3.csv,32868,,,52465,450,horizontal_to_vertical,json_camera_static.fov_degrees,60.000001669652114,35.98339890412515,0.7794792396870887,0.4394019681419926,1.154989635620992,0.04606610159859597,0.1601481846327876,0.4261829970024456,0.7793781477815735,0.9604734760810573,0.9349440242797823,0.8836271386657732,1.9649244917651936,2.004167425879702,1.4015817276085893,1.7327274854372856,4276.270909,29066,8772085,,,,,ok,,,/mnt/ssd1/29d_kon/acm_2026/outputs/coordinator/rc3_full_metrics_20260611_004003/meshmamba/non_texture/baseline_cone/Watermelon_V1_L3/recenter_rotx90p0_horizontaltovertical_blender_rig/Watermelon_V1_L3_report.json,/mnt/ssd1/29d_kon/acm_2026/outputs/coordinator/rc3_full_metrics_20260611_004003/meshmamba/_logs/non_texture/cone/Watermelon_V1_L3.log,Watermelon_v1-L3.csv,32868,,,52465,450,horizontal_to_vertical,json_camera_static.fov_degrees,60.000001669652114,35.98339890412515,0.9875597909271877,0.8495603093554386,0.4282574202512839,0.0033469783878039253,0.036458852840826124,0.4651319252824581,0.9882146558952076,0.998946075235332,0.9848468183436162,0.966814057407473,2.741342354095031,2.8379329785569025,2.851438048511654,15578206.189978357,4276.270909,,,0.9129705517964357,47899,52465,29062
non_texture,Whale_v4_L3,ok,,,/mnt/ssd1/29d_kon/acm_2026/outputs/coordinator/rc3_full_metrics_20260611_004003/meshmamba/non_texture/baseline_screen_space/Whale_v4_L3/sigma0p05_recenter_rotx90p0_horizontaltovertical_blender_rig/Whale_v4_L3_report.json,/mnt/ssd1/29d_kon/acm_2026/outputs/coordinator/rc3_full_metrics_20260611_004003/meshmamba/_logs/non_texture/screen_space/Whale_v4_L3.log,Whale_v2_L3.csv,32868,,,53964,450,horizontal_to_vertical,json_camera_static.fov_degrees,60.000001669652114,35.98339890412515,-0.023273886752199213,0.6851142588324279,2.0532874933467506,0.08089009701495732,0.23326848066302103,-0.044036172123670864,0.7731784252003466,0.4859301259893439,0.4915020391856536,0.6182667775522308,-0.032187025351163245,-0.03918100409782797,0.3548568718825067,3.96809140881443,11989.325719,28958,7812603,,,,,ok,,,/mnt/ssd1/29d_kon/acm_2026/outputs/coordinator/rc3_full_metrics_20260611_004003/meshmamba/non_texture/baseline_cone/Whale_v4_L3/recenter_rotx90p0_horizontaltovertical_blender_rig/Whale_v4_L3_report.json,/mnt/ssd1/29d_kon/acm_2026/outputs/coordinator/rc3_full_metrics_20260611_004003/meshmamba/_logs/non_texture/cone/Whale_v4_L3.log,Whale_v2_L3.csv,32868,,,53964,450,horizontal_to_vertical,json_camera_static.fov_degrees,60.000001669652114,35.98339890412515,0.23682228151342444,0.6884499957142665,0.43353581215331094,0.0650014577925433,0.21235408368769151,0.24316816720900558,0.7898126820261587,0.65612557464822,0.6440176913323271,0.5343039836881269,0.39500309179286347,0.3463682598668768,-0.07668916215316982,19419900.8485551,11989.325719,,,0.7871173374842487,42476,53964,32868
non_texture,White-TailedDeer_V1_L2,ok,,,/mnt/ssd1/29d_kon/acm_2026/outputs/coordinator/rc3_full_metrics_20260611_004003/meshmamba/non_texture/baseline_screen_space/White-TailedDeer_V1_L2/sigma0p05_recenter_rotx90p0_horizontaltovertical_blender_rig/White-TailedDeer_V1_L2_report.json,/mnt/ssd1/29d_kon/acm_2026/outputs/coordinator/rc3_full_metrics_20260611_004003/meshmamba/_logs/non_texture/screen_space/White-TailedDeer_V1_L2.log,White-Tailed_Deer_v1_l2.csv,32868,,,52465,450,horizontal_to_vertical,json_camera_static.fov_degrees,60.000001669652114,35.98339890412515,-0.18130327548150807,0.4510903719213817,2.5148408414475067,0.0785136319406578,0.21327128831897432,-0.24624184805721427,0.43156218390875034,0.29909957187571795,0.17151117418256467,0.2168142675831322,-0.4438662946564431,-0.8370817751083923,-0.7692248616734991,2.6854314293293067,5455.065788,30622,7905606,,,,,ok,,,/mnt/ssd1/29d_kon/acm_2026/outputs/coordinator/rc3_full_metrics_20260611_004003/meshmamba/non_texture/baseline_cone/White-TailedDeer_V1_L2/recenter_rotx90p0_horizontaltovertical_blender_rig/White-TailedDeer_V1_L2_report.json,/mnt/ssd1/29d_kon/acm_2026/outputs/coordinator/rc3_full_metrics_20260611_004003/meshmamba/_logs/non_texture/cone/White-TailedDeer_V1_L2.log,White-Tailed_Deer_v1_l2.csv,32868,,,52465,450,horizontal_to_vertical,json_camera_static.fov_degrees,60.000001669652114,35.98339890412515,0.06935837435480553,0.4769918201999025,0.8807104889428369,0.06120142911659241,0.15822056908335694,0.361078968189239,0.44386347152771766,0.6967633188435992,0.7030387287089038,0.7452417398397115,0.012320263156540842,-0.16034006834160572,-0.08092773659883191,17921194.807144985,5455.065788,,,0.7958067282950538,41752,52465,32868
non_texture,Wicker_Basket_v1_L3,ok,,,/mnt/ssd1/29d_kon/acm_2026/outputs/coordinator/rc3_full_metrics_20260611_004003/meshmamba/non_texture/baseline_screen_space/Wicker_Basket_v1_L3/sigma0p05_recenter_rotx90p0_horizontaltovertical_blender_rig/Wicker_Basket_v1_L3_report.json,/mnt/ssd1/29d_kon/acm_2026/outputs/coordinator/rc3_full_metrics_20260611_004003/meshmamba/_logs/non_texture/screen_space/Wicker_Basket_v1_L3.log,Wicker_Basket_v1_L3.csv,32868,,,52465,450,horizontal_to_vertical,json_camera_static.fov_degrees,60.000001669652114,35.98339890412515,0.1826211786584939,0.6152010013171634,1.1549308460737853,0.05425025400567376,0.18710988740117798,0.061811460021232924,0.7023212646028784,0.6710294063789024,0.7154944641435591,0.9106838919786786,0.5677300612663597,0.8007218097447312,1.8595321473425144,2.5310957112397983,6716.343569000001,31357,7473077,,,,,ok,,,/mnt/ssd1/29d_kon/acm_2026/outputs/coordinator/rc3_full_metrics_20260611_004003/meshmamba/non_texture/baseline_cone/Wicker_Basket_v1_L3/recenter_rotx90p0_horizontaltovertical_blender_rig/Wicker_Basket_v1_L3_report.json,/mnt/ssd1/29d_kon/acm_2026/outputs/coordinator/rc3_full_metrics_20260611_004003/meshmamba/_logs/non_texture/cone/Wicker_Basket_v1_L3.log,Wicker_Basket_v1_L3.csv,32868,,,52465,450,horizontal_to_vertical,json_camera_static.fov_degrees,60.000001669652114,35.98339890412515,0.25890347551690746,0.6373230598355146,0.42157709126707005,0.07973329419804903,0.2197026984043518,0.17255272030859314,0.7291103788174068,0.7324466416648704,0.7555230964327772,0.8696306074048527,0.7440940933769916,0.871107644679764,1.3531976590565122,10227962.325844655,6716.343569000001,,,0.8521109310969217,44706,52465,32868
non_texture,ball_car_v1_L3,ok,,,/mnt/ssd1/29d_kon/acm_2026/outputs/coordinator/rc3_full_metrics_20260611_004003/meshmamba/non_texture/baseline_screen_space/ball_car_v1_L3/sigma0p05_recenter_rotx90p0_horizontaltovertical_blender_rig/ball_car_v1_L3_report.json,/mnt/ssd1/29d_kon/acm_2026/outputs/coordinator/rc3_full_metrics_20260611_004003/meshmamba/_logs/non_texture/screen_space/ball_car_v1_L3.log,ball_car_v1_L3.csv,32868,,,53964,450,horizontal_to_vertical,json_camera_static.fov_degrees,60.000001669652114,35.98339890412515,0.06282807286326031,0.6015390498755704,3.3947859383955015,0.18669787966595652,0.35490325560706304,0.1065741986085388,0.6466275250352252,0.5572680621683969,0.515729729470686,0.3631166098460664,0.1469527523148307,-0.041817010056627926,-0.7222364560482093,1.0347820198121376,4009.4820019999997,28134,9124007,,,,,ok,,,/mnt/ssd1/29d_kon/acm_2026/outputs/coordinator/rc3_full_metrics_20260611_004003/meshmamba/non_texture/baseline_cone/ball_car_v1_L3/recenter_rotx90p0_horizontaltovertical_blender_rig/ball_car_v1_L3_report.json,/mnt/ssd1/29d_kon/acm_2026/outputs/coordinator/rc3_full_metrics_20260611_004003/meshmamba/_logs/non_texture/cone/ball_car_v1_L3.log,ball_car_v1_L3.csv,32868,,,53964,450,horizontal_to_vertical,json_camera_static.fov_degrees,60.000001669652114,35.98339890412515,0.05266973196466697,0.534182762632166,3.3469494778602407,0.053448911948371605,0.16513949169330508,0.07292948695934262,0.5694313054759533,0.5248300863082681,0.47512002005132997,0.3400645435437727,0.12425195156177625,-0.012774495017244765,-0.5272678444604056,3066787.7420491874,4009.4820019999997,,,0.9045845378400416,48815,53964,29220
non_texture,barbiegirl_V1_L3,ok,,,/mnt/ssd1/29d_kon/acm_2026/outputs/coordinator/rc3_full_metrics_20260611_004003/meshmamba/non_texture/baseline_screen_space/barbiegirl_V1_L3/sigma0p05_recenter_rotx90p0_horizontaltovertical_blender_rig/barbiegirl_V1_L3_report.json,/mnt/ssd1/29d_kon/acm_2026/outputs/coordinator/rc3_full_metrics_20260611_004003/meshmamba/_logs/non_texture/screen_space/barbiegirl_V1_L3.log,barbiedoll_v1_L3.csv,32868,,,53964,450,horizontal_to_vertical,json_camera_static.fov_degrees,60.000001669652114,35.98339890412515,0.3881691369818002,0.6586055243871078,0.7738472829597165,0.0633147609832538,0.21516493224680905,0.46502935462983014,0.7910820365122797,0.6068187500657573,0.6034985292678351,0.5626804533180711,0.2947647258824463,0.26886144309377513,0.10064412923161711,4.787260027854025,9336.035564,31252,7797406,,,,,ok,,,/mnt/ssd1/29d_kon/acm_2026/outputs/coordinator/rc3_full_metrics_20260611_004003/meshmamba/non_texture/baseline_cone/barbiegirl_V1_L3/recenter_rotx90p0_horizontaltovertical_blender_rig/barbiegirl_V1_L3_report.json,/mnt/ssd1/29d_kon/acm_2026/outputs/coordinator/rc3_full_metrics_20260611_004003/meshmamba/_logs/non_texture/cone/barbiegirl_V1_L3.log,barbiedoll_v1_L3.csv,32868,,,53964,450,horizontal_to_vertical,json_camera_static.fov_degrees,60.000001669652114,35.98339890412515,0.8398247081467164,0.8045878898764585,0.16754020580301815,0.018775919249229552,0.11155262864519588,0.8010610255231887,0.9330180993692507,0.9589569911050646,0.9532921853269023,0.940813320017849,1.8716163462051687,2.0856798157582164,2.184798028197005,46832377.766581185,9336.035564,,,0.8295345044844711,44765,53964,32868
non_texture,cathedral_wood_radio_v2_L1,ok,,,/mnt/ssd1/29d_kon/acm_2026/outputs/coordinator/rc3_full_metrics_20260611_004003/meshmamba/non_texture/baseline_screen_space/cathedral_wood_radio_v2_L1/sigma0p05_recenter_rotx90p0_horizontaltovertical_blender_rig/cathedral_wood_radio_v2_L1_report.json,/mnt/ssd1/29d_kon/acm_2026/outputs/coordinator/rc3_full_metrics_20260611_004003/meshmamba/_logs/non_texture/screen_space/cathedral_wood_radio_v2_L1.log,cathedral_wood_radio_v2_NEW.csv,32868,,,52465,450,horizontal_to_vertical,json_camera_static.fov_degrees,60.000001669652114,35.98339890412515,0.1007453652061769,0.4189328593140304,2.599808019951535,0.07349043551844336,0.2015191595935344,-0.008964055178406613,0.4603981367786674,0.5744877751936803,0.7333763394307081,0.7146145224281248,0.2629782813131144,0.8224175593638554,0.7847321086449256,2.136362714141219,3491.4566969999996,29927,7653531,,,,,ok,,,/mnt/ssd1/29d_kon/acm_2026/outputs/coordinator/rc3_full_metrics_20260611_004003/meshmamba/non_texture/baseline_cone/cathedral_wood_radio_v2_L1/recenter_rotx90p0_horizontaltovertical_blender_rig/cathedral_wood_radio_v2_L1_report.json,/mnt/ssd1/29d_kon/acm_2026/outputs/coordinator/rc3_full_metrics_20260611_004003/meshmamba/_logs/non_texture/cone/cathedral_wood_radio_v2_L1.log,cathedral_wood_radio_v2_NEW.csv,32868,,,52465,450,horizontal_to_vertical,json_camera_static.fov_degrees,60.000001669652114,35.98339890412515,0.005573466533465503,0.3343910791462511,1.3089030266739679,0.07983383846979539,0.18366592735440204,-0.02527349724111301,0.3414238061285196,0.652374189325331,0.7851835306050059,0.8460457691593094,0.11439200831627597,0.42093542712852705,0.82044888373753,7023128.895585182,3491.4566969999996,,,0.9493376536738778,49807,52465,32633
non_texture,doll_v3_L3,ok,,,/mnt/ssd1/29d_kon/acm_2026/outputs/coordinator/rc3_full_metrics_20260611_004003/meshmamba/non_texture/baseline_screen_space/doll_v3_L3/sigma0p05_recenter_rotx90p0_horizontaltovertical_blender_rig/doll_v3_L3_report.json,/mnt/ssd1/29d_kon/acm_2026/outputs/coordinator/rc3_full_metrics_20260611_004003/meshmamba/_logs/non_texture/screen_space/doll_v3_L3.log,doll_v3_L3.csv,32868,,,52465,450,horizontal_to_vertical,json_camera_static.fov_degrees,60.000001669652114,35.98339890412515,0.3615847521269563,0.6073275763370615,1.4527504734647967,0.05539212554510741,0.1870634870763539,0.29344003577997135,0.7162386781387572,0.7198362553718656,0.7627855670321599,0.7367482145110693,0.8164396985355664,1.0489439142205945,1.0131429590354555,4.107214542929354,6910.455910000001,30101,7843819,,,,,ok,,,/mnt/ssd1/29d_kon/acm_2026/outputs/coordinator/rc3_full_metrics_20260611_004003/meshmamba/non_texture/baseline_cone/doll_v3_L3/recenter_rotx90p0_horizontaltovertical_blender_rig/doll_v3_L3_report.json,/mnt/ssd1/29d_kon/acm_2026/outputs/coordinator/rc3_full_metrics_20260611_004003/meshmamba/_logs/non_texture/cone/doll_v3_L3.log,doll_v3_L3.csv,32868,,,52465,450,horizontal_to_vertical,json_camera_static.fov_degrees,60.000001669652114,35.98339890412515,0.13942352094627183,0.5408044838622661,0.8007063940496092,0.06838955286243138,0.18981149558804078,0.22727224594748524,0.5870817848880369,0.6380404175971702,0.6681325188590972,0.7107609283636349,0.19354640617365454,0.29845019110030147,0.44967527000307006,14654904.954841224,6910.455910000001,,,0.940703326026875,49354,52465,32866
non_texture,dolphin_v1_L3,ok,,,/mnt/ssd1/29d_kon/acm_2026/outputs/coordinator/rc3_full_metrics_20260611_004003/meshmamba/non_texture/baseline_screen_space/dolphin_v1_L3/sigma0p05_recenter_rotx90p0_horizontaltovertical_blender_rig/dolphin_v1_L3_report.json,/mnt/ssd1/29d_kon/acm_2026/outputs/coordinator/rc3_full_metrics_20260611_004003/meshmamba/_logs/non_texture/screen_space/dolphin_v1_L3.log,dolphin_v2_max2011_it2.csv,32868,,,52465,450,horizontal_to_vertical,json_camera_static.fov_degrees,60.000001669652114,35.98339890412515,0.15749392901723125,0.7070203518941589,0.6173447034737093,0.038653425736942255,0.15526619429275193,0.08405375876146225,0.7885297021955547,0.6597760577514076,0.7186785439548965,0.7597915935527823,0.5188248887463626,0.8001860365958946,1.1244193631416095,2.7230562622234054,7671.756404,32198,7835647,,,,,ok,,,/mnt/ssd1/29d_kon/acm_2026/outputs/coordinator/rc3_full_metrics_20260611_004003/meshmamba/non_texture/baseline_cone/dolphin_v1_L3/recenter_rotx90p0_horizontaltovertical_blender_rig/dolphin_v1_L3_report.json,/mnt/ssd1/29d_kon/acm_2026/outputs/coordinator/rc3_full_metrics_20260611_004003/meshmamba/_logs/non_texture/cone/dolphin_v1_L3.log,dolphin_v2_max2011_it2.csv,32868,,,52465,450,horizontal_to_vertical,json_camera_static.fov_degrees,60.000001669652114,35.98339890412515,0.30306306677981165,0.6358824700063106,0.5192943808294308,0.03718749678754817,0.14548795927557534,0.19746399127724365,0.7149664476300244,0.6722519574603812,0.7128506683984432,0.7223839225522312,0.7289617326747035,1.1272175168180403,1.1029710979972727,10423518.345397733,7671.756404,,,0.8381397121890785,43973,52465,32868
non_texture,egypt_sphinx_V2_L3,ok,,,/mnt/ssd1/29d_kon/acm_2026/outputs/coordinator/rc3_full_metrics_20260611_004003/meshmamba/non_texture/baseline_screen_space/egypt_sphinx_V2_L3/sigma0p05_recenter_rotx90p0_horizontaltovertical_blender_rig/egypt_sphinx_V2_L3_report.json,/mnt/ssd1/29d_kon/acm_2026/outputs/coordinator/rc3_full_metrics_20260611_004003/meshmamba/_logs/non_texture/screen_space/egypt_sphinx_V2_L3.log,egypt_sphinx_iterations-2.csv,32868,,,52465,450,horizontal_to_vertical,json_camera_static.fov_degrees,60.000001669652114,35.98339890412515,0.24690026049036035,0.584881686531751,2.4589704379151276,0.08041432319404944,0.22881928616126493,0.22450449635466657,0.6877965030488999,0.7754939341577998,0.7526657507513403,0.89205550954006,0.770512804020318,0.7453738370144171,1.2333783189163707,4.322279485656776,8242.521893,27483,7775162,,,,,ok,,,/mnt/ssd1/29d_kon/acm_2026/outputs/coordinator/rc3_full_metrics_20260611_004003/meshmamba/non_texture/baseline_cone/egypt_sphinx_V2_L3/recenter_rotx90p0_horizontaltovertical_blender_rig/egypt_sphinx_V2_L3_report.json,/mnt/ssd1/29d_kon/acm_2026/outputs/coordinator/rc3_full_metrics_20260611_004003/meshmamba/_logs/non_texture/cone/egypt_sphinx_V2_L3.log,egypt_sphinx_iterations-2.csv,32868,,,52465,450,horizontal_to_vertical,json_camera_static.fov_degrees,60.000001669652114,35.98339890412515,0.7684784602467887,0.7042915136832255,0.44038792560495477,0.029589223294324743,0.12869692775220792,0.31916577766353793,0.8696200461124716,0.9750490439193288,0.954163762060253,0.9658570575725309,2.253927803971949,2.2091803979746563,2.691624412875029,27605665.8687924,8242.521893,,,0.8563042028018679,44926,52465,32868
non_texture,football_v2_L3,ok,,,/mnt/ssd1/29d_kon/acm_2026/outputs/coordinator/rc3_full_metrics_20260611_004003/meshmamba/non_texture/baseline_screen_space/football_v2_L3/sigma0p05_recenter_rotx90p0_horizontaltovertical_blender_rig/football_v2_L3_report.json,/mnt/ssd1/29d_kon/acm_2026/outputs/coordinator/rc3_full_metrics_20260611_004003/meshmamba/_logs/non_texture/screen_space/football_v2_L3.log,football_v2_L3.csv,32868,,,52465,450,horizontal_to_vertical,json_camera_static.fov_degrees,60.000001669652114,35.98339890412515,0.041176757102888095,0.6236625796676557,2.299857672311034,0.1652450261759402,0.3449051374554664,0.03705663037004552,0.6794638936780757,0.5394847015892701,0.53419201953641,0.3667799248804171,0.12703297806927885,0.11502715277126285,-0.40572258450650767,1.6693516131689092,5217.903039,29105,8680759,,,,,ok,,,/mnt/ssd1/29d_kon/acm_2026/outputs/coordinator/rc3_full_metrics_20260611_004003/meshmamba/non_texture/baseline_cone/football_v2_L3/recenter_rotx90p0_horizontaltovertical_blender_rig/football_v2_L3_report.json,/mnt/ssd1/29d_kon/acm_2026/outputs/coordinator/rc3_full_metrics_20260611_004003/meshmamba/_logs/non_texture/cone/football_v2_L3.log,football_v2_L3.csv,32868,,,52465,450,horizontal_to_vertical,json_camera_static.fov_degrees,60.000001669652114,35.98339890412515,0.046418724690691894,0.559569003047271,2.3355657912010797,0.052671701159029895,0.17030955196814218,0.03934589628850681,0.5986813851486855,0.5503797861434482,0.5532440460049135,0.4418917079724112,0.2002666636470832,0.2096373286360305,-0.16972985790757375,5044692.729124926,5217.903039,,,0.8961021633469932,47014,52465,30229
non_texture,modern_tabletop_radio_v1_L1,ok,,,/mnt/ssd1/29d_kon/acm_2026/outputs/coordinator/rc3_full_metrics_20260611_004003/meshmamba/non_texture/baseline_screen_space/modern_tabletop_radio_v1_L1/sigma0p05_recenter_rotx90p0_horizontaltovertical_blender_rig/modern_tabletop_radio_v1_L1_report.json,/mnt/ssd1/29d_kon/acm_2026/outputs/coordinator/rc3_full_metrics_20260611_004003/meshmamba/_logs/non_texture/screen_space/modern_tabletop_radio_v1_L1.log,modern_tabletop_radio_v1_NEW.csv,32868,,,52465,450,horizontal_to_vertical,json_camera_static.fov_degrees,60.000001669652114,35.98339890412515,-0.1289863438581568,0.4890738910406749,3.3427024833833685,0.08884946674578166,0.23443546468839996,-0.05334964398932485,0.47532794239631754,0.3725565369453154,0.31123831767690086,0.2839123797293143,-0.35569506876496826,-0.5617543578812999,-0.738503072329762,2.272213380977682,4738.269517,29132,7642948,,,,,ok,,,/mnt/ssd1/29d_kon/acm_2026/outputs/coordinator/rc3_full_metrics_20260611_004003/meshmamba/non_texture/baseline_cone/modern_tabletop_radio_v1_L1/recenter_rotx90p0_horizontaltovertical_blender_rig/modern_tabletop_radio_v1_L1_report.json,/mnt/ssd1/29d_kon/acm_2026/outputs/coordinator/rc3_full_metrics_20260611_004003/meshmamba/_logs/non_texture/cone/modern_tabletop_radio_v1_L1.log,modern_tabletop_radio_v1_NEW.csv,32868,,,52465,450,horizontal_to_vertical,json_camera_static.fov_degrees,60.000001669652114,35.98339890412515,-0.2479446672802639,0.3522012815108704,2.2792393030893767,0.08645000809992846,0.20782226389094718,-0.2077929758178633,0.2810096471208093,0.1895733183389337,0.14225139452277336,0.02548398550217644,-0.6959135435576204,-0.7510389455105994,-0.8472855921230172,6826609.012371262,4738.269517,,,0.9450300200133422,49581,52465,32719
non_texture,robot_v1_L3,ok,,,/mnt/ssd1/29d_kon/acm_2026/outputs/coordinator/rc3_full_metrics_20260611_004003/meshmamba/non_texture/baseline_screen_space/robot_v1_L3/sigma0p05_recenter_rotx90p0_horizontaltovertical_blender_rig/robot_v1_L3_report.json,/mnt/ssd1/29d_kon/acm_2026/outputs/coordinator/rc3_full_metrics_20260611_004003/meshmamba/_logs/non_texture/screen_space/robot_v1_L3.log,robot_v1_L3.csv,32868,,,55463,450,horizontal_to_vertical,json_camera_static.fov_degrees,60.000001669652114,35.98339890412515,0.28684738712666885,0.6383862984808477,1.732732128728548,0.04470054786764593,0.16209189348428577,0.19542855536596493,0.7235922784485486,0.6937446239177013,0.7340785879350402,0.8458668863204697,0.7762527582529266,0.9803075175184376,1.1859326580186604,3.6153817722801107,5489.629646,30190,7862793,,,,,ok,,,/mnt/ssd1/29d_kon/acm_2026/outputs/coordinator/rc3_full_metrics_20260611_004003/meshmamba/non_texture/baseline_cone/robot_v1_L3/recenter_rotx90p0_horizontaltovertical_blender_rig/robot_v1_L3_report.json,/mnt/ssd1/29d_kon/acm_2026/outputs/coordinator/rc3_full_metrics_20260611_004003/meshmamba/_logs/non_texture/cone/robot_v1_L3.log,robot_v1_L3.csv,32868,,,55463,450,horizontal_to_vertical,json_camera_static.fov_degrees,60.000001669652114,35.98339890412515,0.1338400765446425,0.5693255013190424,0.6142313814997247,0.03794452067812759,0.13782159533982294,0.23320651574395462,0.5643845992423134,0.7380440305774761,0.7831715208464635,0.8862655437744055,0.44942260659138816,0.6701232702007074,1.0520003823931052,16073803.35925216,5489.629646,,,0.9315760056253719,51668,55463,32868
non_texture,statue_Terracotta_squat_v2_L1,ok,,,/mnt/ssd1/29d_kon/acm_2026/outputs/coordinator/rc3_full_metrics_20260611_004003/meshmamba/non_texture/baseline_screen_space/statue_Terracotta_squat_v2_L1/sigma0p05_recenter_rotx90p0_horizontaltovertical_blender_rig/statue_Terracotta_squat_v2_L1_report.json,/mnt/ssd1/29d_kon/acm_2026/outputs/coordinator/rc3_full_metrics_20260611_004003/meshmamba/_logs/non_texture/screen_space/statue_Terracotta_squat_v2_L1.log,statue_Terracotta_squat_v2_l1.csv,32868,,,52465,450,horizontal_to_vertical,json_camera_static.fov_degrees,60.000001669652114,35.98339890412515,0.19462652141241527,0.6395459889350816,0.8679788773959933,0.05076968073828297,0.18057102648517934,0.2005193894322974,0.7235354579850322,0.6000749778261433,0.5810736333115771,0.5835286294626143,0.2853983840650073,0.22283790108964005,0.19847482509891332,3.548264135611074,7148.345846,31247,7297260,,,,,ok,,,/mnt/ssd1/29d_kon/acm_2026/outputs/coordinator/rc3_full_metrics_20260611_004003/meshmamba/non_texture/baseline_cone/statue_Terracotta_squat_v2_L1/recenter_rotx90p0_horizontaltovertical_blender_rig/statue_Terracotta_squat_v2_L1_report.json,/mnt/ssd1/29d_kon/acm_2026/outputs/coordinator/rc3_full_metrics_20260611_004003/meshmamba/_logs/non_texture/cone/statue_Terracotta_squat_v2_L1.log,statue_Terracotta_squat_v2_l1.csv,32868,,,52465,450,horizontal_to_vertical,json_camera_static.fov_degrees,60.000001669652114,35.98339890412515,0.043065861413148866,0.5197580566215475,0.7034330010994906,0.06676388457613575,0.1896377639123411,0.28730813815167194,0.4772674774873054,0.6705052979733258,0.6888447392610214,0.6834411792645243,0.01964751638324625,0.06202308861614031,0.15670232874175055,17208930.411945913,7148.345846,,,0.9391594396264176,49273,52465,32868
non_texture,statue_Terracotta_v2_l1,ok,,,/mnt/ssd1/29d_kon/acm_2026/outputs/coordinator/rc3_full_metrics_20260611_004003/meshmamba/non_texture/baseline_screen_space/statue_Terracotta_v2_l1/sigma0p05_recenter_rotx90p0_horizontaltovertical_blender_rig/statue_Terracotta_v2_l1_report.json,/mnt/ssd1/29d_kon/acm_2026/outputs/coordinator/rc3_full_metrics_20260611_004003/meshmamba/_logs/non_texture/screen_space/statue_Terracotta_v2_l1.log,statue_Terracotta_v2_l1.csv,32868,,,52465,450,horizontal_to_vertical,json_camera_static.fov_degrees,60.000001669652114,35.98339890412515,0.33028095368427907,0.7010963041210516,0.8235868103190634,0.040431630766643065,0.1598492531939896,0.2354097300711529,0.8020162990013631,0.7961664242603368,0.8942029744416454,0.8966173488703899,0.9639536534682547,1.4006559857272216,1.3805663932483636,3.8445526181559613,8833.062827,31117,7419659,,,,,ok,,,/mnt/ssd1/29d_kon/acm_2026/outputs/coordinator/rc3_full_metrics_20260611_004003/meshmamba/non_texture/baseline_cone/statue_Terracotta_v2_l1/recenter_rotx90p0_horizontaltovertical_blender_rig/statue_Terracotta_v2_l1_report.json,/mnt/ssd1/29d_kon/acm_2026/outputs/coordinator/rc3_full_metrics_20260611_004003/meshmamba/_logs/non_texture/cone/statue_Terracotta_v2_l1.log,statue_Terracotta_v2_l1.csv,32868,,,52465,450,horizontal_to_vertical,json_camera_static.fov_degrees,60.000001669652114,35.98339890412515,0.4439028604520757,0.6130499027280303,0.4847083929099332,0.056653405729831734,0.18578364042846995,0.30136917125589435,0.716673319190958,0.7975281002808652,0.8899509891012778,0.963757262619904,1.1399569010139967,1.7320634836849966,2.7232880030851425,28532624.949387398,8833.062827,,,0.8922519775088154,46812,52465,32868
non_texture,stuffed_animal_v1_L2,ok,,,/mnt/ssd1/29d_kon/acm_2026/outputs/coordinator/rc3_full_metrics_20260611_004003/meshmamba/non_texture/baseline_screen_space/stuffed_animal_v1_L2/sigma0p05_recenter_rotx90p0_horizontaltovertical_blender_rig/stuffed_animal_v1_L2_report.json,/mnt/ssd1/29d_kon/acm_2026/outputs/coordinator/rc3_full_metrics_20260611_004003/meshmamba/_logs/non_texture/screen_space/stuffed_animal_v1_L2.log,stuffed_animal_L2.csv,32868,,,52465,450,horizontal_to_vertical,json_camera_static.fov_degrees,60.000001669652114,35.98339890412515,0.36249882409171,0.594812577056325,1.840310858116465,0.06609076524499356,0.20008385308159812,0.381974332780105,0.6649110098430845,0.7464212391325323,0.7494844859341463,0.8719390367285235,0.7653941697500068,0.8571440170361084,1.4092232341920485,2.1258407236542554,2567.396815,29035,8096078,,,,,ok,,,/mnt/ssd1/29d_kon/acm_2026/outputs/coordinator/rc3_full_metrics_20260611_004003/meshmamba/non_texture/baseline_cone/stuffed_animal_v1_L2/recenter_rotx90p0_horizontaltovertical_blender_rig/stuffed_animal_v1_L2_report.json,/mnt/ssd1/29d_kon/acm_2026/outputs/coordinator/rc3_full_metrics_20260611_004003/meshmamba/_logs/non_texture/cone/stuffed_animal_v1_L2.log,stuffed_animal_L2.csv,32868,,,52465,450,horizontal_to_vertical,json_camera_static.fov_degrees,60.000001669652114,35.98339890412515,0.43179848063606935,0.49325392964228976,1.7690196197407995,0.04034816296862284,0.12293876700884307,0.32468509193269757,0.6231006397283871,0.7761502562506025,0.8180113494329958,0.8828216054225694,1.171114279075856,1.4162249743993018,1.413715769619423,8369596.591073833,2567.396815,,,0.967959592109025,50784,52465,30759
non_texture,watch_digital_v1_L3,ok,,,/mnt/ssd1/29d_kon/acm_2026/outputs/coordinator/rc3_full_metrics_20260611_004003/meshmamba/non_texture/baseline_screen_space/watch_digital_v1_L3/sigma0p05_recenter_rotx90p0_horizontaltovertical_blender_rig/watch_digital_v1_L3_report.json,/mnt/ssd1/29d_kon/acm_2026/outputs/coordinator/rc3_full_metrics_20260611_004003/meshmamba/_logs/non_texture/screen_space/watch_digital_v1_L3.log,watch_digital_v1_Iteration2.csv,32868,,,52465,450,horizontal_to_vertical,json_camera_static.fov_degrees,60.000001669652114,35.98339890412515,-0.0006244300089147444,0.4147128202197388,2.223296877750375,0.11940851955272881,0.294471877910973,-0.04253704374676421,0.3831990565417986,0.5136917452306474,0.48227167338992466,0.5337765361949107,0.047265870109377744,-0.012360723179622623,0.08760031578789076,2.280483305313849,1910.108929,30447,7690647,,,,,ok,,,/mnt/ssd1/29d_kon/acm_2026/outputs/coordinator/rc3_full_metrics_20260611_004003/meshmamba/non_texture/baseline_cone/watch_digital_v1_L3/recenter_rotx90p0_horizontaltovertical_blender_rig/watch_digital_v1_L3_report.json,/mnt/ssd1/29d_kon/acm_2026/outputs/coordinator/rc3_full_metrics_20260611_004003/meshmamba/_logs/non_texture/cone/watch_digital_v1_L3.log,watch_digital_v1_Iteration2.csv,32868,,,52465,450,horizontal_to_vertical,json_camera_static.fov_degrees,60.000001669652114,35.98339890412515,-0.04840256533283625,0.40223021830608674,1.4982355745389087,0.08299151188476625,0.2289855171795427,0.1257059558821692,0.3289511388462903,0.46225227494601173,0.35029112104482607,0.4297505140196039,-0.09884275105865559,-0.5021635313945361,-0.3959339873330164,6842705.230415557,1910.108929,,,0.8842657009434861,46393,52465,32868
rgb_texture,Apple_Red_v1_L3,ok,,,/mnt/ssd1/29d_kon/acm_2026/outputs/coordinator/rc3_full_metrics_20260611_004003/meshmamba/rgb_texture/baseline_screen_space/Apple_Red_v1_L3/sigma0p05_recenter_rotx90p0_horizontaltovertical_blender_rig/Apple_Red_v1_L3_report.json,/mnt/ssd1/29d_kon/acm_2026/outputs/coordinator/rc3_full_metrics_20260611_004003/meshmamba/_logs/rgb_texture/screen_space/Apple_Red_v1_L3.log,Apple_v01_l3.csv,32868,,,53964,450,horizontal_to_vertical,json_camera_static.fov_degrees,60.000001669652114,35.98339890412515,0.3934133422446037,0.4782340153052014,1.1758660779353525,0.06648138604160524,0.16049675300395833,0.5341149131622065,0.5673518958392721,0.7989546309948437,0.7082388897928039,0.7087861645753877,0.7483508393343352,0.2383475396936504,0.287559490480064,2.6592408063115025,4181.260346,28783,8169900,,,,,ok,,,/mnt/ssd1/29d_kon/acm_2026/outputs/coordinator/rc3_full_metrics_20260611_004003/meshmamba/rgb_texture/baseline_cone/Apple_Red_v1_L3/recenter_rotx90p0_horizontaltovertical_blender_rig/Apple_Red_v1_L3_report.json,/mnt/ssd1/29d_kon/acm_2026/outputs/coordinator/rc3_full_metrics_20260611_004003/meshmamba/_logs/rgb_texture/cone/Apple_Red_v1_L3.log,Apple_v01_l3.csv,32868,,,53964,450,horizontal_to_vertical,json_camera_static.fov_degrees,60.000001669652114,35.98339890412515,0.7982754297492966,0.6846032642975054,0.650158631424792,0.02183324690869235,0.07320796932980872,0.6193797166058816,0.8421584086811831,0.9785778396243395,0.9394424725848791,0.9453316296338712,2.1354524188572306,1.735677735036147,2.0548028568293533,17004608.221718978,4181.260346,,,0.9344377733303684,50426,53964,28722
rgb_texture,Aquarium_Deep_Sea_Diver_v1_L1,ok,,,/mnt/ssd1/29d_kon/acm_2026/outputs/coordinator/rc3_full_metrics_20260611_004003/meshmamba/rgb_texture/baseline_screen_space/Aquarium_Deep_Sea_Diver_v1_L1/sigma0p05_recenter_rotx90p0_horizontaltovertical_blender_rig/Aquarium_Deep_Sea_Diver_v1_L1_report.json,/mnt/ssd1/29d_kon/acm_2026/outputs/coordinator/rc3_full_metrics_20260611_004003/meshmamba/_logs/rgb_texture/screen_space/Aquarium_Deep_Sea_Diver_v1_L1.log,Aquarium_Deep_Sea_Diver_v1_L1.csv,32868,,,52465,450,horizontal_to_vertical,json_camera_static.fov_degrees,60.000001669652114,35.98339890412515,0.041051833433247115,0.6735979538803406,2.375828398136385,0.04970728416707125,0.17729928132359216,0.04314949634644664,0.7434060447076953,0.4649336246768797,0.4489865105480655,0.4321298893046838,-0.07791998659270698,-0.16262335111398082,-0.27313542575971966,3.327328668650167,7268.490005,28520,7796419,,,,,ok,,,/mnt/ssd1/29d_kon/acm_2026/outputs/coordinator/rc3_full_metrics_20260611_004003/meshmamba/rgb_texture/baseline_cone/Aquarium_Deep_Sea_Diver_v1_L1/recenter_rotx90p0_horizontaltovertical_blender_rig/Aquarium_Deep_Sea_Diver_v1_L1_report.json,/mnt/ssd1/29d_kon/acm_2026/outputs/coordinator/rc3_full_metrics_20260611_004003/meshmamba/_logs/rgb_texture/cone/Aquarium_Deep_Sea_Diver_v1_L1.log,Aquarium_Deep_Sea_Diver_v1_L1.csv,32868,,,52465,450,horizontal_to_vertical,json_camera_static.fov_degrees,60.000001669652114,35.98339890412515,-0.010781040647151727,0.5989829123454893,0.6830207537472952,0.04382849163545871,0.15938156237763648,0.047248071871306724,0.6157425548933413,0.44729511241721887,0.4468700343113694,0.4356971774156259,-0.1577420617040167,-0.19699104668166167,-0.2901043963115697,13085417.455798563,7268.490005,,,0.9333651005432193,48969,52465,32868
rgb_texture,Aquarium_Skull_v1_L1,ok,,,/mnt/ssd1/29d_kon/acm_2026/outputs/coordinator/rc3_full_metrics_20260611_004003/meshmamba/rgb_texture/baseline_screen_space/Aquarium_Skull_v1_L1/sigma0p05_recenter_rotx90p0_horizontaltovertical_blender_rig/Aquarium_Skull_v1_L1_report.json,/mnt/ssd1/29d_kon/acm_2026/outputs/coordinator/rc3_full_metrics_20260611_004003/meshmamba/_logs/rgb_texture/screen_space/Aquarium_Skull_v1_L1.log,Aquarium_Skull_v1_L1.csv,32868,,,52465,450,horizontal_to_vertical,json_camera_static.fov_degrees,60.000001669652114,35.98339890412515,0.37535483840161704,0.620493065092002,1.300842996521689,0.054753742999302274,0.17422415597845078,0.49043067278246144,0.7014255973334632,0.70374618234328,0.7057770653991908,0.8164615367801332,0.5279527848454518,0.542246722722114,1.0139702956172674,2.2612288077253386,3553.773486,28965,8246963,,,,,ok,,,/mnt/ssd1/29d_kon/acm_2026/outputs/coordinator/rc3_full_metrics_20260611_004003/meshmamba/rgb_texture/baseline_cone/Aquarium_Skull_v1_L1/recenter_rotx90p0_horizontaltovertical_blender_rig/Aquarium_Skull_v1_L1_report.json,/mnt/ssd1/29d_kon/acm_2026/outputs/coordinator/rc3_full_metrics_20260611_004003/meshmamba/_logs/rgb_texture/cone/Aquarium_Skull_v1_L1.log,Aquarium_Skull_v1_L1.csv,32868,,,52465,450,horizontal_to_vertical,json_camera_static.fov_degrees,60.000001669652114,35.98339890412515,0.32807212369402816,0.5854387702629789,1.0605356148632916,0.025711447993859864,0.10989082133704178,0.4687087911102533,0.6494408188229522,0.7113056828477757,0.7023916307126654,0.6747296276967056,0.4790045167293521,0.43319042315719974,0.31148611791841313,6485783.133155823,3553.773486,,,0.9646430953969313,50610,52465,30980
rgb_texture,BastetCat_v2_L2,ok,,,/mnt/ssd1/29d_kon/acm_2026/outputs/coordinator/rc3_full_metrics_20260611_004003/meshmamba/rgb_texture/baseline_screen_space/BastetCat_v2_L2/sigma0p05_recenter_rotx90p0_horizontaltovertical_blender_rig/BastetCat_v2_L2_report.json,/mnt/ssd1/29d_kon/acm_2026/outputs/coordinator/rc3_full_metrics_20260611_004003/meshmamba/_logs/rgb_texture/screen_space/BastetCat_v2_L2.log,Bastet_Cat_v2_l2.csv,32868,,,52465,450,horizontal_to_vertical,json_camera_static.fov_degrees,60.000001669652114,35.98339890412515,0.5367957559230379,0.6854293442874249,1.0537934765587893,0.0373026044878513,0.1484220458805457,0.5847303804600673,0.8028163794528423,0.7928091191334953,0.7926434014511267,0.7729751653638735,0.9303321898459459,0.9983224951041525,0.9564496976234281,3.4474867496460795,7021.170288,30864,7738186,,,,,ok,,,/mnt/ssd1/29d_kon/acm_2026/outputs/coordinator/rc3_full_metrics_20260611_004003/meshmamba/rgb_texture/baseline_cone/BastetCat_v2_L2/recenter_rotx90p0_horizontaltovertical_blender_rig/BastetCat_v2_L2_report.json,/mnt/ssd1/29d_kon/acm_2026/outputs/coordinator/rc3_full_metrics_20260611_004003/meshmamba/_logs/rgb_texture/cone/BastetCat_v2_L2.log,Bastet_Cat_v2_l2.csv,32868,,,52465,450,horizontal_to_vertical,json_camera_static.fov_degrees,60.000001669652114,35.98339890412515,0.6981699969527999,0.7000414374639385,0.3956765756453412,0.031247232556694513,0.12565384366701407,0.6273907413395118,0.8365168637456898,0.9235449143486606,0.9297238757634185,0.9076782399348511,1.6506013243734792,1.901716519013192,1.8305428185250006,19013827.403091572,7021.170288,,,0.8470980653769179,44443,52465,32868
rgb_texture,Beauceron_v1_L3,ok,,,/mnt/ssd1/29d_kon/acm_2026/outputs/coordinator/rc3_full_metrics_20260611_004003/meshmamba/rgb_texture/baseline_screen_space/Beauceron_v1_L3/sigma0p05_recenter_rotx90p0_horizontaltovertical_blender_rig/Beauceron_v1_L3_report.json,/mnt/ssd1/29d_kon/acm_2026/outputs/coordinator/rc3_full_metrics_20260611_004003/meshmamba/_logs/rgb_texture/screen_space/Beauceron_v1_L3.log,Beauceron_v1_L3.csv,32868,,,55463,450,horizontal_to_vertical,json_camera_static.fov_degrees,60.000001669652114,35.98339890412515,0.2437875931837613,0.5353004532229965,2.9719850763313405,0.09682410121001024,0.25900902904677975,0.13745562567809197,0.6384634940715902,0.6257501549349419,0.5793185672572037,0.35059808052642183,0.6683386436648627,0.5294633661472481,-0.49557666714661686,2.881809651698598,7157.521755,30113,7960210,,,,,ok,,,/mnt/ssd1/29d_kon/acm_2026/outputs/coordinator/rc3_full_metrics_20260611_004003/meshmamba/rgb_texture/baseline_cone/Beauceron_v1_L3/recenter_rotx90p0_horizontaltovertical_blender_rig/Beauceron_v1_L3_report.json,/mnt/ssd1/29d_kon/acm_2026/outputs/coordinator/rc3_full_metrics_20260611_004003/meshmamba/_logs/rgb_texture/cone/Beauceron_v1_L3.log,Beauceron_v1_L3.csv,32868,,,55463,450,horizontal_to_vertical,json_camera_static.fov_degrees,60.000001669652114,35.98339890412515,0.5056566032304965,0.5605288830095843,0.8507736269288867,0.05713673193084927,0.15003524420795397,0.3141789499005214,0.6934315521360485,0.5914931879894332,0.5351264612254719,0.28911450752900586,1.332604260202552,1.2646174300182667,-0.22291776378318415,18113887.784078922,7157.521755,,,0.8404882534302147,46616,55463,32868
rgb_texture,BellPepper_v1_L3,ok,,,/mnt/ssd1/29d_kon/acm_2026/outputs/coordinator/rc3_full_metrics_20260611_004003/meshmamba/rgb_texture/baseline_screen_space/BellPepper_v1_L3/sigma0p05_recenter_rotx90p0_horizontaltovertical_blender_rig/BellPepper_v1_L3_report.json,/mnt/ssd1/29d_kon/acm_2026/outputs/coordinator/rc3_full_metrics_20260611_004003/meshmamba/_logs/rgb_texture/screen_space/BellPepper_v1_L3.log,BellPepper_v01_L3.csv,32868,,,52465,450,horizontal_to_vertical,json_camera_static.fov_degrees,60.000001669652114,35.98339890412515,0.07478785619444515,0.4808643522517052,1.6682301922780813,0.05609478428037178,0.16503112355606586,-0.004251920571712744,0.5074593474924903,0.5182038053496524,0.559948115274731,0.7290993150982441,0.12918564781219147,0.08671231185694131,0.2446284365912353,2.1479150957691746,3125.621448,31900,8207925,,,,,ok,,,/mnt/ssd1/29d_kon/acm_2026/outputs/coordinator/rc3_full_metrics_20260611_004003/meshmamba/rgb_texture/baseline_cone/BellPepper_v1_L3/recenter_rotx90p0_horizontaltovertical_blender_rig/BellPepper_v1_L3_report.json,/mnt/ssd1/29d_kon/acm_2026/outputs/coordinator/rc3_full_metrics_20260611_004003/meshmamba/_logs/rgb_texture/cone/BellPepper_v1_L3.log,BellPepper_v01_L3.csv,32868,,,52465,450,horizontal_to_vertical,json_camera_static.fov_degrees,60.000001669652114,35.98339890412515,0.2230606083631321,0.47402937470531287,2.3474260799857056,0.04179526681391741,0.14454923627341165,0.023953406605613785,0.5608338011164119,0.5390390801156734,0.6171132046095928,0.8918648101586023,0.3371887096492354,0.6022997389850953,1.4294513513843163,5722898.88167241,3125.621448,,,0.9648908796340417,50623,52465,31452
rgb_texture,Bird_Toucan_V3_L2,ok,,,/mnt/ssd1/29d_kon/acm_2026/outputs/coordinator/rc3_full_metrics_20260611_004003/meshmamba/rgb_texture/baseline_screen_space/Bird_Toucan_V3_L2/sigma0p05_recenter_rotx90p0_horizontaltovertical_blender_rig/Bird_Toucan_V3_L2_report.json,/mnt/ssd1/29d_kon/acm_2026/outputs/coordinator/rc3_full_metrics_20260611_004003/meshmamba/_logs/rgb_texture/screen_space/Bird_Toucan_V3_L2.log,Bird_Toucan_v3_l2.csv,32868,,,52465,450,horizontal_to_vertical,json_camera_static.fov_degrees,60.000001669652114,35.98339890412515,-0.07692748920603955,0.5767330813587802,2.547659424403817,0.09566241321671942,0.2416553772832034,-0.02118792272123107,0.624862555680454,0.3648354550756444,0.3598014277806142,0.33480510784766954,-0.4073819147692486,-0.4558380254467458,-0.5688379883749846,3.7019773052731537,9594.299801,28583,7739159,,,,,ok,,,/mnt/ssd1/29d_kon/acm_2026/outputs/coordinator/rc3_full_metrics_20260611_004003/meshmamba/rgb_texture/baseline_cone/Bird_Toucan_V3_L2/recenter_rotx90p0_horizontaltovertical_blender_rig/Bird_Toucan_V3_L2_report.json,/mnt/ssd1/29d_kon/acm_2026/outputs/coordinator/rc3_full_metrics_20260611_004003/meshmamba/_logs/rgb_texture/cone/Bird_Toucan_V3_L2.log,Bird_Toucan_v3_l2.csv,32868,,,52465,450,horizontal_to_vertical,json_camera_static.fov_degrees,60.000001669652114,35.98339890412515,0.05420989496592042,0.5634683133728244,0.6963062104105199,0.09741006125113541,0.22318766820118216,0.1416334795741988,0.5863379675243542,0.31399971143466715,0.2050207280973585,0.06747955761479958,-0.504422250874808,-0.6685688656596281,-0.8871981520172173,18030011.520833664,9594.299801,,,0.8446011626798818,44312,52465,32868
rgb_texture,Bird_v1_L3,ok,,,/mnt/ssd1/29d_kon/acm_2026/outputs/coordinator/rc3_full_metrics_20260611_004003/meshmamba/rgb_texture/baseline_screen_space/Bird_v1_L3/sigma0p05_recenter_rotx90p0_horizontaltovertical_blender_rig/Bird_v1_L3_report.json,/mnt/ssd1/29d_kon/acm_2026/outputs/coordinator/rc3_full_metrics_20260611_004003/meshmamba/_logs/rgb_texture/screen_space/Bird_v1_L3.log,Chick.csv,32868,,,52465,450,horizontal_to_vertical,json_camera_static.fov_degrees,60.000001669652114,35.98339890412515,-0.14740543855416763,0.3947503070596291,5.185885919925809,0.11572222473289147,0.28734513946965035,-0.20577752867570098,0.4547840398464442,0.3702094881676027,0.3495423910455056,0.34227325619357307,-0.20833534436012735,-0.22040883608143524,-0.2434603909376402,2.475331500994314,6813.040331,27988,8282257,,,,,ok,,,/mnt/ssd1/29d_kon/acm_2026/outputs/coordinator/rc3_full_metrics_20260611_004003/meshmamba/rgb_texture/baseline_cone/Bird_v1_L3/recenter_rotx90p0_horizontaltovertical_blender_rig/Bird_v1_L3_report.json,/mnt/ssd1/29d_kon/acm_2026/outputs/coordinator/rc3_full_metrics_20260611_004003/meshmamba/_logs/rgb_texture/cone/Bird_v1_L3.log,Chick.csv,32868,,,52465,450,horizontal_to_vertical,json_camera_static.fov_degrees,60.000001669652114,35.98339890412515,0.21298073461367895,0.47677824263742324,1.1356776717591164,0.08236660430497103,0.2070935299961854,0.20987052045000473,0.546100353572704,0.5762819598216227,0.5059605309378961,0.4910950908477282,0.3902216030011368,0.42238864007802207,0.3707375190782589,12511131.470384423,6813.040331,,,0.9096349947584104,47724,52465,32866
rgb_texture,Blackberry_v02_L3,ok,,,/mnt/ssd1/29d_kon/acm_2026/outputs/coordinator/rc3_full_metrics_20260611_004003/meshmamba/rgb_texture/baseline_screen_space/Blackberry_v02_L3/sigma0p05_recenter_rotx90p0_horizontaltovertical_blender_rig/Blackberry_v02_L3_report.json,/mnt/ssd1/29d_kon/acm_2026/outputs/coordinator/rc3_full_metrics_20260611_004003/meshmamba/_logs/rgb_texture/screen_space/Blackberry_v02_L3.log,Blackberry_v2_L3.csv,32868,,,52465,450,horizontal_to_vertical,json_camera_static.fov_degrees,60.000001669652114,35.98339890412515,0.1809676640055524,0.5552429289759888,1.1987365583672094,0.05492702369891803,0.16659038710094892,0.18485325201101035,0.5690824063605884,0.7511904245593307,0.7348216489842176,0.714672437498663,0.6201902225776196,0.5063755538257823,0.3814397788619725,2.4859890515419236,3217.884181,31330,8071428,,,,,ok,,,/mnt/ssd1/29d_kon/acm_2026/outputs/coordinator/rc3_full_metrics_20260611_004003/meshmamba/rgb_texture/baseline_cone/Blackberry_v02_L3/recenter_rotx90p0_horizontaltovertical_blender_rig/Blackberry_v02_L3_report.json,/mnt/ssd1/29d_kon/acm_2026/outputs/coordinator/rc3_full_metrics_20260611_004003/meshmamba/_logs/rgb_texture/cone/Blackberry_v02_L3.log,Blackberry_v2_L3.csv,32868,,,52465,450,horizontal_to_vertical,json_camera_static.fov_degrees,60.000001669652114,35.98339890412515,0.6726143662741646,0.6319813597488549,0.826855414476056,0.018661475788194583,0.09787754034405441,0.24417050931898676,0.800746268545349,0.914020715675142,0.9648664184952245,0.9762312346997958,2.033599828870847,2.6927089371578297,3.2468601687515526,8414611.319508227,3217.884181,,,0.95093872105213,49891,52465,32722
rgb_texture,Boombox_v2_L3,ok,,,/mnt/ssd1/29d_kon/acm_2026/outputs/coordinator/rc3_full_metrics_20260611_004003/meshmamba/rgb_texture/baseline_screen_space/Boombox_v2_L3/sigma0p05_recenter_rotx90p0_horizontaltovertical_blender_rig/Boombox_v2_L3_report.json,/mnt/ssd1/29d_kon/acm_2026/outputs/coordinator/rc3_full_metrics_20260611_004003/meshmamba/_logs/rgb_texture/screen_space/Boombox_v2_L3.log,Boombox_v2_Iteration2.csv,32868,,,53964,450,horizontal_to_vertical,json_camera_static.fov_degrees,60.000001669652114,35.98339890412515,-0.062289151125061094,0.4545820260959916,1.8876554127820335,0.10283514287542524,0.27012757054070663,-0.005800921177176754,0.48319731610856165,0.36657119745881495,0.40076913821983584,0.3558298664469133,-0.4066579556363318,-0.32087039011472396,-0.40349731163160474,3.740506999631939,3872.5252760000003,31636,6568023,,,,,ok,,,/mnt/ssd1/29d_kon/acm_2026/outputs/coordinator/rc3_full_metrics_20260611_004003/meshmamba/rgb_texture/baseline_cone/Boombox_v2_L3/recenter_rotx90p0_horizontaltovertical_blender_rig/Boombox_v2_L3_report.json,/mnt/ssd1/29d_kon/acm_2026/outputs/coordinator/rc3_full_metrics_20260611_004003/meshmamba/_logs/rgb_texture/cone/Boombox_v2_L3.log,Boombox_v2_Iteration2.csv,32868,,,53964,450,horizontal_to_vertical,json_camera_static.fov_degrees,60.000001669652114,35.98339890412515,0.22692597248751767,0.4943189992219594,0.8444786700109949,0.030507729308604566,0.12996434572995655,0.2823162715342442,0.5849508896972856,0.6974532612968345,0.7532280580070357,0.8717240503820012,0.4958918190099025,0.6574224694619681,1.0447954764604643,8874846.076094097,3872.5252760000003,,,0.9594173893706915,51774,53964,32561
rgb_texture,Camel_toy_v03_L3,ok,,,/mnt/ssd1/29d_kon/acm_2026/outputs/coordinator/rc3_full_metrics_20260611_004003/meshmamba/rgb_texture/baseline_screen_space/Camel_toy_v03_L3/sigma0p05_recenter_rotx90p0_horizontaltovertical_blender_rig/Camel_toy_v03_L3_report.json,/mnt/ssd1/29d_kon/acm_2026/outputs/coordinator/rc3_full_metrics_20260611_004003/meshmamba/_logs/rgb_texture/screen_space/Camel_toy_v03_L3.log,Camel_toy.csv,32868,,,53964,450,horizontal_to_vertical,json_camera_static.fov_degrees,60.000001669652114,35.98339890412515,0.2934658431387569,0.6326983448589236,1.4029259717791787,0.058004028882005045,0.18127287430054065,0.3062043345300574,0.7182488334627596,0.5393527604439685,0.5536487817718356,0.6514716359540867,0.15047965355262807,0.18702214825537164,0.6440915950706739,2.690773782018404,8050.347979000001,30550,7789207,,,,,ok,,,/mnt/ssd1/29d_kon/acm_2026/outputs/coordinator/rc3_full_metrics_20260611_004003/meshmamba/rgb_texture/baseline_cone/Camel_toy_v03_L3/recenter_rotx90p0_horizontaltovertical_blender_rig/Camel_toy_v03_L3_report.json,/mnt/ssd1/29d_kon/acm_2026/outputs/coordinator/rc3_full_metrics_20260611_004003/meshmamba/_logs/rgb_texture/cone/Camel_toy_v03_L3.log,Camel_toy.csv,32868,,,53964,450,horizontal_to_vertical,json_camera_static.fov_degrees,60.000001669652114,35.98339890412515,0.495865929576585,0.6581332252638361,0.40386270217379694,0.05115874607059595,0.15370411388478245,0.651783711393726,0.7451167757449141,0.7669960563800589,0.7925660621656683,0.8287605493001571,0.3931635600075399,0.5491071539118658,0.8749412986022548,19588990.864171796,8050.347979000001,,,0.752149581202283,40589,53964,32868
rgb_texture,Cardigan_Welsh_Corgi_v1_L3,ok,,,/mnt/ssd1/29d_kon/acm_2026/outputs/coordinator/rc3_full_metrics_20260611_004003/meshmamba/rgb_texture/baseline_screen_space/Cardigan_Welsh_Corgi_v1_L3/sigma0p05_recenter_rotx90p0_horizontaltovertical_blender_rig/Cardigan_Welsh_Corgi_v1_L3_report.json,/mnt/ssd1/29d_kon/acm_2026/outputs/coordinator/rc3_full_metrics_20260611_004003/meshmamba/_logs/rgb_texture/screen_space/Cardigan_Welsh_Corgi_v1_L3.log,Cardigan_Welsh_Corgi_v1_L3.csv,32868,,,52465,450,horizontal_to_vertical,json_camera_static.fov_degrees,60.000001669652114,35.98339890412515,0.2733584690103426,0.6378026686589553,1.7109882950490185,0.09083744484073865,0.24772853779465112,0.22196785256981805,0.7417183163640103,0.6994103180073684,0.887533337712646,0.8665941295976742,0.5997635991245062,1.241605875022035,1.1642803445118628,4.428123491493016,7268.839112000001,29881,8155256,,,,,ok,,,/mnt/ssd1/29d_kon/acm_2026/outputs/coordinator/rc3_full_metrics_20260611_004003/meshmamba/rgb_texture/baseline_cone/Cardigan_Welsh_Corgi_v1_L3/recenter_rotx90p0_horizontaltovertical_blender_rig/Cardigan_Welsh_Corgi_v1_L3_report.json,/mnt/ssd1/29d_kon/acm_2026/outputs/coordinator/rc3_full_metrics_20260611_004003/meshmamba/_logs/rgb_texture/cone/Cardigan_Welsh_Corgi_v1_L3.log,Cardigan_Welsh_Corgi_v1_L3.csv,32868,,,52465,450,horizontal_to_vertical,json_camera_static.fov_degrees,60.000001669652114,35.98339890412515,0.649325163203263,0.6867825779789771,0.5765602077855345,0.030714835899748043,0.12838655088828452,0.4147887262155541,0.8210986899840402,0.7540060346130096,0.9775837535759191,0.984663995910075,1.4960150484501689,2.4987265145436406,3.086096517162697,28584023.537188567,7268.839112000001,,,0.8227389688363671,43165,52465,32868
rgb_texture,Cat_v1_L3,ok,,,/mnt/ssd1/29d_kon/acm_2026/outputs/coordinator/rc3_full_metrics_20260611_004003/meshmamba/rgb_texture/baseline_screen_space/Cat_v1_L3/sigma0p05_recenter_rotx90p0_horizontaltovertical_blender_rig/Cat_v1_L3_report.json,/mnt/ssd1/29d_kon/acm_2026/outputs/coordinator/rc3_full_metrics_20260611_004003/meshmamba/_logs/rgb_texture/screen_space/Cat_v1_L3.log,Cat_v1_l3.csv,32868,,,52465,450,horizontal_to_vertical,json_camera_static.fov_degrees,60.000001669652114,35.98339890412515,0.4602326373542013,0.585068349514724,1.2929655441231216,0.07365562679533039,0.21458917429970353,0.2467234404682028,0.729270735973884,0.8124435176144926,0.7462656716276018,0.6679661749832864,0.987829419591113,0.7839874533037264,0.486648988399356,3.8917120410872585,7004.478064999999,30523,7976874,,,,,ok,,,/mnt/ssd1/29d_kon/acm_2026/outputs/coordinator/rc3_full_metrics_20260611_004003/meshmamba/rgb_texture/baseline_cone/Cat_v1_L3/recenter_rotx90p0_horizontaltovertical_blender_rig/Cat_v1_L3_report.json,/mnt/ssd1/29d_kon/acm_2026/outputs/coordinator/rc3_full_metrics_20260611_004003/meshmamba/_logs/rgb_texture/cone/Cat_v1_L3.log,Cat_v1_l3.csv,32868,,,52465,450,horizontal_to_vertical,json_camera_static.fov_degrees,60.000001669652114,35.98339890412515,0.70350456797578,0.6583786811125873,0.495106180336815,0.03623769779314989,0.13404103463826686,0.3029604455015408,0.8219741875962238,0.9039957443555512,0.8425324419795615,0.7709489785976725,1.4926191022586277,1.058452448371819,0.4149979948472376,22028465.047777966,7004.478064999999,,,0.8589535881063566,45065,52465,32868
rgb_texture,Charging_Bull_Statue_of_Wall_Street_v1,ok,,,/mnt/ssd1/29d_kon/acm_2026/outputs/coordinator/rc3_full_metrics_20260611_004003/meshmamba/rgb_texture/baseline_screen_space/Charging_Bull_Statue_of_Wall_Street_v1/sigma0p05_recenter_rotx90p0_horizontaltovertical_blender_rig/Charging_Bull_Statue_of_Wall_Street_v1_report.json,/mnt/ssd1/29d_kon/acm_2026/outputs/coordinator/rc3_full_metrics_20260611_004003/meshmamba/_logs/rgb_texture/screen_space/Charging_Bull_Statue_of_Wall_Street_v1.log,Charging_Bull_Statue_of_Wall_Street_v1_L1.csv,32868,,,52465,450,horizontal_to_vertical,json_camera_static.fov_degrees,60.000001669652114,35.98339890412515,0.10106102106413875,0.5141860686139246,2.125540986707692,0.07662420578538096,0.22449330740540735,0.024293924066703155,0.5657390730485525,0.6534109388064495,0.5784255809836217,0.3203605287870128,0.5519589895751511,0.34933062999694436,-0.5692405098166171,2.7784146103071143,4472.733864,30615,8119545,,,,,ok,,,/mnt/ssd1/29d_kon/acm_2026/outputs/coordinator/rc3_full_metrics_20260611_004003/meshmamba/rgb_texture/baseline_cone/Charging_Bull_Statue_of_Wall_Street_v1/recenter_rotx90p0_horizontaltovertical_blender_rig/Charging_Bull_Statue_of_Wall_Street_v1_report.json,/mnt/ssd1/29d_kon/acm_2026/outputs/coordinator/rc3_full_metrics_20260611_004003/meshmamba/_logs/rgb_texture/cone/Charging_Bull_Statue_of_Wall_Street_v1.log,Charging_Bull_Statue_of_Wall_Street_v1_L1.csv,32868,,,52465,450,horizontal_to_vertical,json_camera_static.fov_degrees,60.000001669652114,35.98339890412515,0.21628360471958746,0.4561076402648226,1.001450979860596,0.045502986850332994,0.140753853285248,0.10667014499545192,0.4988610067013156,0.754641134431798,0.7652570734471519,0.5877058355318485,0.6190221556688333,0.6216179551467904,-0.2920587489398147,10691374.295264386,4472.733864,,,0.8826265129133708,46307,52465,32868
rgb_texture,Chinese_coin,ok,,,/mnt/ssd1/29d_kon/acm_2026/outputs/coordinator/rc3_full_metrics_20260611_004003/meshmamba/rgb_texture/baseline_screen_space/Chinese_coin/sigma0p05_recenter_rotx90p0_horizontaltovertical_blender_rig/Chinese_coin_report.json,/mnt/ssd1/29d_kon/acm_2026/outputs/coordinator/rc3_full_metrics_20260611_004003/meshmamba/_logs/rgb_texture/screen_space/Chinese_coin.log,chinese_coin.csv,32868,,,53964,450,horizontal_to_vertical,json_camera_static.fov_degrees,60.000001669652114,35.98339890412515,-0.023985946188449604,0.649309149410847,0.767629591959628,0.050823326176225835,0.1705431433651323,-0.007293051790120154,0.6958904661306695,0.5187685175588819,0.5472243807090809,0.703974636561915,-0.0056070031456006775,0.07212331918457518,0.5105624756759461,3.226879683873893,6439.756262000001,32195,7582010,,,,,ok,,,/mnt/ssd1/29d_kon/acm_2026/outputs/coordinator/rc3_full_metrics_20260611_004003/meshmamba/rgb_texture/baseline_cone/Chinese_coin/recenter_rotx90p0_horizontaltovertical_blender_rig/Chinese_coin_report.json,/mnt/ssd1/29d_kon/acm_2026/outputs/coordinator/rc3_full_metrics_20260611_004003/meshmamba/_logs/rgb_texture/cone/Chinese_coin.log,chinese_coin.csv,32868,,,53964,450,horizontal_to_vertical,json_camera_static.fov_degrees,60.000001669652114,35.98339890412515,-0.0795575610026561,0.5402794069062333,0.8992705549492467,0.04579651117559451,0.159269269746932,-0.02226601363872101,0.49296079886077604,0.5334506540471713,0.5955594860276548,0.8139277991497882,-0.05436388483342688,0.09861543716375316,0.6318317791806958,12263186.501382908,6439.756262000001,,,0.9614743162108073,51885,53964,32868
rgb_texture,Chips_v1_L3,ok,,,/mnt/ssd1/29d_kon/acm_2026/outputs/coordinator/rc3_full_metrics_20260611_004003/meshmamba/rgb_texture/baseline_screen_space/Chips_v1_L3/sigma0p05_recenter_rotx90p0_horizontaltovertical_blender_rig/Chips_v1_L3_report.json,/mnt/ssd1/29d_kon/acm_2026/outputs/coordinator/rc3_full_metrics_20260611_004003/meshmamba/_logs/rgb_texture/screen_space/Chips_v1_L3.log,Chips_v1_L3.csv,32868,,,52465,450,horizontal_to_vertical,json_camera_static.fov_degrees,60.000001669652114,35.98339890412515,-0.49613369733742047,0.3740812438678936,1.645750904266941,0.1774131601467288,0.3566461435019331,-0.5299097309604555,0.4103222051674763,0.2811505109487445,0.29573844367954527,0.30569657304384146,-0.633339958534176,-0.6288288164652923,-0.60128420234845,2.3938389471558725,8154.516186000001,32290,7789360,,,,,ok,,,/mnt/ssd1/29d_kon/acm_2026/outputs/coordinator/rc3_full_metrics_20260611_004003/meshmamba/rgb_texture/baseline_cone/Chips_v1_L3/recenter_rotx90p0_horizontaltovertical_blender_rig/Chips_v1_L3_report.json,/mnt/ssd1/29d_kon/acm_2026/outputs/coordinator/rc3_full_metrics_20260611_004003/meshmamba/_logs/rgb_texture/cone/Chips_v1_L3.log,Chips_v1_L3.csv,32868,,,52465,450,horizontal_to_vertical,json_camera_static.fov_degrees,60.000001669652114,35.98339890412515,-0.4076767771234367,0.2649608804024251,2.681317019475493,0.13323749414201944,0.2806057659630681,-0.5624769877153668,0.21220642560122857,0.0809204999628366,0.113832528615146,0.18620316363875158,-0.8054864183266173,-0.8041921985937062,-0.7911810263454131,7233839.8588088155,8154.516186000001,,,0.9686648241684933,50821,52465,32868
rgb_texture,Christmas_Bear,ok,,,/mnt/ssd1/29d_kon/acm_2026/outputs/coordinator/rc3_full_metrics_20260611_004003/meshmamba/rgb_texture/baseline_screen_space/Christmas_Bear/sigma0p05_recenter_rotx90p0_horizontaltovertical_blender_rig/Christmas_Bear_report.json,/mnt/ssd1/29d_kon/acm_2026/outputs/coordinator/rc3_full_metrics_20260611_004003/meshmamba/_logs/rgb_texture/screen_space/Christmas_Bear.log,Christmas_Bear.csv,32868,,,53964,450,horizontal_to_vertical,json_camera_static.fov_degrees,60.000001669652114,35.98339890412515,0.3266710796102339,0.6680915673635122,1.215222891196867,0.03706543171604041,0.1463336971266464,0.41961669053533457,0.744070611881722,0.6477502121790305,0.6526310279446903,0.626995979853402,0.4242379412434123,0.44396822594683855,0.23113486584903678,3.2387163061743043,4777.231648999999,30191,7823967,,,,,ok,,,/mnt/ssd1/29d_kon/acm_2026/outputs/coordinator/rc3_full_metrics_20260611_004003/meshmamba/rgb_texture/baseline_cone/Christmas_Bear/recenter_rotx90p0_horizontaltovertical_blender_rig/Christmas_Bear_report.json,/mnt/ssd1/29d_kon/acm_2026/outputs/coordinator/rc3_full_metrics_20260611_004003/meshmamba/_logs/rgb_texture/cone/Christmas_Bear.log,Christmas_Bear.csv,32868,,,53964,450,horizontal_to_vertical,json_camera_static.fov_degrees,60.000001669652114,35.98339890412515,0.15327127981618288,0.613124628736976,0.5250491491478735,0.02611823205190483,0.10709572650182368,0.4362459230949793,0.5730678379191568,0.6847175365723237,0.6922908862606778,0.5922217631570663,0.1686892255423404,0.17507656065580915,-0.012582663717860787,8660354.819982713,4777.231648999999,,,0.9561003632050997,51595,53964,32868
rgb_texture,CrawlingBaby_v1_L1,ok,,,/mnt/ssd1/29d_kon/acm_2026/outputs/coordinator/rc3_full_metrics_20260611_004003/meshmamba/rgb_texture/baseline_screen_space/CrawlingBaby_v1_L1/sigma0p05_recenter_rotx90p0_horizontaltovertical_blender_rig/CrawlingBaby_v1_L1_report.json,/mnt/ssd1/29d_kon/acm_2026/outputs/coordinator/rc3_full_metrics_20260611_004003/meshmamba/_logs/rgb_texture/screen_space/CrawlingBaby_v1_L1.log,CrawlingBaby.csv,32868,,,52465,450,horizontal_to_vertical,json_camera_static.fov_degrees,60.000001669652114,35.98339890412515,0.17481753036102873,0.6749675146710015,1.612475371346076,0.05594331624761042,0.189821917184926,0.1207679776346978,0.7532259672612746,0.6143722803594143,0.6702295920911795,0.759258027612598,0.4060001490666025,0.56395643324494,0.9134784423033915,3.2560668513967204,8154.6519450000005,30538,7743065,,,,,ok,,,/mnt/ssd1/29d_kon/acm_2026/outputs/coordinator/rc3_full_metrics_20260611_004003/meshmamba/rgb_texture/baseline_cone/CrawlingBaby_v1_L1/recenter_rotx90p0_horizontaltovertical_blender_rig/CrawlingBaby_v1_L1_report.json,/mnt/ssd1/29d_kon/acm_2026/outputs/coordinator/rc3_full_metrics_20260611_004003/meshmamba/_logs/rgb_texture/cone/CrawlingBaby_v1_L1.log,CrawlingBaby.csv,32868,,,52465,450,horizontal_to_vertical,json_camera_static.fov_degrees,60.000001669652114,35.98339890412515,0.5438731700476568,0.6495108993379106,0.5154862387520346,0.03289047949309384,0.14607801057606035,0.32974666483532217,0.7974822481028074,0.8168927079680264,0.8925055914160485,0.9576198531367222,1.4355294277286357,2.2310172732269185,3.4936622868963765,10432918.841571128,8154.6519450000005,,,0.8726198417992947,45782,52465,32868
rgb_texture,Deathstroke-obj,ok,,,/mnt/ssd1/29d_kon/acm_2026/outputs/coordinator/rc3_full_metrics_20260611_004003/meshmamba/rgb_texture/baseline_screen_space/Deathstroke-obj/sigma0p05_recenter_rotx90p0_horizontaltovertical_blender_rig/Deathstroke-obj_report.json,/mnt/ssd1/29d_kon/acm_2026/outputs/coordinator/rc3_full_metrics_20260611_004003/meshmamba/_logs/rgb_texture/screen_space/Deathstroke-obj.log,Deathstroke.csv,32868,,,52465,450,horizontal_to_vertical,json_camera_static.fov_degrees,60.000001669652114,35.98339890412515,0.30294393811337017,0.7603449207402357,0.6862086791989367,0.037985818387967864,0.15629747752118872,0.33886420293663094,0.8438081645160258,0.6776527202301503,0.7061954378159417,0.7212491141095965,0.540652069428964,0.6346820630426317,0.6785261840439585,4.193386000772772,8869.612038,31698,7599524,,,,,ok,,,/mnt/ssd1/29d_kon/acm_2026/outputs/coordinator/rc3_full_metrics_20260611_004003/meshmamba/rgb_texture/baseline_cone/Deathstroke-obj/recenter_rotx90p0_horizontaltovertical_blender_rig/Deathstroke-obj_report.json,/mnt/ssd1/29d_kon/acm_2026/outputs/coordinator/rc3_full_metrics_20260611_004003/meshmamba/_logs/rgb_texture/cone/Deathstroke-obj.log,Deathstroke.csv,32868,,,52465,450,horizontal_to_vertical,json_camera_static.fov_degrees,60.000001669652114,35.98339890412515,0.32636332341438984,0.75579314860393,0.19862704940281595,0.046109274405041235,0.16235930610237076,0.456896534622616,0.7934318746140248,0.7498806497773841,0.8056499503937641,0.9214071475230424,0.6324840698392402,0.7997285561169036,1.2893954618490526,20161801.00877802,8869.612038,,,0.8507767082817116,44636,52465,32868
rgb_texture,Diavolo_Mask_v1_L3,ok,,,/mnt/ssd1/29d_kon/acm_2026/outputs/coordinator/rc3_full_metrics_20260611_004003/meshmamba/rgb_texture/baseline_screen_space/Diavolo_Mask_v1_L3/sigma0p05_recenter_rotx90p0_horizontaltovertical_blender_rig/Diavolo_Mask_v1_L3_report.json,/mnt/ssd1/29d_kon/acm_2026/outputs/coordinator/rc3_full_metrics_20260611_004003/meshmamba/_logs/rgb_texture/screen_space/Diavolo_Mask_v1_L3.log,Diavolo_Mask_v1_l3.csv,32868,,,52465,450,horizontal_to_vertical,json_camera_static.fov_degrees,60.000001669652114,35.98339890412515,0.09217053712043881,0.6153768176449983,1.0289347728167535,0.05345757586333407,0.18282210962761944,0.09491370486166545,0.6839087497479122,0.46745241600548426,0.47484548506888147,0.6357731956162777,-0.044346120632411036,0.01535647288710375,0.7144189181580182,2.16432685874676,7124.251009,31585,7503728,,,,,ok,,,/mnt/ssd1/29d_kon/acm_2026/outputs/coordinator/rc3_full_metrics_20260611_004003/meshmamba/rgb_texture/baseline_cone/Diavolo_Mask_v1_L3/recenter_rotx90p0_horizontaltovertical_blender_rig/Diavolo_Mask_v1_L3_report.json,/mnt/ssd1/29d_kon/acm_2026/outputs/coordinator/rc3_full_metrics_20260611_004003/meshmamba/_logs/rgb_texture/cone/Diavolo_Mask_v1_L3.log,Diavolo_Mask_v1_l3.csv,32868,,,52465,450,horizontal_to_vertical,json_camera_static.fov_degrees,60.000001669652114,35.98339890412515,0.0892384007161848,0.5666990634956649,0.6803193473305886,0.06551784780580022,0.19279818043590952,0.13402288128926368,0.6186434126451894,0.5424415397828882,0.5508564342077621,0.5717798450136665,0.010991949807847906,0.07373718576657556,0.3821874872467157,8451596.162678782,7124.251009,,,0.8773658629562565,46031,52465,32868
rgb_texture,Domestic_cat_V2_L3,ok,,,/mnt/ssd1/29d_kon/acm_2026/outputs/coordinator/rc3_full_metrics_20260611_004003/meshmamba/rgb_texture/baseline_screen_space/Domestic_cat_V2_L3/sigma0p05_recenter_rotx90p0_horizontaltovertical_blender_rig/Domestic_cat_V2_L3_report.json,/mnt/ssd1/29d_kon/acm_2026/outputs/coordinator/rc3_full_metrics_20260611_004003/meshmamba/_logs/rgb_texture/screen_space/Domestic_cat_V2_L3.log,Domestic_cat_V1_iterations-2.csv,32868,,,52465,450,horizontal_to_vertical,json_camera_static.fov_degrees,60.000001669652114,35.98339890412515,0.5348124863290746,0.6444053984096585,2.996108651373105,0.0383343301258271,0.14738380501898674,0.29598938032725275,0.7678051387213705,0.7568807039875156,0.8995008810834263,0.9551527178374962,1.2869784223474794,2.0627721799574936,2.413391522251724,2.1857725137227284,3796.7092660000003,26745,8557045,,,,,ok,,,/mnt/ssd1/29d_kon/acm_2026/outputs/coordinator/rc3_full_metrics_20260611_004003/meshmamba/rgb_texture/baseline_cone/Domestic_cat_V2_L3/recenter_rotx90p0_horizontaltovertical_blender_rig/Domestic_cat_V2_L3_report.json,/mnt/ssd1/29d_kon/acm_2026/outputs/coordinator/rc3_full_metrics_20260611_004003/meshmamba/_logs/rgb_texture/cone/Domestic_cat_V2_L3.log,Domestic_cat_V1_iterations-2.csv,32868,,,52465,450,horizontal_to_vertical,json_camera_static.fov_degrees,60.000001669652114,35.98339890412515,0.5830875942938217,0.5616914911578582,1.5033963276982283,0.014978318387220576,0.08551852106234435,0.25066158573338726,0.6897412994258971,0.7338249067466951,0.8904453176575758,0.9739102415422747,1.3887622513773263,2.6038504760735357,2.9324318547336765,8654002.926927812,3796.7092660000003,,,0.9352901934623082,49070,52465,31475
rgb_texture,Eagle_wood_v1_L3,ok,,,/mnt/ssd1/29d_kon/acm_2026/outputs/coordinator/rc3_full_metrics_20260611_004003/meshmamba/rgb_texture/baseline_screen_space/Eagle_wood_v1_L3/sigma0p05_recenter_rotx90p0_horizontaltovertical_blender_rig/Eagle_wood_v1_L3_report.json,/mnt/ssd1/29d_kon/acm_2026/outputs/coordinator/rc3_full_metrics_20260611_004003/meshmamba/_logs/rgb_texture/screen_space/Eagle_wood_v1_L3.log,Eagle_v1_max2011_it2.csv,32868,,,52465,450,horizontal_to_vertical,json_camera_static.fov_degrees,60.000001669652114,35.98339890412515,-0.06393401501177992,0.5704062975630103,2.4504005650787937,0.0654742243487387,0.20031974961408372,-0.07626302483165533,0.6086115079611872,0.4427872741268948,0.41165046398895855,0.37395508835738006,-0.13246612135778024,-0.22795501842270788,-0.3904185824147216,2.6072516558082905,6640.40646,28801,7832796,,,,,ok,,,/mnt/ssd1/29d_kon/acm_2026/outputs/coordinator/rc3_full_metrics_20260611_004003/meshmamba/rgb_texture/baseline_cone/Eagle_wood_v1_L3/recenter_rotx90p0_horizontaltovertical_blender_rig/Eagle_wood_v1_L3_report.json,/mnt/ssd1/29d_kon/acm_2026/outputs/coordinator/rc3_full_metrics_20260611_004003/meshmamba/_logs/rgb_texture/cone/Eagle_wood_v1_L3.log,Eagle_v1_max2011_it2.csv,32868,,,52465,450,horizontal_to_vertical,json_camera_static.fov_degrees,60.000001669652114,35.98339890412515,0.10985136334426064,0.5557356641848017,0.7077838430700625,0.04337792730359053,0.1507933427715769,0.03456046622683531,0.581549099020543,0.4915908320475611,0.4506372464907835,0.33620908125120097,0.21651664035099752,0.1678071704789194,-0.4806690761904787,8967602.642476372,6640.40646,,,0.9037644143714858,47416,52465,32868
rgb_texture,Elephant_v01_l3,ok,,,/mnt/ssd1/29d_kon/acm_2026/outputs/coordinator/rc3_full_metrics_20260611_004003/meshmamba/rgb_texture/baseline_screen_space/Elephant_v01_l3/sigma0p05_recenter_rotx90p0_horizontaltovertical_blender_rig/Elephant_v01_l3_report.json,/mnt/ssd1/29d_kon/acm_2026/outputs/coordinator/rc3_full_metrics_20260611_004003/meshmamba/_logs/rgb_texture/screen_space/Elephant_v01_l3.log,statue_Elephant_v1_L3.csv,32868,,,52465,450,horizontal_to_vertical,json_camera_static.fov_degrees,60.000001669652114,35.98339890412515,-0.10443399813890739,0.46144549139791957,2.099201033202391,0.1758193939369926,0.3666238078985893,0.023443221970530354,0.45601329150002223,0.31441031384210505,0.33877174617067285,0.2771981081201506,-0.5166323617729621,-0.4531659935162544,-0.6556088215943027,2.0084354236203787,4025.626563,29386,8093950,,,,,ok,,,/mnt/ssd1/29d_kon/acm_2026/outputs/coordinator/rc3_full_metrics_20260611_004003/meshmamba/rgb_texture/baseline_cone/Elephant_v01_l3/recenter_rotx90p0_horizontaltovertical_blender_rig/Elephant_v01_l3_report.json,/mnt/ssd1/29d_kon/acm_2026/outputs/coordinator/rc3_full_metrics_20260611_004003/meshmamba/_logs/rgb_texture/cone/Elephant_v01_l3.log,statue_Elephant_v1_L3.csv,32868,,,52465,450,horizontal_to_vertical,json_camera_static.fov_degrees,60.000001669652114,35.98339890412515,0.24267082115726263,0.4684147418043141,1.1952353973663103,0.06148858910462897,0.1759442438029442,0.2552883119375751,0.5453735159730724,0.721640174374586,0.7525165073594272,0.7839089235073629,0.5214714888171197,0.6848668552079853,0.737307949407105,5168995.283282997,4025.626563,,,0.9438482798055847,49519,52465,31659
rgb_texture,Fighter_Jet_SG_v1_L3,ok,,,/mnt/ssd1/29d_kon/acm_2026/outputs/coordinator/rc3_full_metrics_20260611_004003/meshmamba/rgb_texture/baseline_screen_space/Fighter_Jet_SG_v1_L3/sigma0p05_recenter_rotx90p0_horizontaltovertical_blender_rig/Fighter_Jet_SG_v1_L3_report.json,/mnt/ssd1/29d_kon/acm_2026/outputs/coordinator/rc3_full_metrics_20260611_004003/meshmamba/_logs/rgb_texture/screen_space/Fighter_Jet_SG_v1_L3.log,Fighter_Jet_SG_v1_iterations-2.csv,32868,,,49467,450,horizontal_to_vertical,json_camera_static.fov_degrees,60.000001669652114,35.98339890412515,0.0740924156450506,0.5321349260760159,4.183882445058382,0.10143640300464789,0.2477353035740452,0.10328299431973133,0.59770285146179,0.563984266535224,0.5608231206514671,0.5845903783825086,0.1463422594069171,0.15185617766137807,0.23970656887082928,3.4679613556667865,8103.355491,22984,7766650,,,,,ok,,,/mnt/ssd1/29d_kon/acm_2026/outputs/coordinator/rc3_full_metrics_20260611_004003/meshmamba/rgb_texture/baseline_cone/Fighter_Jet_SG_v1_L3/recenter_rotx90p0_horizontaltovertical_blender_rig/Fighter_Jet_SG_v1_L3_report.json,/mnt/ssd1/29d_kon/acm_2026/outputs/coordinator/rc3_full_metrics_20260611_004003/meshmamba/_logs/rgb_texture/cone/Fighter_Jet_SG_v1_L3.log,Fighter_Jet_SG_v1_iterations-2.csv,32868,,,49467,450,horizontal_to_vertical,json_camera_static.fov_degrees,60.000001669652114,35.98339890412515,0.471228437646399,0.6872391160607998,0.3516799374862062,0.04676552860610661,0.16747860043637966,0.4147171812371175,0.7983809641460906,0.7944763403629849,0.8335313472293133,0.8948415980785648,1.0115680719962576,1.2263740614755672,1.8589816987703907,14807027.010384038,8103.355491,,,0.8571977277781146,42403,49467,32868
rgb_texture,Flying_saucer_v1_L3,ok,,,/mnt/ssd1/29d_kon/acm_2026/outputs/coordinator/rc3_full_metrics_20260611_004003/meshmamba/rgb_texture/baseline_screen_space/Flying_saucer_v1_L3/sigma0p05_recenter_rotx90p0_horizontaltovertical_blender_rig/Flying_saucer_v1_L3_report.json,/mnt/ssd1/29d_kon/acm_2026/outputs/coordinator/rc3_full_metrics_20260611_004003/meshmamba/_logs/rgb_texture/screen_space/Flying_saucer_v1_L3.log,Flying_saucer_v1_L3.csv,32868,,,52465,450,horizontal_to_vertical,json_camera_static.fov_degrees,60.000001669652114,35.98339890412515,0.12495211407638046,0.3868565325513372,5.503364167441548,0.13627564875821,0.2936383798548594,0.14366775985379693,0.39459097300730006,0.5962611495487214,0.5725836012350596,0.6105385718573297,0.37785929060956325,0.32579747269044684,0.37214121655661,2.47867839335812,2581.479386,24960,7597463,,,,,ok,,,/mnt/ssd1/29d_kon/acm_2026/outputs/coordinator/rc3_full_metrics_20260611_004003/meshmamba/rgb_texture/baseline_cone/Flying_saucer_v1_L3/recenter_rotx90p0_horizontaltovertical_blender_rig/Flying_saucer_v1_L3_report.json,/mnt/ssd1/29d_kon/acm_2026/outputs/coordinator/rc3_full_metrics_20260611_004003/meshmamba/_logs/rgb_texture/cone/Flying_saucer_v1_L3.log,Flying_saucer_v1_L3.csv,32868,,,52465,450,horizontal_to_vertical,json_camera_static.fov_degrees,60.000001669652114,35.98339890412515,-0.25861863983078653,0.08838947740301924,16.886090269725514,0.0682225206512345,0.18000907886398199,-0.4989324672035945,0.061510772248157694,0.5,0.5,0.5,-0.7515287419776912,-0.751528741977691,-0.7515287419776913,4973127.091208229,2581.479386,,,0.9399599733155437,49315,52465,19715
rgb_texture,Frog_v1_L3,ok,,,/mnt/ssd1/29d_kon/acm_2026/outputs/coordinator/rc3_full_metrics_20260611_004003/meshmamba/rgb_texture/baseline_screen_space/Frog_v1_L3/sigma0p05_recenter_rotx90p0_horizontaltovertical_blender_rig/Frog_v1_L3_report.json,/mnt/ssd1/29d_kon/acm_2026/outputs/coordinator/rc3_full_metrics_20260611_004003/meshmamba/_logs/rgb_texture/screen_space/Frog_v1_L3.log,Frog_v1_L3.csv,32868,,,52465,450,horizontal_to_vertical,json_camera_static.fov_degrees,60.000001669652114,35.98339890412515,0.09640357302753845,0.5289688399542172,3.4150717937713857,0.06563613487030501,0.19040515706973696,0.10847997889074029,0.5319936490070936,0.5449097771556325,0.5855790947508717,0.6266702542873266,0.16003155175391903,0.3269434565408198,0.4351919354944414,3.0862731867497377,4224.881885,27559,7588494,,,,,ok,,,/mnt/ssd1/29d_kon/acm_2026/outputs/coordinator/rc3_full_metrics_20260611_004003/meshmamba/rgb_texture/baseline_cone/Frog_v1_L3/recenter_rotx90p0_horizontaltovertical_blender_rig/Frog_v1_L3_report.json,/mnt/ssd1/29d_kon/acm_2026/outputs/coordinator/rc3_full_metrics_20260611_004003/meshmamba/_logs/rgb_texture/cone/Frog_v1_L3.log,Frog_v1_L3.csv,32868,,,52465,450,horizontal_to_vertical,json_camera_static.fov_degrees,60.000001669652114,35.98339890412515,-0.0504136585916732,0.46577630041541596,1.0201959313017868,0.05555676216365788,0.14066963415313857,0.20146447505008633,0.3653193816916086,0.44968443090474447,0.43667547944902324,0.4757659524960041,-0.37088821823292156,-0.3826672865805961,-0.3576691187230189,10406117.865097655,4224.881885,,,0.7875154865148194,41317,52465,32868
rgb_texture,Gold_Doubloon_v1_L1,ok,,,/mnt/ssd1/29d_kon/acm_2026/outputs/coordinator/rc3_full_metrics_20260611_004003/meshmamba/rgb_texture/baseline_screen_space/Gold_Doubloon_v1_L1/sigma0p05_recenter_rotx90p0_horizontaltovertical_blender_rig/Gold_Doubloon_v1_L1_report.json,/mnt/ssd1/29d_kon/acm_2026/outputs/coordinator/rc3_full_metrics_20260611_004003/meshmamba/_logs/rgb_texture/screen_space/Gold_Doubloon_v1_L1.log,Gold_Doubloon_v1_l1.csv,32868,,,52465,450,horizontal_to_vertical,json_camera_static.fov_degrees,60.000001669652114,35.98339890412515,0.381214932687604,0.6775089056047047,0.37368917121114004,0.03784000852517312,0.15368910930561083,0.41918034714324093,0.779832503705124,0.7226250637555267,0.7016153157188338,0.6743138535370835,0.6935333525843309,0.6376390376765235,0.5394012083384371,3.6386659511164443,7094.053067999999,32640,7548339,,,,,ok,,,/mnt/ssd1/29d_kon/acm_2026/outputs/coordinator/rc3_full_metrics_20260611_004003/meshmamba/rgb_texture/baseline_cone/Gold_Doubloon_v1_L1/recenter_rotx90p0_horizontaltovertical_blender_rig/Gold_Doubloon_v1_L1_report.json,/mnt/ssd1/29d_kon/acm_2026/outputs/coordinator/rc3_full_metrics_20260611_004003/meshmamba/_logs/rgb_texture/cone/Gold_Doubloon_v1_L1.log,Gold_Doubloon_v1_l1.csv,32868,,,52465,450,horizontal_to_vertical,json_camera_static.fov_degrees,60.000001669652114,35.98339890412515,0.3859805801878148,0.6516670475050352,0.4307684939478369,0.03929459350540689,0.1442965713449506,0.45384893542489085,0.7368793102885782,0.7591555908628191,0.7376154965797724,0.7172387757090368,0.776124206883173,0.6378248444296148,0.4218490155312841,12358578.48592352,7094.053067999999,,,0.9280472696083103,48690,52465,32868
rgb_texture,GrayAlien_v01_L3,ok,,,/mnt/ssd1/29d_kon/acm_2026/outputs/coordinator/rc3_full_metrics_20260611_004003/meshmamba/rgb_texture/baseline_screen_space/GrayAlien_v01_L3/sigma0p05_recenter_rotx90p0_horizontaltovertical_blender_rig/GrayAlien_v01_L3_report.json,/mnt/ssd1/29d_kon/acm_2026/outputs/coordinator/rc3_full_metrics_20260611_004003/meshmamba/_logs/rgb_texture/screen_space/GrayAlien_v01_L3.log,GrayAlien_v01.csv,32868,,,52465,450,horizontal_to_vertical,json_camera_static.fov_degrees,60.000001669652114,35.98339890412515,0.34178010393808855,0.5947536383498397,0.9113231210411248,0.05656305823052948,0.19381604075173275,0.19793901373242764,0.7147317146153381,0.8086219347479713,0.8966225154803249,0.8927752444086035,1.0818324283656944,1.5052810969938624,1.5244569285433707,3.977059846404133,7181.619656,31690,7638557,,,,,ok,,,/mnt/ssd1/29d_kon/acm_2026/outputs/coordinator/rc3_full_metrics_20260611_004003/meshmamba/rgb_texture/baseline_cone/GrayAlien_v01_L3/recenter_rotx90p0_horizontaltovertical_blender_rig/GrayAlien_v01_L3_report.json,/mnt/ssd1/29d_kon/acm_2026/outputs/coordinator/rc3_full_metrics_20260611_004003/meshmamba/_logs/rgb_texture/cone/GrayAlien_v01_L3.log,GrayAlien_v01.csv,32868,,,52465,450,horizontal_to_vertical,json_camera_static.fov_degrees,60.000001669652114,35.98339890412515,0.6653890444101086,0.6525429469907091,0.5289506125941301,0.03781608065557738,0.1423787980994111,0.14871487495141117,0.8108562795391026,0.8545330617883294,0.9800348731994168,0.9762795283957123,2.0350670063777487,2.7887979440538193,3.088613169107322,31028591.294971526,7181.619656,,,0.8200133422281521,43022,52465,32868
rgb_texture,Great_Dane_v1_L3,ok,,,/mnt/ssd1/29d_kon/acm_2026/outputs/coordinator/rc3_full_metrics_20260611_004003/meshmamba/rgb_texture/baseline_screen_space/Great_Dane_v1_L3/sigma0p05_recenter_rotx90p0_horizontaltovertical_blender_rig/Great_Dane_v1_L3_report.json,/mnt/ssd1/29d_kon/acm_2026/outputs/coordinator/rc3_full_metrics_20260611_004003/meshmamba/_logs/rgb_texture/screen_space/Great_Dane_v1_L3.log,Great_Dane_v1_l3.csv,32868,,,52465,450,horizontal_to_vertical,json_camera_static.fov_degrees,60.000001669652114,35.98339890412515,0.13834856950769173,0.6043502485310929,1.8451005450833686,0.09908815300716646,0.2523855046488355,0.15018609205113317,0.6880018480129455,0.5900775486678372,0.41580291152603926,0.19254747938200134,0.25744759515177246,-0.28984260946512236,-1.0979859900166933,3.2059972745285035,9149.205681,30580,8001141,,,,,ok,,,/mnt/ssd1/29d_kon/acm_2026/outputs/coordinator/rc3_full_metrics_20260611_004003/meshmamba/rgb_texture/baseline_cone/Great_Dane_v1_L3/recenter_rotx90p0_horizontaltovertical_blender_rig/Great_Dane_v1_L3_report.json,/mnt/ssd1/29d_kon/acm_2026/outputs/coordinator/rc3_full_metrics_20260611_004003/meshmamba/_logs/rgb_texture/cone/Great_Dane_v1_L3.log,Great_Dane_v1_l3.csv,32868,,,52465,450,horizontal_to_vertical,json_camera_static.fov_degrees,60.000001669652114,35.98339890412515,0.40660182380595533,0.6161649046718449,0.6669672344116678,0.07148967188416092,0.18838141895373944,0.3551984910651429,0.7081722614099908,0.6230754541985737,0.4073907739414375,0.14634909467068324,0.7552517436806071,0.06560963766391911,-0.5444087327606961,17173484.9207343,9149.205681,,,0.7354045554178976,38583,52465,32868
rgb_texture,Gun_Powder_Keg_v1_L3,ok,,,/mnt/ssd1/29d_kon/acm_2026/outputs/coordinator/rc3_full_metrics_20260611_004003/meshmamba/rgb_texture/baseline_screen_space/Gun_Powder_Keg_v1_L3/sigma0p05_recenter_rotx90p0_horizontaltovertical_blender_rig/Gun_Powder_Keg_v1_L3_report.json,/mnt/ssd1/29d_kon/acm_2026/outputs/coordinator/rc3_full_metrics_20260611_004003/meshmamba/_logs/rgb_texture/screen_space/Gun_Powder_Keg_v1_L3.log,Gun_Powder_Keg_v1_L3.csv,32868,,,53964,450,horizontal_to_vertical,json_camera_static.fov_degrees,60.000001669652114,35.98339890412515,-0.10105454801962852,0.27473176398241195,2.3347346955834967,0.07564433609845443,0.2016009037611715,-0.03926914454050552,0.26510540042434305,0.4437472130659848,0.4496359170343108,0.47164534193291174,-0.29249715434991985,-0.2840310919124432,-0.23146170178034897,1.1858167785126412,2411.3684630000002,26985,7949241,,,,,ok,,,/mnt/ssd1/29d_kon/acm_2026/outputs/coordinator/rc3_full_metrics_20260611_004003/meshmamba/rgb_texture/baseline_cone/Gun_Powder_Keg_v1_L3/recenter_rotx90p0_horizontaltovertical_blender_rig/Gun_Powder_Keg_v1_L3_report.json,/mnt/ssd1/29d_kon/acm_2026/outputs/coordinator/rc3_full_metrics_20260611_004003/meshmamba/_logs/rgb_texture/cone/Gun_Powder_Keg_v1_L3.log,Gun_Powder_Keg_v1_L3.csv,32868,,,53964,450,horizontal_to_vertical,json_camera_static.fov_degrees,60.000001669652114,35.98339890412515,-0.00915883645570769,0.2887178424824554,1.7030362689826977,0.03024671672237953,0.10570876806920086,0.13619172608832375,0.2841847221404814,0.5774093012100131,0.6078132237164874,0.6731251934199886,-0.04907200071490549,0.03603296754016392,0.23579920051575354,2677149.1437469167,2411.3684630000002,,,0.9757245571121489,52654,53964,31496
rgb_texture,Handheld_Game_unit_v1_L3,ok,,,/mnt/ssd1/29d_kon/acm_2026/outputs/coordinator/rc3_full_metrics_20260611_004003/meshmamba/rgb_texture/baseline_screen_space/Handheld_Game_unit_v1_L3/sigma0p05_recenter_rotx90p0_horizontaltovertical_blender_rig/Handheld_Game_unit_v1_L3_report.json,/mnt/ssd1/29d_kon/acm_2026/outputs/coordinator/rc3_full_metrics_20260611_004003/meshmamba/_logs/rgb_texture/screen_space/Handheld_Game_unit_v1_L3.log,Handheld_Game_unit_v1_L3.csv,32868,,,52465,450,horizontal_to_vertical,json_camera_static.fov_degrees,60.000001669652114,35.98339890412515,-0.03541937798358368,0.48133296567851724,2.694704193188948,0.08141070451284398,0.22462112058674846,0.07127067545330054,0.4488454087102649,0.4757477128564515,0.46191016814067165,0.1978843531320984,-0.11411674990535009,-0.1467437514086398,-0.9527747835934639,3.0413962078862924,3187.400668,29305,7567925,,,,,ok,,,/mnt/ssd1/29d_kon/acm_2026/outputs/coordinator/rc3_full_metrics_20260611_004003/meshmamba/rgb_texture/baseline_cone/Handheld_Game_unit_v1_L3/recenter_rotx90p0_horizontaltovertical_blender_rig/Handheld_Game_unit_v1_L3_report.json,/mnt/ssd1/29d_kon/acm_2026/outputs/coordinator/rc3_full_metrics_20260611_004003/meshmamba/_logs/rgb_texture/cone/Handheld_Game_unit_v1_L3.log,Handheld_Game_unit_v1_L3.csv,32868,,,52465,450,horizontal_to_vertical,json_camera_static.fov_degrees,60.000001669652114,35.98339890412515,0.1377789300177276,0.5233560550834138,1.2174546763142267,0.048676849692226624,0.154413434607767,0.2534020080901909,0.5006801418802392,0.5772781056982788,0.5547962376716894,0.07176658059428521,0.43478321557582633,0.43052174241888114,-1.0834264877066189,9806874.527459443,3187.400668,,,0.9176593919756028,48145,52465,32868
rgb_texture,Holsteind_v2_L3,ok,,,/mnt/ssd1/29d_kon/acm_2026/outputs/coordinator/rc3_full_metrics_20260611_004003/meshmamba/rgb_texture/baseline_screen_space/Holsteind_v2_L3/sigma0p05_recenter_rotx90p0_horizontaltovertical_blender_rig/Holsteind_v2_L3_report.json,/mnt/ssd1/29d_kon/acm_2026/outputs/coordinator/rc3_full_metrics_20260611_004003/meshmamba/_logs/rgb_texture/screen_space/Holsteind_v2_L3.log,Holsteind_v2_l3.csv,32868,,,52465,450,horizontal_to_vertical,json_camera_static.fov_degrees,60.000001669652114,35.98339890412515,-0.08668221538193388,0.565629156412792,1.7150121532050218,0.08751009075250359,0.2372007363847985,-0.1221467576713238,0.6089378315165607,0.48351415495851413,0.5318888575635562,0.44193262216740425,-0.08255448883963341,0.039092873498038395,-0.2470214946339966,2.745293647327924,5277.208095,30714,8092521,,,,,ok,,,/mnt/ssd1/29d_kon/acm_2026/outputs/coordinator/rc3_full_metrics_20260611_004003/meshmamba/rgb_texture/baseline_cone/Holsteind_v2_L3/recenter_rotx90p0_horizontaltovertical_blender_rig/Holsteind_v2_L3_report.json,/mnt/ssd1/29d_kon/acm_2026/outputs/coordinator/rc3_full_metrics_20260611_004003/meshmamba/_logs/rgb_texture/cone/Holsteind_v2_L3.log,Holsteind_v2_l3.csv,32868,,,52465,450,horizontal_to_vertical,json_camera_static.fov_degrees,60.000001669652114,35.98339890412515,-0.050976676986982064,0.4454324568704594,1.1584121740731959,0.04399148669495814,0.14705723506953863,-0.10230962985120358,0.40592056495571754,0.4505960733578781,0.40995508749897924,0.23760839342566803,-0.17720916871203632,-0.2673308861187606,-0.5470286174142464,9412766.247425217,5277.208095,,,0.8696464309539693,45626,52465,32868
rgb_texture,Horse_v01_L3,ok,,,/mnt/ssd1/29d_kon/acm_2026/outputs/coordinator/rc3_full_metrics_20260611_004003/meshmamba/rgb_texture/baseline_screen_space/Horse_v01_L3/sigma0p05_recenter_rotx90p0_horizontaltovertical_blender_rig/Horse_v01_L3_report.json,/mnt/ssd1/29d_kon/acm_2026/outputs/coordinator/rc3_full_metrics_20260611_004003/meshmamba/_logs/rgb_texture/screen_space/Horse_v01_L3.log,Horse_v01-it2.csv,32868,,,52465,450,horizontal_to_vertical,json_camera_static.fov_degrees,60.000001669652114,35.98339890412515,0.3036573215247158,0.6130278820753513,1.22357121813773,0.06647489027938938,0.2050771023928799,0.25647545381088255,0.7076359679688621,0.7096997064168105,0.6803058684971883,0.509083044699879,0.6775221295699804,0.6415149755866212,0.1126019704259752,2.796519341101055,5749.785538,31138,7899226,,,,,ok,,,/mnt/ssd1/29d_kon/acm_2026/outputs/coordinator/rc3_full_metrics_20260611_004003/meshmamba/rgb_texture/baseline_cone/Horse_v01_L3/recenter_rotx90p0_horizontaltovertical_blender_rig/Horse_v01_L3_report.json,/mnt/ssd1/29d_kon/acm_2026/outputs/coordinator/rc3_full_metrics_20260611_004003/meshmamba/_logs/rgb_texture/cone/Horse_v01_L3.log,Horse_v01-it2.csv,32868,,,52465,450,horizontal_to_vertical,json_camera_static.fov_degrees,60.000001669652114,35.98339890412515,0.5120924391053465,0.616571810283004,0.5762850335118996,0.0394147178067366,0.14109627604227298,0.40656963776480876,0.735706579552445,0.8637862663697037,0.8471905170113699,0.8019586222976198,1.1588497854670523,1.1797862075430436,0.5693142484740618,14178830.57945823,5749.785538,,,0.8405413132564566,44099,52465,32868
rgb_texture,Hover_Truck_v1_L2,ok,,,/mnt/ssd1/29d_kon/acm_2026/outputs/coordinator/rc3_full_metrics_20260611_004003/meshmamba/rgb_texture/baseline_screen_space/Hover_Truck_v1_L2/sigma0p05_recenter_rotx90p0_horizontaltovertical_blender_rig/Hover_Truck_v1_L2_report.json,/mnt/ssd1/29d_kon/acm_2026/outputs/coordinator/rc3_full_metrics_20260611_004003/meshmamba/_logs/rgb_texture/screen_space/Hover_Truck_v1_L2.log,Hover_Truck_V1_l2.csv,32868,,,52465,450,horizontal_to_vertical,json_camera_static.fov_degrees,60.000001669652114,35.98339890412515,0.14103810774162542,0.610099234134065,1.7676511675044344,0.07943855729142925,0.21813329872263806,0.1932545563884358,0.671749922985836,0.53792922254886,0.5106218982465918,0.5606560880742502,0.10774659319564119,0.022404432344661093,0.18256686484303167,2.3174438226454037,4870.425046,27911,7427252,,,,,ok,,,/mnt/ssd1/29d_kon/acm_2026/outputs/coordinator/rc3_full_metrics_20260611_004003/meshmamba/rgb_texture/baseline_cone/Hover_Truck_v1_L2/recenter_rotx90p0_horizontaltovertical_blender_rig/Hover_Truck_v1_L2_report.json,/mnt/ssd1/29d_kon/acm_2026/outputs/coordinator/rc3_full_metrics_20260611_004003/meshmamba/_logs/rgb_texture/cone/Hover_Truck_v1_L2.log,Hover_Truck_V1_l2.csv,32868,,,52465,450,horizontal_to_vertical,json_camera_static.fov_degrees,60.000001669652114,35.98339890412515,0.2044381639174379,0.5943459544947889,0.7344220590819917,0.03947319271912232,0.14539021037622382,0.2617134015663813,0.6535324747375081,0.578360302830897,0.5915592332431289,0.7249094866847182,0.23165375010127365,0.2879158734265442,0.9989725061358761,5907461.370458147,4870.425046,,,0.9690841513389878,50843,52465,32067
rgb_texture,Ice_Cream_V1_L3,ok,,,/mnt/ssd1/29d_kon/acm_2026/outputs/coordinator/rc3_full_metrics_20260611_004003/meshmamba/rgb_texture/baseline_screen_space/Ice_Cream_V1_L3/sigma0p05_recenter_rotx90p0_horizontaltovertical_blender_rig/Ice_Cream_V1_L3_report.json,/mnt/ssd1/29d_kon/acm_2026/outputs/coordinator/rc3_full_metrics_20260611_004003/meshmamba/_logs/rgb_texture/screen_space/Ice_Cream_V1_L3.log,Ice_Cream_v1_LOD1.csv,32868,,,52465,450,horizontal_to_vertical,json_camera_static.fov_degrees,60.000001669652114,35.98339890412515,0.26309453437090347,0.6408002034252422,1.361906591182186,0.0834174013651149,0.2273043653254142,0.3310024216758645,0.714283657841891,0.6470554873863636,0.5918422716507921,0.5710580083885308,0.4569688519679043,0.28164996159590283,0.1289811404170427,6.560652720811953,7277.817188999999,31028,7623894,,,,,ok,,,/mnt/ssd1/29d_kon/acm_2026/outputs/coordinator/rc3_full_metrics_20260611_004003/meshmamba/rgb_texture/baseline_cone/Ice_Cream_V1_L3/recenter_rotx90p0_horizontaltovertical_blender_rig/Ice_Cream_V1_L3_report.json,/mnt/ssd1/29d_kon/acm_2026/outputs/coordinator/rc3_full_metrics_20260611_004003/meshmamba/_logs/rgb_texture/cone/Ice_Cream_V1_L3.log,Ice_Cream_v1_LOD1.csv,32868,,,52465,450,horizontal_to_vertical,json_camera_static.fov_degrees,60.000001669652114,35.98339890412515,0.316767292218875,0.6059551273064495,0.5681757313738989,0.06410784126905185,0.18642076628848353,0.48503658247127385,0.6916743090809628,0.6979410702034367,0.7014638612415555,0.7209594453455013,0.2768947121997927,0.28232527474951635,0.3151220324570258,35930474.96548223,7277.817188999999,,,0.8874106547221957,46558,52465,32460
rgb_texture,Ichthyosaurus_V1_L2,ok,,,/mnt/ssd1/29d_kon/acm_2026/outputs/coordinator/rc3_full_metrics_20260611_004003/meshmamba/rgb_texture/baseline_screen_space/Ichthyosaurus_V1_L2/sigma0p05_recenter_rotx90p0_horizontaltovertical_blender_rig/Ichthyosaurus_V1_L2_report.json,/mnt/ssd1/29d_kon/acm_2026/outputs/coordinator/rc3_full_metrics_20260611_004003/meshmamba/_logs/rgb_texture/screen_space/Ichthyosaurus_V1_L2.log,Ichthyosaurus_v1_L2.csv,32868,,,52465,450,horizontal_to_vertical,json_camera_static.fov_degrees,60.000001669652114,35.98339890412515,0.2364499991430399,0.6625554587465277,1.6081386966416567,0.07248390937001688,0.21534449720987775,0.24475355208827185,0.7502780399139747,0.6693864825191044,0.7643866655695009,0.8151466778561074,0.4924608282600135,0.8031866136764158,1.0113460088867798,5.05601534032057,9063.878693999999,30355,7619780,,,,,ok,,,/mnt/ssd1/29d_kon/acm_2026/outputs/coordinator/rc3_full_metrics_20260611_004003/meshmamba/rgb_texture/baseline_cone/Ichthyosaurus_V1_L2/recenter_rotx90p0_horizontaltovertical_blender_rig/Ichthyosaurus_V1_L2_report.json,/mnt/ssd1/29d_kon/acm_2026/outputs/coordinator/rc3_full_metrics_20260611_004003/meshmamba/_logs/rgb_texture/cone/Ichthyosaurus_V1_L2.log,Ichthyosaurus_v1_L2.csv,32868,,,52465,450,horizontal_to_vertical,json_camera_static.fov_degrees,60.000001669652114,35.98339890412515,0.5278828590907996,0.6756815378492731,0.4617685225152187,0.05358870925415982,0.16308859566957382,0.45974679375173233,0.7730132632443776,0.7039567544049743,0.8446736492547688,0.9285725028025757,1.1548602782110613,1.7469293494448195,2.176929393039872,34693188.04033671,9063.878693999999,,,0.7686648241684932,40328,52465,32868
rgb_texture,Impact_Driver_v2_L3,ok,,,/mnt/ssd1/29d_kon/acm_2026/outputs/coordinator/rc3_full_metrics_20260611_004003/meshmamba/rgb_texture/baseline_screen_space/Impact_Driver_v2_L3/sigma0p05_recenter_rotx90p0_horizontaltovertical_blender_rig/Impact_Driver_v2_L3_report.json,/mnt/ssd1/29d_kon/acm_2026/outputs/coordinator/rc3_full_metrics_20260611_004003/meshmamba/_logs/rgb_texture/screen_space/Impact_Driver_v2_L3.log,Impact_Driver_v2_L3.csv,32868,,,53964,450,horizontal_to_vertical,json_camera_static.fov_degrees,60.000001669652114,35.98339890412515,0.004848521937014855,0.5816231763060485,1.655532349551087,0.07221911480913987,0.21161127294268045,0.07952226888061668,0.6461077670136819,0.4226862427326053,0.4492017650656149,0.5864769150995892,-0.22786350419970064,-0.17857552584672748,0.22422130549622876,3.0884936834450416,7978.725249000001,30588,7622631,,,,,ok,,,/mnt/ssd1/29d_kon/acm_2026/outputs/coordinator/rc3_full_metrics_20260611_004003/meshmamba/rgb_texture/baseline_cone/Impact_Driver_v2_L3/recenter_rotx90p0_horizontaltovertical_blender_rig/Impact_Driver_v2_L3_report.json,/mnt/ssd1/29d_kon/acm_2026/outputs/coordinator/rc3_full_metrics_20260611_004003/meshmamba/_logs/rgb_texture/cone/Impact_Driver_v2_L3.log,Impact_Driver_v2_L3.csv,32868,,,53964,450,horizontal_to_vertical,json_camera_static.fov_degrees,60.000001669652114,35.98339890412515,0.5465264323436553,0.7030309028902598,0.3779033877664205,0.04187394764612649,0.14563141171109117,0.5286270796042297,0.8038438335386149,0.8055370275613009,0.7658288386935498,0.9966446623649469,1.3770294930810631,1.4673721941078748,3.188478377399131,18233332.808291204,7978.725249000001,,,0.9130902082870062,49274,53964,32851
rgb_texture,Jambu_Fruit_Dove_v1_L3,ok,,,/mnt/ssd1/29d_kon/acm_2026/outputs/coordinator/rc3_full_metrics_20260611_004003/meshmamba/rgb_texture/baseline_screen_space/Jambu_Fruit_Dove_v1_L3/sigma0p05_recenter_rotx90p0_horizontaltovertical_blender_rig/Jambu_Fruit_Dove_v1_L3_report.json,/mnt/ssd1/29d_kon/acm_2026/outputs/coordinator/rc3_full_metrics_20260611_004003/meshmamba/_logs/rgb_texture/screen_space/Jambu_Fruit_Dove_v1_L3.log,Jambu_fruit_dove_v1_L3.csv,32868,,,52465,450,horizontal_to_vertical,json_camera_static.fov_degrees,60.000001669652114,35.98339890412515,0.03656430781454386,0.5120051502524555,2.814449969127419,0.1400776269390526,0.31405224442581176,0.1594732075479748,0.5414935504434898,0.3985199862758172,0.406556376559799,0.520490959130549,-0.3276644516070033,-0.3268743874592544,0.027924299113959827,3.413483986385647,5204.197679999999,28889,8023252,,,,,ok,,,/mnt/ssd1/29d_kon/acm_2026/outputs/coordinator/rc3_full_metrics_20260611_004003/meshmamba/rgb_texture/baseline_cone/Jambu_Fruit_Dove_v1_L3/recenter_rotx90p0_horizontaltovertical_blender_rig/Jambu_Fruit_Dove_v1_L3_report.json,/mnt/ssd1/29d_kon/acm_2026/outputs/coordinator/rc3_full_metrics_20260611_004003/meshmamba/_logs/rgb_texture/cone/Jambu_Fruit_Dove_v1_L3.log,Jambu_fruit_dove_v1_L3.csv,32868,,,52465,450,horizontal_to_vertical,json_camera_static.fov_degrees,60.000001669652114,35.98339890412515,0.11681240899339035,0.4815143591961645,0.9770137533355945,0.0714749101416249,0.1808296154074098,0.2648018124962236,0.48550292016583557,0.4083189586323217,0.4445817265463649,0.4817148110600223,-0.4419974041372583,-0.40991297005943816,-0.36510477691561194,20577289.146607377,5204.197679999999,,,0.8356428094920423,43842,52465,32868
rgb_texture,Jukebox_bubbler_style_V2_L1,ok,,,/mnt/ssd1/29d_kon/acm_2026/outputs/coordinator/rc3_full_metrics_20260611_004003/meshmamba/rgb_texture/baseline_screen_space/Jukebox_bubbler_style_V2_L1/sigma0p05_recenter_rotx90p0_horizontaltovertical_blender_rig/Jukebox_bubbler_style_V2_L1_report.json,/mnt/ssd1/29d_kon/acm_2026/outputs/coordinator/rc3_full_metrics_20260611_004003/meshmamba/_logs/rgb_texture/screen_space/Jukebox_bubbler_style_V2_L1.log,Jukebox_bubbler_style_V2_Textured.csv,32868,,,52465,450,horizontal_to_vertical,json_camera_static.fov_degrees,60.000001669652114,35.98339890412515,0.36981262649776886,0.5470630728933832,2.1801676572411695,0.06629533016882205,0.20777725069828962,0.4220119842936212,0.6541473184229323,0.7465964578785377,0.7635287449669075,0.7983594808978817,0.7414446819218999,0.7838851104269842,0.8981032408176114,3.2840181249649962,3582.6426920000004,29003,7676569,,,,,ok,,,/mnt/ssd1/29d_kon/acm_2026/outputs/coordinator/rc3_full_metrics_20260611_004003/meshmamba/rgb_texture/baseline_cone/Jukebox_bubbler_style_V2_L1/recenter_rotx90p0_horizontaltovertical_blender_rig/Jukebox_bubbler_style_V2_L1_report.json,/mnt/ssd1/29d_kon/acm_2026/outputs/coordinator/rc3_full_metrics_20260611_004003/meshmamba/_logs/rgb_texture/cone/Jukebox_bubbler_style_V2_L1.log,Jukebox_bubbler_style_V2_Textured.csv,32868,,,52465,450,horizontal_to_vertical,json_camera_static.fov_degrees,60.000001669652114,35.98339890412515,0.7041713612430127,0.6599682935755118,0.406986474822082,0.0323415760607267,0.1281778931271923,0.6445525392419864,0.8179273677000723,0.9112614806614483,0.9534499418844946,0.9854377692758869,1.6613681384683283,2.1797838596258683,3.108581115109206,9844029.530708529,3582.6426920000004,,,0.9040503192604593,47431,52465,32664
rgb_texture,Kangaroo_v1_L3,ok,,,/mnt/ssd1/29d_kon/acm_2026/outputs/coordinator/rc3_full_metrics_20260611_004003/meshmamba/rgb_texture/baseline_screen_space/Kangaroo_v1_L3/sigma0p05_recenter_rotx90p0_horizontaltovertical_blender_rig/Kangaroo_v1_L3_report.json,/mnt/ssd1/29d_kon/acm_2026/outputs/coordinator/rc3_full_metrics_20260611_004003/meshmamba/_logs/rgb_texture/screen_space/Kangaroo_v1_L3.log,Kangaroo_v1_L3.csv,32868,,,52465,450,horizontal_to_vertical,json_camera_static.fov_degrees,60.000001669652114,35.98339890412515,0.3573957913832726,0.5275613734489604,1.4220870774472967,0.08141803391227401,0.23858860555087874,0.2766024020241056,0.6634340755249566,0.8124089356438732,0.7838351776317798,0.7148110133166363,0.9972177881096201,0.957849929968429,0.6419130147114709,3.838601686697789,6227.7460360000005,31024,7783997,,,,,ok,,,/mnt/ssd1/29d_kon/acm_2026/outputs/coordinator/rc3_full_metrics_20260611_004003/meshmamba/rgb_texture/baseline_cone/Kangaroo_v1_L3/recenter_rotx90p0_horizontaltovertical_blender_rig/Kangaroo_v1_L3_report.json,/mnt/ssd1/29d_kon/acm_2026/outputs/coordinator/rc3_full_metrics_20260611_004003/meshmamba/_logs/rgb_texture/cone/Kangaroo_v1_L3.log,Kangaroo_v1_L3.csv,32868,,,52465,450,horizontal_to_vertical,json_camera_static.fov_degrees,60.000001669652114,35.98339890412515,0.8448556953520201,0.7247227420981313,0.3784141642397545,0.020299045770831258,0.10709194214708387,0.4259189803568766,0.9029987408349919,0.9917525111164454,0.9714257542080365,0.9590173344476691,2.3003265441976493,2.3559259832977966,2.412873321137656,27356563.75464094,6227.7460360000005,,,0.6950538454207567,36466,52465,32868
rgb_texture,King_Cake_v2_L2,ok,,,/mnt/ssd1/29d_kon/acm_2026/outputs/coordinator/rc3_full_metrics_20260611_004003/meshmamba/rgb_texture/baseline_screen_space/King_Cake_v2_L2/sigma0p05_recenter_rotx90p0_horizontaltovertical_blender_rig/King_Cake_v2_L2_report.json,/mnt/ssd1/29d_kon/acm_2026/outputs/coordinator/rc3_full_metrics_20260611_004003/meshmamba/_logs/rgb_texture/screen_space/King_Cake_v2_L2.log,King_Cake_v2_L2.csv,32868,,,52465,450,horizontal_to_vertical,json_camera_static.fov_degrees,60.000001669652114,35.98339890412515,0.1727190726132591,0.6227134403927725,1.5057600715086648,0.15027796670827712,0.30759397319691667,0.14221081359270982,0.709795318451092,0.5704255943730563,0.5552836407579671,0.508774787066369,0.2918991187832612,0.261684283632054,0.13153742539438562,3.0820139282967145,6516.072204,29048,6590191,,,,,ok,,,/mnt/ssd1/29d_kon/acm_2026/outputs/coordinator/rc3_full_metrics_20260611_004003/meshmamba/rgb_texture/baseline_cone/King_Cake_v2_L2/recenter_rotx90p0_horizontaltovertical_blender_rig/King_Cake_v2_L2_report.json,/mnt/ssd1/29d_kon/acm_2026/outputs/coordinator/rc3_full_metrics_20260611_004003/meshmamba/_logs/rgb_texture/cone/King_Cake_v2_L2.log,King_Cake_v2_L2.csv,32868,,,52465,450,horizontal_to_vertical,json_camera_static.fov_degrees,60.000001669652114,35.98339890412515,0.018801778622241406,0.5449806988457431,1.181365827452748,0.09283741150624542,0.25068826027359303,0.0693254919751327,0.6147298842524203,0.47401172878515924,0.4731425402382471,0.4643018044000694,-0.12645654436578335,-0.12701090899686962,-0.2051759004776364,8237713.799148122,6516.072204,,,0.940169636900791,49326,52465,31833
rgb_texture,Lamb_v1_L2,ok,,,/mnt/ssd1/29d_kon/acm_2026/outputs/coordinator/rc3_full_metrics_20260611_004003/meshmamba/rgb_texture/baseline_screen_space/Lamb_v1_L2/sigma0p05_recenter_rotx90p0_horizontaltovertical_blender_rig/Lamb_v1_L2_report.json,/mnt/ssd1/29d_kon/acm_2026/outputs/coordinator/rc3_full_metrics_20260611_004003/meshmamba/_logs/rgb_texture/screen_space/Lamb_v1_L2.log,Lamb_v1_l2.csv,32868,,,53964,450,horizontal_to_vertical,json_camera_static.fov_degrees,60.000001669652114,35.98339890412515,-0.008997418334335077,0.5171016835907377,2.6642639466177993,0.11161598793999443,0.2716758164052895,0.07312887873062028,0.5274249070248587,0.31397930164412613,0.19316387536133225,0.1406922868615646,-0.4665960675039521,-0.8671806021283592,-1.0672419614671842,2.7934989185581345,4783.453008,30825,8058265,,,,,ok,,,/mnt/ssd1/29d_kon/acm_2026/outputs/coordinator/rc3_full_metrics_20260611_004003/meshmamba/rgb_texture/baseline_cone/Lamb_v1_L2/recenter_rotx90p0_horizontaltovertical_blender_rig/Lamb_v1_L2_report.json,/mnt/ssd1/29d_kon/acm_2026/outputs/coordinator/rc3_full_metrics_20260611_004003/meshmamba/_logs/rgb_texture/cone/Lamb_v1_L2.log,Lamb_v1_l2.csv,32868,,,53964,450,horizontal_to_vertical,json_camera_static.fov_degrees,60.000001669652114,35.98339890412515,0.14822143647302874,0.4454478703289436,1.246779224074356,0.046839939809370894,0.1410243152603959,0.14156916886925822,0.4625146433096366,0.3620741837109673,0.246938124052058,0.19064291426393074,-0.2532368256352971,-0.47347144219048143,-0.5458805242747607,13107568.03887846,4783.453008,,,0.8867207768141724,47851,53964,32808
rgb_texture,Laser_Pistol_v2_L3,ok,,,/mnt/ssd1/29d_kon/acm_2026/outputs/coordinator/rc3_full_metrics_20260611_004003/meshmamba/rgb_texture/baseline_screen_space/Laser_Pistol_v2_L3/sigma0p05_recenter_rotx90p0_horizontaltovertical_blender_rig/Laser_Pistol_v2_L3_report.json,/mnt/ssd1/29d_kon/acm_2026/outputs/coordinator/rc3_full_metrics_20260611_004003/meshmamba/_logs/rgb_texture/screen_space/Laser_Pistol_v2_L3.log,Laser_Pistol_v2_l3.csv,32868,,,53964,450,horizontal_to_vertical,json_camera_static.fov_degrees,60.000001669652114,35.98339890412515,0.2252107420077066,0.593701820328305,2.240702801031168,0.0668316581867462,0.21479599441615804,0.19768779612513987,0.6897673925421802,0.697661894711254,0.7972723037927654,0.8291903818760951,0.6362991011249195,0.9433489795506219,0.8106486025120183,3.5972243246788134,7003.3235190000005,29548,7875123,,,,,ok,,,/mnt/ssd1/29d_kon/acm_2026/outputs/coordinator/rc3_full_metrics_20260611_004003/meshmamba/rgb_texture/baseline_cone/Laser_Pistol_v2_L3/recenter_rotx90p0_horizontaltovertical_blender_rig/Laser_Pistol_v2_L3_report.json,/mnt/ssd1/29d_kon/acm_2026/outputs/coordinator/rc3_full_metrics_20260611_004003/meshmamba/_logs/rgb_texture/cone/Laser_Pistol_v2_L3.log,Laser_Pistol_v2_l3.csv,32868,,,53964,450,horizontal_to_vertical,json_camera_static.fov_degrees,60.000001669652114,35.98339890412515,0.07341313146462937,0.5204779643984875,0.7086974083706444,0.06430464487953712,0.19015647341033654,0.03761331296424236,0.5791016959603166,0.5988794906720059,0.7784472593606641,0.8754064213427872,0.11023653525798509,0.5933877640750157,1.0592834674164227,11845753.152814664,7003.3235190000005,,,0.8998962271143726,48562,53964,32868
rgb_texture,Mango_L3,ok,,,/mnt/ssd1/29d_kon/acm_2026/outputs/coordinator/rc3_full_metrics_20260611_004003/meshmamba/rgb_texture/baseline_screen_space/Mango_L3/sigma0p05_recenter_rotx90p0_horizontaltovertical_blender_rig/Mango_L3_report.json,/mnt/ssd1/29d_kon/acm_2026/outputs/coordinator/rc3_full_metrics_20260611_004003/meshmamba/_logs/rgb_texture/screen_space/Mango_L3.log,Mango-L3.csv,32868,,,52465,450,horizontal_to_vertical,json_camera_static.fov_degrees,60.000001669652114,35.98339890412515,0.3798305177798801,0.6369951577913435,2.7412447674608766,0.052394370760354185,0.18897475619913504,0.23578076152218297,0.7291990973620653,0.7226428972535355,0.7228876712529447,0.651873818754413,1.0648567207560544,1.2547677367427212,0.8157622709462056,2.1627639666858602,5543.188086,30797,8426209,,,,,ok,,,/mnt/ssd1/29d_kon/acm_2026/outputs/coordinator/rc3_full_metrics_20260611_004003/meshmamba/rgb_texture/baseline_cone/Mango_L3/recenter_rotx90p0_horizontaltovertical_blender_rig/Mango_L3_report.json,/mnt/ssd1/29d_kon/acm_2026/outputs/coordinator/rc3_full_metrics_20260611_004003/meshmamba/_logs/rgb_texture/cone/Mango_L3.log,Mango-L3.csv,32868,,,52465,450,horizontal_to_vertical,json_camera_static.fov_degrees,60.000001669652114,35.98339890412515,0.5256090982538154,0.6300235374197861,1.3939497215037735,0.034090772280676675,0.1312017530101007,0.18084550666665,0.7448550348052199,0.7113843446179711,0.705863287987966,0.5264002112592314,1.5725348070461873,2.014884474573304,1.3442282836877202,8410883.962571692,5543.188086,,,0.9574192318688649,50231,52465,32781
rgb_texture,MansWorkCasual_v02_L3,ok,,,/mnt/ssd1/29d_kon/acm_2026/outputs/coordinator/rc3_full_metrics_20260611_004003/meshmamba/rgb_texture/baseline_screen_space/MansWorkCasual_v02_L3/sigma0p05_recenter_rotx90p0_horizontaltovertical_blender_rig/MansWorkCasual_v02_L3_report.json,/mnt/ssd1/29d_kon/acm_2026/outputs/coordinator/rc3_full_metrics_20260611_004003/meshmamba/_logs/rgb_texture/screen_space/MansWorkCasual_v02_L3.log,MansWorkCasual_v02_L3.csv,32868,,,53964,450,horizontal_to_vertical,json_camera_static.fov_degrees,60.000001669652114,35.98339890412515,-0.07503421577710391,0.6370179525601867,1.389036764604997,0.06753599842302291,0.20903789061265537,-0.07909709552024272,0.7032424812057304,0.4521755875106563,0.4494188020881062,0.391233816123948,-0.15484565449566232,-0.18960855359304085,-0.38622246751725664,3.421198571431929,8977.135985,30758,7604317,,,,,ok,,,/mnt/ssd1/29d_kon/acm_2026/outputs/coordinator/rc3_full_metrics_20260611_004003/meshmamba/rgb_texture/baseline_cone/MansWorkCasual_v02_L3/recenter_rotx90p0_horizontaltovertical_blender_rig/MansWorkCasual_v02_L3_report.json,/mnt/ssd1/29d_kon/acm_2026/outputs/coordinator/rc3_full_metrics_20260611_004003/meshmamba/_logs/rgb_texture/cone/MansWorkCasual_v02_L3.log,MansWorkCasual_v02_L3.csv,32868,,,53964,450,horizontal_to_vertical,json_camera_static.fov_degrees,60.000001669652114,35.98339890412515,0.2576871613414403,0.6876373572397156,0.3485223270643607,0.05086103423356076,0.173297258313211,0.14417905452821012,0.7712460355289498,0.687950274612729,0.645199881727388,0.37946463308794465,0.9392050021990334,0.780350934761709,-0.2992876267180905,19389574.934436657,8977.135985,,,0.8344266548069084,45029,53964,32868
rgb_texture,Marco_Polo_Sheep_v1_L3,ok,,,/mnt/ssd1/29d_kon/acm_2026/outputs/coordinator/rc3_full_metrics_20260611_004003/meshmamba/rgb_texture/baseline_screen_space/Marco_Polo_Sheep_v1_L3/sigma0p05_recenter_rotx90p0_horizontaltovertical_blender_rig/Marco_Polo_Sheep_v1_L3_report.json,/mnt/ssd1/29d_kon/acm_2026/outputs/coordinator/rc3_full_metrics_20260611_004003/meshmamba/_logs/rgb_texture/screen_space/Marco_Polo_Sheep_v1_L3.log,Marco_Polo_Sheep_v1_L3.csv,32868,,,52465,450,horizontal_to_vertical,json_camera_static.fov_degrees,60.000001669652114,35.98339890412515,-0.09812512182912499,0.47805165281849804,2.235526526033699,0.09267283377977518,0.24828717839844278,-0.08969652511287432,0.5022808157439971,0.3718625423593144,0.3040811220141971,0.18932548652629236,-0.31660417992096773,-0.546022810688126,-0.958793417007963,2.920544105600202,4953.424639,31000,8004680,,,,,ok,,,/mnt/ssd1/29d_kon/acm_2026/outputs/coordinator/rc3_full_metrics_20260611_004003/meshmamba/rgb_texture/baseline_cone/Marco_Polo_Sheep_v1_L3/recenter_rotx90p0_horizontaltovertical_blender_rig/Marco_Polo_Sheep_v1_L3_report.json,/mnt/ssd1/29d_kon/acm_2026/outputs/coordinator/rc3_full_metrics_20260611_004003/meshmamba/_logs/rgb_texture/cone/Marco_Polo_Sheep_v1_L3.log,Marco_Polo_Sheep_v1_L3.csv,32868,,,52465,450,horizontal_to_vertical,json_camera_static.fov_degrees,60.000001669652114,35.98339890412515,0.06042309120319254,0.43671078725083073,1.1561875484345387,0.06463898533642809,0.174443647483872,0.12846998828022604,0.4507730352758055,0.4888575656512101,0.4100945222434798,0.2298945730869975,-0.20829088353470598,-0.35128474005058163,-0.6252099211166229,12390241.751758674,4953.424639,,,0.8872581721147431,46550,52465,32868
rgb_texture,Military_Action_Figure_SG_v2_L3,ok,,,/mnt/ssd1/29d_kon/acm_2026/outputs/coordinator/rc3_full_metrics_20260611_004003/meshmamba/rgb_texture/baseline_screen_space/Military_Action_Figure_SG_v2_L3/sigma0p05_recenter_rotx90p0_horizontaltovertical_blender_rig/Military_Action_Figure_SG_v2_L3_report.json,/mnt/ssd1/29d_kon/acm_2026/outputs/coordinator/rc3_full_metrics_20260611_004003/meshmamba/_logs/rgb_texture/screen_space/Military_Action_Figure_SG_v2_L3.log,Military_Action_Figure_SG_v2_L3.csv,32868,,,52465,450,horizontal_to_vertical,json_camera_static.fov_degrees,60.000001669652114,35.98339890412515,0.4755504486980851,0.5490713985613134,1.4835432922429026,0.05731745471344034,0.19450610106747163,0.49910813085362216,0.6935935308586423,0.8132000168626315,0.794788368545501,0.8109446125486451,0.9674220936090623,0.9530852618774976,1.0273830987979038,4.5143200459411945,5633.912237999999,31473,7630167,,,,,ok,,,/mnt/ssd1/29d_kon/acm_2026/outputs/coordinator/rc3_full_metrics_20260611_004003/meshmamba/rgb_texture/baseline_cone/Military_Action_Figure_SG_v2_L3/recenter_rotx90p0_horizontaltovertical_blender_rig/Military_Action_Figure_SG_v2_L3_report.json,/mnt/ssd1/29d_kon/acm_2026/outputs/coordinator/rc3_full_metrics_20260611_004003/meshmamba/_logs/rgb_texture/cone/Military_Action_Figure_SG_v2_L3.log,Military_Action_Figure_SG_v2_L3.csv,32868,,,52465,450,horizontal_to_vertical,json_camera_static.fov_degrees,60.000001669652114,35.98339890412515,0.8372015928054788,0.7374056277875849,0.33876697180828785,0.028011009234359802,0.11017682852363378,0.6309555857313054,0.8940257064895982,0.9646192347111204,0.9514372308125324,0.9552042809325558,1.933241913029478,2.0116770226097476,2.1626136524265225,50519937.15246638,5633.912237999999,,,0.8566472886686363,44944,52465,32868
rgb_texture,Moai_v3_L3,ok,,,/mnt/ssd1/29d_kon/acm_2026/outputs/coordinator/rc3_full_metrics_20260611_004003/meshmamba/rgb_texture/baseline_screen_space/Moai_v3_L3/sigma0p05_recenter_rotx90p0_horizontaltovertical_blender_rig/Moai_v3_L3_report.json,/mnt/ssd1/29d_kon/acm_2026/outputs/coordinator/rc3_full_metrics_20260611_004003/meshmamba/_logs/rgb_texture/screen_space/Moai_v3_L3.log,Moai_L3.csv,32868,,,53964,450,horizontal_to_vertical,json_camera_static.fov_degrees,60.000001669652114,35.98339890412515,0.11599098707622227,0.6161617543496306,1.5924074081254183,0.08197638530973406,0.22075307834994806,0.07631105490913709,0.6924304173515711,0.6070563911970933,0.6519989887060487,0.7165914813843682,0.28145973958812615,0.438023613981169,0.6852785089489195,2.9420457128041924,6807.74085,29816,8197129,,,,,ok,,,/mnt/ssd1/29d_kon/acm_2026/outputs/coordinator/rc3_full_metrics_20260611_004003/meshmamba/rgb_texture/baseline_cone/Moai_v3_L3/recenter_rotx90p0_horizontaltovertical_blender_rig/Moai_v3_L3_report.json,/mnt/ssd1/29d_kon/acm_2026/outputs/coordinator/rc3_full_metrics_20260611_004003/meshmamba/_logs/rgb_texture/cone/Moai_v3_L3.log,Moai_L3.csv,32868,,,53964,450,horizontal_to_vertical,json_camera_static.fov_degrees,60.000001669652114,35.98339890412515,0.10109514813551927,0.5549037462178092,0.7035967066489119,0.05059937782446093,0.169808502909593,0.11852908740273771,0.5950650795711093,0.6638516651185429,0.7076166299801825,0.6585157899368081,0.28196837919351553,0.3675547659369453,0.13102221748019421,10884779.549382787,6807.74085,,,0.9664961826402787,52156,53964,32822
rgb_texture,MushroomShitake_L3,ok,,,/mnt/ssd1/29d_kon/acm_2026/outputs/coordinator/rc3_full_metrics_20260611_004003/meshmamba/rgb_texture/baseline_screen_space/MushroomShitake_L3/sigma0p05_recenter_rotx90p0_horizontaltovertical_blender_rig/MushroomShitake_L3_report.json,/mnt/ssd1/29d_kon/acm_2026/outputs/coordinator/rc3_full_metrics_20260611_004003/meshmamba/_logs/rgb_texture/screen_space/MushroomShitake_L3.log,MushroomShitake_v1-L3.csv,32868,,,56962,450,horizontal_to_vertical,json_camera_static.fov_degrees,60.000001669652114,35.98339890412515,-0.11998734372119767,0.4899325357430807,5.31218733006572,0.15526138377939555,0.3151227848943763,-0.1483089200104162,0.5302277313455116,0.4620877316157693,0.4994466247499428,0.5697647742045528,-0.12374881342038174,-0.007148028077003875,0.1795775190550153,1.6643575086936804,6076.509468,24103,9018803,,,,,ok,,,/mnt/ssd1/29d_kon/acm_2026/outputs/coordinator/rc3_full_metrics_20260611_004003/meshmamba/rgb_texture/baseline_cone/MushroomShitake_L3/recenter_rotx90p0_horizontaltovertical_blender_rig/MushroomShitake_L3_report.json,/mnt/ssd1/29d_kon/acm_2026/outputs/coordinator/rc3_full_metrics_20260611_004003/meshmamba/_logs/rgb_texture/cone/MushroomShitake_L3.log,MushroomShitake_v1-L3.csv,32868,,,56962,450,horizontal_to_vertical,json_camera_static.fov_degrees,60.000001669652114,35.98339890412515,-0.10630364786128882,0.31862923261358533,6.528219025699473,0.06489202995227855,0.20711260884925997,-0.17509878454160405,0.3875978372193438,0.45000857067218314,0.5172308616243166,0.8214669401628031,0.021226159148869037,0.39428170748785524,1.6292620992600657,3408822.798878568,6076.509468,,,0.959481759769671,54654,56962,24530
rgb_texture,Mushroom_v2_L1,ok,,,/mnt/ssd1/29d_kon/acm_2026/outputs/coordinator/rc3_full_metrics_20260611_004003/meshmamba/rgb_texture/baseline_screen_space/Mushroom_v2_L1/sigma0p05_recenter_rotx90p0_horizontaltovertical_blender_rig/Mushroom_v2_L1_report.json,/mnt/ssd1/29d_kon/acm_2026/outputs/coordinator/rc3_full_metrics_20260611_004003/meshmamba/_logs/rgb_texture/screen_space/Mushroom_v2_L1.log,Mushroom_v2_NEW.csv,32868,,,55463,450,horizontal_to_vertical,json_camera_static.fov_degrees,60.000001669652114,35.98339890412515,0.26444759114535515,0.5834034314764168,2.9075027223570786,0.07359592575851673,0.20646120800867696,0.3092535123516175,0.6656407048073352,0.6205254593907544,0.6181888732885614,0.5993717989663281,0.37666817668491087,0.3782705414565923,0.26033465513249193,2.8804480731406383,6076.976556,25395,8002327,,,,,ok,,,/mnt/ssd1/29d_kon/acm_2026/outputs/coordinator/rc3_full_metrics_20260611_004003/meshmamba/rgb_texture/baseline_cone/Mushroom_v2_L1/recenter_rotx90p0_horizontaltovertical_blender_rig/Mushroom_v2_L1_report.json,/mnt/ssd1/29d_kon/acm_2026/outputs/coordinator/rc3_full_metrics_20260611_004003/meshmamba/_logs/rgb_texture/cone/Mushroom_v2_L1.log,Mushroom_v2_NEW.csv,32868,,,55463,450,horizontal_to_vertical,json_camera_static.fov_degrees,60.000001669652114,35.98339890412515,0.5308313209319436,0.6181492466491251,0.912411136840034,0.033095514972635444,0.12960266145054092,0.527005142151385,0.7379620131498802,0.8085838354438347,0.8486243328171664,0.9609285317754304,1.146594286376381,1.6333813603124274,2.8057407021058975,11181912.46650796,6076.976556,,,0.9651118763860592,53528,55463,31899
rgb_texture,NYC_Fire_Hydrant_v2_L3,ok,,,/mnt/ssd1/29d_kon/acm_2026/outputs/coordinator/rc3_full_metrics_20260611_004003/meshmamba/rgb_texture/baseline_screen_space/NYC_Fire_Hydrant_v2_L3/sigma0p05_recenter_rotx90p0_horizontaltovertical_blender_rig/NYC_Fire_Hydrant_v2_L3_report.json,/mnt/ssd1/29d_kon/acm_2026/outputs/coordinator/rc3_full_metrics_20260611_004003/meshmamba/_logs/rgb_texture/screen_space/NYC_Fire_Hydrant_v2_L3.log,NYC_Fire_Hydrant_v2_l3.csv,32868,,,52465,450,horizontal_to_vertical,json_camera_static.fov_degrees,60.000001669652114,35.98339890412515,0.21228530721338001,0.5954416668014921,1.7404150298191456,0.06026711181364601,0.20386265903805137,0.1380756924947554,0.6550927603863541,0.7042347368834493,0.7886228495392839,0.8238434664000581,0.6139117827196277,0.9274546692299651,0.9530983005963551,3.8201520121584696,3791.892776,30030,7408244,,,,,ok,,,/mnt/ssd1/29d_kon/acm_2026/outputs/coordinator/rc3_full_metrics_20260611_004003/meshmamba/rgb_texture/baseline_cone/NYC_Fire_Hydrant_v2_L3/recenter_rotx90p0_horizontaltovertical_blender_rig/NYC_Fire_Hydrant_v2_L3_report.json,/mnt/ssd1/29d_kon/acm_2026/outputs/coordinator/rc3_full_metrics_20260611_004003/meshmamba/_logs/rgb_texture/cone/NYC_Fire_Hydrant_v2_L3.log,NYC_Fire_Hydrant_v2_l3.csv,32868,,,52465,450,horizontal_to_vertical,json_camera_static.fov_degrees,60.000001669652114,35.98339890412515,0.5436134750948921,0.7009870737969635,0.37452069931773285,0.012503033012362073,0.06843608558217054,0.41989239167949527,0.771422194431531,0.8808398676631032,0.8910908766604765,0.9317329842486888,1.5830937476263087,2.106599096160917,2.3111858514889634,16958266.101243824,3791.892776,,,0.9480034308586677,49737,52465,32868
rgb_texture,Peach_L3,ok,,,/mnt/ssd1/29d_kon/acm_2026/outputs/coordinator/rc3_full_metrics_20260611_004003/meshmamba/rgb_texture/baseline_screen_space/Peach_L3/sigma0p05_recenter_rotx90p0_horizontaltovertical_blender_rig/Peach_L3_report.json,/mnt/ssd1/29d_kon/acm_2026/outputs/coordinator/rc3_full_metrics_20260611_004003/meshmamba/_logs/rgb_texture/screen_space/Peach_L3.log,Peach.csv,32868,,,52465,450,horizontal_to_vertical,json_camera_static.fov_degrees,60.000001669652114,35.98339890412515,-0.027186970223581103,0.32624692915231795,1.9681910661632211,0.11105762878526285,0.2590540984907446,0.00454259742764583,0.4136755030630462,0.4906869236143251,0.3959358614591184,0.43184741321870385,-0.07276208366381813,-0.4305364796046585,-0.38355757144686525,2.875675557882901,4259.352887,29869,7576501,,,,,ok,,,/mnt/ssd1/29d_kon/acm_2026/outputs/coordinator/rc3_full_metrics_20260611_004003/meshmamba/rgb_texture/baseline_cone/Peach_L3/recenter_rotx90p0_horizontaltovertical_blender_rig/Peach_L3_report.json,/mnt/ssd1/29d_kon/acm_2026/outputs/coordinator/rc3_full_metrics_20260611_004003/meshmamba/_logs/rgb_texture/cone/Peach_L3.log,Peach.csv,32868,,,52465,450,horizontal_to_vertical,json_camera_static.fov_degrees,60.000001669652114,35.98339890412515,0.371261231137927,0.48193035327910216,1.317282763022176,0.06794536128596869,0.1978181140146637,0.25518020492993587,0.5939923332584766,0.6205777154480681,0.4464021218938829,0.3373652341996711,0.53623660788987,-0.41091384471733927,-0.5494210110496847,14708003.380644927,4259.352887,,,0.9628514247593634,50516,52465,30473
rgb_texture,Peanut_L3,ok,,,/mnt/ssd1/29d_kon/acm_2026/outputs/coordinator/rc3_full_metrics_20260611_004003/meshmamba/rgb_texture/baseline_screen_space/Peanut_L3/sigma0p05_recenter_rotx90p0_horizontaltovertical_blender_rig/Peanut_L3_report.json,/mnt/ssd1/29d_kon/acm_2026/outputs/coordinator/rc3_full_metrics_20260611_004003/meshmamba/_logs/rgb_texture/screen_space/Peanut_L3.log,Peanut_v1_L3.csv,32868,,,52465,450,horizontal_to_vertical,json_camera_static.fov_degrees,60.000001669652114,35.98339890412515,-0.09257299163196184,0.7036613133587153,0.762457595514809,0.17600999071233947,0.3635122590952183,-0.06171352163642978,0.7766472978615235,0.3882058119781394,0.3741659435346072,0.2750068166972137,-0.3457320414438878,-0.41000861159214386,-0.7702128370010829,3.1460879720292825,8688.371176,32017,8036028,,,,,ok,,,/mnt/ssd1/29d_kon/acm_2026/outputs/coordinator/rc3_full_metrics_20260611_004003/meshmamba/rgb_texture/baseline_cone/Peanut_L3/recenter_rotx90p0_horizontaltovertical_blender_rig/Peanut_L3_report.json,/mnt/ssd1/29d_kon/acm_2026/outputs/coordinator/rc3_full_metrics_20260611_004003/meshmamba/_logs/rgb_texture/cone/Peanut_L3.log,Peanut_v1_L3.csv,32868,,,52465,450,horizontal_to_vertical,json_camera_static.fov_degrees,60.000001669652114,35.98339890412515,-0.053508229784234584,0.657339249435428,0.7267528257846445,0.062248402069505236,0.1988288868317324,-0.025883620737426536,0.7217290661370493,0.43797028073268357,0.42761554255476325,0.3140459645759669,-0.25361724520879175,-0.30347864272917147,-0.6800667238236676,11194423.90125503,8688.371176,,,0.9519298580005718,49943,52465,32861
rgb_texture,Pear_L3,ok,,,/mnt/ssd1/29d_kon/acm_2026/outputs/coordinator/rc3_full_metrics_20260611_004003/meshmamba/rgb_texture/baseline_screen_space/Pear_L3/sigma0p05_recenter_rotx90p0_horizontaltovertical_blender_rig/Pear_L3_report.json,/mnt/ssd1/29d_kon/acm_2026/outputs/coordinator/rc3_full_metrics_20260611_004003/meshmamba/_logs/rgb_texture/screen_space/Pear_L3.log,Pear.csv,32868,,,53964,450,horizontal_to_vertical,json_camera_static.fov_degrees,60.000001669652114,35.98339890412515,0.2417719096293825,0.6872488986234695,1.5228037125092069,0.05444212324666706,0.19129765114929373,0.23037082217474977,0.7863593424173911,0.6690307433153155,0.7096913683279378,0.7299844348577358,0.5017862821766061,0.6642898778330896,0.7424011027695256,2.652262703835054,8760.290675,29610,8390975,,,,,ok,,,/mnt/ssd1/29d_kon/acm_2026/outputs/coordinator/rc3_full_metrics_20260611_004003/meshmamba/rgb_texture/baseline_cone/Pear_L3/recenter_rotx90p0_horizontaltovertical_blender_rig/Pear_L3_report.json,/mnt/ssd1/29d_kon/acm_2026/outputs/coordinator/rc3_full_metrics_20260611_004003/meshmamba/_logs/rgb_texture/cone/Pear_L3.log,Pear.csv,32868,,,53964,450,horizontal_to_vertical,json_camera_static.fov_degrees,60.000001669652114,35.98339890412515,0.24430852500520578,0.6100697453503015,1.505121414226271,0.05865347387773325,0.1898552892078426,0.229997007399977,0.6996061901031811,0.6856221340738219,0.7033838723160737,0.6438087715363496,0.5840843791589986,0.5010411877748429,0.11172645969565019,12100230.811106127,8760.290675,,,0.8638166184863983,46615,53964,31055
rgb_texture,Penguin_V2_L3,ok,,,/mnt/ssd1/29d_kon/acm_2026/outputs/coordinator/rc3_full_metrics_20260611_004003/meshmamba/rgb_texture/baseline_screen_space/Penguin_V2_L3/sigma0p05_recenter_rotx90p0_horizontaltovertical_blender_rig/Penguin_V2_L3_report.json,/mnt/ssd1/29d_kon/acm_2026/outputs/coordinator/rc3_full_metrics_20260611_004003/meshmamba/_logs/rgb_texture/screen_space/Penguin_V2_L3.log,Penguin_v1_iterations-2.csv,32868,,,53964,450,horizontal_to_vertical,json_camera_static.fov_degrees,60.000001669652114,35.98339890412515,0.20857928922885355,0.7345334097349108,0.836729747161179,0.03166388725834363,0.13197238182642332,0.2446679724012357,0.8065013442528393,0.6302586668666268,0.6365556483626982,0.5502784547250337,0.39808259166797144,0.4072937781782928,0.15528446715620642,2.6619266826412122,8140.140431,30912,8010697,,,,,ok,,,/mnt/ssd1/29d_kon/acm_2026/outputs/coordinator/rc3_full_metrics_20260611_004003/meshmamba/rgb_texture/baseline_cone/Penguin_V2_L3/recenter_rotx90p0_horizontaltovertical_blender_rig/Penguin_V2_L3_report.json,/mnt/ssd1/29d_kon/acm_2026/outputs/coordinator/rc3_full_metrics_20260611_004003/meshmamba/_logs/rgb_texture/cone/Penguin_V2_L3.log,Penguin_v1_iterations-2.csv,32868,,,53964,450,horizontal_to_vertical,json_camera_static.fov_degrees,60.000001669652114,35.98339890412515,0.09145981046256026,0.6349207627758766,0.4282493385722816,0.05458378516388596,0.18700958891534078,0.18112168695637407,0.5872487638858203,0.5827762739234343,0.5741269290794466,0.5189258977606578,0.09792677287640242,0.04974821166143765,-0.09865152444605567,12319730.3423276,8140.140431,,,0.9010451412052479,48624,53964,32868
rgb_texture,Pierrot_Mask_v1_L3,ok,,,/mnt/ssd1/29d_kon/acm_2026/outputs/coordinator/rc3_full_metrics_20260611_004003/meshmamba/rgb_texture/baseline_screen_space/Pierrot_Mask_v1_L3/sigma0p05_recenter_rotx90p0_horizontaltovertical_blender_rig/Pierrot_Mask_v1_L3_report.json,/mnt/ssd1/29d_kon/acm_2026/outputs/coordinator/rc3_full_metrics_20260611_004003/meshmamba/_logs/rgb_texture/screen_space/Pierrot_Mask_v1_L3.log,Pierrot_Mask_v1_l3.csv,32868,,,53964,450,horizontal_to_vertical,json_camera_static.fov_degrees,60.000001669652114,35.98339890412515,0.14665268960836023,0.6577460573185181,0.7489236079774871,0.04347871697034762,0.16184137401414295,0.13408195485140728,0.7275498474469456,0.5652949052236486,0.585838911891969,0.5781916972020762,0.2469602693845941,0.28096029472011774,0.19707287331362164,3.7916467351834697,6802.562759,32350,7426869,,,,,ok,,,/mnt/ssd1/29d_kon/acm_2026/outputs/coordinator/rc3_full_metrics_20260611_004003/meshmamba/rgb_texture/baseline_cone/Pierrot_Mask_v1_L3/recenter_rotx90p0_horizontaltovertical_blender_rig/Pierrot_Mask_v1_L3_report.json,/mnt/ssd1/29d_kon/acm_2026/outputs/coordinator/rc3_full_metrics_20260611_004003/meshmamba/_logs/rgb_texture/cone/Pierrot_Mask_v1_L3.log,Pierrot_Mask_v1_l3.csv,32868,,,53964,450,horizontal_to_vertical,json_camera_static.fov_degrees,60.000001669652114,35.98339890412515,0.08411921933053246,0.5758193430327516,0.6308292174636063,0.07172127495304173,0.19740982896797102,0.10778447296636398,0.6267217186808534,0.6260155593464822,0.5817807812693834,0.5805200231548189,0.2607383002447248,0.03969142196473989,-0.1744558250570054,19095622.72084776,6802.562759,,,0.8604995923208064,46436,53964,32868
rgb_texture,Pirate_Shipmate_Old_v1_L1,ok,,,/mnt/ssd1/29d_kon/acm_2026/outputs/coordinator/rc3_full_metrics_20260611_004003/meshmamba/rgb_texture/baseline_screen_space/Pirate_Shipmate_Old_v1_L1/sigma0p05_recenter_rotx90p0_horizontaltovertical_blender_rig/Pirate_Shipmate_Old_v1_L1_report.json,/mnt/ssd1/29d_kon/acm_2026/outputs/coordinator/rc3_full_metrics_20260611_004003/meshmamba/_logs/rgb_texture/screen_space/Pirate_Shipmate_Old_v1_L1.log,Pirate_Shipmate_Old_v1_L1.csv,32868,,,52465,450,horizontal_to_vertical,json_camera_static.fov_degrees,60.000001669652114,35.98339890412515,0.10345617519021442,0.6143158113296441,1.0182504027357713,0.0759645425703938,0.23080725455145756,0.20359959884273954,0.6415449961181888,0.5125351698641201,0.5127663977986863,0.5132037486743755,0.03408677529769739,0.04569519646130522,0.04209255379854997,3.6631729185647277,5490.046625000001,31796,7545714,,,,,ok,,,/mnt/ssd1/29d_kon/acm_2026/outputs/coordinator/rc3_full_metrics_20260611_004003/meshmamba/rgb_texture/baseline_cone/Pirate_Shipmate_Old_v1_L1/recenter_rotx90p0_horizontaltovertical_blender_rig/Pirate_Shipmate_Old_v1_L1_report.json,/mnt/ssd1/29d_kon/acm_2026/outputs/coordinator/rc3_full_metrics_20260611_004003/meshmamba/_logs/rgb_texture/cone/Pirate_Shipmate_Old_v1_L1.log,Pirate_Shipmate_Old_v1_L1.csv,32868,,,52465,450,horizontal_to_vertical,json_camera_static.fov_degrees,60.000001669652114,35.98339890412515,0.2618227285620456,0.6100588856689717,0.4507736080017161,0.04772631258919237,0.13024568096922307,0.5397515585011505,0.6019238389684896,0.759383451338673,0.8211587758776859,0.8265635597815706,0.18267485280087656,0.2922072543588833,0.3710572351750944,23919183.34134361,5490.046625000001,,,0.7138854474411512,37454,52465,32868
rgb_texture,Plate,ok,,,/mnt/ssd1/29d_kon/acm_2026/outputs/coordinator/rc3_full_metrics_20260611_004003/meshmamba/rgb_texture/baseline_screen_space/Plate/sigma0p05_recenter_rotx90p0_horizontaltovertical_blender_rig/Plate_report.json,/mnt/ssd1/29d_kon/acm_2026/outputs/coordinator/rc3_full_metrics_20260611_004003/meshmamba/_logs/rgb_texture/screen_space/Plate.log,Plate.csv,32868,,,52465,450,horizontal_to_vertical,json_camera_static.fov_degrees,60.000001669652114,35.98339890412515,-3.9118655480419024e-06,0.6701763195177787,0.6181979625864515,0.048417825096203834,0.1699436040836415,0.05784130586452793,0.6780341925214085,0.5165737886640187,0.49623153130070885,0.2004178572339333,0.08748778739908113,0.0658621774290314,-0.9707969132860745,3.0147711732397573,3804.376035,32561,7552219,,,,,ok,,,/mnt/ssd1/29d_kon/acm_2026/outputs/coordinator/rc3_full_metrics_20260611_004003/meshmamba/rgb_texture/baseline_cone/Plate/recenter_rotx90p0_horizontaltovertical_blender_rig/Plate_report.json,/mnt/ssd1/29d_kon/acm_2026/outputs/coordinator/rc3_full_metrics_20260611_004003/meshmamba/_logs/rgb_texture/cone/Plate.log,Plate.csv,32868,,,52465,450,horizontal_to_vertical,json_camera_static.fov_degrees,60.000001669652114,35.98339890412515,0.09040708102419512,0.5651268312320785,0.777594125877245,0.018922959888062005,0.09051047610499313,0.08103479183588158,0.4337863777018657,0.5323999639750998,0.526036981503404,0.2649321165314739,0.3216615197861896,0.4191125512404143,-0.37095794887702865,13615258.410530956,3804.376035,,,0.9354617363956924,49079,52465,32868
rgb_texture,PoloTeamShirt_v2_L3,ok,,,/mnt/ssd1/29d_kon/acm_2026/outputs/coordinator/rc3_full_metrics_20260611_004003/meshmamba/rgb_texture/baseline_screen_space/PoloTeamShirt_v2_L3/sigma0p05_recenter_rotx90p0_horizontaltovertical_blender_rig/PoloTeamShirt_v2_L3_report.json,/mnt/ssd1/29d_kon/acm_2026/outputs/coordinator/rc3_full_metrics_20260611_004003/meshmamba/_logs/rgb_texture/screen_space/PoloTeamShirt_v2_L3.log,Polo_Team_Shirt_v2_L3.csv,32868,,,52465,450,horizontal_to_vertical,json_camera_static.fov_degrees,60.000001669652114,35.98339890412515,-0.03424068539805343,0.5893678547548125,0.8065755147527225,0.05452307495218684,0.18285335917513842,-0.009463233602100534,0.6233245202990431,0.377003485255847,0.35775045616541773,0.38055946144962727,-0.32267565566230894,-0.4578405673580846,-0.40232267952799144,3.33863624270128,6311.192399,31961,7756912,,,,,ok,,,/mnt/ssd1/29d_kon/acm_2026/outputs/coordinator/rc3_full_metrics_20260611_004003/meshmamba/rgb_texture/baseline_cone/PoloTeamShirt_v2_L3/recenter_rotx90p0_horizontaltovertical_blender_rig/PoloTeamShirt_v2_L3_report.json,/mnt/ssd1/29d_kon/acm_2026/outputs/coordinator/rc3_full_metrics_20260611_004003/meshmamba/_logs/rgb_texture/cone/PoloTeamShirt_v2_L3.log,Polo_Team_Shirt_v2_L3.csv,32868,,,52465,450,horizontal_to_vertical,json_camera_static.fov_degrees,60.000001669652114,35.98339890412515,0.03132163132834849,0.5351047194470576,0.8367956714369498,0.050646011123259733,0.15351998161290653,0.11196218339273746,0.5399065293243269,0.461059744614641,0.3308452681292636,0.2222025643111829,-0.16236250097917662,-0.501900499460541,-0.7021697682366731,9921104.480090065,6311.192399,,,0.94173258362718,49408,52465,32868
rgb_texture,Possum_wooden_v1_L3,ok,,,/mnt/ssd1/29d_kon/acm_2026/outputs/coordinator/rc3_full_metrics_20260611_004003/meshmamba/rgb_texture/baseline_screen_space/Possum_wooden_v1_L3/sigma0p05_recenter_rotx90p0_horizontaltovertical_blender_rig/Possum_wooden_v1_L3_report.json,/mnt/ssd1/29d_kon/acm_2026/outputs/coordinator/rc3_full_metrics_20260611_004003/meshmamba/_logs/rgb_texture/screen_space/Possum_wooden_v1_L3.log,Possum_wooden_v1_L3.csv,32868,,,53964,450,horizontal_to_vertical,json_camera_static.fov_degrees,60.000001669652114,35.98339890412515,-0.11844367676683921,0.31302070947671745,3.457740058196355,0.13494351114320502,0.30874681384887037,-0.06080226501736276,0.3548647951143548,0.42434349304149555,0.4035557291695888,0.4231041057955144,-0.26717793806691653,-0.33700537335193526,-0.32847596323809014,3.7744637562272123,4139.995085,29471,7789692,,,,,ok,,,/mnt/ssd1/29d_kon/acm_2026/outputs/coordinator/rc3_full_metrics_20260611_004003/meshmamba/rgb_texture/baseline_cone/Possum_wooden_v1_L3/recenter_rotx90p0_horizontaltovertical_blender_rig/Possum_wooden_v1_L3_report.json,/mnt/ssd1/29d_kon/acm_2026/outputs/coordinator/rc3_full_metrics_20260611_004003/meshmamba/_logs/rgb_texture/cone/Possum_wooden_v1_L3.log,Possum_wooden_v1_L3.csv,32868,,,53964,450,horizontal_to_vertical,json_camera_static.fov_degrees,60.000001669652114,35.98339890412515,-0.18776339544610107,0.20453538369086255,2.013272210100783,0.10976473411377095,0.22831703345056337,0.0103529648350368,0.17598299908339363,0.5010552463358872,0.5432781193174133,0.5585183680915611,-0.4294885995442045,-0.382481142624939,-0.36211037534633056,13484237.658708097,4139.995085,,,0.9183529760581128,49558,53964,32853
rgb_texture,Raptor_Claw_Fossil_v2_L3,ok,,,/mnt/ssd1/29d_kon/acm_2026/outputs/coordinator/rc3_full_metrics_20260611_004003/meshmamba/rgb_texture/baseline_screen_space/Raptor_Claw_Fossil_v2_L3/sigma0p05_recenter_rotx90p0_horizontaltovertical_blender_rig/Raptor_Claw_Fossil_v2_L3_report.json,/mnt/ssd1/29d_kon/acm_2026/outputs/coordinator/rc3_full_metrics_20260611_004003/meshmamba/_logs/rgb_texture/screen_space/Raptor_Claw_Fossil_v2_L3.log,Raptor_Claw_Fossil_v2_l3.csv,32868,,,52465,450,horizontal_to_vertical,json_camera_static.fov_degrees,60.000001669652114,35.98339890412515,-0.05180777723728033,0.6638430423078643,0.9393076489943781,0.1122256957176838,0.2930425687531867,-0.005591518090369131,0.7379407279097279,0.46557836630903787,0.6211390163720838,0.7359658940017829,-0.24771415002577962,0.2280468217716791,0.6403586367856002,4.361320681346323,8015.121369,32008,8224301,,,,,ok,,,/mnt/ssd1/29d_kon/acm_2026/outputs/coordinator/rc3_full_metrics_20260611_004003/meshmamba/rgb_texture/baseline_cone/Raptor_Claw_Fossil_v2_L3/recenter_rotx90p0_horizontaltovertical_blender_rig/Raptor_Claw_Fossil_v2_L3_report.json,/mnt/ssd1/29d_kon/acm_2026/outputs/coordinator/rc3_full_metrics_20260611_004003/meshmamba/_logs/rgb_texture/cone/Raptor_Claw_Fossil_v2_L3.log,Raptor_Claw_Fossil_v2_l3.csv,32868,,,52465,450,horizontal_to_vertical,json_camera_static.fov_degrees,60.000001669652114,35.98339890412515,-0.0024411251869930974,0.6354331173928445,0.4484848745439405,0.05388568419347105,0.17579061136950766,0.04537794777738061,0.6875371447883756,0.470048280133441,0.5054615659206563,0.6187567670724053,-0.1807992494764519,-0.12391929639951019,0.0869824023097755,19652254.808718637,8015.121369,,,0.8781282759935195,46071,52465,32868
rgb_texture,Rhinoceros_v1_L3,ok,,,/mnt/ssd1/29d_kon/acm_2026/outputs/coordinator/rc3_full_metrics_20260611_004003/meshmamba/rgb_texture/baseline_screen_space/Rhinoceros_v1_L3/sigma0p05_recenter_rotx90p0_horizontaltovertical_blender_rig/Rhinoceros_v1_L3_report.json,/mnt/ssd1/29d_kon/acm_2026/outputs/coordinator/rc3_full_metrics_20260611_004003/meshmamba/_logs/rgb_texture/screen_space/Rhinoceros_v1_L3.log,Rhinoceros_v1_L3.csv,32868,,,52465,450,horizontal_to_vertical,json_camera_static.fov_degrees,60.000001669652114,35.98339890412515,0.04062032433863017,0.6635708141337986,1.8009475054664668,0.055902803960306405,0.1871334245264897,0.0630641751089765,0.7347417300498451,0.49763542626230645,0.48647854090028697,0.2801524305974285,0.015402774835169213,-0.011223049376856364,-0.7647658164519212,3.2922871265318507,8494.176033,30249,8080722,,,,,ok,,,/mnt/ssd1/29d_kon/acm_2026/outputs/coordinator/rc3_full_metrics_20260611_004003/meshmamba/rgb_texture/baseline_cone/Rhinoceros_v1_L3/recenter_rotx90p0_horizontaltovertical_blender_rig/Rhinoceros_v1_L3_report.json,/mnt/ssd1/29d_kon/acm_2026/outputs/coordinator/rc3_full_metrics_20260611_004003/meshmamba/_logs/rgb_texture/cone/Rhinoceros_v1_L3.log,Rhinoceros_v1_L3.csv,32868,,,52465,450,horizontal_to_vertical,json_camera_static.fov_degrees,60.000001669652114,35.98339890412515,0.05374028741508711,0.5264755825436379,0.848708232212576,0.0664164029438774,0.2044824142513532,-0.05103429794602939,0.5797359834545925,0.5113068645484222,0.5507811988625632,0.39402055854228146,0.3061595716265488,0.5463840076066774,-0.38783046417910033,10357941.441668473,8494.176033,,,0.8850662346326122,46435,52465,32868
rgb_texture,Rocket_Ship_v1_L3,ok,,,/mnt/ssd1/29d_kon/acm_2026/outputs/coordinator/rc3_full_metrics_20260611_004003/meshmamba/rgb_texture/baseline_screen_space/Rocket_Ship_v1_L3/sigma0p05_recenter_rotx90p0_horizontaltovertical_blender_rig/Rocket_Ship_v1_L3_report.json,/mnt/ssd1/29d_kon/acm_2026/outputs/coordinator/rc3_full_metrics_20260611_004003/meshmamba/_logs/rgb_texture/screen_space/Rocket_Ship_v1_L3.log,Rocket_Ship_v1_L3.csv,32868,,,52465,450,horizontal_to_vertical,json_camera_static.fov_degrees,60.000001669652114,35.98339890412515,-0.014369740072025145,0.5041896186720882,2.761942110075897,0.09385807572920307,0.2498776818098115,0.021355643257074095,0.564166834506729,0.46526728798477746,0.45945847382978844,0.471524280753206,-0.1290190332715948,-0.1609460851105012,-0.2607891461589554,3.804349315161909,6228.2789330000005,29870,7730953,,,,,ok,,,/mnt/ssd1/29d_kon/acm_2026/outputs/coordinator/rc3_full_metrics_20260611_004003/meshmamba/rgb_texture/baseline_cone/Rocket_Ship_v1_L3/recenter_rotx90p0_horizontaltovertical_blender_rig/Rocket_Ship_v1_L3_report.json,/mnt/ssd1/29d_kon/acm_2026/outputs/coordinator/rc3_full_metrics_20260611_004003/meshmamba/_logs/rgb_texture/cone/Rocket_Ship_v1_L3.log,Rocket_Ship_v1_L3.csv,32868,,,52465,450,horizontal_to_vertical,json_camera_static.fov_degrees,60.000001669652114,35.98339890412515,0.45794872174991025,0.6363728028580364,0.5318922308971967,0.05681931684635955,0.16784821522043028,0.41197916096538,0.722951763871807,0.7445067812390408,0.7160972722492461,0.5047033109018301,0.9908574120786444,0.9150386956878647,-0.1198503096316346,22136064.986826584,6228.2789330000005,,,0.8238254074144667,43222,52465,32868
rgb_texture,Rubber_Duck_v1_L3,ok,,,/mnt/ssd1/29d_kon/acm_2026/outputs/coordinator/rc3_full_metrics_20260611_004003/meshmamba/rgb_texture/baseline_screen_space/Rubber_Duck_v1_L3/sigma0p05_recenter_rotx90p0_horizontaltovertical_blender_rig/Rubber_Duck_v1_L3_report.json,/mnt/ssd1/29d_kon/acm_2026/outputs/coordinator/rc3_full_metrics_20260611_004003/meshmamba/_logs/rgb_texture/screen_space/Rubber_Duck_v1_L3.log,Rubber_Duck_v1_L3.csv,32868,,,55463,450,horizontal_to_vertical,json_camera_static.fov_degrees,60.000001669652114,35.98339890412515,0.15659545807025277,0.5907436375157235,2.6168934136477078,0.05011202275220712,0.16707675333552752,0.09886115011440576,0.6469246386003982,0.6595802646612463,0.7250265992595376,0.6801322630752846,0.5204766748616454,0.8057772919490236,0.7773769158870145,2.51945789577374,4717.891278000001,27815,8093002,,,,,ok,,,/mnt/ssd1/29d_kon/acm_2026/outputs/coordinator/rc3_full_metrics_20260611_004003/meshmamba/rgb_texture/baseline_cone/Rubber_Duck_v1_L3/recenter_rotx90p0_horizontaltovertical_blender_rig/Rubber_Duck_v1_L3_report.json,/mnt/ssd1/29d_kon/acm_2026/outputs/coordinator/rc3_full_metrics_20260611_004003/meshmamba/_logs/rgb_texture/cone/Rubber_Duck_v1_L3.log,Rubber_Duck_v1_L3.csv,32868,,,55463,450,horizontal_to_vertical,json_camera_static.fov_degrees,60.000001669652114,35.98339890412515,0.13824471609021197,0.5405031193442649,1.7761024909501835,0.030663768631314384,0.120922850540411,0.17597656644327636,0.5388303680198967,0.7299271458411023,0.8176713000885837,0.9280340794693783,0.4648736841978087,0.7832392748898963,1.4275946671362416,7389117.868016625,4717.891278000001,,,0.9642103744838901,53478,55463,29557
rgb_texture,SLR_Camera_V1_L3,ok,,,/mnt/ssd1/29d_kon/acm_2026/outputs/coordinator/rc3_full_metrics_20260611_004003/meshmamba/rgb_texture/baseline_screen_space/SLR_Camera_V1_L3/sigma0p05_recenter_rotx90p0_horizontaltovertical_blender_rig/SLR_Camera_V1_L3_report.json,/mnt/ssd1/29d_kon/acm_2026/outputs/coordinator/rc3_full_metrics_20260611_004003/meshmamba/_logs/rgb_texture/screen_space/SLR_Camera_V1_L3.log,SLR_Camera_SG_V1_Iteration2.csv,32868,,,52465,450,horizontal_to_vertical,json_camera_static.fov_degrees,60.000001669652114,35.98339890412515,0.06419108988820081,0.4602246624974934,1.7268371887286507,0.06596612596025167,0.20168760123886806,0.06329135984185771,0.5161055120965071,0.5415948034462092,0.5898599118651633,0.705801156451865,0.09052793725691848,0.2374995839202708,0.6026222905409857,1.6397045765001828,3082.43652,30367,7403379,,,,,ok,,,/mnt/ssd1/29d_kon/acm_2026/outputs/coordinator/rc3_full_metrics_20260611_004003/meshmamba/rgb_texture/baseline_cone/SLR_Camera_V1_L3/recenter_rotx90p0_horizontaltovertical_blender_rig/SLR_Camera_V1_L3_report.json,/mnt/ssd1/29d_kon/acm_2026/outputs/coordinator/rc3_full_metrics_20260611_004003/meshmamba/_logs/rgb_texture/cone/SLR_Camera_V1_L3.log,SLR_Camera_SG_V1_Iteration2.csv,32868,,,52465,450,horizontal_to_vertical,json_camera_static.fov_degrees,60.000001669652114,35.98339890412515,0.3053883977266385,0.5371215543304692,0.8753887165832752,0.02222002157387071,0.09771805826080923,0.4126171294857481,0.5869414888129442,0.7194658143310504,0.7910615305900447,0.7811486632220901,0.7153150199153868,1.0433033997151067,0.6621155972613478,4213611.487772578,3082.43652,,,0.9846183169732202,51658,52465,32043
rgb_texture,SeaHorse_v2_L3,ok,,,/mnt/ssd1/29d_kon/acm_2026/outputs/coordinator/rc3_full_metrics_20260611_004003/meshmamba/rgb_texture/baseline_screen_space/SeaHorse_v2_L3/sigma0p05_recenter_rotx90p0_horizontaltovertical_blender_rig/SeaHorse_v2_L3_report.json,/mnt/ssd1/29d_kon/acm_2026/outputs/coordinator/rc3_full_metrics_20260611_004003/meshmamba/_logs/rgb_texture/screen_space/SeaHorse_v2_L3.log,SeaHorse_v1_iterations-2.csv,32868,,,53964,450,horizontal_to_vertical,json_camera_static.fov_degrees,60.000001669652114,35.98339890412515,-0.0461467133316743,0.6811635129386284,0.7981334724203514,0.06919386517058503,0.19800057612434577,0.012455577781563278,0.7437159345638624,0.3512496000961487,0.3104133003622518,0.21101921089595457,-0.4442157151751034,-0.6030916350909002,-0.8977899156036743,4.178861994309136,10811.74927,32099,7593810,,,,,ok,,,/mnt/ssd1/29d_kon/acm_2026/outputs/coordinator/rc3_full_metrics_20260611_004003/meshmamba/rgb_texture/baseline_cone/SeaHorse_v2_L3/recenter_rotx90p0_horizontaltovertical_blender_rig/SeaHorse_v2_L3_report.json,/mnt/ssd1/29d_kon/acm_2026/outputs/coordinator/rc3_full_metrics_20260611_004003/meshmamba/_logs/rgb_texture/cone/SeaHorse_v2_L3.log,SeaHorse_v1_iterations-2.csv,32868,,,53964,450,horizontal_to_vertical,json_camera_static.fov_degrees,60.000001669652114,35.98339890412515,0.34063056681551945,0.7224922438053389,0.24569310044166076,0.06514798392449402,0.19879408003301616,0.46575928999065486,0.7867886942179239,0.7763652352637945,0.802847200013964,0.785939267081046,0.5409642161424416,0.6166386599144891,0.42789792719451,31474871.035717774,10811.74927,,,0.7870061522496479,42470,53964,32868
rgb_texture,Seagull_v1_L3,ok,,,/mnt/ssd1/29d_kon/acm_2026/outputs/coordinator/rc3_full_metrics_20260611_004003/meshmamba/rgb_texture/baseline_screen_space/Seagull_v1_L3/sigma0p05_recenter_rotx90p0_horizontaltovertical_blender_rig/Seagull_v1_L3_report.json,/mnt/ssd1/29d_kon/acm_2026/outputs/coordinator/rc3_full_metrics_20260611_004003/meshmamba/_logs/rgb_texture/screen_space/Seagull_v1_L3.log,Seagull_v1_L3.csv,32868,,,52465,450,horizontal_to_vertical,json_camera_static.fov_degrees,60.000001669652114,35.98339890412515,-0.2058222122367617,0.46340485325548453,4.006178481719584,0.1327571845574693,0.30105868794252977,-0.18965011499522497,0.48590217164671584,0.3527469814259182,0.33283618978289203,0.40434877725873214,-0.4701946325645087,-0.5694238045074254,-0.39278087677573625,2.65099166677789,6864.62943,28366,7625282,,,,,ok,,,/mnt/ssd1/29d_kon/acm_2026/outputs/coordinator/rc3_full_metrics_20260611_004003/meshmamba/rgb_texture/baseline_cone/Seagull_v1_L3/recenter_rotx90p0_horizontaltovertical_blender_rig/Seagull_v1_L3_report.json,/mnt/ssd1/29d_kon/acm_2026/outputs/coordinator/rc3_full_metrics_20260611_004003/meshmamba/_logs/rgb_texture/cone/Seagull_v1_L3.log,Seagull_v1_L3.csv,32868,,,52465,450,horizontal_to_vertical,json_camera_static.fov_degrees,60.000001669652114,35.98339890412515,-0.00044431412256780835,0.4541714265821435,0.9392095306839785,0.08045037890641994,0.20294481410036444,0.06465526524500288,0.46661746637258944,0.6361997208615324,0.7100331319940427,0.7382511572972381,0.025096303817400852,0.1557594581626412,0.22221847798822864,12664398.265389023,6864.62943,,,0.8118174020775756,42592,52465,32802
rgb_texture,Seal_wooden_v1_L3,ok,,,/mnt/ssd1/29d_kon/acm_2026/outputs/coordinator/rc3_full_metrics_20260611_004003/meshmamba/rgb_texture/baseline_screen_space/Seal_wooden_v1_L3/sigma0p05_recenter_rotx90p0_horizontaltovertical_blender_rig/Seal_wooden_v1_L3_report.json,/mnt/ssd1/29d_kon/acm_2026/outputs/coordinator/rc3_full_metrics_20260611_004003/meshmamba/_logs/rgb_texture/screen_space/Seal_wooden_v1_L3.log,Seal_wooden_v1_L3.csv,32868,,,52465,450,horizontal_to_vertical,json_camera_static.fov_degrees,60.000001669652114,35.98339890412515,0.5969228484232076,0.6772701255273728,0.8789097989552683,0.04858227874523585,0.1708217116728287,0.5939569344904267,0.8157097286740003,0.86027074294219,0.8899010594819757,0.9585073081813164,1.2073365277647732,1.4208413428871132,1.8322368717891007,2.4817495421350975,7107.087051999999,29605,7782071,,,,,ok,,,/mnt/ssd1/29d_kon/acm_2026/outputs/coordinator/rc3_full_metrics_20260611_004003/meshmamba/rgb_texture/baseline_cone/Seal_wooden_v1_L3/recenter_rotx90p0_horizontaltovertical_blender_rig/Seal_wooden_v1_L3_report.json,/mnt/ssd1/29d_kon/acm_2026/outputs/coordinator/rc3_full_metrics_20260611_004003/meshmamba/_logs/rgb_texture/cone/Seal_wooden_v1_L3.log,Seal_wooden_v1_L3.csv,32868,,,52465,450,horizontal_to_vertical,json_camera_static.fov_degrees,60.000001669652114,35.98339890412515,0.6199190937423674,0.6478969799937848,0.5474469555145882,0.04093376930512424,0.14165879750047622,0.5873250030996517,0.7763873639909221,0.8534736707582683,0.8830516527463745,0.9577209242759518,1.5204180406512926,2.117969995716675,3.3144322013107295,8803961.477552224,7107.087051999999,,,0.9253597636519585,48549,52465,32355
rgb_texture,Sheep_doll_v1_L3,ok,,,/mnt/ssd1/29d_kon/acm_2026/outputs/coordinator/rc3_full_metrics_20260611_004003/meshmamba/rgb_texture/baseline_screen_space/Sheep_doll_v1_L3/sigma0p05_recenter_rotx90p0_horizontaltovertical_blender_rig/Sheep_doll_v1_L3_report.json,/mnt/ssd1/29d_kon/acm_2026/outputs/coordinator/rc3_full_metrics_20260611_004003/meshmamba/_logs/rgb_texture/screen_space/Sheep_doll_v1_L3.log,Sheep_doll_v1_iterations-2.csv,32868,,,53964,450,horizontal_to_vertical,json_camera_static.fov_degrees,60.000001669652114,35.98339890412515,0.2844325461553526,0.634309641187617,1.4808429464665394,0.049175521260438476,0.17650451815906532,0.32300395950423516,0.7041691107284539,0.6430974278655317,0.5838170545241572,0.5177271492119206,0.5609061592113633,0.40690350829766375,-0.012784204516447874,2.9424004900435663,4889.002393999999,30964,7859900,,,,,ok,,,/mnt/ssd1/29d_kon/acm_2026/outputs/coordinator/rc3_full_metrics_20260611_004003/meshmamba/rgb_texture/baseline_cone/Sheep_doll_v1_L3/recenter_rotx90p0_horizontaltovertical_blender_rig/Sheep_doll_v1_L3_report.json,/mnt/ssd1/29d_kon/acm_2026/outputs/coordinator/rc3_full_metrics_20260611_004003/meshmamba/_logs/rgb_texture/cone/Sheep_doll_v1_L3.log,Sheep_doll_v1_iterations-2.csv,32868,,,53964,450,horizontal_to_vertical,json_camera_static.fov_degrees,60.000001669652114,35.98339890412515,0.43515666822616456,0.5889106871412566,0.786046313162648,0.03084480210067209,0.12019875568896846,0.38135484742223363,0.6850710955450511,0.6654222728069177,0.5422804717563943,0.1885462952990431,1.0881112555234431,0.9296218929485984,-0.652950740809272,11047864.000805017,4889.002393999999,,,0.9068082425320584,48935,53964,32868
rgb_texture,SittingBaby_v1_L1,ok,,,/mnt/ssd1/29d_kon/acm_2026/outputs/coordinator/rc3_full_metrics_20260611_004003/meshmamba/rgb_texture/baseline_screen_space/SittingBaby_v1_L1/sigma0p05_recenter_rotx90p0_horizontaltovertical_blender_rig/SittingBaby_v1_L1_report.json,/mnt/ssd1/29d_kon/acm_2026/outputs/coordinator/rc3_full_metrics_20260611_004003/meshmamba/_logs/rgb_texture/screen_space/SittingBaby_v1_L1.log,SittingBaby.csv,32868,,,52465,450,horizontal_to_vertical,json_camera_static.fov_degrees,60.000001669652114,35.98339890412515,0.30985727313173167,0.5854467600896767,1.58425761595828,0.06062202130194773,0.1964112326691151,0.22256185835824982,0.6464599181681995,0.6632635813528955,0.7155327733891144,0.8245265839981968,0.7434868173782625,1.001415243165901,1.2670891691807606,2.4417781951974593,3591.208147,29981,7901518,,,,,ok,,,/mnt/ssd1/29d_kon/acm_2026/outputs/coordinator/rc3_full_metrics_20260611_004003/meshmamba/rgb_texture/baseline_cone/SittingBaby_v1_L1/recenter_rotx90p0_horizontaltovertical_blender_rig/SittingBaby_v1_L1_report.json,/mnt/ssd1/29d_kon/acm_2026/outputs/coordinator/rc3_full_metrics_20260611_004003/meshmamba/_logs/rgb_texture/cone/SittingBaby_v1_L1.log,SittingBaby.csv,32868,,,52465,450,horizontal_to_vertical,json_camera_static.fov_degrees,60.000001669652114,35.98339890412515,0.5227681183948902,0.5807778898383689,0.8457265571551236,0.01671344170256748,0.07790851640548704,0.24230067926564505,0.6771596969365301,0.757017597168164,0.795696666828748,0.9149341575706532,1.4560338731145501,2.157752246341583,2.135847615441525,7737636.222094318,3591.208147,,,0.9142475936338511,47966,52465,32243
rgb_texture,Sitting_inside_an_egg_v1_L1,ok,,,/mnt/ssd1/29d_kon/acm_2026/outputs/coordinator/rc3_full_metrics_20260611_004003/meshmamba/rgb_texture/baseline_screen_space/Sitting_inside_an_egg_v1_L1/sigma0p05_recenter_rotx90p0_horizontaltovertical_blender_rig/Sitting_inside_an_egg_v1_L1_report.json,/mnt/ssd1/29d_kon/acm_2026/outputs/coordinator/rc3_full_metrics_20260611_004003/meshmamba/_logs/rgb_texture/screen_space/Sitting_inside_an_egg_v1_L1.log,Sitting_inside_an_egg_Texture.csv,32868,,,53964,450,horizontal_to_vertical,json_camera_static.fov_degrees,60.000001669652114,35.98339890412515,0.28197441166752424,0.5195820497114717,1.6377227647548183,0.05910725673358204,0.19331253044667446,0.2433269234465571,0.6034498840807985,0.711441347018613,0.7144521468138864,0.8485887078129578,0.718778968764245,0.7704069929849253,1.2175921585334664,4.008848015058035,3683.201102,30033,7324888,,,,,ok,,,/mnt/ssd1/29d_kon/acm_2026/outputs/coordinator/rc3_full_metrics_20260611_004003/meshmamba/rgb_texture/baseline_cone/Sitting_inside_an_egg_v1_L1/recenter_rotx90p0_horizontaltovertical_blender_rig/Sitting_inside_an_egg_v1_L1_report.json,/mnt/ssd1/29d_kon/acm_2026/outputs/coordinator/rc3_full_metrics_20260611_004003/meshmamba/_logs/rgb_texture/cone/Sitting_inside_an_egg_v1_L1.log,Sitting_inside_an_egg_Texture.csv,32868,,,53964,450,horizontal_to_vertical,json_camera_static.fov_degrees,60.000001669652114,35.98339890412515,0.5206829266444583,0.5665186765636003,0.7813494730051924,0.02261968941397734,0.09125247896891707,0.42188369400164333,0.6645103842983201,0.8520256040899472,0.8604311293078567,0.9612388911655324,1.378455293152339,1.5300689341447204,2.7742245896609976,14281302.82204184,3683.201102,,,0.9239863612778889,49862,53964,32681
rgb_texture,Soda_Can_v3_L3,ok,,,/mnt/ssd1/29d_kon/acm_2026/outputs/coordinator/rc3_full_metrics_20260611_004003/meshmamba/rgb_texture/baseline_screen_space/Soda_Can_v3_L3/sigma0p05_recenter_rotx90p0_horizontaltovertical_blender_rig/Soda_Can_v3_L3_report.json,/mnt/ssd1/29d_kon/acm_2026/outputs/coordinator/rc3_full_metrics_20260611_004003/meshmamba/_logs/rgb_texture/screen_space/Soda_Can_v3_L3.log,Soda_Can_v3_l3.csv,32868,,,53964,450,horizontal_to_vertical,json_camera_static.fov_degrees,60.000001669652114,35.98339890412515,-0.1048538528484866,0.5710591230568047,2.1537884043911646,0.15154143928792535,0.3257926593296137,-0.17407868787703237,0.640245358678329,0.4355692480847013,0.3658833930852367,0.36893109610529556,-0.10983509158968006,-0.3249613592980271,-0.30862491377847967,1.9395676771668486,7743.4137519999995,29151,7700948,,,,,ok,,,/mnt/ssd1/29d_kon/acm_2026/outputs/coordinator/rc3_full_metrics_20260611_004003/meshmamba/rgb_texture/baseline_cone/Soda_Can_v3_L3/recenter_rotx90p0_horizontaltovertical_blender_rig/Soda_Can_v3_L3_report.json,/mnt/ssd1/29d_kon/acm_2026/outputs/coordinator/rc3_full_metrics_20260611_004003/meshmamba/_logs/rgb_texture/cone/Soda_Can_v3_L3.log,Soda_Can_v3_l3.csv,32868,,,53964,450,horizontal_to_vertical,json_camera_static.fov_degrees,60.000001669652114,35.98339890412515,-0.19094409509338656,0.46614102814234115,1.404077751417517,0.07763544839928778,0.2176163822714509,-0.10419467260534135,0.4390746499707656,0.5444969584166948,0.49211440268668494,0.4848301280922561,-0.14626735916061145,-0.2512577391339784,-0.2984906165551423,5156690.980722513,7743.4137519999995,,,0.9531354236157439,51435,53964,31630
rgb_texture,Spark_Plug_v1_L3,ok,,,/mnt/ssd1/29d_kon/acm_2026/outputs/coordinator/rc3_full_metrics_20260611_004003/meshmamba/rgb_texture/baseline_screen_space/Spark_Plug_v1_L3/sigma0p05_recenter_rotx90p0_horizontaltovertical_blender_rig/Spark_Plug_v1_L3_report.json,/mnt/ssd1/29d_kon/acm_2026/outputs/coordinator/rc3_full_metrics_20260611_004003/meshmamba/_logs/rgb_texture/screen_space/Spark_Plug_v1_L3.log,Spark_Plug_v1_l3.csv,32868,,,53964,450,horizontal_to_vertical,json_camera_static.fov_degrees,60.000001669652114,35.98339890412515,0.04850475043308963,0.7138112487227756,1.0073576301479765,0.07418120859879689,0.22340977789552643,0.030676625499432363,0.8017952073954047,0.5854390702342288,0.6610073985448838,0.6750542323259318,0.20820816200560188,0.4384837975037149,0.5151263868883484,4.575356553573625,10520.210308000002,31021,7625963,,,,,ok,,,/mnt/ssd1/29d_kon/acm_2026/outputs/coordinator/rc3_full_metrics_20260611_004003/meshmamba/rgb_texture/baseline_cone/Spark_Plug_v1_L3/recenter_rotx90p0_horizontaltovertical_blender_rig/Spark_Plug_v1_L3_report.json,/mnt/ssd1/29d_kon/acm_2026/outputs/coordinator/rc3_full_metrics_20260611_004003/meshmamba/_logs/rgb_texture/cone/Spark_Plug_v1_L3.log,Spark_Plug_v1_l3.csv,32868,,,53964,450,horizontal_to_vertical,json_camera_static.fov_degrees,60.000001669652114,35.98339890412515,0.14738570097121165,0.619059425242249,0.6500771321498336,0.0705991180691289,0.21295183011598362,0.11986988230517717,0.7031021016561685,0.6077807716365351,0.6601640691576074,0.5723790324652269,0.3163444526571128,0.42809263884518145,0.04880053719915879,22825487.704032905,10520.210308000002,,,0.8935216069972575,48218,53964,32868
rgb_texture,Spinning_Top_v1_L3,ok,,,/mnt/ssd1/29d_kon/acm_2026/outputs/coordinator/rc3_full_metrics_20260611_004003/meshmamba/rgb_texture/baseline_screen_space/Spinning_Top_v1_L3/sigma0p05_recenter_rotx90p0_horizontaltovertical_blender_rig/Spinning_Top_v1_L3_report.json,/mnt/ssd1/29d_kon/acm_2026/outputs/coordinator/rc3_full_metrics_20260611_004003/meshmamba/_logs/rgb_texture/screen_space/Spinning_Top_v1_L3.log,Spinning_Top_v1_L3.csv,32868,,,55463,450,horizontal_to_vertical,json_camera_static.fov_degrees,60.000001669652114,35.98339890412515,-0.3348535714924654,0.3609603888973786,5.760014793126663,0.17929755307953024,0.3511928129627705,-0.2532932778597641,0.3694604318667341,0.28633980175423823,0.2905950402803259,0.39213163983439653,-0.6894480505716545,-0.7065358259840354,-0.4551653845375716,2.636162908819382,6838.935173,26780,7886901,,,,,ok,,,/mnt/ssd1/29d_kon/acm_2026/outputs/coordinator/rc3_full_metrics_20260611_004003/meshmamba/rgb_texture/baseline_cone/Spinning_Top_v1_L3/recenter_rotx90p0_horizontaltovertical_blender_rig/Spinning_Top_v1_L3_report.json,/mnt/ssd1/29d_kon/acm_2026/outputs/coordinator/rc3_full_metrics_20260611_004003/meshmamba/_logs/rgb_texture/cone/Spinning_Top_v1_L3.log,Spinning_Top_v1_L3.csv,32868,,,55463,450,horizontal_to_vertical,json_camera_static.fov_degrees,60.000001669652114,35.98339890412515,-0.2712927178566274,0.3206467034794346,9.616639182843741,0.12662263198243576,0.2757866837334089,-0.2896398454026018,0.30657796859241027,0.279166277180259,0.297056279778547,0.5,-0.7226161363110115,-0.8341115435870624,-0.9297326228179241,10837260.640247442,6838.935173,,,0.91167084362548,50564,55463,25415
rgb_texture,Squirrel_wooden_v2_L3,ok,,,/mnt/ssd1/29d_kon/acm_2026/outputs/coordinator/rc3_full_metrics_20260611_004003/meshmamba/rgb_texture/baseline_screen_space/Squirrel_wooden_v2_L3/sigma0p05_recenter_rotx90p0_horizontaltovertical_blender_rig/Squirrel_wooden_v2_L3_report.json,/mnt/ssd1/29d_kon/acm_2026/outputs/coordinator/rc3_full_metrics_20260611_004003/meshmamba/_logs/rgb_texture/screen_space/Squirrel_wooden_v2_L3.log,Squirrel_wooden_v2_L3.csv,32868,,,53964,450,horizontal_to_vertical,json_camera_static.fov_degrees,60.000001669652114,35.98339890412515,0.3598220448025875,0.634390530339761,1.0759327231633045,0.023221112507382673,0.1072353434775288,0.26576804411117444,0.7034724956095134,0.8105723321794046,0.8482894069569045,0.8057450535625661,1.050630646566376,1.2512094876924322,1.0970349813478701,2.0186697102377895,3794.045488,31024,7872166,,,,,ok,,,/mnt/ssd1/29d_kon/acm_2026/outputs/coordinator/rc3_full_metrics_20260611_004003/meshmamba/rgb_texture/baseline_cone/Squirrel_wooden_v2_L3/recenter_rotx90p0_horizontaltovertical_blender_rig/Squirrel_wooden_v2_L3_report.json,/mnt/ssd1/29d_kon/acm_2026/outputs/coordinator/rc3_full_metrics_20260611_004003/meshmamba/_logs/rgb_texture/cone/Squirrel_wooden_v2_L3.log,Squirrel_wooden_v2_L3.csv,32868,,,53964,450,horizontal_to_vertical,json_camera_static.fov_degrees,60.000001669652114,35.98339890412515,0.24854187499409577,0.5078697236560551,1.2529918926553223,0.021173312844454468,0.09855057744885659,0.11638434496372536,0.5351307402035118,0.7880412089972116,0.8318087364015329,0.8192260472842923,0.7616964789605568,0.8781027394211136,0.6853369067548417,5045278.214032114,3794.045488,,,0.9353643169520421,50476,53964,32321
rgb_texture,StandingBaby_v2_L1,ok,,,/mnt/ssd1/29d_kon/acm_2026/outputs/coordinator/rc3_full_metrics_20260611_004003/meshmamba/rgb_texture/baseline_screen_space/StandingBaby_v2_L1/sigma0p05_recenter_rotx90p0_horizontaltovertical_blender_rig/StandingBaby_v2_L1_report.json,/mnt/ssd1/29d_kon/acm_2026/outputs/coordinator/rc3_full_metrics_20260611_004003/meshmamba/_logs/rgb_texture/screen_space/StandingBaby_v2_L1.log,StandingBaby.csv,32868,,,52465,450,horizontal_to_vertical,json_camera_static.fov_degrees,60.000001669652114,35.98339890412515,0.13103938284043234,0.6495063176316493,1.268327167998791,0.06934510925593328,0.21654704453848533,0.09510485873802901,0.7311537946386872,0.5568211654042851,0.6345185179470779,0.8330635923354447,0.20232883619691217,0.4844614224877557,1.1967173114272156,3.621002936357638,8676.806453000001,31710,7842853,,,,,ok,,,/mnt/ssd1/29d_kon/acm_2026/outputs/coordinator/rc3_full_metrics_20260611_004003/meshmamba/rgb_texture/baseline_cone/StandingBaby_v2_L1/recenter_rotx90p0_horizontaltovertical_blender_rig/StandingBaby_v2_L1_report.json,/mnt/ssd1/29d_kon/acm_2026/outputs/coordinator/rc3_full_metrics_20260611_004003/meshmamba/_logs/rgb_texture/cone/StandingBaby_v2_L1.log,StandingBaby.csv,32868,,,52465,450,horizontal_to_vertical,json_camera_static.fov_degrees,60.000001669652114,35.98339890412515,0.4550703303873958,0.6037085369671418,0.5117467242875113,0.057698748666649424,0.1772886092265385,0.351266450202615,0.6958236259491914,0.7184495466326792,0.7742085113110947,0.9078017765167654,1.0093427878754362,1.505326368619949,2.10031281439408,19078601.250522844,8676.806453000001,,,0.8285904888973602,43472,52465,32868
rgb_texture,Starfruit_L3,ok,,,/mnt/ssd1/29d_kon/acm_2026/outputs/coordinator/rc3_full_metrics_20260611_004003/meshmamba/rgb_texture/baseline_screen_space/Starfruit_L3/sigma0p05_recenter_rotx90p0_horizontaltovertical_blender_rig/Starfruit_L3_report.json,/mnt/ssd1/29d_kon/acm_2026/outputs/coordinator/rc3_full_metrics_20260611_004003/meshmamba/_logs/rgb_texture/screen_space/Starfruit_L3.log,Starfruit-L3.csv,32868,,,52465,450,horizontal_to_vertical,json_camera_static.fov_degrees,60.000001669652114,35.98339890412515,0.1404232938683722,0.7197380156506988,0.48216030687555855,0.042239880853354575,0.1650722540892522,-0.04925279177435124,0.813451233601039,0.7292157137142284,0.8240697428143426,0.8292555830361527,0.8886693581926819,1.3509273942340476,1.7537815745123844,3.2527609625687317,8732.193847999999,32363,7850565,,,,,ok,,,/mnt/ssd1/29d_kon/acm_2026/outputs/coordinator/rc3_full_metrics_20260611_004003/meshmamba/rgb_texture/baseline_cone/Starfruit_L3/recenter_rotx90p0_horizontaltovertical_blender_rig/Starfruit_L3_report.json,/mnt/ssd1/29d_kon/acm_2026/outputs/coordinator/rc3_full_metrics_20260611_004003/meshmamba/_logs/rgb_texture/cone/Starfruit_L3.log,Starfruit-L3.csv,32868,,,52465,450,horizontal_to_vertical,json_camera_static.fov_degrees,60.000001669652114,35.98339890412515,0.3210842457297369,0.6733669114103569,0.36833566789196576,0.04942893415587004,0.1768513093040964,-0.011010121261492268,0.7589107383572902,0.7257604580481513,0.814217935404982,0.789423932805067,1.2302185664009526,1.9010663202439944,1.9078611028402872,13285305.382800825,8732.193847999999,,,0.970018107309635,50892,52465,32868
rgb_texture,Statue_v1_L2_David,ok,,,/mnt/ssd1/29d_kon/acm_2026/outputs/coordinator/rc3_full_metrics_20260611_004003/meshmamba/rgb_texture/baseline_screen_space/Statue_v1_L2_David/sigma0p05_recenter_rotx90p0_horizontaltovertical_blender_rig/Statue_v1_L2_David_report.json,/mnt/ssd1/29d_kon/acm_2026/outputs/coordinator/rc3_full_metrics_20260611_004003/meshmamba/_logs/rgb_texture/screen_space/Statue_v1_L2_David.log,Statue_v1_L2_David.csv,32868,,,53964,450,horizontal_to_vertical,json_camera_static.fov_degrees,60.000001669652114,35.98339890412515,0.16965394873535794,0.6206479392623883,1.0738116272466982,0.07035567039175585,0.2224721637774987,0.1272317990930633,0.706349354447642,0.7005013804659864,0.7283243697685915,0.569061666565938,0.6079782069592193,0.7309780232826868,0.17630913496749864,4.080883253228505,7071.216439,31165,7234442,,,,,ok,,,/mnt/ssd1/29d_kon/acm_2026/outputs/coordinator/rc3_full_metrics_20260611_004003/meshmamba/rgb_texture/baseline_cone/Statue_v1_L2_David/recenter_rotx90p0_horizontaltovertical_blender_rig/Statue_v1_L2_David_report.json,/mnt/ssd1/29d_kon/acm_2026/outputs/coordinator/rc3_full_metrics_20260611_004003/meshmamba/_logs/rgb_texture/cone/Statue_v1_L2_David.log,Statue_v1_L2_David.csv,32868,,,53964,450,horizontal_to_vertical,json_camera_static.fov_degrees,60.000001669652114,35.98339890412515,0.5039735418700134,0.6570899627736462,0.41336085823262714,0.04491566092069033,0.15984627418006447,0.3421388920954872,0.7843583851098831,0.8918744885403677,0.9261054004717812,0.9289695012699748,1.358157468731528,1.664382090217197,1.8400865203753864,30051473.96689813,7071.216439,,,0.8475094507449411,45735,53964,32868
rgb_texture,Statue_v1_L2_Venus,ok,,,/mnt/ssd1/29d_kon/acm_2026/outputs/coordinator/rc3_full_metrics_20260611_004003/meshmamba/rgb_texture/baseline_screen_space/Statue_v1_L2_Venus/sigma0p05_recenter_rotx90p0_horizontaltovertical_blender_rig/Statue_v1_L2_Venus_report.json,/mnt/ssd1/29d_kon/acm_2026/outputs/coordinator/rc3_full_metrics_20260611_004003/meshmamba/_logs/rgb_texture/screen_space/Statue_v1_L2_Venus.log,Statue_v1_L2_Venus.csv,32868,,,52465,450,horizontal_to_vertical,json_camera_static.fov_degrees,60.000001669652114,35.98339890412515,0.4912273818429306,0.5856645184816995,0.7725818752125875,0.0611409736487695,0.20366003238797908,0.6502014597728353,0.6999528483109426,0.791624687925355,0.7920402524291938,0.8546418602096468,0.803345592122184,0.8385535466727596,1.069533104761918,4.278182879374535,5311.9028530000005,31067,7608501,,,,,ok,,,/mnt/ssd1/29d_kon/acm_2026/outputs/coordinator/rc3_full_metrics_20260611_004003/meshmamba/rgb_texture/baseline_cone/Statue_v1_L2_Venus/recenter_rotx90p0_horizontaltovertical_blender_rig/Statue_v1_L2_Venus_report.json,/mnt/ssd1/29d_kon/acm_2026/outputs/coordinator/rc3_full_metrics_20260611_004003/meshmamba/_logs/rgb_texture/cone/Statue_v1_L2_Venus.log,Statue_v1_L2_Venus.csv,32868,,,52465,450,horizontal_to_vertical,json_camera_static.fov_degrees,60.000001669652114,35.98339890412515,0.6656101408247383,0.6398960785766836,0.41521565310149877,0.04341466920426098,0.1451839801778347,0.6781314713298102,0.7935414499340562,0.9356211287540811,0.9246612792548997,0.9032462424562118,1.7004655678492886,1.7374400613294556,1.6422108978731191,36801554.10438292,5311.9028530000005,,,0.919527303916897,48243,52465,32868
rgb_texture,Statue_v1_L3_eagle,ok,,,/mnt/ssd1/29d_kon/acm_2026/outputs/coordinator/rc3_full_metrics_20260611_004003/meshmamba/rgb_texture/baseline_screen_space/Statue_v1_L3_eagle/sigma0p05_recenter_rotx90p0_horizontaltovertical_blender_rig/Statue_v1_L3_eagle_report.json,/mnt/ssd1/29d_kon/acm_2026/outputs/coordinator/rc3_full_metrics_20260611_004003/meshmamba/_logs/rgb_texture/screen_space/Statue_v1_L3_eagle.log,Statue_v1_l3_eagle.csv,32868,,,52465,450,horizontal_to_vertical,json_camera_static.fov_degrees,60.000001669652114,35.98339890412515,0.4302106250287928,0.658292428235628,0.6190842411541276,0.14570449916909203,0.33445210207267306,0.479877817528736,0.7530975920288928,0.7272533501496157,0.7146505405879688,0.6077899879975687,0.7383323193006606,0.743382753209808,0.4106380092789726,3.2665329559916647,5278.377661,31496,6879521,,,,,ok,,,/mnt/ssd1/29d_kon/acm_2026/outputs/coordinator/rc3_full_metrics_20260611_004003/meshmamba/rgb_texture/baseline_cone/Statue_v1_L3_eagle/recenter_rotx90p0_horizontaltovertical_blender_rig/Statue_v1_L3_eagle_report.json,/mnt/ssd1/29d_kon/acm_2026/outputs/coordinator/rc3_full_metrics_20260611_004003/meshmamba/_logs/rgb_texture/cone/Statue_v1_L3_eagle.log,Statue_v1_l3_eagle.csv,32868,,,52465,450,horizontal_to_vertical,json_camera_static.fov_degrees,60.000001669652114,35.98339890412515,0.37770389977273366,0.6017241215420852,0.49762180870227035,0.03789202589497613,0.1353000338667992,0.5453635927914521,0.6798146655363395,0.7525337888479072,0.7591702671318401,0.7914447951212346,0.3388932369583354,0.25247711726733546,0.3590665215506307,15103922.978543734,5278.377661,,,0.8618316973220242,45216,52465,32792
rgb_texture,Statue_willendorf_V1_L3,ok,,,/mnt/ssd1/29d_kon/acm_2026/outputs/coordinator/rc3_full_metrics_20260611_004003/meshmamba/rgb_texture/baseline_screen_space/Statue_willendorf_V1_L3/sigma0p05_recenter_rotx90p0_horizontaltovertical_blender_rig/Statue_willendorf_V1_L3_report.json,/mnt/ssd1/29d_kon/acm_2026/outputs/coordinator/rc3_full_metrics_20260611_004003/meshmamba/_logs/rgb_texture/screen_space/Statue_willendorf_V1_L3.log,Statue_willendorf_V1_L3.csv,32868,,,56962,450,horizontal_to_vertical,json_camera_static.fov_degrees,60.000001669652114,35.98339890412515,-0.08035526294501191,0.6185528359261742,1.116179776219147,0.09212001688758398,0.2592540691277215,-0.04043603958642043,0.6722181463871792,0.4093341361629945,0.42422362071910497,0.3325337628514242,-0.27840115744859667,-0.18057000584438357,-0.4109224425246308,3.1645318132718043,6940.340125999999,32235,7991428,,,,,ok,,,/mnt/ssd1/29d_kon/acm_2026/outputs/coordinator/rc3_full_metrics_20260611_004003/meshmamba/rgb_texture/baseline_cone/Statue_willendorf_V1_L3/recenter_rotx90p0_horizontaltovertical_blender_rig/Statue_willendorf_V1_L3_report.json,/mnt/ssd1/29d_kon/acm_2026/outputs/coordinator/rc3_full_metrics_20260611_004003/meshmamba/_logs/rgb_texture/cone/Statue_willendorf_V1_L3.log,Statue_willendorf_V1_L3.csv,32868,,,56962,450,horizontal_to_vertical,json_camera_static.fov_degrees,60.000001669652114,35.98339890412515,0.00834466660680822,0.5721131493310639,0.7824769043137508,0.06933488720520545,0.20223668074743795,0.009632667640939662,0.6160204609205372,0.4947334975530415,0.5549586891330084,0.4453455946387832,-0.0614771699263711,0.08926337293379011,-0.29775854052496,12156952.015240997,6940.340125999999,,,0.9660650960289315,55029,56962,32868
rgb_texture,Stone_Chess_Bishop_Side_A_v2_L1,ok,,,/mnt/ssd1/29d_kon/acm_2026/outputs/coordinator/rc3_full_metrics_20260611_004003/meshmamba/rgb_texture/baseline_screen_space/Stone_Chess_Bishop_Side_A_v2_L1/sigma0p05_recenter_rotx90p0_horizontaltovertical_blender_rig/Stone_Chess_Bishop_Side_A_v2_L1_report.json,/mnt/ssd1/29d_kon/acm_2026/outputs/coordinator/rc3_full_metrics_20260611_004003/meshmamba/_logs/rgb_texture/screen_space/Stone_Chess_Bishop_Side_A_v2_L1.log,Stone_Chess_Bishop_V2_l1.csv,32868,,,53964,450,horizontal_to_vertical,json_camera_static.fov_degrees,60.000001669652114,35.98339890412515,0.5515049013509475,0.7055238069433145,0.7298744928749029,0.04718404553507681,0.1834531152931424,0.5618672577370583,0.7871551266811124,0.8875398686411688,0.9271237172977553,0.9274770205610643,1.2958354622103716,1.6425053907094074,1.9636899092525504,4.1147244846604165,3938.411239,30984,7784806,,,,,ok,,,/mnt/ssd1/29d_kon/acm_2026/outputs/coordinator/rc3_full_metrics_20260611_004003/meshmamba/rgb_texture/baseline_cone/Stone_Chess_Bishop_Side_A_v2_L1/recenter_rotx90p0_horizontaltovertical_blender_rig/Stone_Chess_Bishop_Side_A_v2_L1_report.json,/mnt/ssd1/29d_kon/acm_2026/outputs/coordinator/rc3_full_metrics_20260611_004003/meshmamba/_logs/rgb_texture/cone/Stone_Chess_Bishop_Side_A_v2_L1.log,Stone_Chess_Bishop_V2_l1.csv,32868,,,53964,450,horizontal_to_vertical,json_camera_static.fov_degrees,60.000001669652114,35.98339890412515,0.5130551860683337,0.6826827169263117,0.3933483172723398,0.03196239852959519,0.12000884870616413,0.6553376890581772,0.7519060311444687,0.8705258682036413,0.8213718777526552,0.8822537574970826,1.2359970137742462,0.7474232389941912,0.9676240649759494,21876389.965469453,3938.411239,,,0.931102216292343,50246,53964,32774
rgb_texture,Stone_Chess_Knight_Side_A_v2_L1,ok,,,/mnt/ssd1/29d_kon/acm_2026/outputs/coordinator/rc3_full_metrics_20260611_004003/meshmamba/rgb_texture/baseline_screen_space/Stone_Chess_Knight_Side_A_v2_L1/sigma0p05_recenter_rotx90p0_horizontaltovertical_blender_rig/Stone_Chess_Knight_Side_A_v2_L1_report.json,/mnt/ssd1/29d_kon/acm_2026/outputs/coordinator/rc3_full_metrics_20260611_004003/meshmamba/_logs/rgb_texture/screen_space/Stone_Chess_Knight_Side_A_v2_L1.log,Stone_Chess_Knight_Side_A_v2_l1.csv,32868,,,52465,450,horizontal_to_vertical,json_camera_static.fov_degrees,60.000001669652114,35.98339890412515,-0.027578091582777763,0.6317022894597664,1.531700250818,0.0627709079987302,0.20017592335972043,-0.0014035355481111919,0.6834779693376853,0.41785441380155597,0.4165205986660707,0.47345593517846396,-0.22530456865488557,-0.2603310294270415,-0.007402141600957724,3.508496234312676,7722.510323,31265,7775557,,,,,ok,,,/mnt/ssd1/29d_kon/acm_2026/outputs/coordinator/rc3_full_metrics_20260611_004003/meshmamba/rgb_texture/baseline_cone/Stone_Chess_Knight_Side_A_v2_L1/recenter_rotx90p0_horizontaltovertical_blender_rig/Stone_Chess_Knight_Side_A_v2_L1_report.json,/mnt/ssd1/29d_kon/acm_2026/outputs/coordinator/rc3_full_metrics_20260611_004003/meshmamba/_logs/rgb_texture/cone/Stone_Chess_Knight_Side_A_v2_L1.log,Stone_Chess_Knight_Side_A_v2_l1.csv,32868,,,52465,450,horizontal_to_vertical,json_camera_static.fov_degrees,60.000001669652114,35.98339890412515,-0.1306709004428271,0.5690837264304038,0.8016596890155439,0.0745222441351319,0.20220290596589535,-0.0991283019305851,0.5767068849391285,0.33521762477820355,0.30137092552487854,0.2802181455202086,-0.46209100574165185,-0.5744631021701375,-0.6658931193936357,12286536.137213632,7722.510323,,,0.8876965596111693,46573,52465,32868
rgb_texture,TomatoBeefSteak_V1_L3,ok,,,/mnt/ssd1/29d_kon/acm_2026/outputs/coordinator/rc3_full_metrics_20260611_004003/meshmamba/rgb_texture/baseline_screen_space/TomatoBeefSteak_V1_L3/sigma0p05_recenter_rotx90p0_horizontaltovertical_blender_rig/TomatoBeefSteak_V1_L3_report.json,/mnt/ssd1/29d_kon/acm_2026/outputs/coordinator/rc3_full_metrics_20260611_004003/meshmamba/_logs/rgb_texture/screen_space/TomatoBeefSteak_V1_L3.log,TomatoBeefSteak_v1.csv,32868,,,53964,450,horizontal_to_vertical,json_camera_static.fov_degrees,60.000001669652114,35.98339890412515,0.4481766937316183,0.629765726830943,1.3232131346210656,0.07099708865467784,0.172665403626087,0.5903246200505557,0.6955743173902856,0.7187571436195258,0.7122639320586261,0.6133924770752066,0.5873276761529496,0.5848500967312753,0.08977266170527833,3.523301196625108,4836.8679329999995,28246,7793938,,,,,ok,,,/mnt/ssd1/29d_kon/acm_2026/outputs/coordinator/rc3_full_metrics_20260611_004003/meshmamba/rgb_texture/baseline_cone/TomatoBeefSteak_V1_L3/recenter_rotx90p0_horizontaltovertical_blender_rig/TomatoBeefSteak_V1_L3_report.json,/mnt/ssd1/29d_kon/acm_2026/outputs/coordinator/rc3_full_metrics_20260611_004003/meshmamba/_logs/rgb_texture/cone/TomatoBeefSteak_V1_L3.log,TomatoBeefSteak_v1.csv,32868,,,53964,450,horizontal_to_vertical,json_camera_static.fov_degrees,60.000001669652114,35.98339890412515,0.5250469375176936,0.6585880920467932,0.9281159866124802,0.028377717619568192,0.0934994896582846,0.7125404650913918,0.712420200864228,0.7940155131069164,0.7563946439447352,0.60825685819523,0.8901728713251508,0.7252833620953438,-0.2583159659178759,12325973.123475462,4836.8679329999995,,,0.9449262471277148,50992,53964,28005
rgb_texture,Tricorn_Hat_v1_L2,ok,,,/mnt/ssd1/29d_kon/acm_2026/outputs/coordinator/rc3_full_metrics_20260611_004003/meshmamba/rgb_texture/baseline_screen_space/Tricorn_Hat_v1_L2/sigma0p05_recenter_rotx90p0_horizontaltovertical_blender_rig/Tricorn_Hat_v1_L2_report.json,/mnt/ssd1/29d_kon/acm_2026/outputs/coordinator/rc3_full_metrics_20260611_004003/meshmamba/_logs/rgb_texture/screen_space/Tricorn_Hat_v1_L2.log,Tricorn_Hat_v1_l2.csv,32868,,,52465,450,horizontal_to_vertical,json_camera_static.fov_degrees,60.000001669652114,35.98339890412515,0.0011420027737403173,0.4647404499511707,4.75455084396626,0.09977626916983147,0.2578323789145927,0.01790382755247573,0.47804527303795047,0.5330914748299769,0.5026877447194216,0.6419040663011728,0.0025899098062712204,-0.16408462368607293,-0.11902263154876232,2.6431741261794417,3896.454268,28682,7433994,,,,,ok,,,/mnt/ssd1/29d_kon/acm_2026/outputs/coordinator/rc3_full_metrics_20260611_004003/meshmamba/rgb_texture/baseline_cone/Tricorn_Hat_v1_L2/recenter_rotx90p0_horizontaltovertical_blender_rig/Tricorn_Hat_v1_L2_report.json,/mnt/ssd1/29d_kon/acm_2026/outputs/coordinator/rc3_full_metrics_20260611_004003/meshmamba/_logs/rgb_texture/cone/Tricorn_Hat_v1_L2.log,Tricorn_Hat_v1_l2.csv,32868,,,52465,450,horizontal_to_vertical,json_camera_static.fov_degrees,60.000001669652114,35.98339890412515,-0.20038653622609065,0.4303638953217257,1.0787498437735734,0.10948327054907052,0.26555028586378404,-0.21729793843468895,0.4216077305603714,0.3702941972831437,0.3058941438303433,0.3384693102903591,-0.41259432261383516,-0.6100690933956477,-0.5770791949722651,7051232.808098247,3896.454268,,,0.9077480224911846,47625,52465,32868
rgb_texture,UFO_v1_L2,ok,,,/mnt/ssd1/29d_kon/acm_2026/outputs/coordinator/rc3_full_metrics_20260611_004003/meshmamba/rgb_texture/baseline_screen_space/UFO_v1_L2/sigma0p05_recenter_rotx90p0_horizontaltovertical_blender_rig/UFO_v1_L2_report.json,/mnt/ssd1/29d_kon/acm_2026/outputs/coordinator/rc3_full_metrics_20260611_004003/meshmamba/_logs/rgb_texture/screen_space/UFO_v1_L2.log,UFO_V1_l2.csv,32868,,,55463,450,horizontal_to_vertical,json_camera_static.fov_degrees,60.000001669652114,35.98339890412515,-0.02511460017085615,0.4856450825516715,5.432730649769251,0.10836431267868075,0.25508440652716735,0.023264574015567977,0.522172419979599,0.47036916482468605,0.49275568562581784,0.5447797924230461,-0.1616907349701386,-0.09475433734921586,0.057816530128269025,3.5628359545293837,6430.99971,22258,8155097,,,,,ok,,,/mnt/ssd1/29d_kon/acm_2026/outputs/coordinator/rc3_full_metrics_20260611_004003/meshmamba/rgb_texture/baseline_cone/UFO_v1_L2/recenter_rotx90p0_horizontaltovertical_blender_rig/UFO_v1_L2_report.json,/mnt/ssd1/29d_kon/acm_2026/outputs/coordinator/rc3_full_metrics_20260611_004003/meshmamba/_logs/rgb_texture/cone/UFO_v1_L2.log,UFO_V1_l2.csv,32868,,,55463,450,horizontal_to_vertical,json_camera_static.fov_degrees,60.000001669652114,35.98339890412515,0.43549696539631955,0.6219321404735951,1.1353186942723075,0.041621850529851435,0.14802778048030688,0.34031521385422625,0.7239221284736866,0.7909618813916672,0.8593751168855701,0.9478008666896894,1.036338791496504,1.5232967944694182,2.200999168081855,15899644.527121376,6430.99971,,,0.952112218956782,52807,55463,31080
rgb_texture,Volto_Mask_v1_L2,ok,,,/mnt/ssd1/29d_kon/acm_2026/outputs/coordinator/rc3_full_metrics_20260611_004003/meshmamba/rgb_texture/baseline_screen_space/Volto_Mask_v1_L2/sigma0p05_recenter_rotx90p0_horizontaltovertical_blender_rig/Volto_Mask_v1_L2_report.json,/mnt/ssd1/29d_kon/acm_2026/outputs/coordinator/rc3_full_metrics_20260611_004003/meshmamba/_logs/rgb_texture/screen_space/Volto_Mask_v1_L2.log,Volto_Mask_L2.csv,32868,,,52465,450,horizontal_to_vertical,json_camera_static.fov_degrees,60.000001669652114,35.98339890412515,0.1306623656355475,0.6886079390880171,0.7857076498200835,0.046736165441297606,0.16794428985261012,0.07306584800945784,0.7683356385793632,0.5923012593689242,0.6217231714888977,0.7289186574427264,0.37290013508919684,0.512498983181821,1.029880427558144,3.4682023964829236,9545.420637,32254,7429838,,,,,ok,,,/mnt/ssd1/29d_kon/acm_2026/outputs/coordinator/rc3_full_metrics_20260611_004003/meshmamba/rgb_texture/baseline_cone/Volto_Mask_v1_L2/recenter_rotx90p0_horizontaltovertical_blender_rig/Volto_Mask_v1_L2_report.json,/mnt/ssd1/29d_kon/acm_2026/outputs/coordinator/rc3_full_metrics_20260611_004003/meshmamba/_logs/rgb_texture/cone/Volto_Mask_v1_L2.log,Volto_Mask_L2.csv,32868,,,52465,450,horizontal_to_vertical,json_camera_static.fov_degrees,60.000001669652114,35.98339890412515,0.2236079480930137,0.6264791125306495,0.6407629773525914,0.05763712144264618,0.18815205551977357,0.07108483990506846,0.7098672743920722,0.6305847401390398,0.6966075775044838,0.7727648028818539,0.6182985573172827,0.8775452535687573,1.087304764513976,15790015.193021122,9545.420637,,,0.8740112455922996,45855,52465,32868
rgb_texture,WWII_Plane-Germany_Focke-Wulf_Fw_190_v1,ok,,,/mnt/ssd1/29d_kon/acm_2026/outputs/coordinator/rc3_full_metrics_20260611_004003/meshmamba/rgb_texture/baseline_screen_space/WWII_Plane-Germany_Focke-Wulf_Fw_190_v1/sigma0p05_recenter_rotx90p0_horizontaltovertical_blender_rig/WWII_Plane-Germany_Focke-Wulf_Fw_190_v1_report.json,/mnt/ssd1/29d_kon/acm_2026/outputs/coordinator/rc3_full_metrics_20260611_004003/meshmamba/_logs/rgb_texture/screen_space/WWII_Plane-Germany_Focke-Wulf_Fw_190_v1.log,WWII_Plane-Germany_Focke-Wulf_FW_190_v1_l3.csv,32868,,,52465,450,horizontal_to_vertical,json_camera_static.fov_degrees,60.000001669652114,35.98339890412515,0.04279908912274519,0.5693845520860967,3.6117275409148633,0.10794408042687642,0.2639984931508483,0.05341262956187786,0.6419071759498244,0.49282867118831886,0.5069575551092085,0.4645746124057257,-0.0021444853233447574,0.004558610929779431,-0.14577436151010317,4.199600975203313,8263.411691000001,25766,7781313,,,,,ok,,,/mnt/ssd1/29d_kon/acm_2026/outputs/coordinator/rc3_full_metrics_20260611_004003/meshmamba/rgb_texture/baseline_cone/WWII_Plane-Germany_Focke-Wulf_Fw_190_v1/recenter_rotx90p0_horizontaltovertical_blender_rig/WWII_Plane-Germany_Focke-Wulf_Fw_190_v1_report.json,/mnt/ssd1/29d_kon/acm_2026/outputs/coordinator/rc3_full_metrics_20260611_004003/meshmamba/_logs/rgb_texture/cone/WWII_Plane-Germany_Focke-Wulf_Fw_190_v1.log,WWII_Plane-Germany_Focke-Wulf_FW_190_v1_l3.csv,32868,,,52465,450,horizontal_to_vertical,json_camera_static.fov_degrees,60.000001669652114,35.98339890412515,0.28087652316064954,0.639419235937865,0.49813438447283254,0.05506547007105211,0.1863317692401793,0.2897195283348715,0.7375087807935142,0.6069727208262459,0.7084988822622562,0.8046662452566856,0.31779583412697404,0.6759691066455092,1.0231155343289713,23400932.88919951,8263.411691000001,,,0.8327647002763747,43691,52465,32868
rgb_texture,Watermelon_V1_L3,ok,,,/mnt/ssd1/29d_kon/acm_2026/outputs/coordinator/rc3_full_metrics_20260611_004003/meshmamba/rgb_texture/baseline_screen_space/Watermelon_V1_L3/sigma0p05_recenter_rotx90p0_horizontaltovertical_blender_rig/Watermelon_V1_L3_report.json,/mnt/ssd1/29d_kon/acm_2026/outputs/coordinator/rc3_full_metrics_20260611_004003/meshmamba/_logs/rgb_texture/screen_space/Watermelon_V1_L3.log,Watermelon_v1-L3.csv,32868,,,52465,450,horizontal_to_vertical,json_camera_static.fov_degrees,60.000001669652114,35.98339890412515,0.6576756570017919,0.4945799527995076,1.1774957420888843,0.04974619001053296,0.17175519102889758,0.39673242258911734,0.726747660421866,0.9348506013102768,0.8976338386530296,0.9277785525734795,1.7016539178034484,1.6273882906908377,1.7736965529225879,1.530708425847624,4469.440124,29066,8772085,,,,,ok,,,/mnt/ssd1/29d_kon/acm_2026/outputs/coordinator/rc3_full_metrics_20260611_004003/meshmamba/rgb_texture/baseline_cone/Watermelon_V1_L3/recenter_rotx90p0_horizontaltovertical_blender_rig/Watermelon_V1_L3_report.json,/mnt/ssd1/29d_kon/acm_2026/outputs/coordinator/rc3_full_metrics_20260611_004003/meshmamba/_logs/rgb_texture/cone/Watermelon_V1_L3.log,Watermelon_v1-L3.csv,32868,,,52465,450,horizontal_to_vertical,json_camera_static.fov_degrees,60.000001669652114,35.98339890412515,0.9509844636479361,0.7938832482776885,0.950561504603487,0.008050720436254747,0.06005104929517344,0.3979216606780668,0.9611670370026896,0.9936047420320235,0.9792964193897887,0.9765244998029486,2.6105257279979215,2.694884424930462,2.809804277743698,9990897.283551533,4469.440124,,,0.9790717621271324,51367,52465,27829
rgb_texture,Whale_v4_L3,ok,,,/mnt/ssd1/29d_kon/acm_2026/outputs/coordinator/rc3_full_metrics_20260611_004003/meshmamba/rgb_texture/baseline_screen_space/Whale_v4_L3/sigma0p05_recenter_rotx90p0_horizontaltovertical_blender_rig/Whale_v4_L3_report.json,/mnt/ssd1/29d_kon/acm_2026/outputs/coordinator/rc3_full_metrics_20260611_004003/meshmamba/_logs/rgb_texture/screen_space/Whale_v4_L3.log,Whale_v2_L3.csv,32868,,,52465,450,horizontal_to_vertical,json_camera_static.fov_degrees,60.000001669652114,35.98339890412515,0.0021987362957537515,0.6023407565379088,2.14151592101034,0.09268553532099724,0.2472929172509553,0.07534256998857251,0.657775378790753,0.4195640435829711,0.2743604138497244,0.30331743128727173,-0.2233614143644038,-0.6465641950425366,-0.5151338174299721,4.026891791352039,7369.718583,28958,7812603,,,,,ok,,,/mnt/ssd1/29d_kon/acm_2026/outputs/coordinator/rc3_full_metrics_20260611_004003/meshmamba/rgb_texture/baseline_cone/Whale_v4_L3/recenter_rotx90p0_horizontaltovertical_blender_rig/Whale_v4_L3_report.json,/mnt/ssd1/29d_kon/acm_2026/outputs/coordinator/rc3_full_metrics_20260611_004003/meshmamba/_logs/rgb_texture/cone/Whale_v4_L3.log,Whale_v2_L3.csv,32868,,,52465,450,horizontal_to_vertical,json_camera_static.fov_degrees,60.000001669652114,35.98339890412515,0.31228077735185,0.6233711564444746,0.4726564789886626,0.049625876353579804,0.17000951084352448,0.381212716875297,0.7148038025843934,0.7086371014489593,0.6848049986347765,0.6855295272981284,0.3689328186010645,0.17325185917403169,0.13225436218321562,19841649.032049865,7369.718583,,,0.799104164681216,41925,52465,32868
rgb_texture,White-TailedDeer_V1_L2,ok,,,/mnt/ssd1/29d_kon/acm_2026/outputs/coordinator/rc3_full_metrics_20260611_004003/meshmamba/rgb_texture/baseline_screen_space/White-TailedDeer_V1_L2/sigma0p05_recenter_rotx90p0_horizontaltovertical_blender_rig/White-TailedDeer_V1_L2_report.json,/mnt/ssd1/29d_kon/acm_2026/outputs/coordinator/rc3_full_metrics_20260611_004003/meshmamba/_logs/rgb_texture/screen_space/White-TailedDeer_V1_L2.log,White-Tailed_Deer_v1_l2.csv,32868,,,53964,450,horizontal_to_vertical,json_camera_static.fov_degrees,60.000001669652114,35.98339890412515,-0.2894266893452371,0.3583769069567424,2.580274799166366,0.10998231775303532,0.25833354478073445,-0.35978416986240674,0.34600719409688296,0.265663331511142,0.2596452219049169,0.1992579211235972,-0.6731390794444968,-0.7202138627634321,-0.799881616619422,2.6736203622772474,6713.039653999999,30622,7905606,,,,,ok,,,/mnt/ssd1/29d_kon/acm_2026/outputs/coordinator/rc3_full_metrics_20260611_004003/meshmamba/rgb_texture/baseline_cone/White-TailedDeer_V1_L2/recenter_rotx90p0_horizontaltovertical_blender_rig/White-TailedDeer_V1_L2_report.json,/mnt/ssd1/29d_kon/acm_2026/outputs/coordinator/rc3_full_metrics_20260611_004003/meshmamba/_logs/rgb_texture/cone/White-TailedDeer_V1_L2.log,White-Tailed_Deer_v1_l2.csv,32868,,,53964,450,horizontal_to_vertical,json_camera_static.fov_degrees,60.000001669652114,35.98339890412515,-0.09933296626581176,0.31462853188360257,1.689104997827538,0.10521565205733532,0.22528667361767798,-0.031477021601138015,0.28555749602786296,0.5188082313461739,0.47240247925203216,0.46055395204501387,-0.3864880252804416,-0.43847902960557683,-0.4568262999495993,16653878.55588439,6713.039653999999,,,0.7894707582832999,42603,53964,32868
rgb_texture,Wicker_Basket_v1_L3,ok,,,/mnt/ssd1/29d_kon/acm_2026/outputs/coordinator/rc3_full_metrics_20260611_004003/meshmamba/rgb_texture/baseline_screen_space/Wicker_Basket_v1_L3/sigma0p05_recenter_rotx90p0_horizontaltovertical_blender_rig/Wicker_Basket_v1_L3_report.json,/mnt/ssd1/29d_kon/acm_2026/outputs/coordinator/rc3_full_metrics_20260611_004003/meshmamba/_logs/rgb_texture/screen_space/Wicker_Basket_v1_L3.log,Wicker_Basket_v1_L3.csv,32868,,,56962,450,horizontal_to_vertical,json_camera_static.fov_degrees,60.000001669652114,35.98339890412515,-0.0006216699451356292,0.5585455568511075,1.167678220951719,0.0743421191047538,0.2243277300525136,-0.02790703158736584,0.6305310100936022,0.538288797908795,0.5240712194687099,0.42726016598646044,0.11218162204641852,0.08671872034853029,-0.2110743502145602,2.483119151540017,6582.309533,31357,7473077,,,,,ok,,,/mnt/ssd1/29d_kon/acm_2026/outputs/coordinator/rc3_full_metrics_20260611_004003/meshmamba/rgb_texture/baseline_cone/Wicker_Basket_v1_L3/recenter_rotx90p0_horizontaltovertical_blender_rig/Wicker_Basket_v1_L3_report.json,/mnt/ssd1/29d_kon/acm_2026/outputs/coordinator/rc3_full_metrics_20260611_004003/meshmamba/_logs/rgb_texture/cone/Wicker_Basket_v1_L3.log,Wicker_Basket_v1_L3.csv,32868,,,56962,450,horizontal_to_vertical,json_camera_static.fov_degrees,60.000001669652114,35.98339890412515,0.11233343353703093,0.572410263126713,0.6122512747109236,0.06782844430594209,0.2099669816984486,0.00218532822069147,0.6564648798829219,0.657860555970922,0.6810465820945022,0.633519552081108,0.4882884682888762,0.5236993626457213,0.27242467530660125,10346822.892898247,6582.309533,,,0.8627681612302939,49145,56962,32868
rgb_texture,ball_car_v1_L3,ok,,,/mnt/ssd1/29d_kon/acm_2026/outputs/coordinator/rc3_full_metrics_20260611_004003/meshmamba/rgb_texture/baseline_screen_space/ball_car_v1_L3/sigma0p05_recenter_rotx90p0_horizontaltovertical_blender_rig/ball_car_v1_L3_report.json,/mnt/ssd1/29d_kon/acm_2026/outputs/coordinator/rc3_full_metrics_20260611_004003/meshmamba/_logs/rgb_texture/screen_space/ball_car_v1_L3.log,ball_car_v1_L3.csv,32868,,,53964,450,horizontal_to_vertical,json_camera_static.fov_degrees,60.000001669652114,35.98339890412515,0.07495116763307208,0.5145152025110884,4.2863647169922325,0.08753068817041719,0.22708778486269932,-0.017755428780053976,0.5767108006703646,0.5186563123635702,0.5815234187252553,0.7441572334381814,0.1271927412176894,0.3271479193341986,0.7755439466942291,1.0491088646899012,4155.974491,28134,9124007,,,,,ok,,,/mnt/ssd1/29d_kon/acm_2026/outputs/coordinator/rc3_full_metrics_20260611_004003/meshmamba/rgb_texture/baseline_cone/ball_car_v1_L3/recenter_rotx90p0_horizontaltovertical_blender_rig/ball_car_v1_L3_report.json,/mnt/ssd1/29d_kon/acm_2026/outputs/coordinator/rc3_full_metrics_20260611_004003/meshmamba/_logs/rgb_texture/cone/ball_car_v1_L3.log,ball_car_v1_L3.csv,32868,,,53964,450,horizontal_to_vertical,json_camera_static.fov_degrees,60.000001669652114,35.98339890412515,0.09442038399948194,0.3831073353231369,4.854612249068717,0.030345415325671015,0.1206132007788326,-0.039147328259725035,0.37797244462140284,0.5094336633315524,0.5754854316163311,0.7185877297955569,0.20619961162637274,0.43178950818982664,0.8909587616583451,3148760.1957296543,4155.974491,,,0.9753910014083463,52636,53964,28331
rgb_texture,barbiegirl_V1_L3,ok,,,/mnt/ssd1/29d_kon/acm_2026/outputs/coordinator/rc3_full_metrics_20260611_004003/meshmamba/rgb_texture/baseline_screen_space/barbiegirl_V1_L3/sigma0p05_recenter_rotx90p0_horizontaltovertical_blender_rig/barbiegirl_V1_L3_report.json,/mnt/ssd1/29d_kon/acm_2026/outputs/coordinator/rc3_full_metrics_20260611_004003/meshmamba/_logs/rgb_texture/screen_space/barbiegirl_V1_L3.log,barbiedoll_v1_L3.csv,32868,,,52465,450,horizontal_to_vertical,json_camera_static.fov_degrees,60.000001669652114,35.98339890412515,0.37985834501791454,0.6954719766880764,0.7683295944920993,0.05668531990032281,0.19619891526553282,0.4904714650780842,0.7933656282175124,0.7297108195451888,0.6844165976262565,0.6715806358532959,0.5678075641672584,0.4686539654819144,0.44012212490923974,4.897541741307787,8041.550621,31252,7797406,,,,,ok,,,/mnt/ssd1/29d_kon/acm_2026/outputs/coordinator/rc3_full_metrics_20260611_004003/meshmamba/rgb_texture/baseline_cone/barbiegirl_V1_L3/recenter_rotx90p0_horizontaltovertical_blender_rig/barbiegirl_V1_L3_report.json,/mnt/ssd1/29d_kon/acm_2026/outputs/coordinator/rc3_full_metrics_20260611_004003/meshmamba/_logs/rgb_texture/cone/barbiegirl_V1_L3.log,barbiedoll_v1_L3.csv,32868,,,52465,450,horizontal_to_vertical,json_camera_static.fov_degrees,60.000001669652114,35.98339890412515,0.5770701436149956,0.7299377951095858,0.2406109988351196,0.04191142039607928,0.14489646572654438,0.7256487291169538,0.8241584529655148,0.7873323788743722,0.7311622053003087,0.7402053705765848,0.72414593145077,0.19844751390814455,0.2334325918966669,48413233.39142819,8041.550621,,,0.8493471838368436,44561,52465,32868
rgb_texture,cathedral_wood_radio_v2_L1,ok,,,/mnt/ssd1/29d_kon/acm_2026/outputs/coordinator/rc3_full_metrics_20260611_004003/meshmamba/rgb_texture/baseline_screen_space/cathedral_wood_radio_v2_L1/sigma0p05_recenter_rotx90p0_horizontaltovertical_blender_rig/cathedral_wood_radio_v2_L1_report.json,/mnt/ssd1/29d_kon/acm_2026/outputs/coordinator/rc3_full_metrics_20260611_004003/meshmamba/_logs/rgb_texture/screen_space/cathedral_wood_radio_v2_L1.log,cathedral_wood_radio_v2_NEW.csv,32868,,,52465,450,horizontal_to_vertical,json_camera_static.fov_degrees,60.000001669652114,35.98339890412515,0.09222318756355874,0.4079280688930892,2.5945807924718833,0.06334636961570556,0.19338635214573496,0.10605492924377725,0.4602675523357953,0.5249063106280438,0.6177287142805491,0.6760705951081756,0.14046790637797374,0.44254079531627794,0.5708947590299911,2.2424235332555424,3505.498785,29927,7653531,,,,,ok,,,/mnt/ssd1/29d_kon/acm_2026/outputs/coordinator/rc3_full_metrics_20260611_004003/meshmamba/rgb_texture/baseline_cone/cathedral_wood_radio_v2_L1/recenter_rotx90p0_horizontaltovertical_blender_rig/cathedral_wood_radio_v2_L1_report.json,/mnt/ssd1/29d_kon/acm_2026/outputs/coordinator/rc3_full_metrics_20260611_004003/meshmamba/_logs/rgb_texture/cone/cathedral_wood_radio_v2_L1.log,cathedral_wood_radio_v2_NEW.csv,32868,,,52465,450,horizontal_to_vertical,json_camera_static.fov_degrees,60.000001669652114,35.98339890412515,0.1926927180048075,0.3702749327434162,1.8079831486817313,0.03947430932477103,0.12281604096489822,0.024057592592780556,0.4237975827390941,0.41832610673850446,0.5253270282919185,0.527604377669406,0.39845241163038086,0.8389543254979984,0.6845979141273488,6970895.668938145,3505.498785,,,0.9756790241113124,51189,52465,32459
rgb_texture,doll_v3_L3,ok,,,/mnt/ssd1/29d_kon/acm_2026/outputs/coordinator/rc3_full_metrics_20260611_004003/meshmamba/rgb_texture/baseline_screen_space/doll_v3_L3/sigma0p05_recenter_rotx90p0_horizontaltovertical_blender_rig/doll_v3_L3_report.json,/mnt/ssd1/29d_kon/acm_2026/outputs/coordinator/rc3_full_metrics_20260611_004003/meshmamba/_logs/rgb_texture/screen_space/doll_v3_L3.log,doll_v3_L3.csv,32868,,,53964,450,horizontal_to_vertical,json_camera_static.fov_degrees,60.000001669652114,35.98339890412515,0.5507874605158027,0.6100630733894538,1.2148379789081023,0.047568185511410975,0.17053755393341147,0.4811536550824456,0.7416520945185407,0.8545710428195553,0.8218746610318471,0.817507791211687,1.301359404897053,1.3007154302433703,1.40968519800393,3.9277429669210115,5301.94017,30101,7843819,,,,,ok,,,/mnt/ssd1/29d_kon/acm_2026/outputs/coordinator/rc3_full_metrics_20260611_004003/meshmamba/rgb_texture/baseline_cone/doll_v3_L3/recenter_rotx90p0_horizontaltovertical_blender_rig/doll_v3_L3_report.json,/mnt/ssd1/29d_kon/acm_2026/outputs/coordinator/rc3_full_metrics_20260611_004003/meshmamba/_logs/rgb_texture/cone/doll_v3_L3.log,doll_v3_L3.csv,32868,,,53964,450,horizontal_to_vertical,json_camera_static.fov_degrees,60.000001669652114,35.98339890412515,0.19249344618895187,0.5390578262570315,0.7266394952949685,0.052220445559184016,0.13648510727990243,0.3510771952675567,0.5525233793638838,0.6735888218811714,0.6227040167492346,0.5391986011455414,0.34207874255679893,0.23803458658943608,-0.02102163755055881,13356276.320670683,5301.94017,,,0.9279519679786524,50076,53964,32840
rgb_texture,dolphin_v1_L3,ok,,,/mnt/ssd1/29d_kon/acm_2026/outputs/coordinator/rc3_full_metrics_20260611_004003/meshmamba/rgb_texture/baseline_screen_space/dolphin_v1_L3/sigma0p05_recenter_rotx90p0_horizontaltovertical_blender_rig/dolphin_v1_L3_report.json,/mnt/ssd1/29d_kon/acm_2026/outputs/coordinator/rc3_full_metrics_20260611_004003/meshmamba/_logs/rgb_texture/screen_space/dolphin_v1_L3.log,dolphin_v2_max2011_it2.csv,32868,,,52465,450,horizontal_to_vertical,json_camera_static.fov_degrees,60.000001669652114,35.98339890412515,0.017518773437208816,0.6290674831467992,0.7244803790668135,0.04946627993952899,0.16213022721582984,-0.11127375437818576,0.6462394712927203,0.5542109491157337,0.6731565626104569,0.8075059519411404,0.07368167009746503,0.44873274400154545,1.0905671092420972,2.682891820719755,3794.8916879999997,32198,7835647,,,,,ok,,,/mnt/ssd1/29d_kon/acm_2026/outputs/coordinator/rc3_full_metrics_20260611_004003/meshmamba/rgb_texture/baseline_cone/dolphin_v1_L3/recenter_rotx90p0_horizontaltovertical_blender_rig/dolphin_v1_L3_report.json,/mnt/ssd1/29d_kon/acm_2026/outputs/coordinator/rc3_full_metrics_20260611_004003/meshmamba/_logs/rgb_texture/cone/dolphin_v1_L3.log,dolphin_v2_max2011_it2.csv,32868,,,52465,450,horizontal_to_vertical,json_camera_static.fov_degrees,60.000001669652114,35.98339890412515,-0.01093623217637931,0.5695645551916781,0.7219650175887753,0.024412559064659608,0.09108088598672201,0.15463580771583907,0.4530936220165906,0.6669613427665475,0.7001325930424722,0.7453005423185888,0.12762609507168265,0.1714250168753306,0.1283434116917629,10166502.503287662,3794.8916879999997,,,0.8570094348613362,44963,52465,32868
rgb_texture,egypt_sphinx_V2_L3,ok,,,/mnt/ssd1/29d_kon/acm_2026/outputs/coordinator/rc3_full_metrics_20260611_004003/meshmamba/rgb_texture/baseline_screen_space/egypt_sphinx_V2_L3/sigma0p05_recenter_rotx90p0_horizontaltovertical_blender_rig/egypt_sphinx_V2_L3_report.json,/mnt/ssd1/29d_kon/acm_2026/outputs/coordinator/rc3_full_metrics_20260611_004003/meshmamba/_logs/rgb_texture/screen_space/egypt_sphinx_V2_L3.log,egypt_sphinx_iterations-2.csv,32868,,,53964,450,horizontal_to_vertical,json_camera_static.fov_degrees,60.000001669652114,35.98339890412515,0.1958148748934823,0.6016515798971068,2.2443907465206205,0.07561782930963411,0.21638199295223462,0.23990590439297044,0.6709399923979981,0.6293322917226642,0.5119610659621117,0.4683892539147085,0.364942677698523,0.0154911022043002,-0.1502660346859942,4.420850160850418,6606.109107,27483,7775162,,,,,ok,,,/mnt/ssd1/29d_kon/acm_2026/outputs/coordinator/rc3_full_metrics_20260611_004003/meshmamba/rgb_texture/baseline_cone/egypt_sphinx_V2_L3/recenter_rotx90p0_horizontaltovertical_blender_rig/egypt_sphinx_V2_L3_report.json,/mnt/ssd1/29d_kon/acm_2026/outputs/coordinator/rc3_full_metrics_20260611_004003/meshmamba/_logs/rgb_texture/cone/egypt_sphinx_V2_L3.log,egypt_sphinx_iterations-2.csv,32868,,,53964,450,horizontal_to_vertical,json_camera_static.fov_degrees,60.000001669652114,35.98339890412515,0.5255740263638613,0.6196633897024744,0.5917376397309148,0.046111268948426855,0.14525625905877398,0.4608167368315394,0.7320246173835376,0.7050074806587538,0.5647476413271219,0.44387310397034896,1.0394618782717975,0.36038811190795744,-0.48794432586435943,30782898.192859404,6606.109107,,,0.8890927284856571,47979,53964,32862
rgb_texture,football_v2_L3,ok,,,/mnt/ssd1/29d_kon/acm_2026/outputs/coordinator/rc3_full_metrics_20260611_004003/meshmamba/rgb_texture/baseline_screen_space/football_v2_L3/sigma0p05_recenter_rotx90p0_horizontaltovertical_blender_rig/football_v2_L3_report.json,/mnt/ssd1/29d_kon/acm_2026/outputs/coordinator/rc3_full_metrics_20260611_004003/meshmamba/_logs/rgb_texture/screen_space/football_v2_L3.log,football_v2_L3.csv,32868,,,55463,450,horizontal_to_vertical,json_camera_static.fov_degrees,60.000001669652114,35.98339890412515,0.07677377035628867,0.539727640025977,2.3307897024703736,0.10011797362305262,0.23476759734988048,0.1338288701557634,0.5901153278909934,0.5287537798351001,0.5453236362726781,0.44527824501643154,0.026663280373836917,0.09687400231186669,-0.2101197566466443,1.7791985508935237,5599.625503,29105,8680759,,,,,ok,,,/mnt/ssd1/29d_kon/acm_2026/outputs/coordinator/rc3_full_metrics_20260611_004003/meshmamba/rgb_texture/baseline_cone/football_v2_L3/recenter_rotx90p0_horizontaltovertical_blender_rig/football_v2_L3_report.json,/mnt/ssd1/29d_kon/acm_2026/outputs/coordinator/rc3_full_metrics_20260611_004003/meshmamba/_logs/rgb_texture/cone/football_v2_L3.log,football_v2_L3.csv,32868,,,55463,450,horizontal_to_vertical,json_camera_static.fov_degrees,60.000001669652114,35.98339890412515,0.004807174492739161,0.4433170108054165,3.5652471824048706,0.0439730512584809,0.14739519509987306,0.11456131718864952,0.4031520049611682,0.5029106037701476,0.49960564756787623,0.38415645438707124,-0.11318907412041575,-0.13852821984622557,-0.3503445465050864,5368481.304219118,5599.625503,,,0.9618304094621639,53346,55463,27394
rgb_texture,modern_tabletop_radio_v1_L1,ok,,,/mnt/ssd1/29d_kon/acm_2026/outputs/coordinator/rc3_full_metrics_20260611_004003/meshmamba/rgb_texture/baseline_screen_space/modern_tabletop_radio_v1_L1/sigma0p05_recenter_rotx90p0_horizontaltovertical_blender_rig/modern_tabletop_radio_v1_L1_report.json,/mnt/ssd1/29d_kon/acm_2026/outputs/coordinator/rc3_full_metrics_20260611_004003/meshmamba/_logs/rgb_texture/screen_space/modern_tabletop_radio_v1_L1.log,modern_tabletop_radio_v1_NEW.csv,32868,,,52465,450,horizontal_to_vertical,json_camera_static.fov_degrees,60.000001669652114,35.98339890412515,0.03698441247554841,0.3773835145249889,3.2392864931993186,0.09025670926258907,0.23079130638323814,-0.005553152627672169,0.434659567705342,0.5544872603465579,0.5637368733608747,0.46954512662896647,0.14024981843724774,0.11088937810921236,-0.29761085286828326,2.3363815753083106,4440.408199,29132,7642948,,,,,ok,,,/mnt/ssd1/29d_kon/acm_2026/outputs/coordinator/rc3_full_metrics_20260611_004003/meshmamba/rgb_texture/baseline_cone/modern_tabletop_radio_v1_L1/recenter_rotx90p0_horizontaltovertical_blender_rig/modern_tabletop_radio_v1_L1_report.json,/mnt/ssd1/29d_kon/acm_2026/outputs/coordinator/rc3_full_metrics_20260611_004003/meshmamba/_logs/rgb_texture/cone/modern_tabletop_radio_v1_L1.log,modern_tabletop_radio_v1_NEW.csv,32868,,,52465,450,horizontal_to_vertical,json_camera_static.fov_degrees,60.000001669652114,35.98339890412515,0.17682254295109506,0.39239644274801055,1.7521147997957465,0.05899985003465577,0.15700063311105564,0.05893876196580731,0.4373031378939191,0.7186533514269632,0.8274192741499613,0.8389517334868021,0.5741766482992409,0.848322626862626,0.7304323192470964,6869999.328572096,4440.408199,,,0.9381873630039074,49222,52465,32323
rgb_texture,robot_v1_L3,ok,,,/mnt/ssd1/29d_kon/acm_2026/outputs/coordinator/rc3_full_metrics_20260611_004003/meshmamba/rgb_texture/baseline_screen_space/robot_v1_L3/sigma0p05_recenter_rotx90p0_horizontaltovertical_blender_rig/robot_v1_L3_report.json,/mnt/ssd1/29d_kon/acm_2026/outputs/coordinator/rc3_full_metrics_20260611_004003/meshmamba/_logs/rgb_texture/screen_space/robot_v1_L3.log,robot_v1_L3.csv,32868,,,52465,450,horizontal_to_vertical,json_camera_static.fov_degrees,60.000001669652114,35.98339890412515,0.13173804791267096,0.6155400450245876,1.9923243658045022,0.05684222380263737,0.1870245862147845,0.09132888096702477,0.6886300889741789,0.4975429162769617,0.5072411389828648,0.6888868265726674,0.13942735606340412,0.2576323378934211,1.0657978481503891,3.5519815604513663,7556.589007999999,30190,7862793,,,,,ok,,,/mnt/ssd1/29d_kon/acm_2026/outputs/coordinator/rc3_full_metrics_20260611_004003/meshmamba/rgb_texture/baseline_cone/robot_v1_L3/recenter_rotx90p0_horizontaltovertical_blender_rig/robot_v1_L3_report.json,/mnt/ssd1/29d_kon/acm_2026/outputs/coordinator/rc3_full_metrics_20260611_004003/meshmamba/_logs/rgb_texture/cone/robot_v1_L3.log,robot_v1_L3.csv,32868,,,52465,450,horizontal_to_vertical,json_camera_static.fov_degrees,60.000001669652114,35.98339890412515,0.08324540842750297,0.5613419466068198,0.7684549912089316,0.05923883361953094,0.18318577744006287,0.13725934939490922,0.5597124046201,0.5562058942960852,0.6022706560958474,0.8761406349789651,0.10391084084882238,0.27034056465745443,1.0016799556238392,14875143.211686118,7556.589007999999,,,0.9051748784904222,47490,52465,32868
rgb_texture,statue_Terracotta_squat_v2_L1,ok,,,/mnt/ssd1/29d_kon/acm_2026/outputs/coordinator/rc3_full_metrics_20260611_004003/meshmamba/rgb_texture/baseline_screen_space/statue_Terracotta_squat_v2_L1/sigma0p05_recenter_rotx90p0_horizontaltovertical_blender_rig/statue_Terracotta_squat_v2_L1_report.json,/mnt/ssd1/29d_kon/acm_2026/outputs/coordinator/rc3_full_metrics_20260611_004003/meshmamba/_logs/rgb_texture/screen_space/statue_Terracotta_squat_v2_L1.log,statue_Terracotta_squat_v2_l1.csv,32868,,,55463,450,horizontal_to_vertical,json_camera_static.fov_degrees,60.000001669652114,35.98339890412515,0.2782665518861744,0.6507392841097803,0.9084544379125536,0.049953215133573516,0.17076089086381083,0.3442002820597233,0.7086934840853777,0.6779434041907713,0.6176301894855352,0.5009262674829952,0.5813206742798359,0.4357488724728755,-0.03557449898401581,3.569573459109408,6131.827327999999,31247,7297260,,,,,ok,,,/mnt/ssd1/29d_kon/acm_2026/outputs/coordinator/rc3_full_metrics_20260611_004003/meshmamba/rgb_texture/baseline_cone/statue_Terracotta_squat_v2_L1/recenter_rotx90p0_horizontaltovertical_blender_rig/statue_Terracotta_squat_v2_L1_report.json,/mnt/ssd1/29d_kon/acm_2026/outputs/coordinator/rc3_full_metrics_20260611_004003/meshmamba/_logs/rgb_texture/cone/statue_Terracotta_squat_v2_L1.log,statue_Terracotta_squat_v2_l1.csv,32868,,,55463,450,horizontal_to_vertical,json_camera_static.fov_degrees,60.000001669652114,35.98339890412515,0.2910274760755433,0.5852827528082307,0.5349630826314391,0.048742956906053056,0.14317912051971524,0.4432130774070527,0.6056205328054864,0.8159641679155687,0.8348732714961913,0.8150917986562023,0.6384515043961404,0.6245311801902299,0.38936389863730997,16540623.946431417,6131.827327999999,,,0.9132033968591674,50649,55463,32868
rgb_texture,statue_Terracotta_v2_l1,ok,,,/mnt/ssd1/29d_kon/acm_2026/outputs/coordinator/rc3_full_metrics_20260611_004003/meshmamba/rgb_texture/baseline_screen_space/statue_Terracotta_v2_l1/sigma0p05_recenter_rotx90p0_horizontaltovertical_blender_rig/statue_Terracotta_v2_l1_report.json,/mnt/ssd1/29d_kon/acm_2026/outputs/coordinator/rc3_full_metrics_20260611_004003/meshmamba/_logs/rgb_texture/screen_space/statue_Terracotta_v2_l1.log,statue_Terracotta_v2_l1.csv,32868,,,52465,450,horizontal_to_vertical,json_camera_static.fov_degrees,60.000001669652114,35.98339890412515,0.07962774910603938,0.6716742237748952,0.8251316744027292,0.047982452923837626,0.17071946072192692,0.16783468053686784,0.746096679314942,0.47101692498721653,0.44269431680540205,0.4210568547576904,-0.17248555109047298,-0.27945327880341087,-0.33921441241231715,3.8867003254002506,8911.990369,31117,7419659,,,,,ok,,,/mnt/ssd1/29d_kon/acm_2026/outputs/coordinator/rc3_full_metrics_20260611_004003/meshmamba/rgb_texture/baseline_cone/statue_Terracotta_v2_l1/recenter_rotx90p0_horizontaltovertical_blender_rig/statue_Terracotta_v2_l1_report.json,/mnt/ssd1/29d_kon/acm_2026/outputs/coordinator/rc3_full_metrics_20260611_004003/meshmamba/_logs/rgb_texture/cone/statue_Terracotta_v2_l1.log,statue_Terracotta_v2_l1.csv,32868,,,52465,450,horizontal_to_vertical,json_camera_static.fov_degrees,60.000001669652114,35.98339890412515,0.03661426326255503,0.49137477740892427,0.7761173401273493,0.08528971849495898,0.23261779960719578,0.09094982065421515,0.5175415554814107,0.39154129832411294,0.336098047200575,0.30804755126207684,-0.39487701904398625,-0.4811756630165796,-0.5046002780307245,31348173.43609587,8911.990369,,,0.9428190222052797,49465,52465,32868
rgb_texture,stuffed_animal_v1_L2,ok,,,/mnt/ssd1/29d_kon/acm_2026/outputs/coordinator/rc3_full_metrics_20260611_004003/meshmamba/rgb_texture/baseline_screen_space/stuffed_animal_v1_L2/sigma0p05_recenter_rotx90p0_horizontaltovertical_blender_rig/stuffed_animal_v1_L2_report.json,/mnt/ssd1/29d_kon/acm_2026/outputs/coordinator/rc3_full_metrics_20260611_004003/meshmamba/_logs/rgb_texture/screen_space/stuffed_animal_v1_L2.log,stuffed_animal_L2.csv,32868,,,52465,450,horizontal_to_vertical,json_camera_static.fov_degrees,60.000001669652114,35.98339890412515,-0.03429118613657101,0.4447627444635044,2.6122428299466263,0.08199860127024275,0.21297065961647568,-0.019061032989030897,0.46230121761460313,0.4767937801860108,0.5349249505028574,0.6035412169880595,-0.16403072890950274,-0.023077049940358602,0.16894274311926888,2.0924352311525345,4611.089694,29035,8096078,,,,,ok,,,/mnt/ssd1/29d_kon/acm_2026/outputs/coordinator/rc3_full_metrics_20260611_004003/meshmamba/rgb_texture/baseline_cone/stuffed_animal_v1_L2/recenter_rotx90p0_horizontaltovertical_blender_rig/stuffed_animal_v1_L2_report.json,/mnt/ssd1/29d_kon/acm_2026/outputs/coordinator/rc3_full_metrics_20260611_004003/meshmamba/_logs/rgb_texture/cone/stuffed_animal_v1_L2.log,stuffed_animal_L2.csv,32868,,,52465,450,horizontal_to_vertical,json_camera_static.fov_degrees,60.000001669652114,35.98339890412515,-0.16416114708233837,0.25965773570583767,2.7074192935820807,0.08847607519878885,0.20242024733468036,-0.07015072261218956,0.2202180486857706,0.4647815771367644,0.5193312953165355,0.5176941282805735,-0.3690386475237653,-0.35143034250234845,-0.3490022647924891,8692381.55076038,4611.089694,,,0.9569617840465072,50207,52465,31112
rgb_texture,watch_digital_v1_L3,ok,,,/mnt/ssd1/29d_kon/acm_2026/outputs/coordinator/rc3_full_metrics_20260611_004003/meshmamba/rgb_texture/baseline_screen_space/watch_digital_v1_L3/sigma0p05_recenter_rotx90p0_horizontaltovertical_blender_rig/watch_digital_v1_L3_report.json,/mnt/ssd1/29d_kon/acm_2026/outputs/coordinator/rc3_full_metrics_20260611_004003/meshmamba/_logs/rgb_texture/screen_space/watch_digital_v1_L3.log,watch_digital_v1_Iteration2.csv,32868,,,53964,450,horizontal_to_vertical,json_camera_static.fov_degrees,60.000001669652114,35.98339890412515,-0.08474462123938649,0.36866524655730404,2.7501986016941755,0.08626006342106605,0.24060261686582024,-0.03308709447599766,0.35763474542722046,0.4264942190720993,0.4441915625138315,0.3764183003776343,-0.26782607299349265,-0.2428760028099502,-0.44473181258908107,2.2211846578110315,2121.322712,30447,7690647,,,,,ok,,,/mnt/ssd1/29d_kon/acm_2026/outputs/coordinator/rc3_full_metrics_20260611_004003/meshmamba/rgb_texture/baseline_cone/watch_digital_v1_L3/recenter_rotx90p0_horizontaltovertical_blender_rig/watch_digital_v1_L3_report.json,/mnt/ssd1/29d_kon/acm_2026/outputs/coordinator/rc3_full_metrics_20260611_004003/meshmamba/_logs/rgb_texture/cone/watch_digital_v1_L3.log,watch_digital_v1_Iteration2.csv,32868,,,53964,450,horizontal_to_vertical,json_camera_static.fov_degrees,60.000001669652114,35.98339890412515,-0.0020229248249915887,0.378140307505215,1.2399377663844815,0.0327995232986008,0.12554014518527445,0.16652895124707062,0.35342010737785473,0.57413024646933,0.6176883303161272,0.6532538788384965,-0.10203760037818678,-0.054514083063605445,0.005245699331113625,6862373.65401102,2121.322712,,,0.8750092654362167,47219,53964,32868
