texture_type,model,screen_space_status,screen_space_error_type,screen_space_error_message,screen_space_report_path,screen_space_stdout_log_path,screen_space_gt_file,screen_space_n_faces,screen_space_num_rows,screen_space_num_participants,screen_space_num_points,screen_space_num_frames_with_points,screen_space_projection_fov_mode,screen_space_projection_fov_source,screen_space_input_fov_deg,screen_space_effective_vertical_fov_deg,screen_space_CC,screen_space_SIM,screen_space_KLD,screen_space_MSE,screen_space_MAE,screen_space_Spearman,screen_space_Cosine,screen_space_AUC_Judd_gt_top_10pct_proxy,screen_space_AUC_Judd_gt_top_5pct_proxy,screen_space_AUC_Judd_gt_top_1pct_proxy,screen_space_NSS_gt_top_10pct_proxy,screen_space_NSS_gt_top_5pct_proxy,screen_space_NSS_gt_top_1pct_proxy,screen_space_PredictionSum,screen_space_GroundTruthSum,screen_space_nonzero_faces,screen_space_culled_back_faces,screen_space_hit_rate,screen_space_successful_hits,screen_space_total_gaze_points,screen_space_cone_nonzero_faces,cone_status,cone_error_type,cone_error_message,cone_report_path,cone_stdout_log_path,cone_gt_file,cone_n_faces,cone_num_rows,cone_num_participants,cone_num_points,cone_num_frames_with_points,cone_projection_fov_mode,cone_projection_fov_source,cone_input_fov_deg,cone_effective_vertical_fov_deg,cone_CC,cone_SIM,cone_KLD,cone_MSE,cone_MAE,cone_Spearman,cone_Cosine,cone_AUC_Judd_gt_top_10pct_proxy,cone_AUC_Judd_gt_top_5pct_proxy,cone_AUC_Judd_gt_top_1pct_proxy,cone_NSS_gt_top_10pct_proxy,cone_NSS_gt_top_5pct_proxy,cone_NSS_gt_top_1pct_proxy,cone_PredictionSum,cone_GroundTruthSum,cone_nonzero_faces,cone_culled_back_faces,cone_hit_rate,cone_successful_hits,cone_total_gaze_points,cone_cone_nonzero_faces
non_texture,Apple_Red_v1_L3,ok,,,/home/29d_kon@lab.graphicon.ru/ssd1_link/projects/REPROJECTING/outputs/MeshMamba_reference_batch_20260601/non_texture/baseline_screen_space/Apple_Red_v1_L3/sigma0p05_recenter_rotx90p0_horizontaltovertical_blender_rig/Apple_Red_v1_L3_report.json,/home/29d_kon@lab.graphicon.ru/ssd1_link/projects/REPROJECTING/outputs/MeshMamba_reference_batch_20260601/_logs/non_texture/screen_space/Apple_Red_v1_L3.log,Apple_v01_l3.csv,32868,35,35,21257,510,horizontal_to_vertical,json_camera_static.fov_degrees,60.000001669652114,35.98339890412515,0.42238931633422705,0.4519706052544485,1.3766886905029967,0.07251685268889681,0.18060915035167527,0.4506196316228839,0.5849987296597693,0.8226272008955996,0.7986969440813199,0.8255925015303124,0.8881635063712477,0.7755465842376934,1.0289582807355455,2.4155594759710906,3892.478142,28783,9290336,,,,,ok,,,/home/29d_kon@lab.graphicon.ru/ssd1_link/projects/REPROJECTING/outputs/MeshMamba_reference_batch_20260601/non_texture/baseline_cone/Apple_Red_v1_L3/recenter_rotx90p0_horizontaltovertical_blender_rig/Apple_Red_v1_L3_report.json,/home/29d_kon@lab.graphicon.ru/ssd1_link/projects/REPROJECTING/outputs/MeshMamba_reference_batch_20260601/_logs/non_texture/cone/Apple_Red_v1_L3.log,Apple_v01_l3.csv,32868,35,35,21257,510,horizontal_to_vertical,json_camera_static.fov_degrees,60.000001669652114,35.98339890412515,0.8642761303420102,0.6867631086814222,0.787366436287575,0.020979069048605616,0.08385640299287567,0.537226851913294,0.8923330597382049,0.9604254624216263,0.963597499007252,0.9645319700997568,2.0099092332189095,2.2474877983894803,2.4943358701530625,5226789.516653452,3892.478142,,,0.880368819682928,18714,21257,29632
non_texture,Aquarium_Deep_Sea_Diver_v1_L1,ok,,,/home/29d_kon@lab.graphicon.ru/ssd1_link/projects/REPROJECTING/outputs/MeshMamba_reference_batch_20260601/non_texture/baseline_screen_space/Aquarium_Deep_Sea_Diver_v1_L1/sigma0p05_recenter_rotx90p0_horizontaltovertical_blender_rig/Aquarium_Deep_Sea_Diver_v1_L1_report.json,/home/29d_kon@lab.graphicon.ru/ssd1_link/projects/REPROJECTING/outputs/MeshMamba_reference_batch_20260601/_logs/non_texture/screen_space/Aquarium_Deep_Sea_Diver_v1_L1.log,Aquarium_Deep_Sea_Diver_v1_L1.csv,32868,35,35,22143,510,horizontal_to_vertical,json_camera_static.fov_degrees,60.000001669652114,35.98339890412515,-0.015518671850973338,0.6578567832249442,2.7416899733811837,0.0664073900551923,0.21206939770166458,-0.027813830679160684,0.7224309196303499,0.5279497309453188,0.4983947325439973,0.6064281431372838,0.04252117362463246,-0.0478026921502843,0.2892808122972928,3.380258087427288,6468.683624,28520,8825712,,,,,ok,,,/home/29d_kon@lab.graphicon.ru/ssd1_link/projects/REPROJECTING/outputs/MeshMamba_reference_batch_20260601/non_texture/baseline_cone/Aquarium_Deep_Sea_Diver_v1_L1/recenter_rotx90p0_horizontaltovertical_blender_rig/Aquarium_Deep_Sea_Diver_v1_L1_report.json,/home/29d_kon@lab.graphicon.ru/ssd1_link/projects/REPROJECTING/outputs/MeshMamba_reference_batch_20260601/_logs/non_texture/cone/Aquarium_Deep_Sea_Diver_v1_L1.log,Aquarium_Deep_Sea_Diver_v1_L1.csv,32868,35,35,22143,510,horizontal_to_vertical,json_camera_static.fov_degrees,60.000001669652114,35.98339890412515,-0.021503863400548585,0.6057091582902694,0.6231345579503206,0.03965673651916606,0.1481738808501482,-0.05537473391457668,0.6383152781831722,0.4692102862623362,0.4303893832369261,0.5487691599633865,-0.006310952948567724,-0.14472305089020704,-0.13824185132750963,5552933.717006927,6468.683624,,,0.9399358713814749,20813,22143,32863
non_texture,Aquarium_Skull_v1_L1,ok,,,/home/29d_kon@lab.graphicon.ru/ssd1_link/projects/REPROJECTING/outputs/MeshMamba_reference_batch_20260601/non_texture/baseline_screen_space/Aquarium_Skull_v1_L1/sigma0p05_recenter_rotx90p0_horizontaltovertical_blender_rig/Aquarium_Skull_v1_L1_report.json,/home/29d_kon@lab.graphicon.ru/ssd1_link/projects/REPROJECTING/outputs/MeshMamba_reference_batch_20260601/_logs/non_texture/screen_space/Aquarium_Skull_v1_L1.log,Aquarium_Skull_v1_L1.csv,32868,37,37,25333,510,horizontal_to_vertical,json_camera_static.fov_degrees,60.000001669652114,35.98339890412515,0.14056120125359078,0.5229237470222854,1.843776023340032,0.059331681791131866,0.17614438129768414,0.2467645940854137,0.5492363295641944,0.6105704079305709,0.632325978425729,0.6265895468341895,0.2263268181880113,0.2977202985612688,0.2652073009598287,2.506876527990648,3783.525497,28965,9081592,,,,,ok,,,/home/29d_kon@lab.graphicon.ru/ssd1_link/projects/REPROJECTING/outputs/MeshMamba_reference_batch_20260601/non_texture/baseline_cone/Aquarium_Skull_v1_L1/recenter_rotx90p0_horizontaltovertical_blender_rig/Aquarium_Skull_v1_L1_report.json,/home/29d_kon@lab.graphicon.ru/ssd1_link/projects/REPROJECTING/outputs/MeshMamba_reference_batch_20260601/_logs/non_texture/cone/Aquarium_Skull_v1_L1.log,Aquarium_Skull_v1_L1.csv,32868,37,37,25333,510,horizontal_to_vertical,json_camera_static.fov_degrees,60.000001669652114,35.98339890412515,0.14828853856803506,0.49931661052881515,0.9778954520451423,0.06208220977170042,0.17075148128210774,0.3251892596318124,0.5236740665672167,0.649642542753626,0.6661645749604305,0.6404751987584504,0.22552168829214486,0.24539641250023092,0.14897353433472638,3357524.5417871024,3783.525497,,,0.9864603481624759,24990,25333,30819
non_texture,BastetCat_v2_L2,ok,,,/home/29d_kon@lab.graphicon.ru/ssd1_link/projects/REPROJECTING/outputs/MeshMamba_reference_batch_20260601/non_texture/baseline_screen_space/BastetCat_v2_L2/sigma0p05_recenter_rotx90p0_horizontaltovertical_blender_rig/BastetCat_v2_L2_report.json,/home/29d_kon@lab.graphicon.ru/ssd1_link/projects/REPROJECTING/outputs/MeshMamba_reference_batch_20260601/_logs/non_texture/screen_space/BastetCat_v2_L2.log,Bastet_Cat_v2_l2.csv,32868,35,35,23913,510,horizontal_to_vertical,json_camera_static.fov_degrees,60.000001669652114,35.98339890412515,0.2621058695060198,0.6180398400323615,1.5975224666199108,0.056950328567334195,0.18771102169466358,0.2628209299342002,0.7030196482316903,0.6135146989110573,0.5626088886488838,0.47392546760114196,0.3891714860952006,0.27017182730667744,-0.03132785311505864,3.624135169294961,6583.921925000001,30864,8604489,,,,,ok,,,/home/29d_kon@lab.graphicon.ru/ssd1_link/projects/REPROJECTING/outputs/MeshMamba_reference_batch_20260601/non_texture/baseline_cone/BastetCat_v2_L2/recenter_rotx90p0_horizontaltovertical_blender_rig/BastetCat_v2_L2_report.json,/home/29d_kon@lab.graphicon.ru/ssd1_link/projects/REPROJECTING/outputs/MeshMamba_reference_batch_20260601/_logs/non_texture/cone/BastetCat_v2_L2.log,Bastet_Cat_v2_l2.csv,32868,35,35,23913,510,horizontal_to_vertical,json_camera_static.fov_degrees,60.000001669652114,35.98339890412515,0.5052731679600933,0.6384190778404435,0.5556336324820284,0.03701939909925736,0.13378203107983364,0.42643786602334394,0.7406520924710106,0.753835104545591,0.6840390280138866,0.5402917013962484,1.0210380196723745,0.8481553546782314,0.22756850134339873,9311465.284554431,6583.921925000001,,,0.8900179818508761,21283,23913,32868
non_texture,Beauceron_v1_L3,ok,,,/home/29d_kon@lab.graphicon.ru/ssd1_link/projects/REPROJECTING/outputs/MeshMamba_reference_batch_20260601/non_texture/baseline_screen_space/Beauceron_v1_L3/sigma0p05_recenter_rotx90p0_horizontaltovertical_blender_rig/Beauceron_v1_L3_report.json,/home/29d_kon@lab.graphicon.ru/ssd1_link/projects/REPROJECTING/outputs/MeshMamba_reference_batch_20260601/_logs/non_texture/screen_space/Beauceron_v1_L3.log,Beauceron_v1_L3.csv,32868,37,37,26927,510,horizontal_to_vertical,json_camera_static.fov_degrees,60.000001669652114,35.98339890412515,0.04688390849129075,0.45338149174025144,2.887393060360221,0.11869803605520514,0.2902389227591524,-0.10667761589953376,0.5347286854121855,0.5376760053894188,0.8015987355007348,0.8723281419322765,0.30514450319627157,1.1889336773144379,1.5841142861690933,2.9093364249197746,5917.465047,30113,8878809,,,,,ok,,,/home/29d_kon@lab.graphicon.ru/ssd1_link/projects/REPROJECTING/outputs/MeshMamba_reference_batch_20260601/non_texture/baseline_cone/Beauceron_v1_L3/recenter_rotx90p0_horizontaltovertical_blender_rig/Beauceron_v1_L3_report.json,/home/29d_kon@lab.graphicon.ru/ssd1_link/projects/REPROJECTING/outputs/MeshMamba_reference_batch_20260601/_logs/non_texture/cone/Beauceron_v1_L3.log,Beauceron_v1_L3.csv,32868,37,37,26927,510,horizontal_to_vertical,json_camera_static.fov_degrees,60.000001669652114,35.98339890412515,0.3373198225532843,0.5080438115427843,0.9546917094262612,0.06253771554184186,0.16716869951530558,0.09513037429691577,0.5844546446410221,0.5847922305434815,0.8316875942487313,0.8931364663082346,0.9111795369260971,1.961301631587377,2.4918889581538983,8316039.449333163,5917.465047,,,0.8512645300256249,22922,26927,32868
non_texture,BellPepper_v1_L3,ok,,,/home/29d_kon@lab.graphicon.ru/ssd1_link/projects/REPROJECTING/outputs/MeshMamba_reference_batch_20260601/non_texture/baseline_screen_space/BellPepper_v1_L3/sigma0p05_recenter_rotx90p0_horizontaltovertical_blender_rig/BellPepper_v1_L3_report.json,/home/29d_kon@lab.graphicon.ru/ssd1_link/projects/REPROJECTING/outputs/MeshMamba_reference_batch_20260601/_logs/non_texture/screen_space/BellPepper_v1_L3.log,BellPepper_v01_L3.csv,32868,35,35,26696,510,horizontal_to_vertical,json_camera_static.fov_degrees,60.000001669652114,35.98339890412515,0.15179900715225883,0.4715648039772163,1.4354864740945215,0.058276021337818486,0.15117442372015125,0.05599866440981019,0.5002514844435305,0.6083787748997773,0.697208203746198,0.7789111331541267,0.3747628243457282,0.524740560464747,0.5807022279041882,2.3018617512687403,2372.3617870000003,31900,9253081,,,,,ok,,,/home/29d_kon@lab.graphicon.ru/ssd1_link/projects/REPROJECTING/outputs/MeshMamba_reference_batch_20260601/non_texture/baseline_cone/BellPepper_v1_L3/recenter_rotx90p0_horizontaltovertical_blender_rig/BellPepper_v1_L3_report.json,/home/29d_kon@lab.graphicon.ru/ssd1_link/projects/REPROJECTING/outputs/MeshMamba_reference_batch_20260601/_logs/non_texture/cone/BellPepper_v1_L3.log,BellPepper_v01_L3.csv,32868,35,35,26696,510,horizontal_to_vertical,json_camera_static.fov_degrees,60.000001669652114,35.98339890412515,0.2792653912104209,0.4788379576307288,1.2407053759192508,0.03164283307233837,0.10833559535646557,0.068265644656416,0.5425942100629544,0.6328384870171363,0.7515460843957453,0.9140251711974154,0.5778587809995439,0.999927351685807,1.7193265517186087,3332291.0639442615,2372.3617870000003,,,0.9509289781240635,25386,26696,32838
non_texture,Bird_Toucan_V3_L2,ok,,,/home/29d_kon@lab.graphicon.ru/ssd1_link/projects/REPROJECTING/outputs/MeshMamba_reference_batch_20260601/non_texture/baseline_screen_space/Bird_Toucan_V3_L2/sigma0p05_recenter_rotx90p0_horizontaltovertical_blender_rig/Bird_Toucan_V3_L2_report.json,/home/29d_kon@lab.graphicon.ru/ssd1_link/projects/REPROJECTING/outputs/MeshMamba_reference_batch_20260601/_logs/non_texture/screen_space/Bird_Toucan_V3_L2.log,Bird_Toucan_v3_l2.csv,32868,35,35,24883,510,horizontal_to_vertical,json_camera_static.fov_degrees,60.000001669652114,35.98339890412515,-0.07747222756121837,0.4527874473136848,3.2767785739540383,0.1369957156857497,0.31018081551344245,-0.10798940412589139,0.5231244899082912,0.4778370243926154,0.4376986957284714,0.28883997141237383,-0.07796441428868445,-0.2113557832611774,-0.7313936492508533,3.7490213322389865,7217.951107000001,28583,8768582,,,,,ok,,,/home/29d_kon@lab.graphicon.ru/ssd1_link/projects/REPROJECTING/outputs/MeshMamba_reference_batch_20260601/non_texture/baseline_cone/Bird_Toucan_V3_L2/recenter_rotx90p0_horizontaltovertical_blender_rig/Bird_Toucan_V3_L2_report.json,/home/29d_kon@lab.graphicon.ru/ssd1_link/projects/REPROJECTING/outputs/MeshMamba_reference_batch_20260601/_logs/non_texture/cone/Bird_Toucan_V3_L2.log,Bird_Toucan_v3_l2.csv,32868,35,35,24883,510,horizontal_to_vertical,json_camera_static.fov_degrees,60.000001669652114,35.98339890412515,0.10517663652517044,0.48586904390319074,0.7129866858533493,0.08411640010701496,0.23278036994553944,0.09911266548288333,0.5873404398257651,0.7671433884306488,0.7804369244944156,0.7789121606795717,0.4813244155790041,0.5413960586738898,0.5621280037785895,7955867.589879486,7217.951107000001,,,0.8116384680303822,20196,24883,32868
non_texture,Bird_v1_L3,ok,,,/home/29d_kon@lab.graphicon.ru/ssd1_link/projects/REPROJECTING/outputs/MeshMamba_reference_batch_20260601/non_texture/baseline_screen_space/Bird_v1_L3/sigma0p05_recenter_rotx90p0_horizontaltovertical_blender_rig/Bird_v1_L3_report.json,/home/29d_kon@lab.graphicon.ru/ssd1_link/projects/REPROJECTING/outputs/MeshMamba_reference_batch_20260601/_logs/non_texture/screen_space/Bird_v1_L3.log,Chick.csv,32868,35,35,19276,510,horizontal_to_vertical,json_camera_static.fov_degrees,60.000001669652114,35.98339890412515,0.08944210184250645,0.4648482833587926,4.077639348849399,0.08810946955428677,0.2489785690792637,-0.06512995060806567,0.5678103686723944,0.4672732993957272,0.5732729436243753,0.9362030935801984,0.087395764169386,0.459781089893212,1.8284076933808129,2.49481543991307,6749.235361,27988,9322749,,,,,ok,,,/home/29d_kon@lab.graphicon.ru/ssd1_link/projects/REPROJECTING/outputs/MeshMamba_reference_batch_20260601/non_texture/baseline_cone/Bird_v1_L3/recenter_rotx90p0_horizontaltovertical_blender_rig/Bird_v1_L3_report.json,/home/29d_kon@lab.graphicon.ru/ssd1_link/projects/REPROJECTING/outputs/MeshMamba_reference_batch_20260601/_logs/non_texture/cone/Bird_v1_L3.log,Chick.csv,32868,35,35,19276,510,horizontal_to_vertical,json_camera_static.fov_degrees,60.000001669652114,35.98339890412515,0.481791421775521,0.5489478816507782,0.8001454371890274,0.05370429301176973,0.16299943426813293,0.3662753499473252,0.6862020040295566,0.6390976385764355,0.7121299617145213,0.9982506846355335,0.7644433680932534,1.3627680677190623,3.576870445835208,4708063.160656781,6749.235361,,,0.8853496576053123,17066,19276,32857
non_texture,Blackberry_v02_L3,ok,,,/home/29d_kon@lab.graphicon.ru/ssd1_link/projects/REPROJECTING/outputs/MeshMamba_reference_batch_20260601/non_texture/baseline_screen_space/Blackberry_v02_L3/sigma0p05_recenter_rotx90p0_horizontaltovertical_blender_rig/Blackberry_v02_L3_report.json,/home/29d_kon@lab.graphicon.ru/ssd1_link/projects/REPROJECTING/outputs/MeshMamba_reference_batch_20260601/_logs/non_texture/screen_space/Blackberry_v02_L3.log,Blackberry_v2_L3.csv,32868,35,35,22554,510,horizontal_to_vertical,json_camera_static.fov_degrees,60.000001669652114,35.98339890412515,0.16479280761075107,0.6290974923916475,1.1097185710192807,0.0458449502281992,0.15200693197396167,0.2330352389464394,0.6761223647290266,0.6609059497208281,0.664252414700028,0.6144533970972034,0.3989330044813177,0.41356986803792706,0.04378675189942015,2.5001690085257327,6210.727108,31330,9128229,,,,,ok,,,/home/29d_kon@lab.graphicon.ru/ssd1_link/projects/REPROJECTING/outputs/MeshMamba_reference_batch_20260601/non_texture/baseline_cone/Blackberry_v02_L3/recenter_rotx90p0_horizontaltovertical_blender_rig/Blackberry_v02_L3_report.json,/home/29d_kon@lab.graphicon.ru/ssd1_link/projects/REPROJECTING/outputs/MeshMamba_reference_batch_20260601/_logs/non_texture/cone/Blackberry_v02_L3.log,Blackberry_v2_L3.csv,32868,35,35,22554,510,horizontal_to_vertical,json_camera_static.fov_degrees,60.000001669652114,35.98339890412515,0.4248886548328755,0.5858225068343856,1.0270837242524564,0.033702323197804446,0.1367966833758919,0.2890821676381953,0.684797497010019,0.7548273936968991,0.8214069142022513,0.8842993738353352,1.2285298304669068,1.6930431269786503,1.3886322920525314,3668057.79018036,6210.727108,,,0.9319411190919571,21019,22554,31845
non_texture,Boombox_v2_L3,ok,,,/home/29d_kon@lab.graphicon.ru/ssd1_link/projects/REPROJECTING/outputs/MeshMamba_reference_batch_20260601/non_texture/baseline_screen_space/Boombox_v2_L3/sigma0p05_recenter_rotx90p0_horizontaltovertical_blender_rig/Boombox_v2_L3_report.json,/home/29d_kon@lab.graphicon.ru/ssd1_link/projects/REPROJECTING/outputs/MeshMamba_reference_batch_20260601/_logs/non_texture/screen_space/Boombox_v2_L3.log,Boombox_v2_Iteration2.csv,32868,35,35,21841,510,horizontal_to_vertical,json_camera_static.fov_degrees,60.000001669652114,35.98339890412515,0.11288317249933422,0.5463150831564784,1.2831638625153252,0.09721035530072787,0.2636063572766573,0.2327431480188288,0.5982175644537805,0.5331148671547868,0.5248226378361395,0.4633453183278499,0.10624510619179546,0.07564683463475197,-0.12308788731533395,3.6683442396841266,4043.210779,31636,7581358,,,,,ok,,,/home/29d_kon@lab.graphicon.ru/ssd1_link/projects/REPROJECTING/outputs/MeshMamba_reference_batch_20260601/non_texture/baseline_cone/Boombox_v2_L3/recenter_rotx90p0_horizontaltovertical_blender_rig/Boombox_v2_L3_report.json,/home/29d_kon@lab.graphicon.ru/ssd1_link/projects/REPROJECTING/outputs/MeshMamba_reference_batch_20260601/_logs/non_texture/cone/Boombox_v2_L3.log,Boombox_v2_Iteration2.csv,32868,35,35,21841,510,horizontal_to_vertical,json_camera_static.fov_degrees,60.000001669652114,35.98339890412515,0.6194456585961586,0.6369964543070161,0.4240147567062393,0.05364451530952202,0.17924639911855675,0.580369672500544,0.7915451436999382,0.9028134574867044,0.9256349750145406,0.9501007488698855,1.510309727196805,1.8079294611085235,2.0167266766361234,5114656.191857506,4043.210779,,,0.9568701066800971,20899,21841,32662
non_texture,Camel_toy_v03_L3,ok,,,/home/29d_kon@lab.graphicon.ru/ssd1_link/projects/REPROJECTING/outputs/MeshMamba_reference_batch_20260601/non_texture/baseline_screen_space/Camel_toy_v03_L3/sigma0p05_recenter_rotx90p0_horizontaltovertical_blender_rig/Camel_toy_v03_L3_report.json,/home/29d_kon@lab.graphicon.ru/ssd1_link/projects/REPROJECTING/outputs/MeshMamba_reference_batch_20260601/_logs/non_texture/screen_space/Camel_toy_v03_L3.log,Camel_toy.csv,32868,36,36,22109,510,horizontal_to_vertical,json_camera_static.fov_degrees,60.000001669652114,35.98339890412515,0.05895965407513379,0.49806902718973,2.0419544988126748,0.07835507762496176,0.21174547958659173,0.25715324682909446,0.5123300872521137,0.40544649530471455,0.3927026702274687,0.3664928249299345,-0.4038932561579806,-0.43049911955559406,-0.5114882873510187,3.0066457640653814,5610.1134569999995,30550,8795334,,,,,ok,,,/home/29d_kon@lab.graphicon.ru/ssd1_link/projects/REPROJECTING/outputs/MeshMamba_reference_batch_20260601/non_texture/baseline_cone/Camel_toy_v03_L3/recenter_rotx90p0_horizontaltovertical_blender_rig/Camel_toy_v03_L3_report.json,/home/29d_kon@lab.graphicon.ru/ssd1_link/projects/REPROJECTING/outputs/MeshMamba_reference_batch_20260601/_logs/non_texture/cone/Camel_toy_v03_L3.log,Camel_toy.csv,32868,36,36,22109,510,horizontal_to_vertical,json_camera_static.fov_degrees,60.000001669652114,35.98339890412515,0.1913658716141221,0.4989703355738969,0.804525067347927,0.07270094508759288,0.16750819978781148,0.6464882174997655,0.5042898143688459,0.6511668697378261,0.6766411844435593,0.7193322186861854,-0.22689122860815025,-0.1758335251898699,-0.06143570922945095,8571465.538406864,5610.1134569999995,,,0.7778732642815143,17198,22109,32867
non_texture,Cardigan_Welsh_Corgi_v1_L3,ok,,,/home/29d_kon@lab.graphicon.ru/ssd1_link/projects/REPROJECTING/outputs/MeshMamba_reference_batch_20260601/non_texture/baseline_screen_space/Cardigan_Welsh_Corgi_v1_L3/sigma0p05_recenter_rotx90p0_horizontaltovertical_blender_rig/Cardigan_Welsh_Corgi_v1_L3_report.json,/home/29d_kon@lab.graphicon.ru/ssd1_link/projects/REPROJECTING/outputs/MeshMamba_reference_batch_20260601/_logs/non_texture/screen_space/Cardigan_Welsh_Corgi_v1_L3.log,Cardigan_Welsh_Corgi_v1_L3.csv,32868,35,35,18670,510,horizontal_to_vertical,json_camera_static.fov_degrees,60.000001669652114,35.98339890412515,0.11769074033307605,0.6517205519877998,1.9979529812907488,0.09131418254567751,0.24892836602913113,0.14023284231677097,0.7388198186905494,0.4286561296062118,0.41017599148574335,0.36621543976547755,-0.24122202875512366,-0.3064983938604159,-0.4536950511284385,4.7807233601220425,10421.181111000002,29881,9093951,,,,,ok,,,/home/29d_kon@lab.graphicon.ru/ssd1_link/projects/REPROJECTING/outputs/MeshMamba_reference_batch_20260601/non_texture/baseline_cone/Cardigan_Welsh_Corgi_v1_L3/recenter_rotx90p0_horizontaltovertical_blender_rig/Cardigan_Welsh_Corgi_v1_L3_report.json,/home/29d_kon@lab.graphicon.ru/ssd1_link/projects/REPROJECTING/outputs/MeshMamba_reference_batch_20260601/_logs/non_texture/cone/Cardigan_Welsh_Corgi_v1_L3.log,Cardigan_Welsh_Corgi_v1_L3.csv,32868,35,35,18670,510,horizontal_to_vertical,json_camera_static.fov_degrees,60.000001669652114,35.98339890412515,0.2880609217339132,0.5799809844581265,0.6723255669243787,0.0874298690069064,0.22878694286048165,0.2741396995962775,0.6591759303154805,0.5679815001009896,0.502505890253489,0.4240171555648303,0.10770830201453543,-0.032092239595647366,-0.2330919319751651,10331112.921755802,10421.181111000002,,,0.8717728976968399,16276,18670,32868
non_texture,Cat_v1_L3,ok,,,/home/29d_kon@lab.graphicon.ru/ssd1_link/projects/REPROJECTING/outputs/MeshMamba_reference_batch_20260601/non_texture/baseline_screen_space/Cat_v1_L3/sigma0p05_recenter_rotx90p0_horizontaltovertical_blender_rig/Cat_v1_L3_report.json,/home/29d_kon@lab.graphicon.ru/ssd1_link/projects/REPROJECTING/outputs/MeshMamba_reference_batch_20260601/_logs/non_texture/screen_space/Cat_v1_L3.log,Cat_v1_l3.csv,32868,35,35,26426,510,horizontal_to_vertical,json_camera_static.fov_degrees,60.000001669652114,35.98339890412515,0.5171421224942442,0.5851000921584644,1.4997567849497049,0.06297289305839485,0.20389280000147467,0.3516619384655846,0.7513392808058208,0.9064035339863429,0.8762052265928075,0.8554768180451403,1.4725965023568441,1.4242780821761705,1.3745158235253723,4.274439657556947,6512.130991,30523,8884021,,,,,ok,,,/home/29d_kon@lab.graphicon.ru/ssd1_link/projects/REPROJECTING/outputs/MeshMamba_reference_batch_20260601/non_texture/baseline_cone/Cat_v1_L3/recenter_rotx90p0_horizontaltovertical_blender_rig/Cat_v1_L3_report.json,/home/29d_kon@lab.graphicon.ru/ssd1_link/projects/REPROJECTING/outputs/MeshMamba_reference_batch_20260601/_logs/non_texture/cone/Cat_v1_L3.log,Cat_v1_l3.csv,32868,35,35,26426,510,horizontal_to_vertical,json_camera_static.fov_degrees,60.000001669652114,35.98339890412515,0.714069355158245,0.6374034683937571,0.5851616385491961,0.03309127658983458,0.11887257372134051,0.5238304630860546,0.8089237915076032,0.958828299893656,0.9394892170724,0.9352822906643429,2.078350862954907,2.0444858973489684,2.2710906670485542,14839502.822762616,6512.130991,,,0.8867403314917127,23433,26426,32868
non_texture,Charging_Bull_Statue_of_Wall_Street_v1,ok,,,/home/29d_kon@lab.graphicon.ru/ssd1_link/projects/REPROJECTING/outputs/MeshMamba_reference_batch_20260601/non_texture/baseline_screen_space/Charging_Bull_Statue_of_Wall_Street_v1/sigma0p05_recenter_rotx90p0_horizontaltovertical_blender_rig/Charging_Bull_Statue_of_Wall_Street_v1_report.json,/home/29d_kon@lab.graphicon.ru/ssd1_link/projects/REPROJECTING/outputs/MeshMamba_reference_batch_20260601/_logs/non_texture/screen_space/Charging_Bull_Statue_of_Wall_Street_v1.log,Charging_Bull_Statue_of_Wall_Street_v1_L1.csv,32868,35,35,23553,510,horizontal_to_vertical,json_camera_static.fov_degrees,60.000001669652114,35.98339890412515,0.2057993060194454,0.5964695278962192,1.9352345085338465,0.06840997226339046,0.20390891645134662,0.1893360849707787,0.6689162190696185,0.6537721185641294,0.5975487128405188,0.4617037530180057,0.47960804236147203,0.22578729683706233,-0.16984729409462307,2.7871350059401143,6570.023825,30615,9166988,,,,,ok,,,/home/29d_kon@lab.graphicon.ru/ssd1_link/projects/REPROJECTING/outputs/MeshMamba_reference_batch_20260601/non_texture/baseline_cone/Charging_Bull_Statue_of_Wall_Street_v1/recenter_rotx90p0_horizontaltovertical_blender_rig/Charging_Bull_Statue_of_Wall_Street_v1_report.json,/home/29d_kon@lab.graphicon.ru/ssd1_link/projects/REPROJECTING/outputs/MeshMamba_reference_batch_20260601/_logs/non_texture/cone/Charging_Bull_Statue_of_Wall_Street_v1.log,Charging_Bull_Statue_of_Wall_Street_v1_L1.csv,32868,35,35,23553,510,horizontal_to_vertical,json_camera_static.fov_degrees,60.000001669652114,35.98339890412515,0.2539206119524392,0.5295417168816262,0.7957568095467057,0.057568809894631735,0.16387205798585622,0.26370378700849917,0.5488597357389119,0.7730443941895419,0.7586843738175075,0.6767822498902649,0.5926571449305826,0.4024365582785697,-0.06936368594794329,5084237.856120686,6570.023825,,,0.8737315840869528,20579,23553,32868
non_texture,Chinese_coin,ok,,,/home/29d_kon@lab.graphicon.ru/ssd1_link/projects/REPROJECTING/outputs/MeshMamba_reference_batch_20260601/non_texture/baseline_screen_space/Chinese_coin/sigma0p05_recenter_rotx90p0_horizontaltovertical_blender_rig/Chinese_coin_report.json,/home/29d_kon@lab.graphicon.ru/ssd1_link/projects/REPROJECTING/outputs/MeshMamba_reference_batch_20260601/_logs/non_texture/screen_space/Chinese_coin.log,chinese_coin.csv,32868,35,35,23358,510,horizontal_to_vertical,json_camera_static.fov_degrees,60.000001669652114,35.98339890412515,0.005522342875225135,0.6659053874883739,0.625584827790554,0.055285647344519274,0.18869958320192715,0.018897564337798208,0.7383666719134779,0.46934572361716775,0.47773273397530003,0.4785156105869122,-0.12164367043211385,-0.09613259768564898,-0.10362992930310343,2.9635481620996695,7979.822288,32195,8594491,,,,,ok,,,/home/29d_kon@lab.graphicon.ru/ssd1_link/projects/REPROJECTING/outputs/MeshMamba_reference_batch_20260601/non_texture/baseline_cone/Chinese_coin/recenter_rotx90p0_horizontaltovertical_blender_rig/Chinese_coin_report.json,/home/29d_kon@lab.graphicon.ru/ssd1_link/projects/REPROJECTING/outputs/MeshMamba_reference_batch_20260601/_logs/non_texture/cone/Chinese_coin.log,chinese_coin.csv,32868,35,35,23358,510,horizontal_to_vertical,json_camera_static.fov_degrees,60.000001669652114,35.98339890412515,0.027478735379537697,0.5956745195842706,0.6381091085128763,0.05913775783974146,0.1899370248040762,0.05439294972330786,0.6554229227167642,0.4799976133555087,0.4842981282568216,0.5009873585412725,-0.09050383043124995,-0.09207345649791582,-0.0818828958660621,5426209.647809056,7979.822288,,,0.9544909666923538,22295,23358,32868
non_texture,Chips_v1_L3,ok,,,/home/29d_kon@lab.graphicon.ru/ssd1_link/projects/REPROJECTING/outputs/MeshMamba_reference_batch_20260601/non_texture/baseline_screen_space/Chips_v1_L3/sigma0p05_recenter_rotx90p0_horizontaltovertical_blender_rig/Chips_v1_L3_report.json,/home/29d_kon@lab.graphicon.ru/ssd1_link/projects/REPROJECTING/outputs/MeshMamba_reference_batch_20260601/_logs/non_texture/screen_space/Chips_v1_L3.log,Chips_v1_L3.csv,32868,35,35,26353,510,horizontal_to_vertical,json_camera_static.fov_degrees,60.000001669652114,35.98339890412515,-0.21176984290117692,0.49399178294987406,1.2284612711058562,0.16376415196737767,0.34973290387272005,-0.22574452779566806,0.6045017382991172,0.36004873440426405,0.3851950711069469,0.5602579219642998,-0.3593698539346989,-0.29841949411464425,0.1818130056579996,2.313022984234193,9654.76884,32290,8807275,,,,,ok,,,/home/29d_kon@lab.graphicon.ru/ssd1_link/projects/REPROJECTING/outputs/MeshMamba_reference_batch_20260601/non_texture/baseline_cone/Chips_v1_L3/recenter_rotx90p0_horizontaltovertical_blender_rig/Chips_v1_L3_report.json,/home/29d_kon@lab.graphicon.ru/ssd1_link/projects/REPROJECTING/outputs/MeshMamba_reference_batch_20260601/_logs/non_texture/cone/Chips_v1_L3.log,Chips_v1_L3.csv,32868,35,35,26353,510,horizontal_to_vertical,json_camera_static.fov_degrees,60.000001669652114,35.98339890412515,0.32199669809472176,0.5911882956447262,0.5954372271236132,0.09238388067738344,0.24714764342038917,0.2809134542846557,0.7167905564298868,0.5554724788347284,0.5941129686565889,0.7885981292871747,0.1754378506451456,0.30172965391683976,1.1791536592798988,6167438.248662738,9654.76884,,,0.9135582286646682,24075,26353,32868
non_texture,Christmas_Bear,ok,,,/home/29d_kon@lab.graphicon.ru/ssd1_link/projects/REPROJECTING/outputs/MeshMamba_reference_batch_20260601/non_texture/baseline_screen_space/Christmas_Bear/sigma0p05_recenter_rotx90p0_horizontaltovertical_blender_rig/Christmas_Bear_report.json,/home/29d_kon@lab.graphicon.ru/ssd1_link/projects/REPROJECTING/outputs/MeshMamba_reference_batch_20260601/_logs/non_texture/screen_space/Christmas_Bear.log,Christmas_Bear.csv,32868,35,35,19872,510,horizontal_to_vertical,json_camera_static.fov_degrees,60.000001669652114,35.98339890412515,0.20228670930056694,0.6431881667750867,1.6203469051010198,0.04986632025107576,0.17401930692923898,0.2202669807302594,0.709764527777066,0.6125644069276374,0.6091868337132893,0.6175086505966045,0.35374372478444244,0.36667241420114055,0.354630945042448,3.1357606427460927,5117.615583000001,30191,8861189,,,,,ok,,,/home/29d_kon@lab.graphicon.ru/ssd1_link/projects/REPROJECTING/outputs/MeshMamba_reference_batch_20260601/non_texture/baseline_cone/Christmas_Bear/recenter_rotx90p0_horizontaltovertical_blender_rig/Christmas_Bear_report.json,/home/29d_kon@lab.graphicon.ru/ssd1_link/projects/REPROJECTING/outputs/MeshMamba_reference_batch_20260601/_logs/non_texture/cone/Christmas_Bear.log,Christmas_Bear.csv,32868,35,35,19872,510,horizontal_to_vertical,json_camera_static.fov_degrees,60.000001669652114,35.98339890412515,0.16202313874954505,0.564534044562369,0.6864514008048295,0.028305881656435695,0.11853735160163442,0.12548404823819706,0.5911836958628621,0.5644582632227803,0.5257500761314678,0.3792055098529882,0.32592602292061473,0.19138849017265422,-0.3141829477132526,3219987.5700392937,5117.615583000001,,,0.9417270531400966,18714,19872,32868
non_texture,CrawlingBaby_v1_L1,ok,,,/home/29d_kon@lab.graphicon.ru/ssd1_link/projects/REPROJECTING/outputs/MeshMamba_reference_batch_20260601/non_texture/baseline_screen_space/CrawlingBaby_v1_L1/sigma0p05_recenter_rotx90p0_horizontaltovertical_blender_rig/CrawlingBaby_v1_L1_report.json,/home/29d_kon@lab.graphicon.ru/ssd1_link/projects/REPROJECTING/outputs/MeshMamba_reference_batch_20260601/_logs/non_texture/screen_space/CrawlingBaby_v1_L1.log,CrawlingBaby.csv,32868,35,35,23351,510,horizontal_to_vertical,json_camera_static.fov_degrees,60.000001669652114,35.98339890412515,-0.015605526241433295,0.6461028216944338,1.64982157755216,0.07111255873328531,0.2139114450809563,0.0014109870254284823,0.6994662633279428,0.4249269384521246,0.3502828903526079,0.21889608084047096,-0.16522189364606904,-0.40030318507642115,-0.8718482210563577,3.4015805358191766,7827.039065999999,30538,8766300,,,,,ok,,,/home/29d_kon@lab.graphicon.ru/ssd1_link/projects/REPROJECTING/outputs/MeshMamba_reference_batch_20260601/non_texture/baseline_cone/CrawlingBaby_v1_L1/recenter_rotx90p0_horizontaltovertical_blender_rig/CrawlingBaby_v1_L1_report.json,/home/29d_kon@lab.graphicon.ru/ssd1_link/projects/REPROJECTING/outputs/MeshMamba_reference_batch_20260601/_logs/non_texture/cone/CrawlingBaby_v1_L1.log,CrawlingBaby.csv,32868,35,35,23351,510,horizontal_to_vertical,json_camera_static.fov_degrees,60.000001669652114,35.98339890412515,0.3112471384186723,0.6111268599732511,0.6258943621277171,0.04733194219273346,0.16375150420656995,0.24157887425281457,0.671139289380884,0.7466262986481293,0.6689445910968729,0.6885902920703713,0.9897623807819994,0.6353878526416797,0.14508301855236208,4991080.077837557,7827.039065999999,,,0.9145646867371847,21356,23351,32864
non_texture,Deathstroke-obj,ok,,,/home/29d_kon@lab.graphicon.ru/ssd1_link/projects/REPROJECTING/outputs/MeshMamba_reference_batch_20260601/non_texture/baseline_screen_space/Deathstroke-obj/sigma0p05_recenter_rotx90p0_horizontaltovertical_blender_rig/Deathstroke-obj_report.json,/home/29d_kon@lab.graphicon.ru/ssd1_link/projects/REPROJECTING/outputs/MeshMamba_reference_batch_20260601/_logs/non_texture/screen_space/Deathstroke-obj.log,Deathstroke.csv,32868,36,36,27157,510,horizontal_to_vertical,json_camera_static.fov_degrees,60.000001669652114,35.98339890412515,0.20333599782036546,0.7782180322480869,0.7082829091296674,0.04694440587408309,0.16980501524856556,0.2256213057101121,0.8690671125566395,0.6030910964595088,0.6381514188661415,0.581488092241146,0.3035140165285658,0.4429781072897116,0.2999884129742251,4.20679767473878,12971.013206,31698,8611754,,,,,ok,,,/home/29d_kon@lab.graphicon.ru/ssd1_link/projects/REPROJECTING/outputs/MeshMamba_reference_batch_20260601/non_texture/baseline_cone/Deathstroke-obj/recenter_rotx90p0_horizontaltovertical_blender_rig/Deathstroke-obj_report.json,/home/29d_kon@lab.graphicon.ru/ssd1_link/projects/REPROJECTING/outputs/MeshMamba_reference_batch_20260601/_logs/non_texture/cone/Deathstroke-obj.log,Deathstroke.csv,32868,36,36,27157,510,horizontal_to_vertical,json_camera_static.fov_degrees,60.000001669652114,35.98339890412515,0.2556964868632843,0.7577244746534857,0.19341929574248476,0.08222857036974868,0.23401826633005293,0.20950380294548263,0.8270109984720541,0.631960449497534,0.7032323204341535,0.6784980772663638,0.5767395489872572,0.7444724466284891,0.5404265431738685,10763191.47326468,12971.013206,,,0.8481054608388261,23032,27157,32868
non_texture,Diavolo_Mask_v1_L3,ok,,,/home/29d_kon@lab.graphicon.ru/ssd1_link/projects/REPROJECTING/outputs/MeshMamba_reference_batch_20260601/non_texture/baseline_screen_space/Diavolo_Mask_v1_L3/sigma0p05_recenter_rotx90p0_horizontaltovertical_blender_rig/Diavolo_Mask_v1_L3_report.json,/home/29d_kon@lab.graphicon.ru/ssd1_link/projects/REPROJECTING/outputs/MeshMamba_reference_batch_20260601/_logs/non_texture/screen_space/Diavolo_Mask_v1_L3.log,Diavolo_Mask_v1_l3.csv,32868,35,35,26329,510,horizontal_to_vertical,json_camera_static.fov_degrees,60.000001669652114,35.98339890412515,0.06539777614399692,0.638066797209299,1.075129174814493,0.05037289040179155,0.18376555326397842,0.020231415720476764,0.723206319692183,0.567762988327379,0.6272094684480651,0.6727671942137987,0.20408839045544006,0.3935047817558916,0.5468919172158014,2.226127265679426,8128.870566,31585,8572551,,,,,ok,,,/home/29d_kon@lab.graphicon.ru/ssd1_link/projects/REPROJECTING/outputs/MeshMamba_reference_batch_20260601/non_texture/baseline_cone/Diavolo_Mask_v1_L3/recenter_rotx90p0_horizontaltovertical_blender_rig/Diavolo_Mask_v1_L3_report.json,/home/29d_kon@lab.graphicon.ru/ssd1_link/projects/REPROJECTING/outputs/MeshMamba_reference_batch_20260601/_logs/non_texture/cone/Diavolo_Mask_v1_L3.log,Diavolo_Mask_v1_l3.csv,32868,35,35,26329,510,horizontal_to_vertical,json_camera_static.fov_degrees,60.000001669652114,35.98339890412515,0.05633922549280651,0.558273604086103,0.6766038170151498,0.07504309636290148,0.2208138298075115,0.03256449263041258,0.6341651122752399,0.5667903736176454,0.5383817633107729,0.5058504029441032,0.09184473530366319,0.02505832803821334,-0.20486632673764785,4779536.695409093,8128.870566,,,0.8622051730031525,22701,26329,32868
non_texture,Domestic_cat_V2_L3,ok,,,/home/29d_kon@lab.graphicon.ru/ssd1_link/projects/REPROJECTING/outputs/MeshMamba_reference_batch_20260601/non_texture/baseline_screen_space/Domestic_cat_V2_L3/sigma0p05_recenter_rotx90p0_horizontaltovertical_blender_rig/Domestic_cat_V2_L3_report.json,/home/29d_kon@lab.graphicon.ru/ssd1_link/projects/REPROJECTING/outputs/MeshMamba_reference_batch_20260601/_logs/non_texture/screen_space/Domestic_cat_V2_L3.log,Domestic_cat_V1_iterations-2.csv,32868,36,36,26453,510,horizontal_to_vertical,json_camera_static.fov_degrees,60.000001669652114,35.98339890412515,0.1636190365868837,0.5640470185821149,4.115096689052934,0.07961176118171992,0.2247682383662243,0.10080576706192082,0.5949653999030784,0.6108885414910677,0.5724114190500413,0.3433879811843277,0.6021822069808394,0.5583819899871836,-0.33152011971830053,2.187141237850164,3590.5043860000005,26745,9731246,,,,,ok,,,/home/29d_kon@lab.graphicon.ru/ssd1_link/projects/REPROJECTING/outputs/MeshMamba_reference_batch_20260601/non_texture/baseline_cone/Domestic_cat_V2_L3/recenter_rotx90p0_horizontaltovertical_blender_rig/Domestic_cat_V2_L3_report.json,/home/29d_kon@lab.graphicon.ru/ssd1_link/projects/REPROJECTING/outputs/MeshMamba_reference_batch_20260601/_logs/non_texture/cone/Domestic_cat_V2_L3.log,Domestic_cat_V1_iterations-2.csv,32868,36,36,26453,510,horizontal_to_vertical,json_camera_static.fov_degrees,60.000001669652114,35.98339890412515,0.3365387234271977,0.5285322331040476,1.4623473818999697,0.020641207371215855,0.0909071215379855,0.10231798465374613,0.5845495640142867,0.6455144016449519,0.609727546359934,0.47391888209715327,1.1730057037357209,1.4009966473067845,0.3828053464096084,4415320.260107679,3590.5043860000005,,,0.9370203757607832,24787,26453,31472
non_texture,Eagle_wood_v1_L3,ok,,,/home/29d_kon@lab.graphicon.ru/ssd1_link/projects/REPROJECTING/outputs/MeshMamba_reference_batch_20260601/non_texture/baseline_screen_space/Eagle_wood_v1_L3/sigma0p05_recenter_rotx90p0_horizontaltovertical_blender_rig/Eagle_wood_v1_L3_report.json,/home/29d_kon@lab.graphicon.ru/ssd1_link/projects/REPROJECTING/outputs/MeshMamba_reference_batch_20260601/_logs/non_texture/screen_space/Eagle_wood_v1_L3.log,Eagle_v1_max2011_it2.csv,32868,35,35,21449,510,horizontal_to_vertical,json_camera_static.fov_degrees,60.000001669652114,35.98339890412515,0.024873631310383934,0.5826775694568772,2.441389981859629,0.05492390153216275,0.1845130527331055,-0.006670149242602333,0.6435262774590615,0.4946457596225271,0.4587162309796008,0.5157582703421315,0.05098207608063947,-0.04365435457224573,0.18208754284325646,2.6685094713296023,7210.587536,28801,8930092,,,,,ok,,,/home/29d_kon@lab.graphicon.ru/ssd1_link/projects/REPROJECTING/outputs/MeshMamba_reference_batch_20260601/non_texture/baseline_cone/Eagle_wood_v1_L3/recenter_rotx90p0_horizontaltovertical_blender_rig/Eagle_wood_v1_L3_report.json,/home/29d_kon@lab.graphicon.ru/ssd1_link/projects/REPROJECTING/outputs/MeshMamba_reference_batch_20260601/_logs/non_texture/cone/Eagle_wood_v1_L3.log,Eagle_v1_max2011_it2.csv,32868,35,35,21449,510,horizontal_to_vertical,json_camera_static.fov_degrees,60.000001669652114,35.98339890412515,0.16342177593098883,0.5555716321204319,0.6441440196144128,0.0525330690256469,0.17467180718555225,0.03488979494699633,0.5414361134841702,0.6117552402381473,0.6467318911524169,0.7403913993878377,0.49639279800296066,0.5583326574997748,0.9622051369225625,3735639.481543686,7210.587536,,,0.9263368921628048,19869,21449,32868
non_texture,Elephant_v01_l3,ok,,,/home/29d_kon@lab.graphicon.ru/ssd1_link/projects/REPROJECTING/outputs/MeshMamba_reference_batch_20260601/non_texture/baseline_screen_space/Elephant_v01_l3/sigma0p05_recenter_rotx90p0_horizontaltovertical_blender_rig/Elephant_v01_l3_report.json,/home/29d_kon@lab.graphicon.ru/ssd1_link/projects/REPROJECTING/outputs/MeshMamba_reference_batch_20260601/_logs/non_texture/screen_space/Elephant_v01_l3.log,statue_Elephant_v1_L3.csv,32868,35,35,24546,510,horizontal_to_vertical,json_camera_static.fov_degrees,60.000001669652114,35.98339890412515,0.05374555864805394,0.4507821349910612,2.0979722513594865,0.12370506782621273,0.2941938473517042,0.23376280498600877,0.44907963194180534,0.5018227706762208,0.3602443851289139,0.3818996348641625,0.01901231815654639,-0.46587013192706955,-0.41111163750209273,2.0462575468609314,3178.395711,29386,9179794,,,,,ok,,,/home/29d_kon@lab.graphicon.ru/ssd1_link/projects/REPROJECTING/outputs/MeshMamba_reference_batch_20260601/non_texture/baseline_cone/Elephant_v01_l3/recenter_rotx90p0_horizontaltovertical_blender_rig/Elephant_v01_l3_report.json,/home/29d_kon@lab.graphicon.ru/ssd1_link/projects/REPROJECTING/outputs/MeshMamba_reference_batch_20260601/_logs/non_texture/cone/Elephant_v01_l3.log,statue_Elephant_v1_L3.csv,32868,35,35,24546,510,horizontal_to_vertical,json_camera_static.fov_degrees,60.000001669652114,35.98339890412515,0.36869548955746634,0.5078432905102387,1.0127950090857603,0.04372421182691946,0.13808670339023263,0.4074378686741391,0.5738512132151459,0.815473006229064,0.6976579209766273,0.7919455269528798,1.049084819861952,0.3198999475067177,0.5933765294113389,3121042.9616791094,3178.395711,,,0.9192943860506804,22565,24546,31679
non_texture,Fighter_Jet_SG_v1_L3,ok,,,/home/29d_kon@lab.graphicon.ru/ssd1_link/projects/REPROJECTING/outputs/MeshMamba_reference_batch_20260601/non_texture/baseline_screen_space/Fighter_Jet_SG_v1_L3/sigma0p05_recenter_rotx90p0_horizontaltovertical_blender_rig/Fighter_Jet_SG_v1_L3_report.json,/home/29d_kon@lab.graphicon.ru/ssd1_link/projects/REPROJECTING/outputs/MeshMamba_reference_batch_20260601/_logs/non_texture/screen_space/Fighter_Jet_SG_v1_L3.log,Fighter_Jet_SG_v1_iterations-2.csv,32868,35,35,28584,510,horizontal_to_vertical,json_camera_static.fov_degrees,60.000001669652114,35.98339890412515,0.07587524911683889,0.5468365997415139,4.5535452581963325,0.08829385024592426,0.24066340705782732,0.07187899580608366,0.6321859645020653,0.575953608510104,0.6448037857521789,0.6791559270796952,0.19712779634516048,0.43109702403369965,0.488011803731244,3.2998161389867273,8567.267849,22984,8790860,,,,,ok,,,/home/29d_kon@lab.graphicon.ru/ssd1_link/projects/REPROJECTING/outputs/MeshMamba_reference_batch_20260601/non_texture/baseline_cone/Fighter_Jet_SG_v1_L3/recenter_rotx90p0_horizontaltovertical_blender_rig/Fighter_Jet_SG_v1_L3_report.json,/home/29d_kon@lab.graphicon.ru/ssd1_link/projects/REPROJECTING/outputs/MeshMamba_reference_batch_20260601/_logs/non_texture/cone/Fighter_Jet_SG_v1_L3.log,Fighter_Jet_SG_v1_iterations-2.csv,32868,35,35,28584,510,horizontal_to_vertical,json_camera_static.fov_degrees,60.000001669652114,35.98339890412515,0.2887371402718101,0.6577876613294383,0.4352745043566083,0.04593697292570404,0.16723288424487973,0.2486910427183186,0.7505667602657754,0.6436466564088742,0.7874042687701083,0.8399185882248761,0.42003304141474895,0.8068861304823112,0.999542440368392,8525839.944977537,8567.267849,,,0.8513504058214386,24335,28584,32868
non_texture,Flying_saucer_v1_L3,ok,,,/home/29d_kon@lab.graphicon.ru/ssd1_link/projects/REPROJECTING/outputs/MeshMamba_reference_batch_20260601/non_texture/baseline_screen_space/Flying_saucer_v1_L3/sigma0p05_recenter_rotx90p0_horizontaltovertical_blender_rig/Flying_saucer_v1_L3_report.json,/home/29d_kon@lab.graphicon.ru/ssd1_link/projects/REPROJECTING/outputs/MeshMamba_reference_batch_20260601/_logs/non_texture/screen_space/Flying_saucer_v1_L3.log,Flying_saucer_v1_L3.csv,32868,36,36,28082,510,horizontal_to_vertical,json_camera_static.fov_degrees,60.000001669652114,35.98339890412515,0.09773689994518077,0.4342450793270481,4.622422424291278,0.11767118627952886,0.2656827411892708,0.10609363224484882,0.47381009420172804,0.5328098618873742,0.5598496684034304,0.5586476961805292,0.12543810009546144,0.22918260007360092,0.2167876776513116,2.7723166738997804,3754.2624929999997,24960,8611747,,,,,ok,,,/home/29d_kon@lab.graphicon.ru/ssd1_link/projects/REPROJECTING/outputs/MeshMamba_reference_batch_20260601/non_texture/baseline_cone/Flying_saucer_v1_L3/recenter_rotx90p0_horizontaltovertical_blender_rig/Flying_saucer_v1_L3_report.json,/home/29d_kon@lab.graphicon.ru/ssd1_link/projects/REPROJECTING/outputs/MeshMamba_reference_batch_20260601/_logs/non_texture/cone/Flying_saucer_v1_L3.log,Flying_saucer_v1_L3.csv,32868,36,36,28082,510,horizontal_to_vertical,json_camera_static.fov_degrees,60.000001669652114,35.98339890412515,0.030535351999182725,0.3835052548018577,10.742173904097628,0.07443748637960221,0.18566704566957742,0.14481743360512653,0.35607983187496745,0.43562539172116577,0.5,0.5,-0.3416871103200675,-0.7640443253921052,-0.7640443253921054,3710555.7612559223,3754.2624929999997,,,0.9065593618688128,25458,28082,19748
non_texture,Frog_v1_L3,ok,,,/home/29d_kon@lab.graphicon.ru/ssd1_link/projects/REPROJECTING/outputs/MeshMamba_reference_batch_20260601/non_texture/baseline_screen_space/Frog_v1_L3/sigma0p05_recenter_rotx90p0_horizontaltovertical_blender_rig/Frog_v1_L3_report.json,/home/29d_kon@lab.graphicon.ru/ssd1_link/projects/REPROJECTING/outputs/MeshMamba_reference_batch_20260601/_logs/non_texture/screen_space/Frog_v1_L3.log,Frog_v1_L3.csv,32868,37,37,25153,510,horizontal_to_vertical,json_camera_static.fov_degrees,60.000001669652114,35.98339890412515,-0.3160920252496203,0.3661039440642703,4.528062401499183,0.12449347721327378,0.28373432921946445,-0.3225258865693085,0.36789348814852785,0.3321819345492728,0.34527262935803954,0.33585589273232186,-0.5312600412466844,-0.5225446566868109,-0.5684562696351176,3.002750214324565,6687.5190569999995,27559,8610546,,,,,ok,,,/home/29d_kon@lab.graphicon.ru/ssd1_link/projects/REPROJECTING/outputs/MeshMamba_reference_batch_20260601/non_texture/baseline_cone/Frog_v1_L3/recenter_rotx90p0_horizontaltovertical_blender_rig/Frog_v1_L3_report.json,/home/29d_kon@lab.graphicon.ru/ssd1_link/projects/REPROJECTING/outputs/MeshMamba_reference_batch_20260601/_logs/non_texture/cone/Frog_v1_L3.log,Frog_v1_L3.csv,32868,37,37,25153,510,horizontal_to_vertical,json_camera_static.fov_degrees,60.000001669652114,35.98339890412515,-0.1395557123767093,0.37945879404471744,1.039652326372502,0.09752813549560872,0.2426766358233086,-0.06772714347248222,0.39317965662269977,0.6982266324327956,0.7147936767088515,0.7752209156353971,0.06084624695972729,0.1099576778507943,0.2620401214491055,5111664.116821097,6687.5190569999995,,,0.7778396215163201,19565,25153,32868
non_texture,Gold_Doubloon_v1_L1,ok,,,/home/29d_kon@lab.graphicon.ru/ssd1_link/projects/REPROJECTING/outputs/MeshMamba_reference_batch_20260601/non_texture/baseline_screen_space/Gold_Doubloon_v1_L1/sigma0p05_recenter_rotx90p0_horizontaltovertical_blender_rig/Gold_Doubloon_v1_L1_report.json,/home/29d_kon@lab.graphicon.ru/ssd1_link/projects/REPROJECTING/outputs/MeshMamba_reference_batch_20260601/_logs/non_texture/screen_space/Gold_Doubloon_v1_L1.log,Gold_Doubloon_v1_l1.csv,32868,35,35,22986,510,horizontal_to_vertical,json_camera_static.fov_degrees,60.000001669652114,35.98339890412515,0.4122874559133516,0.7061456585573997,0.30209465753238307,0.03449852235315999,0.1501665031345575,0.46401567929248233,0.8018772112754925,0.71566075881822,0.739928116543329,0.7032460743156845,0.6579823274655254,0.7639628149686517,0.6716777060562651,3.4771231511108405,6497.457248000001,32640,8663640,,,,,ok,,,/home/29d_kon@lab.graphicon.ru/ssd1_link/projects/REPROJECTING/outputs/MeshMamba_reference_batch_20260601/non_texture/baseline_cone/Gold_Doubloon_v1_L1/recenter_rotx90p0_horizontaltovertical_blender_rig/Gold_Doubloon_v1_L1_report.json,/home/29d_kon@lab.graphicon.ru/ssd1_link/projects/REPROJECTING/outputs/MeshMamba_reference_batch_20260601/_logs/non_texture/cone/Gold_Doubloon_v1_L1.log,Gold_Doubloon_v1_l1.csv,32868,35,35,22986,510,horizontal_to_vertical,json_camera_static.fov_degrees,60.000001669652114,35.98339890412515,0.3820693475969169,0.6652974709053513,0.385265518698653,0.06715135230401642,0.19588759299469777,0.4653775678951592,0.7622650419416538,0.7100430321072797,0.722769909041208,0.6901243408541036,0.5460539427337453,0.5864514563235425,0.4895280060953295,5411743.121998696,6497.457248000001,,,0.9503175846167232,21844,22986,32868
non_texture,GrayAlien_v01_L3,ok,,,/home/29d_kon@lab.graphicon.ru/ssd1_link/projects/REPROJECTING/outputs/MeshMamba_reference_batch_20260601/non_texture/baseline_screen_space/GrayAlien_v01_L3/sigma0p05_recenter_rotx90p0_horizontaltovertical_blender_rig/GrayAlien_v01_L3_report.json,/home/29d_kon@lab.graphicon.ru/ssd1_link/projects/REPROJECTING/outputs/MeshMamba_reference_batch_20260601/_logs/non_texture/screen_space/GrayAlien_v01_L3.log,GrayAlien_v01.csv,32868,35,35,21254,510,horizontal_to_vertical,json_camera_static.fov_degrees,60.000001669652114,35.98339890412515,-0.10683211154657751,0.5989913478593719,1.1271202759289063,0.07893895608823925,0.2215244590967612,-0.19777585009960777,0.6430531941153343,0.35340577696524406,0.140519676361,0.1299239136090234,-0.2093488824331573,-0.9286442878129268,-1.0194393397478898,3.712172305881392,8642.473778,31690,8600165,,,,,ok,,,/home/29d_kon@lab.graphicon.ru/ssd1_link/projects/REPROJECTING/outputs/MeshMamba_reference_batch_20260601/non_texture/baseline_cone/GrayAlien_v01_L3/recenter_rotx90p0_horizontaltovertical_blender_rig/GrayAlien_v01_L3_report.json,/home/29d_kon@lab.graphicon.ru/ssd1_link/projects/REPROJECTING/outputs/MeshMamba_reference_batch_20260601/_logs/non_texture/cone/GrayAlien_v01_L3.log,GrayAlien_v01.csv,32868,35,35,21254,510,horizontal_to_vertical,json_camera_static.fov_degrees,60.000001669652114,35.98339890412515,0.20101904524207675,0.504904663487198,0.8253234616475733,0.08491410903654553,0.22073722958472725,-0.13709568270204886,0.5935918296639181,0.3574422668527508,0.06667240574815181,0.13286174897347872,0.45655860092816913,-0.6389437628659039,-0.604131025826829,11237498.62782304,8642.473778,,,0.7120071515949938,15133,21254,32868
non_texture,Great_Dane_v1_L3,ok,,,/home/29d_kon@lab.graphicon.ru/ssd1_link/projects/REPROJECTING/outputs/MeshMamba_reference_batch_20260601/non_texture/baseline_screen_space/Great_Dane_v1_L3/sigma0p05_recenter_rotx90p0_horizontaltovertical_blender_rig/Great_Dane_v1_L3_report.json,/home/29d_kon@lab.graphicon.ru/ssd1_link/projects/REPROJECTING/outputs/MeshMamba_reference_batch_20260601/_logs/non_texture/screen_space/Great_Dane_v1_L3.log,Great_Dane_v1_l3.csv,32868,35,35,23706,510,horizontal_to_vertical,json_camera_static.fov_degrees,60.000001669652114,35.98339890412515,0.20365131213906648,0.6289315099868426,1.9038019789579668,0.0904932818077981,0.2530268857622958,0.0739171147591183,0.7309269551682555,0.692658811747857,0.8508861465196464,0.9332840806136681,0.7070759800754612,1.332582268073786,1.705074971817243,3.6806488700662636,8309.431102,30580,9012367,,,,,ok,,,/home/29d_kon@lab.graphicon.ru/ssd1_link/projects/REPROJECTING/outputs/MeshMamba_reference_batch_20260601/non_texture/baseline_cone/Great_Dane_v1_L3/recenter_rotx90p0_horizontaltovertical_blender_rig/Great_Dane_v1_L3_report.json,/home/29d_kon@lab.graphicon.ru/ssd1_link/projects/REPROJECTING/outputs/MeshMamba_reference_batch_20260601/_logs/non_texture/cone/Great_Dane_v1_L3.log,Great_Dane_v1_l3.csv,32868,35,35,23706,510,horizontal_to_vertical,json_camera_static.fov_degrees,60.000001669652114,35.98339890412515,0.5323705984741006,0.6075180575763006,0.7419414298484537,0.04584119064212666,0.16447585197566386,0.2161397265265841,0.7566659617996728,0.7491356332861809,0.9010760894670204,0.9416254387650415,1.2805731087735739,2.0333254067405453,2.2853233953352072,9271981.404722052,8309.431102,,,0.8339239011220788,19769,23706,32868
non_texture,Gun_Powder_Keg_v1_L3,ok,,,/home/29d_kon@lab.graphicon.ru/ssd1_link/projects/REPROJECTING/outputs/MeshMamba_reference_batch_20260601/non_texture/baseline_screen_space/Gun_Powder_Keg_v1_L3/sigma0p05_recenter_rotx90p0_horizontaltovertical_blender_rig/Gun_Powder_Keg_v1_L3_report.json,/home/29d_kon@lab.graphicon.ru/ssd1_link/projects/REPROJECTING/outputs/MeshMamba_reference_batch_20260601/_logs/non_texture/screen_space/Gun_Powder_Keg_v1_L3.log,Gun_Powder_Keg_v1_L3.csv,32868,35,35,21949,510,horizontal_to_vertical,json_camera_static.fov_degrees,60.000001669652114,35.98339890412515,0.11339076323491605,0.5362332156587726,3.22221508171764,0.08970902776287883,0.22865436743914455,0.19212454317357763,0.588458538776374,0.6174008793560055,0.6320217252871176,0.6191471800358158,0.2518096909451604,0.2967230802137324,0.2206652215367574,1.3449167352917841,4295.185837999999,26985,9007507,,,,,ok,,,/home/29d_kon@lab.graphicon.ru/ssd1_link/projects/REPROJECTING/outputs/MeshMamba_reference_batch_20260601/non_texture/baseline_cone/Gun_Powder_Keg_v1_L3/recenter_rotx90p0_horizontaltovertical_blender_rig/Gun_Powder_Keg_v1_L3_report.json,/home/29d_kon@lab.graphicon.ru/ssd1_link/projects/REPROJECTING/outputs/MeshMamba_reference_batch_20260601/_logs/non_texture/cone/Gun_Powder_Keg_v1_L3.log,Gun_Powder_Keg_v1_L3.csv,32868,35,35,21949,510,horizontal_to_vertical,json_camera_static.fov_degrees,60.000001669652114,35.98339890412515,0.24233549889275563,0.5772429524573016,0.9064565869483647,0.08931777311662586,0.24867678577745542,0.21665036035454116,0.6673410402273007,0.6324281417247215,0.6477141292991292,0.638050612353789,0.43177436552842535,0.4880411232730921,0.52740405150077,1714877.342931593,4295.185837999999,,,0.9534375142375506,20927,21949,32289
non_texture,Handheld_Game_unit_v1_L3,ok,,,/home/29d_kon@lab.graphicon.ru/ssd1_link/projects/REPROJECTING/outputs/MeshMamba_reference_batch_20260601/non_texture/baseline_screen_space/Handheld_Game_unit_v1_L3/sigma0p05_recenter_rotx90p0_horizontaltovertical_blender_rig/Handheld_Game_unit_v1_L3_report.json,/home/29d_kon@lab.graphicon.ru/ssd1_link/projects/REPROJECTING/outputs/MeshMamba_reference_batch_20260601/_logs/non_texture/screen_space/Handheld_Game_unit_v1_L3.log,Handheld_Game_unit_v1_L3.csv,32868,36,36,27042,510,horizontal_to_vertical,json_camera_static.fov_degrees,60.000001669652114,35.98339890412515,0.10490489352140638,0.5298714787204468,2.2490253747286797,0.08937472019836334,0.241558300122503,0.12952439045815606,0.5729329330746102,0.6219105637321961,0.602930153702966,0.6157093601309478,0.30559438050770427,0.28575404033205565,0.15744451694204695,3.059485515421282,4133.048981,29305,8404632,,,,,ok,,,/home/29d_kon@lab.graphicon.ru/ssd1_link/projects/REPROJECTING/outputs/MeshMamba_reference_batch_20260601/non_texture/baseline_cone/Handheld_Game_unit_v1_L3/recenter_rotx90p0_horizontaltovertical_blender_rig/Handheld_Game_unit_v1_L3_report.json,/home/29d_kon@lab.graphicon.ru/ssd1_link/projects/REPROJECTING/outputs/MeshMamba_reference_batch_20260601/_logs/non_texture/cone/Handheld_Game_unit_v1_L3.log,Handheld_Game_unit_v1_L3.csv,32868,36,36,27042,510,horizontal_to_vertical,json_camera_static.fov_degrees,60.000001669652114,35.98339890412515,0.20383623102340795,0.5516383638301142,0.6201271766969648,0.06302981857466738,0.18026190224918623,0.30018897784209825,0.6030622934414919,0.7163260079446281,0.7414498984809863,0.7824222810112083,0.46154545399721164,0.5397089946407732,0.5731739796079405,5935753.0264361715,4133.048981,,,0.9352488721248429,25291,27042,32868
non_texture,Holsteind_v2_L3,ok,,,/home/29d_kon@lab.graphicon.ru/ssd1_link/projects/REPROJECTING/outputs/MeshMamba_reference_batch_20260601/non_texture/baseline_screen_space/Holsteind_v2_L3/sigma0p05_recenter_rotx90p0_horizontaltovertical_blender_rig/Holsteind_v2_L3_report.json,/home/29d_kon@lab.graphicon.ru/ssd1_link/projects/REPROJECTING/outputs/MeshMamba_reference_batch_20260601/_logs/non_texture/screen_space/Holsteind_v2_L3.log,Holsteind_v2_l3.csv,32868,36,36,22738,510,horizontal_to_vertical,json_camera_static.fov_degrees,60.000001669652114,35.98339890412515,-0.045668010552595686,0.5637402996079324,1.7067853074965416,0.10591689654869685,0.2668735063143455,-0.017073885290368712,0.6028005605902017,0.4755698201142049,0.5317865242470543,0.6713592975312954,-0.14143089765926078,0.04458884285905999,0.5832697900947609,2.8879606204676946,4582.046034999999,30714,9153140,,,,,ok,,,/home/29d_kon@lab.graphicon.ru/ssd1_link/projects/REPROJECTING/outputs/MeshMamba_reference_batch_20260601/non_texture/baseline_cone/Holsteind_v2_L3/recenter_rotx90p0_horizontaltovertical_blender_rig/Holsteind_v2_L3_report.json,/home/29d_kon@lab.graphicon.ru/ssd1_link/projects/REPROJECTING/outputs/MeshMamba_reference_batch_20260601/_logs/non_texture/cone/Holsteind_v2_L3.log,Holsteind_v2_l3.csv,32868,36,36,22738,510,horizontal_to_vertical,json_camera_static.fov_degrees,60.000001669652114,35.98339890412515,-0.07059064910576443,0.463327615773766,0.9737288486300575,0.05007979476590754,0.1497651479710168,-0.026592086001323775,0.41756364324381057,0.42742131413812673,0.5086701624802931,0.6025785190574676,-0.33806810945048393,-0.25921639953861814,-0.1765409590798606,4320786.839133142,4582.046034999999,,,0.865951271000088,19690,22738,32861
non_texture,Horse_v01_L3,ok,,,/home/29d_kon@lab.graphicon.ru/ssd1_link/projects/REPROJECTING/outputs/MeshMamba_reference_batch_20260601/non_texture/baseline_screen_space/Horse_v01_L3/sigma0p05_recenter_rotx90p0_horizontaltovertical_blender_rig/Horse_v01_L3_report.json,/home/29d_kon@lab.graphicon.ru/ssd1_link/projects/REPROJECTING/outputs/MeshMamba_reference_batch_20260601/_logs/non_texture/screen_space/Horse_v01_L3.log,Horse_v01-it2.csv,32868,36,36,24389,510,horizontal_to_vertical,json_camera_static.fov_degrees,60.000001669652114,35.98339890412515,0.1712118493483525,0.621152859589631,1.3201790059680734,0.06481757229517579,0.19922128593734728,0.06359303280286369,0.6959667237901354,0.6614101934197127,0.7430887510574248,0.5183684185010253,0.5842856141530107,0.9067663741366816,0.048076823109003304,3.0295939200283413,5650.8679569999995,31138,8909864,,,,,ok,,,/home/29d_kon@lab.graphicon.ru/ssd1_link/projects/REPROJECTING/outputs/MeshMamba_reference_batch_20260601/non_texture/baseline_cone/Horse_v01_L3/recenter_rotx90p0_horizontaltovertical_blender_rig/Horse_v01_L3_report.json,/home/29d_kon@lab.graphicon.ru/ssd1_link/projects/REPROJECTING/outputs/MeshMamba_reference_batch_20260601/_logs/non_texture/cone/Horse_v01_L3.log,Horse_v01-it2.csv,32868,36,36,24389,510,horizontal_to_vertical,json_camera_static.fov_degrees,60.000001669652114,35.98339890412515,0.3095892296918169,0.5712260187649805,0.658305422304889,0.04984500225814834,0.14921977601614306,0.28883337594793024,0.6336992787789174,0.8324234941135624,0.8818576082064267,0.8738381839851566,0.7000904677485618,1.0199819941602275,1.0643566052484361,7485762.446708409,5650.8679569999995,,,0.8572717208577637,20908,24389,32868
non_texture,Hover_Truck_v1_L2,ok,,,/home/29d_kon@lab.graphicon.ru/ssd1_link/projects/REPROJECTING/outputs/MeshMamba_reference_batch_20260601/non_texture/baseline_screen_space/Hover_Truck_v1_L2/sigma0p05_recenter_rotx90p0_horizontaltovertical_blender_rig/Hover_Truck_v1_L2_report.json,/home/29d_kon@lab.graphicon.ru/ssd1_link/projects/REPROJECTING/outputs/MeshMamba_reference_batch_20260601/_logs/non_texture/screen_space/Hover_Truck_v1_L2.log,Hover_Truck_V1_l2.csv,32868,35,35,25647,510,horizontal_to_vertical,json_camera_static.fov_degrees,60.000001669652114,35.98339890412515,0.04887196043215973,0.5682813695235995,1.9330619844141252,0.10073188247437052,0.2428166693784219,0.05935597255499633,0.6256617026520633,0.5404086289982118,0.5725849064572576,0.6678545016496921,0.0635687460746368,0.14614670871656799,0.4512493978001101,2.2664986350003176,5687.454299999999,27911,8429658,,,,,ok,,,/home/29d_kon@lab.graphicon.ru/ssd1_link/projects/REPROJECTING/outputs/MeshMamba_reference_batch_20260601/non_texture/baseline_cone/Hover_Truck_v1_L2/recenter_rotx90p0_horizontaltovertical_blender_rig/Hover_Truck_v1_L2_report.json,/home/29d_kon@lab.graphicon.ru/ssd1_link/projects/REPROJECTING/outputs/MeshMamba_reference_batch_20260601/_logs/non_texture/cone/Hover_Truck_v1_L2.log,Hover_Truck_V1_l2.csv,32868,35,35,25647,510,horizontal_to_vertical,json_camera_static.fov_degrees,60.000001669652114,35.98339890412515,0.10817815284874518,0.5534472998314842,0.8207830687076791,0.057938641806421026,0.18376044930916077,0.11078607488066688,0.6177247337303371,0.6074215099569285,0.6666556014993771,0.820628479399656,0.24050615362690392,0.4339484435889613,1.1177828434091024,3049995.169941511,5687.454299999999,,,0.9594104573634343,24606,25647,32107
non_texture,Ice_Cream_V1_L3,ok,,,/home/29d_kon@lab.graphicon.ru/ssd1_link/projects/REPROJECTING/outputs/MeshMamba_reference_batch_20260601/non_texture/baseline_screen_space/Ice_Cream_V1_L3/sigma0p05_recenter_rotx90p0_horizontaltovertical_blender_rig/Ice_Cream_V1_L3_report.json,/home/29d_kon@lab.graphicon.ru/ssd1_link/projects/REPROJECTING/outputs/MeshMamba_reference_batch_20260601/_logs/non_texture/screen_space/Ice_Cream_V1_L3.log,Ice_Cream_v1_LOD1.csv,32868,35,35,21456,510,horizontal_to_vertical,json_camera_static.fov_degrees,60.000001669652114,35.98339890412515,0.4126162572322758,0.6893438223006882,1.1994341195556424,0.07563200747166386,0.2195888385516209,0.4440980480234806,0.7998220093362514,0.7034012882511691,0.7055378590802633,0.6596907185775012,0.6639553519817812,0.7104843847107322,0.5325679866656029,5.870373773187433,11149.350145,31028,8627953,,,,,ok,,,/home/29d_kon@lab.graphicon.ru/ssd1_link/projects/REPROJECTING/outputs/MeshMamba_reference_batch_20260601/non_texture/baseline_cone/Ice_Cream_V1_L3/recenter_rotx90p0_horizontaltovertical_blender_rig/Ice_Cream_V1_L3_report.json,/home/29d_kon@lab.graphicon.ru/ssd1_link/projects/REPROJECTING/outputs/MeshMamba_reference_batch_20260601/_logs/non_texture/cone/Ice_Cream_V1_L3.log,Ice_Cream_v1_LOD1.csv,32868,35,35,21456,510,horizontal_to_vertical,json_camera_static.fov_degrees,60.000001669652114,35.98339890412515,0.6386707494176554,0.7606559390168763,0.21454110568946227,0.0479344875289204,0.16321302186302983,0.7148009654493498,0.869823646694353,0.7742725092401227,0.7595403950295891,0.7629409123361063,0.8013774112844126,0.7650898036886907,0.7508682430416609,11444684.940190103,11149.350145,,,0.8469425801640567,18172,21456,32464
non_texture,Ichthyosaurus_V1_L2,ok,,,/home/29d_kon@lab.graphicon.ru/ssd1_link/projects/REPROJECTING/outputs/MeshMamba_reference_batch_20260601/non_texture/baseline_screen_space/Ichthyosaurus_V1_L2/sigma0p05_recenter_rotx90p0_horizontaltovertical_blender_rig/Ichthyosaurus_V1_L2_report.json,/home/29d_kon@lab.graphicon.ru/ssd1_link/projects/REPROJECTING/outputs/MeshMamba_reference_batch_20260601/_logs/non_texture/screen_space/Ichthyosaurus_V1_L2.log,Ichthyosaurus_v1_L2.csv,32868,35,35,20448,510,horizontal_to_vertical,json_camera_static.fov_degrees,60.000001669652114,35.98339890412515,0.1654629950761931,0.6563089704198887,1.4815026347061209,0.08361005202264107,0.23134772874616905,0.13502662623123657,0.7261052325730609,0.5941280718933097,0.610299555117936,0.6158910453119105,0.33556606954765206,0.34049795124992144,0.46699991018108866,5.034578338890453,8498.226217,30355,8605875,,,,,ok,,,/home/29d_kon@lab.graphicon.ru/ssd1_link/projects/REPROJECTING/outputs/MeshMamba_reference_batch_20260601/non_texture/baseline_cone/Ichthyosaurus_V1_L2/recenter_rotx90p0_horizontaltovertical_blender_rig/Ichthyosaurus_V1_L2_report.json,/home/29d_kon@lab.graphicon.ru/ssd1_link/projects/REPROJECTING/outputs/MeshMamba_reference_batch_20260601/_logs/non_texture/cone/Ichthyosaurus_V1_L2.log,Ichthyosaurus_v1_L2.csv,32868,35,35,20448,510,horizontal_to_vertical,json_camera_static.fov_degrees,60.000001669652114,35.98339890412515,0.6067861928469832,0.718408682969471,0.289511876497397,0.04032905684563268,0.1474924255020803,0.5730585762955003,0.8336137635473524,0.8894473330060293,0.8856253853327624,0.8841793401810744,1.2341974614886417,1.2676278427131642,1.3879950444443594,12287229.830610843,8498.226217,,,0.7743055555555556,15833,20448,32868
non_texture,Impact_Driver_v2_L3,ok,,,/home/29d_kon@lab.graphicon.ru/ssd1_link/projects/REPROJECTING/outputs/MeshMamba_reference_batch_20260601/non_texture/baseline_screen_space/Impact_Driver_v2_L3/sigma0p05_recenter_rotx90p0_horizontaltovertical_blender_rig/Impact_Driver_v2_L3_report.json,/home/29d_kon@lab.graphicon.ru/ssd1_link/projects/REPROJECTING/outputs/MeshMamba_reference_batch_20260601/_logs/non_texture/screen_space/Impact_Driver_v2_L3.log,Impact_Driver_v2_L3.csv,32868,36,36,23766,510,horizontal_to_vertical,json_camera_static.fov_degrees,60.000001669652114,35.98339890412515,-0.0795174944442808,0.5145617817478542,1.8555710316866587,0.06465903620109381,0.2043832227985738,-0.10780964319670618,0.5479477471858858,0.4633788192778303,0.5243560696027075,0.5596004457965849,-0.15117128452232007,0.04059362421195624,0.10550474576525426,3.1776260647513563,4456.589027,30588,8607535,,,,,ok,,,/home/29d_kon@lab.graphicon.ru/ssd1_link/projects/REPROJECTING/outputs/MeshMamba_reference_batch_20260601/non_texture/baseline_cone/Impact_Driver_v2_L3/recenter_rotx90p0_horizontaltovertical_blender_rig/Impact_Driver_v2_L3_report.json,/home/29d_kon@lab.graphicon.ru/ssd1_link/projects/REPROJECTING/outputs/MeshMamba_reference_batch_20260601/_logs/non_texture/cone/Impact_Driver_v2_L3.log,Impact_Driver_v2_L3.csv,32868,36,36,23766,510,horizontal_to_vertical,json_camera_static.fov_degrees,60.000001669652114,35.98339890412515,0.2800423993435037,0.6057300815883274,0.5159828967657004,0.10166770735615106,0.2618575737534409,0.4195799390436382,0.6773839348254471,0.6808615620003001,0.6125791646484424,0.6518659254907673,0.44452308953991293,0.2821249309158249,0.38910379544001783,7647695.627553008,4456.589027,,,0.9527476226542119,22643,23766,32852
non_texture,Jambu_Fruit_Dove_v1_L3,ok,,,/home/29d_kon@lab.graphicon.ru/ssd1_link/projects/REPROJECTING/outputs/MeshMamba_reference_batch_20260601/non_texture/baseline_screen_space/Jambu_Fruit_Dove_v1_L3/sigma0p05_recenter_rotx90p0_horizontaltovertical_blender_rig/Jambu_Fruit_Dove_v1_L3_report.json,/home/29d_kon@lab.graphicon.ru/ssd1_link/projects/REPROJECTING/outputs/MeshMamba_reference_batch_20260601/_logs/non_texture/screen_space/Jambu_Fruit_Dove_v1_L3.log,Jambu_fruit_dove_v1_L3.csv,32868,35,35,23152,510,horizontal_to_vertical,json_camera_static.fov_degrees,60.000001669652114,35.98339890412515,0.11247179151224077,0.5111789822009792,2.973824217251095,0.1264337208991117,0.2873081801887554,0.08954975323341119,0.5915655312703687,0.4871305703211286,0.38502126226441324,0.4939160218399599,0.005690844938445781,-0.3825971679710431,-0.05338570413029705,3.49701428752237,7967.074756,28889,9067237,,,,,ok,,,/home/29d_kon@lab.graphicon.ru/ssd1_link/projects/REPROJECTING/outputs/MeshMamba_reference_batch_20260601/non_texture/baseline_cone/Jambu_Fruit_Dove_v1_L3/recenter_rotx90p0_horizontaltovertical_blender_rig/Jambu_Fruit_Dove_v1_L3_report.json,/home/29d_kon@lab.graphicon.ru/ssd1_link/projects/REPROJECTING/outputs/MeshMamba_reference_batch_20260601/_logs/non_texture/cone/Jambu_Fruit_Dove_v1_L3.log,Jambu_fruit_dove_v1_L3.csv,32868,35,35,23152,510,horizontal_to_vertical,json_camera_static.fov_degrees,60.000001669652114,35.98339890412515,0.4142841029372998,0.5773083263060488,0.6862494943461808,0.07662053556758933,0.1795450927981087,0.43459423774703704,0.666272063618017,0.7131364343743163,0.6288376065139237,0.6396115636219002,0.47693809339629895,-0.21659458105079699,-0.21559059340390113,9805859.44235332,7967.074756,,,0.8070577055977886,18685,23152,32857
non_texture,Jukebox_bubbler_style_V2_L1,ok,,,/home/29d_kon@lab.graphicon.ru/ssd1_link/projects/REPROJECTING/outputs/MeshMamba_reference_batch_20260601/non_texture/baseline_screen_space/Jukebox_bubbler_style_V2_L1/sigma0p05_recenter_rotx90p0_horizontaltovertical_blender_rig/Jukebox_bubbler_style_V2_L1_report.json,/home/29d_kon@lab.graphicon.ru/ssd1_link/projects/REPROJECTING/outputs/MeshMamba_reference_batch_20260601/_logs/non_texture/screen_space/Jukebox_bubbler_style_V2_L1.log,Jukebox_bubbler_style_V2_Textured.csv,32868,36,36,23483,510,horizontal_to_vertical,json_camera_static.fov_degrees,60.000001669652114,35.98339890412515,0.23852992248155916,0.5142361526065952,2.7549000427756285,0.07599678179030332,0.22692414422262283,0.2753975145969076,0.610032283440434,0.6534800461823833,0.6330133629817479,0.6710840141234308,0.4391114006013591,0.37878766639151235,0.5054837644901634,3.2545111073293937,4420.396696,29003,8623880,,,,,ok,,,/home/29d_kon@lab.graphicon.ru/ssd1_link/projects/REPROJECTING/outputs/MeshMamba_reference_batch_20260601/non_texture/baseline_cone/Jukebox_bubbler_style_V2_L1/recenter_rotx90p0_horizontaltovertical_blender_rig/Jukebox_bubbler_style_V2_L1_report.json,/home/29d_kon@lab.graphicon.ru/ssd1_link/projects/REPROJECTING/outputs/MeshMamba_reference_batch_20260601/_logs/non_texture/cone/Jukebox_bubbler_style_V2_L1.log,Jukebox_bubbler_style_V2_Textured.csv,32868,36,36,23483,510,horizontal_to_vertical,json_camera_static.fov_degrees,60.000001669652114,35.98339890412515,0.4587638744262673,0.5979335325779143,0.5957713599989014,0.05912238447588944,0.18146639672649117,0.5781654141360438,0.6996829762232818,0.7650194332162599,0.7224705748369993,0.703129216649163,0.7496597597067489,0.5958615119708273,0.5082724851239993,4768539.992700133,4420.396696,,,0.9503896435719457,22318,23483,32625
non_texture,Kangaroo_v1_L3,ok,,,/home/29d_kon@lab.graphicon.ru/ssd1_link/projects/REPROJECTING/outputs/MeshMamba_reference_batch_20260601/non_texture/baseline_screen_space/Kangaroo_v1_L3/sigma0p05_recenter_rotx90p0_horizontaltovertical_blender_rig/Kangaroo_v1_L3_report.json,/home/29d_kon@lab.graphicon.ru/ssd1_link/projects/REPROJECTING/outputs/MeshMamba_reference_batch_20260601/_logs/non_texture/screen_space/Kangaroo_v1_L3.log,Kangaroo_v1_L3.csv,32868,35,35,25840,510,horizontal_to_vertical,json_camera_static.fov_degrees,60.000001669652114,35.98339890412515,0.017596500034588628,0.5716363451381764,1.7532326975334267,0.10695680206835416,0.2725918653278983,0.04616965940054927,0.6552723596624641,0.5413102645346428,0.4794466270876542,0.4383934975947965,0.10024592152311472,-0.10336180756687578,-0.2241401986781003,3.9808390089311616,9455.601539,31024,8781744,,,,,ok,,,/home/29d_kon@lab.graphicon.ru/ssd1_link/projects/REPROJECTING/outputs/MeshMamba_reference_batch_20260601/non_texture/baseline_cone/Kangaroo_v1_L3/recenter_rotx90p0_horizontaltovertical_blender_rig/Kangaroo_v1_L3_report.json,/home/29d_kon@lab.graphicon.ru/ssd1_link/projects/REPROJECTING/outputs/MeshMamba_reference_batch_20260601/_logs/non_texture/cone/Kangaroo_v1_L3.log,Kangaroo_v1_L3.csv,32868,35,35,25840,510,horizontal_to_vertical,json_camera_static.fov_degrees,60.000001669652114,35.98339890412515,0.3761341060359367,0.5547235344482997,1.0301436337873278,0.0937770254124933,0.21789129275537863,0.03929954357564001,0.6629903107576308,0.6731931475719801,0.6683009120035557,0.9082364664857163,1.1271727019225686,1.0926579017119775,2.005494245067054,14369611.932481516,9455.601539,,,0.7537538699690403,19477,25840,32868
non_texture,King_Cake_v2_L2,ok,,,/home/29d_kon@lab.graphicon.ru/ssd1_link/projects/REPROJECTING/outputs/MeshMamba_reference_batch_20260601/non_texture/baseline_screen_space/King_Cake_v2_L2/sigma0p05_recenter_rotx90p0_horizontaltovertical_blender_rig/King_Cake_v2_L2_report.json,/home/29d_kon@lab.graphicon.ru/ssd1_link/projects/REPROJECTING/outputs/MeshMamba_reference_batch_20260601/_logs/non_texture/screen_space/King_Cake_v2_L2.log,King_Cake_v2_L2.csv,32868,35,35,24876,510,horizontal_to_vertical,json_camera_static.fov_degrees,60.000001669652114,35.98339890412515,0.32929737936110537,0.6469747435543505,1.6981518045210302,0.0867818389613468,0.24044541399880304,0.3517290165848396,0.7442674674253994,0.7029963835126452,0.7363115893445245,0.713610957008242,0.60339715972808,0.7370599631978826,0.744144730590545,3.093837026494981,5983.677776,29048,7468807,,,,,ok,,,/home/29d_kon@lab.graphicon.ru/ssd1_link/projects/REPROJECTING/outputs/MeshMamba_reference_batch_20260601/non_texture/baseline_cone/King_Cake_v2_L2/recenter_rotx90p0_horizontaltovertical_blender_rig/King_Cake_v2_L2_report.json,/home/29d_kon@lab.graphicon.ru/ssd1_link/projects/REPROJECTING/outputs/MeshMamba_reference_batch_20260601/_logs/non_texture/cone/King_Cake_v2_L2.log,King_Cake_v2_L2.csv,32868,35,35,24876,510,horizontal_to_vertical,json_camera_static.fov_degrees,60.000001669652114,35.98339890412515,0.31641524941422583,0.6159797140219059,0.9138678380150475,0.03927459398387125,0.15303765901624727,0.3367994072054203,0.7112408364341781,0.7324113089183832,0.7821414180588518,0.8736368824093342,0.5818801128246203,0.7711823663924868,1.071521886914518,4005984.478564636,5983.677776,,,0.9207268049525648,22904,24876,32329
non_texture,Lamb_v1_L2,ok,,,/home/29d_kon@lab.graphicon.ru/ssd1_link/projects/REPROJECTING/outputs/MeshMamba_reference_batch_20260601/non_texture/baseline_screen_space/Lamb_v1_L2/sigma0p05_recenter_rotx90p0_horizontaltovertical_blender_rig/Lamb_v1_L2_report.json,/home/29d_kon@lab.graphicon.ru/ssd1_link/projects/REPROJECTING/outputs/MeshMamba_reference_batch_20260601/_logs/non_texture/screen_space/Lamb_v1_L2.log,Lamb_v1_l2.csv,32868,35,35,27271,510,horizontal_to_vertical,json_camera_static.fov_degrees,60.000001669652114,35.98339890412515,0.34961248446968307,0.6160027270723878,1.0435179708194182,0.07189280094577723,0.21154740582111853,0.2795311229975425,0.7166614937848844,0.7516207014083435,0.7530891297666715,0.8886742502403709,0.7831383753206496,0.8319719443387168,1.4542871299119298,2.7216843907237744,5978.346767,30825,9093738,,,,,ok,,,/home/29d_kon@lab.graphicon.ru/ssd1_link/projects/REPROJECTING/outputs/MeshMamba_reference_batch_20260601/non_texture/baseline_cone/Lamb_v1_L2/recenter_rotx90p0_horizontaltovertical_blender_rig/Lamb_v1_L2_report.json,/home/29d_kon@lab.graphicon.ru/ssd1_link/projects/REPROJECTING/outputs/MeshMamba_reference_batch_20260601/_logs/non_texture/cone/Lamb_v1_L2.log,Lamb_v1_l2.csv,32868,35,35,27271,510,horizontal_to_vertical,json_camera_static.fov_degrees,60.000001669652114,35.98339890412515,0.5104535539790794,0.6206053542873666,0.5049899016278345,0.03369476183424466,0.12982555272788496,0.3898617600313725,0.732380023391329,0.8409731342877723,0.8304681173568526,0.9247814009674247,1.1558699443884335,0.9657790555996759,1.6511112125832403,5986117.316521702,5978.346767,,,0.8748854094092626,23859,27271,32868
non_texture,Laser_Pistol_v2_L3,ok,,,/home/29d_kon@lab.graphicon.ru/ssd1_link/projects/REPROJECTING/outputs/MeshMamba_reference_batch_20260601/non_texture/baseline_screen_space/Laser_Pistol_v2_L3/sigma0p05_recenter_rotx90p0_horizontaltovertical_blender_rig/Laser_Pistol_v2_L3_report.json,/home/29d_kon@lab.graphicon.ru/ssd1_link/projects/REPROJECTING/outputs/MeshMamba_reference_batch_20260601/_logs/non_texture/screen_space/Laser_Pistol_v2_L3.log,Laser_Pistol_v2_l3.csv,32868,35,35,25840,510,horizontal_to_vertical,json_camera_static.fov_degrees,60.000001669652114,35.98339890412515,0.22008367494027795,0.6634975498115888,1.8592797192569124,0.06416663447526601,0.2034643903028105,0.23844962097742808,0.7495954581806881,0.6686769119049984,0.63246925091311,0.6496331126987106,0.46820663536235707,0.4007726709333429,0.4135174142608915,3.6545494489627153,6716.302889,29548,8919486,,,,,ok,,,/home/29d_kon@lab.graphicon.ru/ssd1_link/projects/REPROJECTING/outputs/MeshMamba_reference_batch_20260601/non_texture/baseline_cone/Laser_Pistol_v2_L3/recenter_rotx90p0_horizontaltovertical_blender_rig/Laser_Pistol_v2_L3_report.json,/home/29d_kon@lab.graphicon.ru/ssd1_link/projects/REPROJECTING/outputs/MeshMamba_reference_batch_20260601/_logs/non_texture/cone/Laser_Pistol_v2_L3.log,Laser_Pistol_v2_l3.csv,32868,35,35,25840,510,horizontal_to_vertical,json_camera_static.fov_degrees,60.000001669652114,35.98339890412515,0.3979646482698767,0.6668184644362178,0.3908834413228925,0.030481189859328107,0.13400739374708978,0.2504298885498745,0.7669189313327668,0.7433026807316263,0.6935102852288433,0.8934096946652095,1.0379100596374387,0.9580315978050664,2.3642239056216607,6135927.100022348,6716.302889,,,0.9207430340557275,23792,25840,32868
non_texture,Mango_L3,ok,,,/home/29d_kon@lab.graphicon.ru/ssd1_link/projects/REPROJECTING/outputs/MeshMamba_reference_batch_20260601/non_texture/baseline_screen_space/Mango_L3/sigma0p05_recenter_rotx90p0_horizontaltovertical_blender_rig/Mango_L3_report.json,/home/29d_kon@lab.graphicon.ru/ssd1_link/projects/REPROJECTING/outputs/MeshMamba_reference_batch_20260601/_logs/non_texture/screen_space/Mango_L3.log,Mango-L3.csv,32868,35,35,24861,510,horizontal_to_vertical,json_camera_static.fov_degrees,60.000001669652114,35.98339890412515,0.21888450831189563,0.5953281824984,2.3485181235190002,0.05911819747888324,0.19070039906508407,-0.13478024275018888,0.6722689167499744,0.498240063093147,0.728408274126896,0.9410405899640095,0.4656490328849183,1.436900914932416,2.093146598690054,2.072495428872414,5965.807452999999,30797,9556217,,,,,ok,,,/home/29d_kon@lab.graphicon.ru/ssd1_link/projects/REPROJECTING/outputs/MeshMamba_reference_batch_20260601/non_texture/baseline_cone/Mango_L3/recenter_rotx90p0_horizontaltovertical_blender_rig/Mango_L3_report.json,/home/29d_kon@lab.graphicon.ru/ssd1_link/projects/REPROJECTING/outputs/MeshMamba_reference_batch_20260601/_logs/non_texture/cone/Mango_L3.log,Mango-L3.csv,32868,35,35,24861,510,horizontal_to_vertical,json_camera_static.fov_degrees,60.000001669652114,35.98339890412515,0.4257804027235347,0.5851134038964615,1.3140778912607414,0.04168202723483215,0.14514511968345295,-0.0963409689000952,0.6855213217505962,0.5186087820803829,0.7416209507721615,0.9931277697065136,0.9797225226334993,2.2479713816652667,3.7179702867498907,3961472.5727628907,5965.807452999999,,,0.9034632557017015,22461,24861,32712
non_texture,MansWorkCasual_v02_L3,ok,,,/home/29d_kon@lab.graphicon.ru/ssd1_link/projects/REPROJECTING/outputs/MeshMamba_reference_batch_20260601/non_texture/baseline_screen_space/MansWorkCasual_v02_L3/sigma0p05_recenter_rotx90p0_horizontaltovertical_blender_rig/MansWorkCasual_v02_L3_report.json,/home/29d_kon@lab.graphicon.ru/ssd1_link/projects/REPROJECTING/outputs/MeshMamba_reference_batch_20260601/_logs/non_texture/screen_space/MansWorkCasual_v02_L3.log,MansWorkCasual_v02_L3.csv,32868,35,35,19072,510,horizontal_to_vertical,json_camera_static.fov_degrees,60.000001669652114,35.98339890412515,-0.1927748265377861,0.5399425899924264,1.7499801694922557,0.08731500114050514,0.24510250867430441,-0.1509139387087603,0.5687604719031466,0.2845164757095673,0.2789086651480893,0.3732840675360715,-0.6203018474500281,-0.6675579433401434,-0.4039220002768449,3.6370391561459674,6263.444969,30758,8558440,,,,,ok,,,/home/29d_kon@lab.graphicon.ru/ssd1_link/projects/REPROJECTING/outputs/MeshMamba_reference_batch_20260601/non_texture/baseline_cone/MansWorkCasual_v02_L3/recenter_rotx90p0_horizontaltovertical_blender_rig/MansWorkCasual_v02_L3_report.json,/home/29d_kon@lab.graphicon.ru/ssd1_link/projects/REPROJECTING/outputs/MeshMamba_reference_batch_20260601/_logs/non_texture/cone/MansWorkCasual_v02_L3.log,MansWorkCasual_v02_L3.csv,32868,35,35,19072,510,horizontal_to_vertical,json_camera_static.fov_degrees,60.000001669652114,35.98339890412515,-0.034290902794454375,0.5828181776187236,0.6020781643158767,0.0646565748791827,0.18832381491147843,0.11219376612335635,0.608615484793757,0.33313581585841645,0.2741964623569243,0.30446457003524696,-0.49445035930622777,-0.643262070931008,-0.6091888368244487,7413229.743063916,6263.444969,,,0.8929844798657718,17031,19072,32868
non_texture,Marco_Polo_Sheep_v1_L3,ok,,,/home/29d_kon@lab.graphicon.ru/ssd1_link/projects/REPROJECTING/outputs/MeshMamba_reference_batch_20260601/non_texture/baseline_screen_space/Marco_Polo_Sheep_v1_L3/sigma0p05_recenter_rotx90p0_horizontaltovertical_blender_rig/Marco_Polo_Sheep_v1_L3_report.json,/home/29d_kon@lab.graphicon.ru/ssd1_link/projects/REPROJECTING/outputs/MeshMamba_reference_batch_20260601/_logs/non_texture/screen_space/Marco_Polo_Sheep_v1_L3.log,Marco_Polo_Sheep_v1_L3.csv,32868,36,36,26643,510,horizontal_to_vertical,json_camera_static.fov_degrees,60.000001669652114,35.98339890412515,0.29469723819307114,0.6212513765554699,1.5886975423408192,0.06628437104144014,0.2019308447646303,0.20735989087264262,0.7192497284585072,0.6699266297598278,0.7461441106348414,0.852684190708349,0.611083664240088,0.904936756445749,1.3419937927181562,3.201099309489719,8594.819636,31000,8993323,,,,,ok,,,/home/29d_kon@lab.graphicon.ru/ssd1_link/projects/REPROJECTING/outputs/MeshMamba_reference_batch_20260601/non_texture/baseline_cone/Marco_Polo_Sheep_v1_L3/recenter_rotx90p0_horizontaltovertical_blender_rig/Marco_Polo_Sheep_v1_L3_report.json,/home/29d_kon@lab.graphicon.ru/ssd1_link/projects/REPROJECTING/outputs/MeshMamba_reference_batch_20260601/_logs/non_texture/cone/Marco_Polo_Sheep_v1_L3.log,Marco_Polo_Sheep_v1_L3.csv,32868,36,36,26643,510,horizontal_to_vertical,json_camera_static.fov_degrees,60.000001669652114,35.98339890412515,0.5143101764810618,0.5967738885155103,0.6826013724231803,0.057601883475832505,0.17350527698754145,0.32744103347872705,0.7248038208672385,0.7191756034620722,0.7909529341550856,0.9028430788361425,1.016369479188861,1.3963407833995225,1.8890163977142,6906295.40513793,8594.819636,,,0.8638291483691777,23015,26643,32855
non_texture,Military_Action_Figure_SG_v2_L3,ok,,,/home/29d_kon@lab.graphicon.ru/ssd1_link/projects/REPROJECTING/outputs/MeshMamba_reference_batch_20260601/non_texture/baseline_screen_space/Military_Action_Figure_SG_v2_L3/sigma0p05_recenter_rotx90p0_horizontaltovertical_blender_rig/Military_Action_Figure_SG_v2_L3_report.json,/home/29d_kon@lab.graphicon.ru/ssd1_link/projects/REPROJECTING/outputs/MeshMamba_reference_batch_20260601/_logs/non_texture/screen_space/Military_Action_Figure_SG_v2_L3.log,Military_Action_Figure_SG_v2_L3.csv,32868,35,35,21448,510,horizontal_to_vertical,json_camera_static.fov_degrees,60.000001669652114,35.98339890412515,0.4126768823598398,0.6470808127293479,1.0627338197006275,0.05238224938423932,0.1859339536495996,0.4070678798038795,0.7696777826566252,0.7704563412159897,0.815076489137746,0.8706427666739124,0.8750184262462072,1.134665756515322,1.2983542246885835,4.184702057206493,7201.217913,31473,8537620,,,,,ok,,,/home/29d_kon@lab.graphicon.ru/ssd1_link/projects/REPROJECTING/outputs/MeshMamba_reference_batch_20260601/non_texture/baseline_cone/Military_Action_Figure_SG_v2_L3/recenter_rotx90p0_horizontaltovertical_blender_rig/Military_Action_Figure_SG_v2_L3_report.json,/home/29d_kon@lab.graphicon.ru/ssd1_link/projects/REPROJECTING/outputs/MeshMamba_reference_batch_20260601/_logs/non_texture/cone/Military_Action_Figure_SG_v2_L3.log,Military_Action_Figure_SG_v2_L3.csv,32868,35,35,21448,510,horizontal_to_vertical,json_camera_static.fov_degrees,60.000001669652114,35.98339890412515,0.7635717116632602,0.7412705531601468,0.3387924859964227,0.03390066847914536,0.1396936026187994,0.5717713422018529,0.8826714349751371,0.9184703379819146,0.9423785796595421,0.9484461059634681,1.7488178358500488,1.9840055678092656,2.162568068765116,15183582.060381783,7201.217913,,,0.853692651995524,18310,21448,32868
non_texture,Moai_v3_L3,ok,,,/home/29d_kon@lab.graphicon.ru/ssd1_link/projects/REPROJECTING/outputs/MeshMamba_reference_batch_20260601/non_texture/baseline_screen_space/Moai_v3_L3/sigma0p05_recenter_rotx90p0_horizontaltovertical_blender_rig/Moai_v3_L3_report.json,/home/29d_kon@lab.graphicon.ru/ssd1_link/projects/REPROJECTING/outputs/MeshMamba_reference_batch_20260601/_logs/non_texture/screen_space/Moai_v3_L3.log,Moai_L3.csv,32868,35,35,20354,510,horizontal_to_vertical,json_camera_static.fov_degrees,60.000001669652114,35.98339890412515,0.23499683051776526,0.6294076825273712,2.3068783655121172,0.08099272772310152,0.22228973725218962,0.22083277556737282,0.7063293014483303,0.6552999011742411,0.7255641072934726,0.654509748460837,0.5186044567196156,0.8188829031029137,0.5456830272290385,3.049149468677769,5537.26836,29816,9103732,,,,,ok,,,/home/29d_kon@lab.graphicon.ru/ssd1_link/projects/REPROJECTING/outputs/MeshMamba_reference_batch_20260601/non_texture/baseline_cone/Moai_v3_L3/recenter_rotx90p0_horizontaltovertical_blender_rig/Moai_v3_L3_report.json,/home/29d_kon@lab.graphicon.ru/ssd1_link/projects/REPROJECTING/outputs/MeshMamba_reference_batch_20260601/_logs/non_texture/cone/Moai_v3_L3.log,Moai_L3.csv,32868,35,35,20354,510,horizontal_to_vertical,json_camera_static.fov_degrees,60.000001669652114,35.98339890412515,0.41586576876361364,0.6077996275339234,0.6684429436669804,0.041011126970857265,0.14739835158288098,0.2877727679181566,0.7167027810485039,0.7560920807883788,0.8510079899858677,0.8578542316907343,1.0557740233646715,1.4631160633927318,1.2749310464064234,4495374.866122083,5537.26836,,,0.9309717991549572,18949,20354,32831
non_texture,MushroomShitake_L3,ok,,,/home/29d_kon@lab.graphicon.ru/ssd1_link/projects/REPROJECTING/outputs/MeshMamba_reference_batch_20260601/non_texture/baseline_screen_space/MushroomShitake_L3/sigma0p05_recenter_rotx90p0_horizontaltovertical_blender_rig/MushroomShitake_L3_report.json,/home/29d_kon@lab.graphicon.ru/ssd1_link/projects/REPROJECTING/outputs/MeshMamba_reference_batch_20260601/_logs/non_texture/screen_space/MushroomShitake_L3.log,MushroomShitake_v1-L3.csv,32868,35,35,24428,510,horizontal_to_vertical,json_camera_static.fov_degrees,60.000001669652114,35.98339890412515,-0.10864959900408287,0.5284997973457742,5.020130309399045,0.09485727522934205,0.2379276266675757,-0.08718080872982827,0.5423908888151169,0.4240607385081901,0.395684265269775,0.3631491170146911,-0.24162476946541855,-0.35282063720618084,-0.473185240878658,1.5132989023610697,5643.052412,24103,10220040,,,,,ok,,,/home/29d_kon@lab.graphicon.ru/ssd1_link/projects/REPROJECTING/outputs/MeshMamba_reference_batch_20260601/non_texture/baseline_cone/MushroomShitake_L3/recenter_rotx90p0_horizontaltovertical_blender_rig/MushroomShitake_L3_report.json,/home/29d_kon@lab.graphicon.ru/ssd1_link/projects/REPROJECTING/outputs/MeshMamba_reference_batch_20260601/_logs/non_texture/cone/MushroomShitake_L3.log,MushroomShitake_v1-L3.csv,32868,35,35,24428,510,horizontal_to_vertical,json_camera_static.fov_degrees,60.000001669652114,35.98339890412515,0.015041643655642156,0.43146648350579386,5.105757180358243,0.04672332554549055,0.1570572289496155,0.041638876748569545,0.453812753240792,0.504874273479078,0.48138998605477223,0.5129081482861202,0.037156621114574274,-0.03894435060147724,0.1303321960939262,1683490.9214135548,5643.052412,,,0.937366955952186,22898,24428,25146
non_texture,Mushroom_v2_L1,ok,,,/home/29d_kon@lab.graphicon.ru/ssd1_link/projects/REPROJECTING/outputs/MeshMamba_reference_batch_20260601/non_texture/baseline_screen_space/Mushroom_v2_L1/sigma0p05_recenter_rotx90p0_horizontaltovertical_blender_rig/Mushroom_v2_L1_report.json,/home/29d_kon@lab.graphicon.ru/ssd1_link/projects/REPROJECTING/outputs/MeshMamba_reference_batch_20260601/_logs/non_texture/screen_space/Mushroom_v2_L1.log,Mushroom_v2_NEW.csv,32868,35,35,25209,510,horizontal_to_vertical,json_camera_static.fov_degrees,60.000001669652114,35.98339890412515,0.1563287748031985,0.5400906268711524,3.0137714836640352,0.07422579052584649,0.2033225311527751,0.2530175194974747,0.5834193706669274,0.5570986130835119,0.5848908725149349,0.6482420767746462,0.10904566006809605,0.1878602938044141,0.34948934028164946,3.0678890669549217,4840.364261,25395,9063601,,,,,ok,,,/home/29d_kon@lab.graphicon.ru/ssd1_link/projects/REPROJECTING/outputs/MeshMamba_reference_batch_20260601/non_texture/baseline_cone/Mushroom_v2_L1/recenter_rotx90p0_horizontaltovertical_blender_rig/Mushroom_v2_L1_report.json,/home/29d_kon@lab.graphicon.ru/ssd1_link/projects/REPROJECTING/outputs/MeshMamba_reference_batch_20260601/_logs/non_texture/cone/Mushroom_v2_L1.log,Mushroom_v2_NEW.csv,32868,35,35,25209,510,horizontal_to_vertical,json_camera_static.fov_degrees,60.000001669652114,35.98339890412515,0.407838131644357,0.5820263094772442,0.7967752894497704,0.044536616784769965,0.1328209798521979,0.5826085688705576,0.655809524543032,0.7405357322672371,0.7974980293092905,0.8990524907637139,0.5598601310395775,0.9582220239358759,1.80747944603619,6446350.496238018,4840.364261,,,0.9778253798246658,24650,25209,31859
non_texture,NYC_Fire_Hydrant_v2_L3,ok,,,/home/29d_kon@lab.graphicon.ru/ssd1_link/projects/REPROJECTING/outputs/MeshMamba_reference_batch_20260601/non_texture/baseline_screen_space/NYC_Fire_Hydrant_v2_L3/sigma0p05_recenter_rotx90p0_horizontaltovertical_blender_rig/NYC_Fire_Hydrant_v2_L3_report.json,/home/29d_kon@lab.graphicon.ru/ssd1_link/projects/REPROJECTING/outputs/MeshMamba_reference_batch_20260601/_logs/non_texture/screen_space/NYC_Fire_Hydrant_v2_L3.log,NYC_Fire_Hydrant_v2_l3.csv,32868,35,35,23637,510,horizontal_to_vertical,json_camera_static.fov_degrees,60.000001669652114,35.98339890412515,0.14668607743864193,0.6207037447235716,1.5559292782306593,0.06953411821468332,0.21561510274166668,0.1394966443535168,0.7058764380818391,0.6548230762214298,0.6831506879417105,0.7964572977706155,0.41524931627577527,0.5456494486722286,0.977936308680376,3.942979300561222,7638.3416689999995,30030,8372080,,,,,ok,,,/home/29d_kon@lab.graphicon.ru/ssd1_link/projects/REPROJECTING/outputs/MeshMamba_reference_batch_20260601/non_texture/baseline_cone/NYC_Fire_Hydrant_v2_L3/recenter_rotx90p0_horizontaltovertical_blender_rig/NYC_Fire_Hydrant_v2_L3_report.json,/home/29d_kon@lab.graphicon.ru/ssd1_link/projects/REPROJECTING/outputs/MeshMamba_reference_batch_20260601/_logs/non_texture/cone/NYC_Fire_Hydrant_v2_L3.log,NYC_Fire_Hydrant_v2_l3.csv,32868,35,35,23637,510,horizontal_to_vertical,json_camera_static.fov_degrees,60.000001669652114,35.98339890412515,0.3930065757348866,0.685357189657256,0.31635068770562663,0.058188185622091944,0.18195133277378375,0.48044546935494975,0.7765935664973034,0.7105098604279894,0.6604746438574607,0.6788307152763423,0.5632059868341852,0.40055137810565183,0.3830384432023382,8755660.86005947,7638.3416689999995,,,0.9325210475102593,22042,23637,32868
non_texture,Peach_L3,ok,,,/home/29d_kon@lab.graphicon.ru/ssd1_link/projects/REPROJECTING/outputs/MeshMamba_reference_batch_20260601/non_texture/baseline_screen_space/Peach_L3/sigma0p05_recenter_rotx90p0_horizontaltovertical_blender_rig/Peach_L3_report.json,/home/29d_kon@lab.graphicon.ru/ssd1_link/projects/REPROJECTING/outputs/MeshMamba_reference_batch_20260601/_logs/non_texture/screen_space/Peach_L3.log,Peach.csv,32868,35,35,19660,510,horizontal_to_vertical,json_camera_static.fov_degrees,60.000001669652114,35.98339890412515,0.3323322581600671,0.45537240372324167,2.0180530086161035,0.1034073757495226,0.24899737500427635,0.34867303018688883,0.5781795884785844,0.6907651904558451,0.6565838154473476,0.587221964458642,0.5932866094139225,0.601024668185186,0.510738837750737,2.962346712660101,4074.7328580000003,29869,8579653,,,,,ok,,,/home/29d_kon@lab.graphicon.ru/ssd1_link/projects/REPROJECTING/outputs/MeshMamba_reference_batch_20260601/non_texture/baseline_cone/Peach_L3/recenter_rotx90p0_horizontaltovertical_blender_rig/Peach_L3_report.json,/home/29d_kon@lab.graphicon.ru/ssd1_link/projects/REPROJECTING/outputs/MeshMamba_reference_batch_20260601/_logs/non_texture/cone/Peach_L3.log,Peach.csv,32868,35,35,19660,510,horizontal_to_vertical,json_camera_static.fov_degrees,60.000001669652114,35.98339890412515,0.7811690500319453,0.6300609432153919,0.48440579829493036,0.033794052645093095,0.13158950269263572,0.5599926458597432,0.8352154452041648,0.9820163879562098,0.9509819712579942,0.9254998747820128,2.175935026054846,2.058792318227756,1.9090009739925495,6292241.504636646,4074.7328580000003,,,0.9415564598168871,18511,19660,30658
non_texture,Peanut_L3,ok,,,/home/29d_kon@lab.graphicon.ru/ssd1_link/projects/REPROJECTING/outputs/MeshMamba_reference_batch_20260601/non_texture/baseline_screen_space/Peanut_L3/sigma0p05_recenter_rotx90p0_horizontaltovertical_blender_rig/Peanut_L3_report.json,/home/29d_kon@lab.graphicon.ru/ssd1_link/projects/REPROJECTING/outputs/MeshMamba_reference_batch_20260601/_logs/non_texture/screen_space/Peanut_L3.log,Peanut_v1_L3.csv,32868,36,36,21949,510,horizontal_to_vertical,json_camera_static.fov_degrees,60.000001669652114,35.98339890412515,0.022777352508860454,0.7349069047566614,0.6990641283396295,0.12183193179000913,0.30379409290723414,0.0732922020725614,0.8153243994151327,0.5450608887970634,0.5150980895910751,0.16447137412192114,0.03791489020812537,-0.07838845740786934,-1.0455569714508453,2.7724568882528526,9224.917730000001,32017,9117506,,,,,ok,,,/home/29d_kon@lab.graphicon.ru/ssd1_link/projects/REPROJECTING/outputs/MeshMamba_reference_batch_20260601/non_texture/baseline_cone/Peanut_L3/recenter_rotx90p0_horizontaltovertical_blender_rig/Peanut_L3_report.json,/home/29d_kon@lab.graphicon.ru/ssd1_link/projects/REPROJECTING/outputs/MeshMamba_reference_batch_20260601/_logs/non_texture/cone/Peanut_L3.log,Peanut_v1_L3.csv,32868,36,36,21949,510,horizontal_to_vertical,json_camera_static.fov_degrees,60.000001669652114,35.98339890412515,0.21263571911963647,0.7260849514701947,0.3166559918549399,0.043573670475421974,0.16383765774092005,0.1815124846557153,0.8121174591342826,0.6651366180161505,0.6968638004143047,0.7375392222809365,0.5724001929494923,0.7532994872185612,0.610770723589499,4600710.233669145,9224.917730000001,,,0.8682855710966331,19058,21949,32868
non_texture,Pear_L3,ok,,,/home/29d_kon@lab.graphicon.ru/ssd1_link/projects/REPROJECTING/outputs/MeshMamba_reference_batch_20260601/non_texture/baseline_screen_space/Pear_L3/sigma0p05_recenter_rotx90p0_horizontaltovertical_blender_rig/Pear_L3_report.json,/home/29d_kon@lab.graphicon.ru/ssd1_link/projects/REPROJECTING/outputs/MeshMamba_reference_batch_20260601/_logs/non_texture/screen_space/Pear_L3.log,Pear.csv,32868,34,34,22710,510,horizontal_to_vertical,json_camera_static.fov_degrees,60.000001669652114,35.98339890412515,0.386797159216925,0.6146220830874841,1.38553529661083,0.05324998288863949,0.19325130416882624,0.22448731932217772,0.7029126709073426,0.8120870636309391,0.8536467791324037,0.866851711544463,1.055899764560892,1.3716750349676434,1.2669081347719642,2.4692275363914566,4551.196823,29610,9490981,,,,,ok,,,/home/29d_kon@lab.graphicon.ru/ssd1_link/projects/REPROJECTING/outputs/MeshMamba_reference_batch_20260601/non_texture/baseline_cone/Pear_L3/recenter_rotx90p0_horizontaltovertical_blender_rig/Pear_L3_report.json,/home/29d_kon@lab.graphicon.ru/ssd1_link/projects/REPROJECTING/outputs/MeshMamba_reference_batch_20260601/_logs/non_texture/cone/Pear_L3.log,Pear.csv,32868,34,34,22710,510,horizontal_to_vertical,json_camera_static.fov_degrees,60.000001669652114,35.98339890412515,0.8365499478819324,0.7088807437322403,1.0945296218264728,0.009253946954620914,0.07519445934474767,0.28056391732960495,0.8980685625691098,0.8626379443954206,0.9918022402911728,0.9942003661540219,1.9681750708283015,3.6392618657313265,4.819085039562539,5487859.982332682,4551.196823,,,0.814002642007926,18486,22710,31045
non_texture,Penguin_V2_L3,ok,,,/home/29d_kon@lab.graphicon.ru/ssd1_link/projects/REPROJECTING/outputs/MeshMamba_reference_batch_20260601/non_texture/baseline_screen_space/Penguin_V2_L3/sigma0p05_recenter_rotx90p0_horizontaltovertical_blender_rig/Penguin_V2_L3_report.json,/home/29d_kon@lab.graphicon.ru/ssd1_link/projects/REPROJECTING/outputs/MeshMamba_reference_batch_20260601/_logs/non_texture/screen_space/Penguin_V2_L3.log,Penguin_v1_iterations-2.csv,32868,35,35,18142,510,horizontal_to_vertical,json_camera_static.fov_degrees,60.000001669652114,35.98339890412515,-0.0490263180852827,0.682468858685804,1.898126474546089,0.05015055818640011,0.16411951362882676,-0.07768173354561646,0.7195863322503335,0.4981735320097457,0.5240338258267861,0.6587381090785517,-0.031832132534083485,0.0405835674028739,0.49027713622738894,2.7187519312028137,7470.246838,30912,9079369,,,,,ok,,,/home/29d_kon@lab.graphicon.ru/ssd1_link/projects/REPROJECTING/outputs/MeshMamba_reference_batch_20260601/non_texture/baseline_cone/Penguin_V2_L3/recenter_rotx90p0_horizontaltovertical_blender_rig/Penguin_V2_L3_report.json,/home/29d_kon@lab.graphicon.ru/ssd1_link/projects/REPROJECTING/outputs/MeshMamba_reference_batch_20260601/_logs/non_texture/cone/Penguin_V2_L3.log,Penguin_v1_iterations-2.csv,32868,35,35,18142,510,horizontal_to_vertical,json_camera_static.fov_degrees,60.000001669652114,35.98339890412515,0.0340743212925334,0.6390619937951961,0.4475402277227741,0.05020081756490904,0.1801929578124452,0.09570877147811767,0.5732401833676105,0.6862541125162287,0.7641200593248815,0.8821278389243639,0.2539344747735688,0.4355714081820224,0.8483047772544717,4346202.189105935,7470.246838,,,0.8812148605445926,15987,18142,32868
non_texture,Pierrot_Mask_v1_L3,ok,,,/home/29d_kon@lab.graphicon.ru/ssd1_link/projects/REPROJECTING/outputs/MeshMamba_reference_batch_20260601/non_texture/baseline_screen_space/Pierrot_Mask_v1_L3/sigma0p05_recenter_rotx90p0_horizontaltovertical_blender_rig/Pierrot_Mask_v1_L3_report.json,/home/29d_kon@lab.graphicon.ru/ssd1_link/projects/REPROJECTING/outputs/MeshMamba_reference_batch_20260601/_logs/non_texture/screen_space/Pierrot_Mask_v1_L3.log,Pierrot_Mask_v1_l3.csv,32868,36,36,22697,510,horizontal_to_vertical,json_camera_static.fov_degrees,60.000001669652114,35.98339890412515,0.3236331229740868,0.7115448327497305,0.5068084396962566,0.03984032496697139,0.15799688804149428,0.3191085721208487,0.8095047482192218,0.6975108550620297,0.7192534943330758,0.6971407516498089,0.634595073407222,0.6785983783580292,0.6536558837460343,3.636347560251942,8788.067008000002,32350,8456028,,,,,ok,,,/home/29d_kon@lab.graphicon.ru/ssd1_link/projects/REPROJECTING/outputs/MeshMamba_reference_batch_20260601/non_texture/baseline_cone/Pierrot_Mask_v1_L3/recenter_rotx90p0_horizontaltovertical_blender_rig/Pierrot_Mask_v1_L3_report.json,/home/29d_kon@lab.graphicon.ru/ssd1_link/projects/REPROJECTING/outputs/MeshMamba_reference_batch_20260601/_logs/non_texture/cone/Pierrot_Mask_v1_L3.log,Pierrot_Mask_v1_l3.csv,32868,36,36,22697,510,horizontal_to_vertical,json_camera_static.fov_degrees,60.000001669652114,35.98339890412515,0.42925550459369466,0.6967892224581586,0.3026730696032414,0.05097856990428684,0.16823053531430887,0.5027049437719101,0.7933756369364687,0.7399493968837474,0.7250267453665001,0.7246312141119224,0.81213734689248,0.7284244030254822,0.7701615587371337,8221576.269398451,8788.067008000002,,,0.8493633519848438,19278,22697,32868
non_texture,Pirate_Shipmate_Old_v1_L1,ok,,,/home/29d_kon@lab.graphicon.ru/ssd1_link/projects/REPROJECTING/outputs/MeshMamba_reference_batch_20260601/non_texture/baseline_screen_space/Pirate_Shipmate_Old_v1_L1/sigma0p05_recenter_rotx90p0_horizontaltovertical_blender_rig/Pirate_Shipmate_Old_v1_L1_report.json,/home/29d_kon@lab.graphicon.ru/ssd1_link/projects/REPROJECTING/outputs/MeshMamba_reference_batch_20260601/_logs/non_texture/screen_space/Pirate_Shipmate_Old_v1_L1.log,Pirate_Shipmate_Old_v1_L1.csv,32868,36,36,22291,510,horizontal_to_vertical,json_camera_static.fov_degrees,60.000001669652114,35.98339890412515,-0.28739736674805,0.5731272380756086,1.5229764875378753,0.09759665988032096,0.2620721870200157,-0.27703104915971694,0.6104888203361988,0.27327281517614643,0.3173486472131675,0.23296668734483783,-0.7008989166834216,-0.6022172106924871,-0.9151396705139454,3.78931227123076,7821.579102,31796,8525886,,,,,ok,,,/home/29d_kon@lab.graphicon.ru/ssd1_link/projects/REPROJECTING/outputs/MeshMamba_reference_batch_20260601/non_texture/baseline_cone/Pirate_Shipmate_Old_v1_L1/recenter_rotx90p0_horizontaltovertical_blender_rig/Pirate_Shipmate_Old_v1_L1_report.json,/home/29d_kon@lab.graphicon.ru/ssd1_link/projects/REPROJECTING/outputs/MeshMamba_reference_batch_20260601/_logs/non_texture/cone/Pirate_Shipmate_Old_v1_L1.log,Pirate_Shipmate_Old_v1_L1.csv,32868,36,36,22291,510,horizontal_to_vertical,json_camera_static.fov_degrees,60.000001669652114,35.98339890412515,0.1097044922992274,0.5974651508774964,0.5676859656886509,0.06461620177250621,0.1851762943390444,0.11200694727991169,0.6418807071081386,0.4095236042235853,0.44838668302441254,0.2452462702928102,-0.15812345040440126,-0.048528192345480385,-0.47545583820949444,10542437.37341229,7821.579102,,,0.7408371091471895,16514,22291,32868
non_texture,Plate,ok,,,/home/29d_kon@lab.graphicon.ru/ssd1_link/projects/REPROJECTING/outputs/MeshMamba_reference_batch_20260601/non_texture/baseline_screen_space/Plate/sigma0p05_recenter_rotx90p0_horizontaltovertical_blender_rig/Plate_report.json,/home/29d_kon@lab.graphicon.ru/ssd1_link/projects/REPROJECTING/outputs/MeshMamba_reference_batch_20260601/_logs/non_texture/screen_space/Plate.log,Plate.csv,32868,36,36,19607,510,horizontal_to_vertical,json_camera_static.fov_degrees,60.000001669652114,35.98339890412515,-0.12320840260791394,0.6895911417667597,0.5725145509594983,0.08745670837556878,0.24267679774261355,-0.08681272068748391,0.7570119717512233,0.36124831997187123,0.3173302377358984,0.20826404153220485,-0.437808464255944,-0.5962225364388599,-0.9816307812665525,2.9208172365523994,8884.133427,32561,8446205,,,,,ok,,,/home/29d_kon@lab.graphicon.ru/ssd1_link/projects/REPROJECTING/outputs/MeshMamba_reference_batch_20260601/non_texture/baseline_cone/Plate/recenter_rotx90p0_horizontaltovertical_blender_rig/Plate_report.json,/home/29d_kon@lab.graphicon.ru/ssd1_link/projects/REPROJECTING/outputs/MeshMamba_reference_batch_20260601/_logs/non_texture/cone/Plate.log,Plate.csv,32868,36,36,19607,510,horizontal_to_vertical,json_camera_static.fov_degrees,60.000001669652114,35.98339890412515,-0.10527038213764126,0.6380355807389861,0.5199193278855707,0.07582095048215907,0.21836669780034812,-0.06943311410889874,0.6955143081297442,0.35423014943720554,0.29173755776484867,0.1532909164602197,-0.434315114590872,-0.6341478295924597,-1.029651098911181,5200276.672358769,8884.133427,,,0.950527872698526,18637,19607,32868
non_texture,PoloTeamShirt_v2_L3,ok,,,/home/29d_kon@lab.graphicon.ru/ssd1_link/projects/REPROJECTING/outputs/MeshMamba_reference_batch_20260601/non_texture/baseline_screen_space/PoloTeamShirt_v2_L3/sigma0p05_recenter_rotx90p0_horizontaltovertical_blender_rig/PoloTeamShirt_v2_L3_report.json,/home/29d_kon@lab.graphicon.ru/ssd1_link/projects/REPROJECTING/outputs/MeshMamba_reference_batch_20260601/_logs/non_texture/screen_space/PoloTeamShirt_v2_L3.log,Polo_Team_Shirt_v2_L3.csv,32868,37,37,23066,510,horizontal_to_vertical,json_camera_static.fov_degrees,60.000001669652114,35.98339890412515,0.2700963697952807,0.6733297120926068,0.6753820516342428,0.04354333541085433,0.1581852084848434,0.36551064299346797,0.7465954616158784,0.6372281501005005,0.56967924807357,0.516744648063661,0.3661492621359568,0.13438104980415408,-0.00575202206726734,3.5285265536941672,7183.263217,31961,8729154,,,,,ok,,,/home/29d_kon@lab.graphicon.ru/ssd1_link/projects/REPROJECTING/outputs/MeshMamba_reference_batch_20260601/non_texture/baseline_cone/PoloTeamShirt_v2_L3/recenter_rotx90p0_horizontaltovertical_blender_rig/PoloTeamShirt_v2_L3_report.json,/home/29d_kon@lab.graphicon.ru/ssd1_link/projects/REPROJECTING/outputs/MeshMamba_reference_batch_20260601/_logs/non_texture/cone/PoloTeamShirt_v2_L3.log,Polo_Team_Shirt_v2_L3.csv,32868,37,37,23066,510,horizontal_to_vertical,json_camera_static.fov_degrees,60.000001669652114,35.98339890412515,0.520781180330961,0.6795686920937292,0.3594110310294486,0.0344712846110138,0.13311513516537576,0.576443647298016,0.7747163689864802,0.8722461065509133,0.8217172940928215,0.8224178682564789,1.1580706417195428,0.6848060275385565,0.6014963944844631,6980064.696844136,7183.263217,,,0.9498829445937744,21910,23066,32868
non_texture,Possum_wooden_v1_L3,ok,,,/home/29d_kon@lab.graphicon.ru/ssd1_link/projects/REPROJECTING/outputs/MeshMamba_reference_batch_20260601/non_texture/baseline_screen_space/Possum_wooden_v1_L3/sigma0p05_recenter_rotx90p0_horizontaltovertical_blender_rig/Possum_wooden_v1_L3_report.json,/home/29d_kon@lab.graphicon.ru/ssd1_link/projects/REPROJECTING/outputs/MeshMamba_reference_batch_20260601/_logs/non_texture/screen_space/Possum_wooden_v1_L3.log,Possum_wooden_v1_L3.csv,32868,35,35,23251,510,horizontal_to_vertical,json_camera_static.fov_degrees,60.000001669652114,35.98339890412515,-0.1655118573416147,0.26168762738269313,3.806775633636167,0.15786918900918154,0.3363912206308636,-0.18529100978082003,0.34692537154819647,0.38593659706024763,0.42506470005915964,0.392690146619474,-0.3515077237128962,-0.2587260223811664,-0.365745622439293,3.8171680246821444,4739.030841,29471,8773126,,,,,ok,,,/home/29d_kon@lab.graphicon.ru/ssd1_link/projects/REPROJECTING/outputs/MeshMamba_reference_batch_20260601/non_texture/baseline_cone/Possum_wooden_v1_L3/recenter_rotx90p0_horizontaltovertical_blender_rig/Possum_wooden_v1_L3_report.json,/home/29d_kon@lab.graphicon.ru/ssd1_link/projects/REPROJECTING/outputs/MeshMamba_reference_batch_20260601/_logs/non_texture/cone/Possum_wooden_v1_L3.log,Possum_wooden_v1_L3.csv,32868,35,35,23251,510,horizontal_to_vertical,json_camera_static.fov_degrees,60.000001669652114,35.98339890412515,-0.094333718914229,0.2255360978688952,1.5543000433214684,0.13186175173700146,0.27147490135074415,0.06585722660312426,0.294167680282026,0.668770095531704,0.7130879948077872,0.7409816660503071,0.00333471396042173,0.14020498529666733,0.25693993565508616,7192257.105349593,4739.030841,,,0.9111866156294353,21186,23251,32851
non_texture,Raptor_Claw_Fossil_v2_L3,ok,,,/home/29d_kon@lab.graphicon.ru/ssd1_link/projects/REPROJECTING/outputs/MeshMamba_reference_batch_20260601/non_texture/baseline_screen_space/Raptor_Claw_Fossil_v2_L3/sigma0p05_recenter_rotx90p0_horizontaltovertical_blender_rig/Raptor_Claw_Fossil_v2_L3_report.json,/home/29d_kon@lab.graphicon.ru/ssd1_link/projects/REPROJECTING/outputs/MeshMamba_reference_batch_20260601/_logs/non_texture/screen_space/Raptor_Claw_Fossil_v2_L3.log,Raptor_Claw_Fossil_v2_l3.csv,32868,37,37,20710,510,horizontal_to_vertical,json_camera_static.fov_degrees,60.000001669652114,35.98339890412515,0.05692379302336861,0.6586689304582418,1.1846163971104122,0.10133035915302702,0.2773192314302664,0.06425684842159399,0.715076559007334,0.5593959049619364,0.6009929312282709,0.6803550492740487,0.04383601583121979,0.24085359955337635,0.5243316313279593,3.9975021295043374,6851.097213000001,32008,9472909,,,,,ok,,,/home/29d_kon@lab.graphicon.ru/ssd1_link/projects/REPROJECTING/outputs/MeshMamba_reference_batch_20260601/non_texture/baseline_cone/Raptor_Claw_Fossil_v2_L3/recenter_rotx90p0_horizontaltovertical_blender_rig/Raptor_Claw_Fossil_v2_L3_report.json,/home/29d_kon@lab.graphicon.ru/ssd1_link/projects/REPROJECTING/outputs/MeshMamba_reference_batch_20260601/_logs/non_texture/cone/Raptor_Claw_Fossil_v2_L3.log,Raptor_Claw_Fossil_v2_l3.csv,32868,37,37,20710,510,horizontal_to_vertical,json_camera_static.fov_degrees,60.000001669652114,35.98339890412515,0.02122755648244776,0.6000445698677654,0.5801272647318274,0.06937471173474474,0.21798663446539362,-0.02855884178689308,0.6541172810818024,0.45618537343185417,0.5422207334896795,0.7327333456574112,-0.11511125692275005,0.08581508898873469,0.6070732857245411,7600157.155038016,6851.097213000001,,,0.8719942056977306,18059,20710,32868
non_texture,Rhinoceros_v1_L3,ok,,,/home/29d_kon@lab.graphicon.ru/ssd1_link/projects/REPROJECTING/outputs/MeshMamba_reference_batch_20260601/non_texture/baseline_screen_space/Rhinoceros_v1_L3/sigma0p05_recenter_rotx90p0_horizontaltovertical_blender_rig/Rhinoceros_v1_L3_report.json,/home/29d_kon@lab.graphicon.ru/ssd1_link/projects/REPROJECTING/outputs/MeshMamba_reference_batch_20260601/_logs/non_texture/screen_space/Rhinoceros_v1_L3.log,Rhinoceros_v1_L3.csv,32868,37,37,24704,510,horizontal_to_vertical,json_camera_static.fov_degrees,60.000001669652114,35.98339890412515,0.014419772251187693,0.625730494165821,1.8002289985795974,0.07148357735036864,0.21087011877451228,0.09264164369811277,0.6741742427203752,0.4730978134352205,0.4845397307299333,0.5095393594088777,-0.122449077472898,-0.11684898493739534,-0.08005391727420583,3.383455098262657,7571.749143999999,30249,9087609,,,,,ok,,,/home/29d_kon@lab.graphicon.ru/ssd1_link/projects/REPROJECTING/outputs/MeshMamba_reference_batch_20260601/non_texture/baseline_cone/Rhinoceros_v1_L3/recenter_rotx90p0_horizontaltovertical_blender_rig/Rhinoceros_v1_L3_report.json,/home/29d_kon@lab.graphicon.ru/ssd1_link/projects/REPROJECTING/outputs/MeshMamba_reference_batch_20260601/_logs/non_texture/cone/Rhinoceros_v1_L3.log,Rhinoceros_v1_L3.csv,32868,37,37,24704,510,horizontal_to_vertical,json_camera_static.fov_degrees,60.000001669652114,35.98339890412515,0.17304579687214558,0.563248749402181,0.7369455619418297,0.06582037759241129,0.18554838299419923,0.19928068934068074,0.6100651421861014,0.5947090747112185,0.6593797377617691,0.8264129338924691,0.2771123052966586,0.4200787562971935,0.711539690110639,4978543.848900169,7571.749143999999,,,0.9006233808290155,22249,24704,32868
non_texture,Rocket_Ship_v1_L3,ok,,,/home/29d_kon@lab.graphicon.ru/ssd1_link/projects/REPROJECTING/outputs/MeshMamba_reference_batch_20260601/non_texture/baseline_screen_space/Rocket_Ship_v1_L3/sigma0p05_recenter_rotx90p0_horizontaltovertical_blender_rig/Rocket_Ship_v1_L3_report.json,/home/29d_kon@lab.graphicon.ru/ssd1_link/projects/REPROJECTING/outputs/MeshMamba_reference_batch_20260601/_logs/non_texture/screen_space/Rocket_Ship_v1_L3.log,Rocket_Ship_v1_L3.csv,32868,37,37,24964,510,horizontal_to_vertical,json_camera_static.fov_degrees,60.000001669652114,35.98339890412515,-0.1109168847675727,0.5377497847044121,2.4573594827866687,0.10170254540063264,0.26361365231220263,-0.07806197689645294,0.5980543677149572,0.3669227971107306,0.3311095464029479,0.3849635756241446,-0.40990917504779617,-0.6090790653782528,-0.5163400758525568,3.849359688132643,8023.3485470000005,29870,8730273,,,,,ok,,,/home/29d_kon@lab.graphicon.ru/ssd1_link/projects/REPROJECTING/outputs/MeshMamba_reference_batch_20260601/non_texture/baseline_cone/Rocket_Ship_v1_L3/recenter_rotx90p0_horizontaltovertical_blender_rig/Rocket_Ship_v1_L3_report.json,/home/29d_kon@lab.graphicon.ru/ssd1_link/projects/REPROJECTING/outputs/MeshMamba_reference_batch_20260601/_logs/non_texture/cone/Rocket_Ship_v1_L3.log,Rocket_Ship_v1_L3.csv,32868,37,37,24964,510,horizontal_to_vertical,json_camera_static.fov_degrees,60.000001669652114,35.98339890412515,0.5919753915038468,0.666738164623888,0.44464899374366124,0.04268382150875167,0.17096894296326143,0.33625639141693453,0.8263764216627542,0.9272996730206543,0.9830191858312247,0.9882088652840346,1.8982980770037103,2.482480686350117,2.8716669647062694,10902175.668020554,8023.3485470000005,,,0.81909950328473,20448,24964,32868
non_texture,Rubber_Duck_v1_L3,ok,,,/home/29d_kon@lab.graphicon.ru/ssd1_link/projects/REPROJECTING/outputs/MeshMamba_reference_batch_20260601/non_texture/baseline_screen_space/Rubber_Duck_v1_L3/sigma0p05_recenter_rotx90p0_horizontaltovertical_blender_rig/Rubber_Duck_v1_L3_report.json,/home/29d_kon@lab.graphicon.ru/ssd1_link/projects/REPROJECTING/outputs/MeshMamba_reference_batch_20260601/_logs/non_texture/screen_space/Rubber_Duck_v1_L3.log,Rubber_Duck_v1_L3.csv,32868,35,35,24080,510,horizontal_to_vertical,json_camera_static.fov_degrees,60.000001669652114,35.98339890412515,0.2613991816788344,0.545562560929469,2.781821717675764,0.07535777888841659,0.19930026950593646,0.26352418344875517,0.5633827046134726,0.6948005953179539,0.7355606969621595,0.6677728133768119,0.732909051618537,1.0110587891956897,0.8898405480163293,2.610934100352268,2640.598398,27815,9127648,,,,,ok,,,/home/29d_kon@lab.graphicon.ru/ssd1_link/projects/REPROJECTING/outputs/MeshMamba_reference_batch_20260601/non_texture/baseline_cone/Rubber_Duck_v1_L3/recenter_rotx90p0_horizontaltovertical_blender_rig/Rubber_Duck_v1_L3_report.json,/home/29d_kon@lab.graphicon.ru/ssd1_link/projects/REPROJECTING/outputs/MeshMamba_reference_batch_20260601/_logs/non_texture/cone/Rubber_Duck_v1_L3.log,Rubber_Duck_v1_L3.csv,32868,35,35,24080,510,horizontal_to_vertical,json_camera_static.fov_degrees,60.000001669652114,35.98339890412515,0.5962503875521288,0.6168810739408483,0.9349748696658831,0.014545194942236047,0.07469463643443594,0.4383408600539668,0.7361830032138101,0.8847921678074158,0.9608279246483926,0.9852654252353337,1.4933455406676661,2.2427188475515303,3.636329243736607,3410484.1360673066,2640.598398,,,0.9450581395348837,22757,24080,30128
non_texture,SLR_Camera_V1_L3,ok,,,/home/29d_kon@lab.graphicon.ru/ssd1_link/projects/REPROJECTING/outputs/MeshMamba_reference_batch_20260601/non_texture/baseline_screen_space/SLR_Camera_V1_L3/sigma0p05_recenter_rotx90p0_horizontaltovertical_blender_rig/SLR_Camera_V1_L3_report.json,/home/29d_kon@lab.graphicon.ru/ssd1_link/projects/REPROJECTING/outputs/MeshMamba_reference_batch_20260601/_logs/non_texture/screen_space/SLR_Camera_V1_L3.log,SLR_Camera_SG_V1_Iteration2.csv,32868,35,35,28314,510,horizontal_to_vertical,json_camera_static.fov_degrees,60.000001669652114,35.98339890412515,-0.10078504085043605,0.4098738236967983,2.7311661245315717,0.08935786712401338,0.2422113836853846,-0.020718747967635252,0.3918639718002752,0.3773275941694828,0.32673915598020864,0.3656422673899574,-0.36856560740966016,-0.5668398696331478,-0.5137213246522501,1.6627990453045274,3402.2921220000003,30367,8425185,,,,,ok,,,/home/29d_kon@lab.graphicon.ru/ssd1_link/projects/REPROJECTING/outputs/MeshMamba_reference_batch_20260601/non_texture/baseline_cone/SLR_Camera_V1_L3/recenter_rotx90p0_horizontaltovertical_blender_rig/SLR_Camera_V1_L3_report.json,/home/29d_kon@lab.graphicon.ru/ssd1_link/projects/REPROJECTING/outputs/MeshMamba_reference_batch_20260601/_logs/non_texture/cone/SLR_Camera_V1_L3.log,SLR_Camera_SG_V1_Iteration2.csv,32868,35,35,28314,510,horizontal_to_vertical,json_camera_static.fov_degrees,60.000001669652114,35.98339890412515,0.17577874992298004,0.4437796100318145,1.1038249219205705,0.05023239656650113,0.1484632286763422,0.28018834436853196,0.4741947661469181,0.7539164814504313,0.6846531350580034,0.5941200230053606,0.5845377562325115,0.3313892355777522,-0.03683715785385527,3053563.7254851097,3402.2921220000003,,,0.9866850321395776,27937,28314,31626
non_texture,SeaHorse_v2_L3,ok,,,/home/29d_kon@lab.graphicon.ru/ssd1_link/projects/REPROJECTING/outputs/MeshMamba_reference_batch_20260601/non_texture/baseline_screen_space/SeaHorse_v2_L3/sigma0p05_recenter_rotx90p0_horizontaltovertical_blender_rig/SeaHorse_v2_L3_report.json,/home/29d_kon@lab.graphicon.ru/ssd1_link/projects/REPROJECTING/outputs/MeshMamba_reference_batch_20260601/_logs/non_texture/screen_space/SeaHorse_v2_L3.log,SeaHorse_v1_iterations-2.csv,32868,35,35,21893,510,horizontal_to_vertical,json_camera_static.fov_degrees,60.000001669652114,35.98339890412515,-0.015199462662040494,0.7283359515535919,0.755063380365705,0.06504117492426553,0.19625036240981125,0.029981053807937252,0.8042776817843544,0.4180293651479372,0.35873287938094905,0.3614557550812768,-0.29679561873952837,-0.48791352021717455,-0.5714013823925995,4.43853442952002,12340.246732,32099,8616675,,,,,ok,,,/home/29d_kon@lab.graphicon.ru/ssd1_link/projects/REPROJECTING/outputs/MeshMamba_reference_batch_20260601/non_texture/baseline_cone/SeaHorse_v2_L3/recenter_rotx90p0_horizontaltovertical_blender_rig/SeaHorse_v2_L3_report.json,/home/29d_kon@lab.graphicon.ru/ssd1_link/projects/REPROJECTING/outputs/MeshMamba_reference_batch_20260601/_logs/non_texture/cone/SeaHorse_v2_L3.log,SeaHorse_v1_iterations-2.csv,32868,35,35,21893,510,horizontal_to_vertical,json_camera_static.fov_degrees,60.000001669652114,35.98339890412515,0.3987655244347946,0.774098071505074,0.1701444443865442,0.05505880146970085,0.1919686320014261,0.49583392526367714,0.8699779831714556,0.8353454932215377,0.8492075918112775,0.8766900341521434,0.6541487053934707,0.7253988132480457,0.9535816383666348,14166465.299170291,12340.246732,,,0.9001507331110401,19707,21893,32868
non_texture,Seagull_v1_L3,ok,,,/home/29d_kon@lab.graphicon.ru/ssd1_link/projects/REPROJECTING/outputs/MeshMamba_reference_batch_20260601/non_texture/baseline_screen_space/Seagull_v1_L3/sigma0p05_recenter_rotx90p0_horizontaltovertical_blender_rig/Seagull_v1_L3_report.json,/home/29d_kon@lab.graphicon.ru/ssd1_link/projects/REPROJECTING/outputs/MeshMamba_reference_batch_20260601/_logs/non_texture/screen_space/Seagull_v1_L3.log,Seagull_v1_L3.csv,32868,35,35,25087,510,horizontal_to_vertical,json_camera_static.fov_degrees,60.000001669652114,35.98339890412515,-0.0436520421784788,0.5507499491362282,3.618179993923297,0.0929404812761074,0.25155151490382716,0.0206614993286779,0.6067068509408978,0.44931328234372864,0.4108489601548001,0.44781104853273573,-0.19878118434556594,-0.3358249402312394,-0.22098709674331185,2.813898144316308,7690.103635,28366,8664147,,,,,ok,,,/home/29d_kon@lab.graphicon.ru/ssd1_link/projects/REPROJECTING/outputs/MeshMamba_reference_batch_20260601/non_texture/baseline_cone/Seagull_v1_L3/recenter_rotx90p0_horizontaltovertical_blender_rig/Seagull_v1_L3_report.json,/home/29d_kon@lab.graphicon.ru/ssd1_link/projects/REPROJECTING/outputs/MeshMamba_reference_batch_20260601/_logs/non_texture/cone/Seagull_v1_L3.log,Seagull_v1_L3.csv,32868,35,35,25087,510,horizontal_to_vertical,json_camera_static.fov_degrees,60.000001669652114,35.98339890412515,0.25074668324694155,0.5959960535897937,0.6860657525324918,0.057585597184595654,0.16758292227600188,0.3486471096846028,0.6445375569737313,0.5796570478178686,0.7455952939220125,0.8224990427666367,0.07747343472337756,0.3451718965658098,0.5124792748092007,6926138.109377293,7690.103635,,,0.8345358153625384,20936,25087,32816
non_texture,Seal_wooden_v1_L3,ok,,,/home/29d_kon@lab.graphicon.ru/ssd1_link/projects/REPROJECTING/outputs/MeshMamba_reference_batch_20260601/non_texture/baseline_screen_space/Seal_wooden_v1_L3/sigma0p05_recenter_rotx90p0_horizontaltovertical_blender_rig/Seal_wooden_v1_L3_report.json,/home/29d_kon@lab.graphicon.ru/ssd1_link/projects/REPROJECTING/outputs/MeshMamba_reference_batch_20260601/_logs/non_texture/screen_space/Seal_wooden_v1_L3.log,Seal_wooden_v1_L3.csv,32868,36,36,24699,510,horizontal_to_vertical,json_camera_static.fov_degrees,60.000001669652114,35.98339890412515,0.33260360026627,0.6289450149440494,1.7746877862087778,0.08846336870344082,0.2454345603367923,0.31563179097801086,0.740604727851372,0.6767718698721944,0.7531098185125548,0.9702960142007753,0.6253672064418843,0.9783784090664001,1.851883104922284,2.5186750492529013,6367.140573000001,29605,8739121,,,,,ok,,,/home/29d_kon@lab.graphicon.ru/ssd1_link/projects/REPROJECTING/outputs/MeshMamba_reference_batch_20260601/non_texture/baseline_cone/Seal_wooden_v1_L3/recenter_rotx90p0_horizontaltovertical_blender_rig/Seal_wooden_v1_L3_report.json,/home/29d_kon@lab.graphicon.ru/ssd1_link/projects/REPROJECTING/outputs/MeshMamba_reference_batch_20260601/_logs/non_texture/cone/Seal_wooden_v1_L3.log,Seal_wooden_v1_L3.csv,32868,36,36,24699,510,horizontal_to_vertical,json_camera_static.fov_degrees,60.000001669652114,35.98339890412515,0.4733877392554124,0.6218449769923747,0.6364160604388125,0.03346481573368511,0.13602285443509896,0.3884281715274284,0.7322765354559513,0.7469270409484574,0.8258895439935467,0.9606463359236627,1.0314011571246675,1.3843930902699986,2.6035545725248483,4254449.223044744,6367.140573000001,,,0.922021134458885,22773,24699,32326
non_texture,Sheep_doll_v1_L3,ok,,,/home/29d_kon@lab.graphicon.ru/ssd1_link/projects/REPROJECTING/outputs/MeshMamba_reference_batch_20260601/non_texture/baseline_screen_space/Sheep_doll_v1_L3/sigma0p05_recenter_rotx90p0_horizontaltovertical_blender_rig/Sheep_doll_v1_L3_report.json,/home/29d_kon@lab.graphicon.ru/ssd1_link/projects/REPROJECTING/outputs/MeshMamba_reference_batch_20260601/_logs/non_texture/screen_space/Sheep_doll_v1_L3.log,Sheep_doll_v1_iterations-2.csv,32868,35,35,31773,510,horizontal_to_vertical,json_camera_static.fov_degrees,60.000001669652114,35.98339890412515,0.41414305340461577,0.6500516008737277,1.2082245913936966,0.04160825812914267,0.16363066874679352,0.3892129599028442,0.7472828863550935,0.7685755448213347,0.7364352737584726,0.5655190390656767,0.9915616313044192,0.9229679181385361,0.2436979095734215,2.9638330033284332,5166.721262,30964,8893128,,,,,ok,,,/home/29d_kon@lab.graphicon.ru/ssd1_link/projects/REPROJECTING/outputs/MeshMamba_reference_batch_20260601/non_texture/baseline_cone/Sheep_doll_v1_L3/recenter_rotx90p0_horizontaltovertical_blender_rig/Sheep_doll_v1_L3_report.json,/home/29d_kon@lab.graphicon.ru/ssd1_link/projects/REPROJECTING/outputs/MeshMamba_reference_batch_20260601/_logs/non_texture/cone/Sheep_doll_v1_L3.log,Sheep_doll_v1_iterations-2.csv,32868,35,35,31773,510,horizontal_to_vertical,json_camera_static.fov_degrees,60.000001669652114,35.98339890412515,0.6353053881781461,0.6687464376087333,0.47899117209953745,0.02269773077667562,0.11047473261297328,0.42373908232617674,0.8077171947437507,0.9000455988351331,0.9158137039603325,0.8482281397931553,1.7487980631611397,1.8365518515889843,1.21017475045856,6958157.504286556,5166.721262,,,0.8900953639882919,28281,31773,32868
non_texture,SittingBaby_v1_L1,ok,,,/home/29d_kon@lab.graphicon.ru/ssd1_link/projects/REPROJECTING/outputs/MeshMamba_reference_batch_20260601/non_texture/baseline_screen_space/SittingBaby_v1_L1/sigma0p05_recenter_rotx90p0_horizontaltovertical_blender_rig/SittingBaby_v1_L1_report.json,/home/29d_kon@lab.graphicon.ru/ssd1_link/projects/REPROJECTING/outputs/MeshMamba_reference_batch_20260601/_logs/non_texture/screen_space/SittingBaby_v1_L1.log,SittingBaby.csv,32868,35,35,19272,510,horizontal_to_vertical,json_camera_static.fov_degrees,60.000001669652114,35.98339890412515,-0.015756631958932503,0.5375427133136128,2.255174414677704,0.10700882335385842,0.2667091519958123,0.06951803873633326,0.40963531232754263,0.5051367982023587,0.45350054359582403,0.3518211160402233,0.16479323468866475,0.03679751199262826,-0.5070645149563344,2.5845717818502503,1712.867961,29981,8928611,,,,,ok,,,/home/29d_kon@lab.graphicon.ru/ssd1_link/projects/REPROJECTING/outputs/MeshMamba_reference_batch_20260601/non_texture/baseline_cone/SittingBaby_v1_L1/recenter_rotx90p0_horizontaltovertical_blender_rig/SittingBaby_v1_L1_report.json,/home/29d_kon@lab.graphicon.ru/ssd1_link/projects/REPROJECTING/outputs/MeshMamba_reference_batch_20260601/_logs/non_texture/cone/SittingBaby_v1_L1.log,SittingBaby.csv,32868,35,35,19272,510,horizontal_to_vertical,json_camera_static.fov_degrees,60.000001669652114,35.98339890412515,0.08787554797851257,0.48621737115420083,1.3238406547377026,0.021035551878451495,0.08072241069784897,0.07980048282401556,0.3685062388570338,0.540978617008527,0.4979300734415413,0.29681795920182197,0.8797828397886339,0.9492496282645221,-0.44689834699220726,2938189.9973853817,1712.867961,,,0.9434931506849316,18183,19272,32518
non_texture,Sitting_inside_an_egg_v1_L1,ok,,,/home/29d_kon@lab.graphicon.ru/ssd1_link/projects/REPROJECTING/outputs/MeshMamba_reference_batch_20260601/non_texture/baseline_screen_space/Sitting_inside_an_egg_v1_L1/sigma0p05_recenter_rotx90p0_horizontaltovertical_blender_rig/Sitting_inside_an_egg_v1_L1_report.json,/home/29d_kon@lab.graphicon.ru/ssd1_link/projects/REPROJECTING/outputs/MeshMamba_reference_batch_20260601/_logs/non_texture/screen_space/Sitting_inside_an_egg_v1_L1.log,Sitting_inside_an_egg_Texture.csv,32868,36,36,24026,510,horizontal_to_vertical,json_camera_static.fov_degrees,60.000001669652114,35.98339890412515,0.3106845860308947,0.5761106999402169,1.2902531568190145,0.06503963575606699,0.19953883547589069,0.37289659138208864,0.6542654427945402,0.693364726186333,0.6744084265456792,0.7012058291331673,0.6247275613556722,0.5844784216681237,0.7093288997136892,4.19154257098509,3848.2654460000003,30033,8242639,,,,,ok,,,/home/29d_kon@lab.graphicon.ru/ssd1_link/projects/REPROJECTING/outputs/MeshMamba_reference_batch_20260601/non_texture/baseline_cone/Sitting_inside_an_egg_v1_L1/recenter_rotx90p0_horizontaltovertical_blender_rig/Sitting_inside_an_egg_v1_L1_report.json,/home/29d_kon@lab.graphicon.ru/ssd1_link/projects/REPROJECTING/outputs/MeshMamba_reference_batch_20260601/_logs/non_texture/cone/Sitting_inside_an_egg_v1_L1.log,Sitting_inside_an_egg_Texture.csv,32868,36,36,24026,510,horizontal_to_vertical,json_camera_static.fov_degrees,60.000001669652114,35.98339890412515,0.41261853397151016,0.5779438797593074,0.6715409115885131,0.025613337516882075,0.09492386700846722,0.5571742892176562,0.6223730810668686,0.856525944906195,0.8490410980573307,0.8897281644070605,1.109963027076651,1.1493453452882787,1.1616803486244351,6777445.242160974,3848.2654460000003,,,0.965537334554233,23198,24026,32647
non_texture,Soda_Can_v3_L3,ok,,,/home/29d_kon@lab.graphicon.ru/ssd1_link/projects/REPROJECTING/outputs/MeshMamba_reference_batch_20260601/non_texture/baseline_screen_space/Soda_Can_v3_L3/sigma0p05_recenter_rotx90p0_horizontaltovertical_blender_rig/Soda_Can_v3_L3_report.json,/home/29d_kon@lab.graphicon.ru/ssd1_link/projects/REPROJECTING/outputs/MeshMamba_reference_batch_20260601/_logs/non_texture/screen_space/Soda_Can_v3_L3.log,Soda_Can_v3_l3.csv,32868,36,36,18228,510,horizontal_to_vertical,json_camera_static.fov_degrees,60.000001669652114,35.98339890412515,0.5884153847571011,0.6504506927613434,1.7701032600301208,0.05662673856831894,0.15594762259807649,0.5288187063822695,0.7557193661847685,0.8982209460769425,0.9153642010201148,0.8686532905895203,1.4884823348437806,1.7106222870397747,1.4121343831836874,3.1855466233919874,4650.378855,29151,8732224,,,,,ok,,,/home/29d_kon@lab.graphicon.ru/ssd1_link/projects/REPROJECTING/outputs/MeshMamba_reference_batch_20260601/non_texture/baseline_cone/Soda_Can_v3_L3/recenter_rotx90p0_horizontaltovertical_blender_rig/Soda_Can_v3_L3_report.json,/home/29d_kon@lab.graphicon.ru/ssd1_link/projects/REPROJECTING/outputs/MeshMamba_reference_batch_20260601/_logs/non_texture/cone/Soda_Can_v3_L3.log,Soda_Can_v3_l3.csv,32868,36,36,18228,510,horizontal_to_vertical,json_camera_static.fov_degrees,60.000001669652114,35.98339890412515,0.8698098113597417,0.7551198695312824,1.079523061392575,0.014562879933918766,0.08105475637941328,0.570358804394227,0.9156639678891373,0.9553176307977804,0.9991610927834538,0.9845603559572328,2.3167554528906074,3.220299436078435,3.3041839163355915,4999531.116453903,4650.378855,,,0.9474434935264429,17270,18228,31653
non_texture,Spark_Plug_v1_L3,ok,,,/home/29d_kon@lab.graphicon.ru/ssd1_link/projects/REPROJECTING/outputs/MeshMamba_reference_batch_20260601/non_texture/baseline_screen_space/Spark_Plug_v1_L3/sigma0p05_recenter_rotx90p0_horizontaltovertical_blender_rig/Spark_Plug_v1_L3_report.json,/home/29d_kon@lab.graphicon.ru/ssd1_link/projects/REPROJECTING/outputs/MeshMamba_reference_batch_20260601/_logs/non_texture/screen_space/Spark_Plug_v1_L3.log,Spark_Plug_v1_l3.csv,32868,35,35,24438,510,horizontal_to_vertical,json_camera_static.fov_degrees,60.000001669652114,35.98339890412515,0.20231160043592628,0.676614982696516,1.143872064961031,0.08673327633415254,0.25386609413933936,0.20378530896350416,0.7568490261081166,0.657867462080445,0.6897605474421385,0.5817768735969023,0.48719647000084754,0.5816225544336049,0.13069816496723452,4.657625257737996,6913.158081,31021,8649784,,,,,ok,,,/home/29d_kon@lab.graphicon.ru/ssd1_link/projects/REPROJECTING/outputs/MeshMamba_reference_batch_20260601/non_texture/baseline_cone/Spark_Plug_v1_L3/recenter_rotx90p0_horizontaltovertical_blender_rig/Spark_Plug_v1_L3_report.json,/home/29d_kon@lab.graphicon.ru/ssd1_link/projects/REPROJECTING/outputs/MeshMamba_reference_batch_20260601/_logs/non_texture/cone/Spark_Plug_v1_L3.log,Spark_Plug_v1_l3.csv,32868,35,35,24438,510,horizontal_to_vertical,json_camera_static.fov_degrees,60.000001669652114,35.98339890412515,0.3203108159969706,0.6152013565437221,0.6288356365982275,0.05180233100251972,0.17940039597627133,0.19063504171408377,0.7191123265804482,0.7878079079674669,0.7478893485608736,0.8350706764695084,1.0345961014954936,0.7598106115047885,1.0439865463479894,11035564.820167288,6913.158081,,,0.9243391439561339,22589,24438,32868
non_texture,Spinning_Top_v1_L3,ok,,,/home/29d_kon@lab.graphicon.ru/ssd1_link/projects/REPROJECTING/outputs/MeshMamba_reference_batch_20260601/non_texture/baseline_screen_space/Spinning_Top_v1_L3/sigma0p05_recenter_rotx90p0_horizontaltovertical_blender_rig/Spinning_Top_v1_L3_report.json,/home/29d_kon@lab.graphicon.ru/ssd1_link/projects/REPROJECTING/outputs/MeshMamba_reference_batch_20260601/_logs/non_texture/screen_space/Spinning_Top_v1_L3.log,Spinning_Top_v1_L3.csv,32868,35,35,22917,510,horizontal_to_vertical,json_camera_static.fov_degrees,60.000001669652114,35.98339890412515,-0.2872854370239563,0.4066146913051322,5.179908036601448,0.17915414940040197,0.35616797115519516,-0.21177526195597335,0.4140496331602504,0.3363020948076269,0.49802890019094426,0.617721862126449,-0.5248781651861875,-0.03866744468283326,0.31764680774246834,2.2838841435482626,7172.3753830000005,26780,8938830,,,,,ok,,,/home/29d_kon@lab.graphicon.ru/ssd1_link/projects/REPROJECTING/outputs/MeshMamba_reference_batch_20260601/non_texture/baseline_cone/Spinning_Top_v1_L3/recenter_rotx90p0_horizontaltovertical_blender_rig/Spinning_Top_v1_L3_report.json,/home/29d_kon@lab.graphicon.ru/ssd1_link/projects/REPROJECTING/outputs/MeshMamba_reference_batch_20260601/_logs/non_texture/cone/Spinning_Top_v1_L3.log,Spinning_Top_v1_L3.csv,32868,35,35,22917,510,horizontal_to_vertical,json_camera_static.fov_degrees,60.000001669652114,35.98339890412515,-0.345297837306633,0.35524907038339215,8.82218572304206,0.1230787858264534,0.27089061590887376,-0.34144073352189985,0.3334428870780559,0.4504093101473313,0.5795343769812105,0.6665585118292932,-0.5233844444397141,-0.012248314326045142,0.2599526068922135,4004792.4159379373,7172.3753830000005,,,0.9158266788846707,20988,22917,25544
non_texture,Squirrel_wooden_v2_L3,ok,,,/home/29d_kon@lab.graphicon.ru/ssd1_link/projects/REPROJECTING/outputs/MeshMamba_reference_batch_20260601/non_texture/baseline_screen_space/Squirrel_wooden_v2_L3/sigma0p05_recenter_rotx90p0_horizontaltovertical_blender_rig/Squirrel_wooden_v2_L3_report.json,/home/29d_kon@lab.graphicon.ru/ssd1_link/projects/REPROJECTING/outputs/MeshMamba_reference_batch_20260601/_logs/non_texture/screen_space/Squirrel_wooden_v2_L3.log,Squirrel_wooden_v2_L3.csv,32868,36,36,27665,510,horizontal_to_vertical,json_camera_static.fov_degrees,60.000001669652114,35.98339890412515,0.10464378681222569,0.5873035451919166,1.2091155629057675,0.03618762970641727,0.14435606158406217,0.10144829303322932,0.6441430434411575,0.6173109868015967,0.6535023709069011,0.714400890546962,0.14452625503310132,0.24042476355857179,0.4444776900217823,2.090603707173071,5229.3140809999995,31024,8955174,,,,,ok,,,/home/29d_kon@lab.graphicon.ru/ssd1_link/projects/REPROJECTING/outputs/MeshMamba_reference_batch_20260601/non_texture/baseline_cone/Squirrel_wooden_v2_L3/recenter_rotx90p0_horizontaltovertical_blender_rig/Squirrel_wooden_v2_L3_report.json,/home/29d_kon@lab.graphicon.ru/ssd1_link/projects/REPROJECTING/outputs/MeshMamba_reference_batch_20260601/_logs/non_texture/cone/Squirrel_wooden_v2_L3.log,Squirrel_wooden_v2_L3.csv,32868,36,36,27665,510,horizontal_to_vertical,json_camera_static.fov_degrees,60.000001669652114,35.98339890412515,0.05252698706596815,0.49265504235506563,1.0258204723718183,0.03890487876693265,0.13725390499545417,0.02888464101478023,0.4818894876788508,0.46431649719821244,0.4419273331762391,0.48934512160343285,-0.09419735719068507,-0.09578486238844179,0.05346152470319207,2842241.579561178,5229.3140809999995,,,0.9517079342129043,26329,27665,32840
non_texture,StandingBaby_v2_L1,ok,,,/home/29d_kon@lab.graphicon.ru/ssd1_link/projects/REPROJECTING/outputs/MeshMamba_reference_batch_20260601/non_texture/baseline_screen_space/StandingBaby_v2_L1/sigma0p05_recenter_rotx90p0_horizontaltovertical_blender_rig/StandingBaby_v2_L1_report.json,/home/29d_kon@lab.graphicon.ru/ssd1_link/projects/REPROJECTING/outputs/MeshMamba_reference_batch_20260601/_logs/non_texture/screen_space/StandingBaby_v2_L1.log,StandingBaby.csv,32868,35,35,21682,510,horizontal_to_vertical,json_camera_static.fov_degrees,60.000001669652114,35.98339890412515,0.25872072723942796,0.6560416702950207,0.9593724513600557,0.07516116752304888,0.21807611097008545,0.04217730172615667,0.7595092189697897,0.7514436725725748,0.8096594468787813,0.9137672156050102,1.012829195542009,1.3522813468344108,1.9066145881985122,3.774138517480023,8509.269993,31710,8806491,,,,,ok,,,/home/29d_kon@lab.graphicon.ru/ssd1_link/projects/REPROJECTING/outputs/MeshMamba_reference_batch_20260601/non_texture/baseline_cone/StandingBaby_v2_L1/recenter_rotx90p0_horizontaltovertical_blender_rig/StandingBaby_v2_L1_report.json,/home/29d_kon@lab.graphicon.ru/ssd1_link/projects/REPROJECTING/outputs/MeshMamba_reference_batch_20260601/_logs/non_texture/cone/StandingBaby_v2_L1.log,StandingBaby.csv,32868,35,35,21682,510,horizontal_to_vertical,json_camera_static.fov_degrees,60.000001669652114,35.98339890412515,0.653223053061805,0.6730325698243479,0.3648557979475591,0.041390913411211705,0.1516684875849008,0.2380932673601598,0.8191521143438638,0.8476519489879268,0.8981396512165761,0.9775286256912561,1.9756551485742635,2.866963609465247,4.261874144749877,8312599.791235326,8509.269993,,,0.904713587307444,19616,21682,32868
non_texture,Starfruit_L3,ok,,,/home/29d_kon@lab.graphicon.ru/ssd1_link/projects/REPROJECTING/outputs/MeshMamba_reference_batch_20260601/non_texture/baseline_screen_space/Starfruit_L3/sigma0p05_recenter_rotx90p0_horizontaltovertical_blender_rig/Starfruit_L3_report.json,/home/29d_kon@lab.graphicon.ru/ssd1_link/projects/REPROJECTING/outputs/MeshMamba_reference_batch_20260601/_logs/non_texture/screen_space/Starfruit_L3.log,Starfruit-L3.csv,32868,36,36,21592,510,horizontal_to_vertical,json_camera_static.fov_degrees,60.000001669652114,35.98339890412515,-0.2186032490665682,0.6678434406433291,0.7066067541065673,0.06534614239049426,0.21046174219549987,-0.34531425368369795,0.7443891108699102,0.43386063647877804,0.4429460103993871,0.35240587142985114,0.03159698573801231,0.026782377513533087,-0.4753570661349195,3.0391838184602564,10666.68505,32363,8949606,,,,,ok,,,/home/29d_kon@lab.graphicon.ru/ssd1_link/projects/REPROJECTING/outputs/MeshMamba_reference_batch_20260601/non_texture/baseline_cone/Starfruit_L3/recenter_rotx90p0_horizontaltovertical_blender_rig/Starfruit_L3_report.json,/home/29d_kon@lab.graphicon.ru/ssd1_link/projects/REPROJECTING/outputs/MeshMamba_reference_batch_20260601/_logs/non_texture/cone/Starfruit_L3.log,Starfruit-L3.csv,32868,36,36,21592,510,horizontal_to_vertical,json_camera_static.fov_degrees,60.000001669652114,35.98339890412515,0.06408133440336974,0.5993049736548154,0.4846043256834548,0.0894027723047233,0.24294356829808897,-0.14711735854897567,0.6466192521027784,0.4566796204986371,0.4306979903630185,0.28239930180580125,0.3663962396461966,0.3400754803406317,-0.49172388977218867,5855234.520193255,10666.68505,,,0.9428492034086698,20358,21592,32868
non_texture,Statue_v1_L2_David,ok,,,/home/29d_kon@lab.graphicon.ru/ssd1_link/projects/REPROJECTING/outputs/MeshMamba_reference_batch_20260601/non_texture/baseline_screen_space/Statue_v1_L2_David/sigma0p05_recenter_rotx90p0_horizontaltovertical_blender_rig/Statue_v1_L2_David_report.json,/home/29d_kon@lab.graphicon.ru/ssd1_link/projects/REPROJECTING/outputs/MeshMamba_reference_batch_20260601/_logs/non_texture/screen_space/Statue_v1_L2_David.log,Statue_v1_L2_David.csv,32868,36,36,22085,510,horizontal_to_vertical,json_camera_static.fov_degrees,60.000001669652114,35.98339890412515,0.28690382281678806,0.5945326321144518,0.9848601946821609,0.07141015226952835,0.22525368997752918,0.25116721814618265,0.6919227929258479,0.7443053881836743,0.7133566075880242,0.7061473858211391,0.6840714624835101,0.576570685535888,0.505530787055246,4.1273764191545155,6215.5208569999995,31165,8147593,,,,,ok,,,/home/29d_kon@lab.graphicon.ru/ssd1_link/projects/REPROJECTING/outputs/MeshMamba_reference_batch_20260601/non_texture/baseline_cone/Statue_v1_L2_David/recenter_rotx90p0_horizontaltovertical_blender_rig/Statue_v1_L2_David_report.json,/home/29d_kon@lab.graphicon.ru/ssd1_link/projects/REPROJECTING/outputs/MeshMamba_reference_batch_20260601/_logs/non_texture/cone/Statue_v1_L2_David.log,Statue_v1_L2_David.csv,32868,36,36,22085,510,horizontal_to_vertical,json_camera_static.fov_degrees,60.000001669652114,35.98339890412515,0.7716698143300245,0.711335606266912,0.305761920006269,0.03545716741501845,0.15223404105255814,0.5707822258067659,0.8764475687435361,0.9776605406406956,0.9613284676208269,0.9381745879693024,2.0687879129732174,2.1555678532617844,2.1164788954916425,13223995.09043224,6215.5208569999995,,,0.8549694362689608,18882,22085,32868
non_texture,Statue_v1_L2_Venus,ok,,,/home/29d_kon@lab.graphicon.ru/ssd1_link/projects/REPROJECTING/outputs/MeshMamba_reference_batch_20260601/non_texture/baseline_screen_space/Statue_v1_L2_Venus/sigma0p05_recenter_rotx90p0_horizontaltovertical_blender_rig/Statue_v1_L2_Venus_report.json,/home/29d_kon@lab.graphicon.ru/ssd1_link/projects/REPROJECTING/outputs/MeshMamba_reference_batch_20260601/_logs/non_texture/screen_space/Statue_v1_L2_Venus.log,Statue_v1_L2_Venus.csv,32868,35,35,19359,510,horizontal_to_vertical,json_camera_static.fov_degrees,60.000001669652114,35.98339890412515,0.49300242689168927,0.569102582153712,0.7871991247434001,0.06881618586518674,0.21808145111898905,0.6457329252852033,0.7100626551211588,0.8134675296173624,0.8288306187049329,0.8630281025406874,0.8604813273256876,0.9781573804441793,1.1629527457896824,4.247678929357003,6256.65759,31067,8555949,,,,,ok,,,/home/29d_kon@lab.graphicon.ru/ssd1_link/projects/REPROJECTING/outputs/MeshMamba_reference_batch_20260601/non_texture/baseline_cone/Statue_v1_L2_Venus/recenter_rotx90p0_horizontaltovertical_blender_rig/Statue_v1_L2_Venus_report.json,/home/29d_kon@lab.graphicon.ru/ssd1_link/projects/REPROJECTING/outputs/MeshMamba_reference_batch_20260601/_logs/non_texture/cone/Statue_v1_L2_Venus.log,Statue_v1_L2_Venus.csv,32868,35,35,19359,510,horizontal_to_vertical,json_camera_static.fov_degrees,60.000001669652114,35.98339890412515,0.6950601420129384,0.646159023444602,0.37825371205791525,0.048735818011322554,0.15934904388814214,0.7415965432755289,0.8146532794928735,0.9344852768584231,0.946138768964294,0.9463263676760673,1.723148793675701,1.9937305962322378,2.113883144088137,13965794.68238151,6256.65759,,,0.898186889818689,17388,19359,32868
non_texture,Statue_v1_L3_eagle,ok,,,/home/29d_kon@lab.graphicon.ru/ssd1_link/projects/REPROJECTING/outputs/MeshMamba_reference_batch_20260601/non_texture/baseline_screen_space/Statue_v1_L3_eagle/sigma0p05_recenter_rotx90p0_horizontaltovertical_blender_rig/Statue_v1_L3_eagle_report.json,/home/29d_kon@lab.graphicon.ru/ssd1_link/projects/REPROJECTING/outputs/MeshMamba_reference_batch_20260601/_logs/non_texture/screen_space/Statue_v1_L3_eagle.log,Statue_v1_l3_eagle.csv,32868,35,35,25405,510,horizontal_to_vertical,json_camera_static.fov_degrees,60.000001669652114,35.98339890412515,0.20470208307869664,0.6630808864531677,0.7913783322039933,0.14783337954237413,0.3285147506903665,0.2850864412953825,0.7256863987103633,0.6209141710251177,0.6075208442036913,0.3885264266933923,0.3304052222142017,0.2810384363785223,-0.4338790587240402,3.5054166160323987,5575.5405470000005,31496,7703484,,,,,ok,,,/home/29d_kon@lab.graphicon.ru/ssd1_link/projects/REPROJECTING/outputs/MeshMamba_reference_batch_20260601/non_texture/baseline_cone/Statue_v1_L3_eagle/recenter_rotx90p0_horizontaltovertical_blender_rig/Statue_v1_L3_eagle_report.json,/home/29d_kon@lab.graphicon.ru/ssd1_link/projects/REPROJECTING/outputs/MeshMamba_reference_batch_20260601/_logs/non_texture/cone/Statue_v1_L3_eagle.log,Statue_v1_l3_eagle.csv,32868,35,35,25405,510,horizontal_to_vertical,json_camera_static.fov_degrees,60.000001669652114,35.98339890412515,0.4429806603249128,0.6763669820080555,0.5028775490454511,0.030659291341542987,0.10871772690439233,0.474581264021099,0.7256874886934902,0.7068309918262414,0.6262733903610237,0.13785117900604849,1.2824675457803048,1.1669175793792326,-0.7603884895846048,8073624.7442030115,5575.5405470000005,,,0.9071442629403661,23046,25405,32796
non_texture,Statue_willendorf_V1_L3,ok,,,/home/29d_kon@lab.graphicon.ru/ssd1_link/projects/REPROJECTING/outputs/MeshMamba_reference_batch_20260601/non_texture/baseline_screen_space/Statue_willendorf_V1_L3/sigma0p05_recenter_rotx90p0_horizontaltovertical_blender_rig/Statue_willendorf_V1_L3_report.json,/home/29d_kon@lab.graphicon.ru/ssd1_link/projects/REPROJECTING/outputs/MeshMamba_reference_batch_20260601/_logs/non_texture/screen_space/Statue_willendorf_V1_L3.log,Statue_willendorf_V1_L3.csv,32868,37,37,26068,510,horizontal_to_vertical,json_camera_static.fov_degrees,60.000001669652114,35.98339890412515,0.1262555111779301,0.6478755190784102,0.9557138815744488,0.0802433264266807,0.2346405197655973,0.13743187028539167,0.7331707339272913,0.5758322090807534,0.587009735165351,0.6284195696517931,0.19618426657309035,0.18324022381200017,0.23821906565039166,3.1472292057658495,6551.697971,32235,9014069,,,,,ok,,,/home/29d_kon@lab.graphicon.ru/ssd1_link/projects/REPROJECTING/outputs/MeshMamba_reference_batch_20260601/non_texture/baseline_cone/Statue_willendorf_V1_L3/recenter_rotx90p0_horizontaltovertical_blender_rig/Statue_willendorf_V1_L3_report.json,/home/29d_kon@lab.graphicon.ru/ssd1_link/projects/REPROJECTING/outputs/MeshMamba_reference_batch_20260601/_logs/non_texture/cone/Statue_willendorf_V1_L3.log,Statue_willendorf_V1_L3.csv,32868,37,37,26068,510,horizontal_to_vertical,json_camera_static.fov_degrees,60.000001669652114,35.98339890412515,0.01949576747676065,0.554465580319226,0.7524252658869087,0.05535278481369496,0.18603111788645255,-0.03849231502183618,0.6146747408167554,0.5085393555732823,0.5372149531086263,0.6854443360975947,-0.004077341346878494,0.015137596510698284,0.2752139977087052,5597478.427007968,6551.697971,,,0.9602577873254565,25032,26068,32868
non_texture,Stone_Chess_Bishop_Side_A_v2_L1,ok,,,/home/29d_kon@lab.graphicon.ru/ssd1_link/projects/REPROJECTING/outputs/MeshMamba_reference_batch_20260601/non_texture/baseline_screen_space/Stone_Chess_Bishop_Side_A_v2_L1/sigma0p05_recenter_rotx90p0_horizontaltovertical_blender_rig/Stone_Chess_Bishop_Side_A_v2_L1_report.json,/home/29d_kon@lab.graphicon.ru/ssd1_link/projects/REPROJECTING/outputs/MeshMamba_reference_batch_20260601/_logs/non_texture/screen_space/Stone_Chess_Bishop_Side_A_v2_L1.log,Stone_Chess_Bishop_V2_l1.csv,32868,35,35,21125,510,horizontal_to_vertical,json_camera_static.fov_degrees,60.000001669652114,35.98339890412515,0.5388318626171966,0.6536030880327748,0.8821630219593959,0.0494233778692723,0.1809018373892253,0.5923368468691065,0.772132977658476,0.8439487315934825,0.8457191030139023,0.9315911857372743,1.1568704222378774,1.274735981479252,1.5453508977826107,4.321913252223074,5285.834689,30984,8548423,,,,,ok,,,/home/29d_kon@lab.graphicon.ru/ssd1_link/projects/REPROJECTING/outputs/MeshMamba_reference_batch_20260601/non_texture/baseline_cone/Stone_Chess_Bishop_Side_A_v2_L1/recenter_rotx90p0_horizontaltovertical_blender_rig/Stone_Chess_Bishop_Side_A_v2_L1_report.json,/home/29d_kon@lab.graphicon.ru/ssd1_link/projects/REPROJECTING/outputs/MeshMamba_reference_batch_20260601/_logs/non_texture/cone/Stone_Chess_Bishop_Side_A_v2_L1.log,Stone_Chess_Bishop_V2_l1.csv,32868,35,35,21125,510,horizontal_to_vertical,json_camera_static.fov_degrees,60.000001669652114,35.98339890412515,0.761436165043178,0.7189982876111913,0.30908360118613676,0.015535824874603187,0.09199157418058156,0.6650846004058112,0.8688490830879735,0.9437711761861464,0.9817834813260496,0.9698357762128046,2.0119136663514237,2.7002694150277162,2.7464421318008174,9875605.028324869,5285.834689,,,0.9575384615384616,20228,21125,32812
non_texture,Stone_Chess_Knight_Side_A_v2_L1,ok,,,/home/29d_kon@lab.graphicon.ru/ssd1_link/projects/REPROJECTING/outputs/MeshMamba_reference_batch_20260601/non_texture/baseline_screen_space/Stone_Chess_Knight_Side_A_v2_L1/sigma0p05_recenter_rotx90p0_horizontaltovertical_blender_rig/Stone_Chess_Knight_Side_A_v2_L1_report.json,/home/29d_kon@lab.graphicon.ru/ssd1_link/projects/REPROJECTING/outputs/MeshMamba_reference_batch_20260601/_logs/non_texture/screen_space/Stone_Chess_Knight_Side_A_v2_L1.log,Stone_Chess_Knight_Side_A_v2_l1.csv,32868,36,36,22659,510,horizontal_to_vertical,json_camera_static.fov_degrees,60.000001669652114,35.98339890412515,0.31034477444121067,0.6470912240339373,1.0666934812902724,0.05441934908352043,0.19419402591718254,0.33171599950724834,0.7406423293140807,0.7000141474970362,0.7518338274475995,0.8551079831160756,0.6136435864661773,0.8025459179176444,1.2824283873078035,3.5841570783819767,5938.732939,31265,8828065,,,,,ok,,,/home/29d_kon@lab.graphicon.ru/ssd1_link/projects/REPROJECTING/outputs/MeshMamba_reference_batch_20260601/non_texture/baseline_cone/Stone_Chess_Knight_Side_A_v2_L1/recenter_rotx90p0_horizontaltovertical_blender_rig/Stone_Chess_Knight_Side_A_v2_L1_report.json,/home/29d_kon@lab.graphicon.ru/ssd1_link/projects/REPROJECTING/outputs/MeshMamba_reference_batch_20260601/_logs/non_texture/cone/Stone_Chess_Knight_Side_A_v2_L1.log,Stone_Chess_Knight_Side_A_v2_l1.csv,32868,36,36,22659,510,horizontal_to_vertical,json_camera_static.fov_degrees,60.000001669652114,35.98339890412515,0.4153065563220273,0.6480498678525911,0.6057275584863139,0.032359850237662274,0.1327052913565791,0.42575551323521504,0.7431394995357945,0.7436533136310548,0.8061608572200685,0.8771313563307851,0.8259529401338993,1.1967398041535913,1.4398553196356534,5530543.90615439,5938.732939,,,0.9299616046603998,21072,22659,32868
non_texture,TomatoBeefSteak_V1_L3,ok,,,/home/29d_kon@lab.graphicon.ru/ssd1_link/projects/REPROJECTING/outputs/MeshMamba_reference_batch_20260601/non_texture/baseline_screen_space/TomatoBeefSteak_V1_L3/sigma0p05_recenter_rotx90p0_horizontaltovertical_blender_rig/TomatoBeefSteak_V1_L3_report.json,/home/29d_kon@lab.graphicon.ru/ssd1_link/projects/REPROJECTING/outputs/MeshMamba_reference_batch_20260601/_logs/non_texture/screen_space/TomatoBeefSteak_V1_L3.log,TomatoBeefSteak_v1.csv,32868,35,35,25009,510,horizontal_to_vertical,json_camera_static.fov_degrees,60.000001669652114,35.98339890412515,0.4400496205212648,0.5937429415329655,2.153226644192866,0.08405110759744631,0.21188538405156934,0.42999018459077115,0.7068450024131344,0.6857453538775368,0.635558468343959,0.6827128932304849,0.4875041944596819,0.29875500545894584,0.5299252434470798,3.209198887889066,7835.041499,28246,8833205,,,,,ok,,,/home/29d_kon@lab.graphicon.ru/ssd1_link/projects/REPROJECTING/outputs/MeshMamba_reference_batch_20260601/non_texture/baseline_cone/TomatoBeefSteak_V1_L3/recenter_rotx90p0_horizontaltovertical_blender_rig/TomatoBeefSteak_V1_L3_report.json,/home/29d_kon@lab.graphicon.ru/ssd1_link/projects/REPROJECTING/outputs/MeshMamba_reference_batch_20260601/_logs/non_texture/cone/TomatoBeefSteak_V1_L3.log,TomatoBeefSteak_v1.csv,32868,35,35,25009,510,horizontal_to_vertical,json_camera_static.fov_degrees,60.000001669652114,35.98339890412515,0.5184851651801012,0.6282684037919599,1.6277871945932267,0.059318541774131504,0.165856960945792,0.5373256695384947,0.7345204983670426,0.713672683751288,0.623341510647808,0.7031143175302099,0.5270512852582683,0.20630722005227095,0.5136493543922279,4875413.065612787,7835.041499,,,0.9193090487424527,22991,25009,28749
non_texture,Tricorn_Hat_v1_L2,ok,,,/home/29d_kon@lab.graphicon.ru/ssd1_link/projects/REPROJECTING/outputs/MeshMamba_reference_batch_20260601/non_texture/baseline_screen_space/Tricorn_Hat_v1_L2/sigma0p05_recenter_rotx90p0_horizontaltovertical_blender_rig/Tricorn_Hat_v1_L2_report.json,/home/29d_kon@lab.graphicon.ru/ssd1_link/projects/REPROJECTING/outputs/MeshMamba_reference_batch_20260601/_logs/non_texture/screen_space/Tricorn_Hat_v1_L2.log,Tricorn_Hat_v1_l2.csv,32868,35,35,20957,510,horizontal_to_vertical,json_camera_static.fov_degrees,60.000001669652114,35.98339890412515,-0.010451162703019767,0.5750934617197171,3.35138781652322,0.0971682940498672,0.24667765684617646,-0.05015263256054189,0.6293568325039449,0.5162081093934331,0.5331424747823279,0.5557354088350934,0.08795000589363906,0.14896175404065112,0.199795866690782,2.7749965594499186,8102.453899,28682,8422688,,,,,ok,,,/home/29d_kon@lab.graphicon.ru/ssd1_link/projects/REPROJECTING/outputs/MeshMamba_reference_batch_20260601/non_texture/baseline_cone/Tricorn_Hat_v1_L2/recenter_rotx90p0_horizontaltovertical_blender_rig/Tricorn_Hat_v1_L2_report.json,/home/29d_kon@lab.graphicon.ru/ssd1_link/projects/REPROJECTING/outputs/MeshMamba_reference_batch_20260601/_logs/non_texture/cone/Tricorn_Hat_v1_L2.log,Tricorn_Hat_v1_l2.csv,32868,35,35,20957,510,horizontal_to_vertical,json_camera_static.fov_degrees,60.000001669652114,35.98339890412515,-0.08282400172870574,0.5799309589233731,0.6000477853090807,0.07169582584925065,0.21241059756602543,-0.0812847466769515,0.6335137113759944,0.5310870369629689,0.5780528036796201,0.5135286335378141,0.009896717187520136,0.10951784251343025,-0.06677179842945813,2999518.684218809,8102.453899,,,0.9289974710120723,19469,20957,32868
non_texture,UFO_v1_L2,ok,,,/home/29d_kon@lab.graphicon.ru/ssd1_link/projects/REPROJECTING/outputs/MeshMamba_reference_batch_20260601/non_texture/baseline_screen_space/UFO_v1_L2/sigma0p05_recenter_rotx90p0_horizontaltovertical_blender_rig/UFO_v1_L2_report.json,/home/29d_kon@lab.graphicon.ru/ssd1_link/projects/REPROJECTING/outputs/MeshMamba_reference_batch_20260601/_logs/non_texture/screen_space/UFO_v1_L2.log,UFO_V1_l2.csv,32868,35,35,21228,510,horizontal_to_vertical,json_camera_static.fov_degrees,60.000001669652114,35.98339890412515,-0.07113497898720952,0.45325016979245797,5.4677014889194275,0.149573845741386,0.2992275403596445,-0.09543851200992466,0.4879785562501132,0.5193455811754449,0.5120828120236913,0.48964660691014594,0.00921864686538836,-0.01881004876164368,-0.08102397827643691,3.2893095876845297,5251.1876010000005,22258,9285393,,,,,ok,,,/home/29d_kon@lab.graphicon.ru/ssd1_link/projects/REPROJECTING/outputs/MeshMamba_reference_batch_20260601/non_texture/baseline_cone/UFO_v1_L2/recenter_rotx90p0_horizontaltovertical_blender_rig/UFO_v1_L2_report.json,/home/29d_kon@lab.graphicon.ru/ssd1_link/projects/REPROJECTING/outputs/MeshMamba_reference_batch_20260601/_logs/non_texture/cone/UFO_v1_L2.log,UFO_V1_l2.csv,32868,35,35,21228,510,horizontal_to_vertical,json_camera_static.fov_degrees,60.000001669652114,35.98339890412515,0.21685804126106722,0.5714196233510239,1.357399082048067,0.06813869206752841,0.1961508852431514,0.14970095503737574,0.6419669951865532,0.7713051087613518,0.7281174043860453,0.6719766535009519,0.8437020004261621,0.7335129620433779,0.31758802566480593,5750528.9110217225,5251.1876010000005,,,0.9044186922931977,19199,21228,31185
non_texture,Volto_Mask_v1_L2,ok,,,/home/29d_kon@lab.graphicon.ru/ssd1_link/projects/REPROJECTING/outputs/MeshMamba_reference_batch_20260601/non_texture/baseline_screen_space/Volto_Mask_v1_L2/sigma0p05_recenter_rotx90p0_horizontaltovertical_blender_rig/Volto_Mask_v1_L2_report.json,/home/29d_kon@lab.graphicon.ru/ssd1_link/projects/REPROJECTING/outputs/MeshMamba_reference_batch_20260601/_logs/non_texture/screen_space/Volto_Mask_v1_L2.log,Volto_Mask_L2.csv,32868,36,36,23037,510,horizontal_to_vertical,json_camera_static.fov_degrees,60.000001669652114,35.98339890412515,0.13032408740716023,0.6692128840123547,0.9259663548145132,0.040933271238667204,0.1606166988670806,0.040532289334103216,0.745766140692783,0.5548961452256409,0.5885749108708567,0.6167227804539627,0.31509357880186506,0.5659399682183832,1.1566294308044323,3.421467489062529,6551.343242999999,32254,8461952,,,,,ok,,,/home/29d_kon@lab.graphicon.ru/ssd1_link/projects/REPROJECTING/outputs/MeshMamba_reference_batch_20260601/non_texture/baseline_cone/Volto_Mask_v1_L2/recenter_rotx90p0_horizontaltovertical_blender_rig/Volto_Mask_v1_L2_report.json,/home/29d_kon@lab.graphicon.ru/ssd1_link/projects/REPROJECTING/outputs/MeshMamba_reference_batch_20260601/_logs/non_texture/cone/Volto_Mask_v1_L2.log,Volto_Mask_L2.csv,32868,36,36,23037,510,horizontal_to_vertical,json_camera_static.fov_degrees,60.000001669652114,35.98339890412515,0.2409422426969127,0.5975483263936715,0.578319570789878,0.03513351926829304,0.14344574649107328,0.027601755436112402,0.673117890783145,0.6093592213331174,0.695057119640329,0.8029781610676028,0.5962357066741321,0.9182260814677664,1.0331117503760516,7248206.641134147,6551.343242999999,,,0.8953856838998133,20627,23037,32868
non_texture,WWII_Plane-Germany_Focke-Wulf_Fw_190_v1,ok,,,/home/29d_kon@lab.graphicon.ru/ssd1_link/projects/REPROJECTING/outputs/MeshMamba_reference_batch_20260601/non_texture/baseline_screen_space/WWII_Plane-Germany_Focke-Wulf_Fw_190_v1/sigma0p05_recenter_rotx90p0_horizontaltovertical_blender_rig/WWII_Plane-Germany_Focke-Wulf_Fw_190_v1_report.json,/home/29d_kon@lab.graphicon.ru/ssd1_link/projects/REPROJECTING/outputs/MeshMamba_reference_batch_20260601/_logs/non_texture/screen_space/WWII_Plane-Germany_Focke-Wulf_Fw_190_v1.log,WWII_Plane-Germany_Focke-Wulf_FW_190_v1_l3.csv,32868,35,35,23967,510,horizontal_to_vertical,json_camera_static.fov_degrees,60.000001669652114,35.98339890412515,0.1341888413097036,0.5534078416996351,3.2914207040734667,0.12392395388807294,0.28219705423333263,0.18015710303502527,0.6172737438752595,0.5881909897527263,0.5966222875534636,0.6234160344972052,0.1978816971377376,0.2091973581971045,0.27274262763904367,4.183933475579668,6027.774467,25766,8800724,,,,,ok,,,/home/29d_kon@lab.graphicon.ru/ssd1_link/projects/REPROJECTING/outputs/MeshMamba_reference_batch_20260601/non_texture/baseline_cone/WWII_Plane-Germany_Focke-Wulf_Fw_190_v1/recenter_rotx90p0_horizontaltovertical_blender_rig/WWII_Plane-Germany_Focke-Wulf_Fw_190_v1_report.json,/home/29d_kon@lab.graphicon.ru/ssd1_link/projects/REPROJECTING/outputs/MeshMamba_reference_batch_20260601/_logs/non_texture/cone/WWII_Plane-Germany_Focke-Wulf_Fw_190_v1.log,WWII_Plane-Germany_Focke-Wulf_FW_190_v1_l3.csv,32868,35,35,23967,510,horizontal_to_vertical,json_camera_static.fov_degrees,60.000001669652114,35.98339890412515,0.6250264391028116,0.6992271491400166,0.3397246107139961,0.03886195970311294,0.15841000503821598,0.4711683363631239,0.8276468911939124,0.8966360504894969,0.9521840224594843,0.9562753360918966,1.6670163892320127,2.14476855502958,2.2149025831971296,11667621.601442305,6027.774467,,,0.8272624859181374,19827,23967,32868
non_texture,Watermelon_V1_L3,ok,,,/home/29d_kon@lab.graphicon.ru/ssd1_link/projects/REPROJECTING/outputs/MeshMamba_reference_batch_20260601/non_texture/baseline_screen_space/Watermelon_V1_L3/sigma0p05_recenter_rotx90p0_horizontaltovertical_blender_rig/Watermelon_V1_L3_report.json,/home/29d_kon@lab.graphicon.ru/ssd1_link/projects/REPROJECTING/outputs/MeshMamba_reference_batch_20260601/_logs/non_texture/screen_space/Watermelon_V1_L3.log,Watermelon_v1-L3.csv,32868,35,35,24859,510,horizontal_to_vertical,json_camera_static.fov_degrees,60.000001669652114,35.98339890412515,0.812055150513703,0.47459158405815927,1.0703460955702881,0.040117891730139695,0.14625489405793654,0.41272519359433196,0.8112509464096799,0.9616312547458934,0.927615766585439,0.8820815068679333,2.0283289995945437,1.9677323495750914,1.476855073070139,1.8415758966401428,4276.270909,29066,9911584,,,,,ok,,,/home/29d_kon@lab.graphicon.ru/ssd1_link/projects/REPROJECTING/outputs/MeshMamba_reference_batch_20260601/non_texture/baseline_cone/Watermelon_V1_L3/recenter_rotx90p0_horizontaltovertical_blender_rig/Watermelon_V1_L3_report.json,/home/29d_kon@lab.graphicon.ru/ssd1_link/projects/REPROJECTING/outputs/MeshMamba_reference_batch_20260601/_logs/non_texture/cone/Watermelon_V1_L3.log,Watermelon_v1-L3.csv,32868,35,35,24859,510,horizontal_to_vertical,json_camera_static.fov_degrees,60.000001669652114,35.98339890412515,0.9899695433131133,0.8889307801665179,0.4006057812918499,0.0030230446424473205,0.03156741157884535,0.46294581919000644,0.9911833342722349,0.998517978721716,0.9791429875982852,0.9642236190548429,2.750719849705048,2.822667052666939,2.8519646514221964,9908277.299286516,4276.270909,,,0.9096504284162678,22613,24859,29204
non_texture,Whale_v4_L3,ok,,,/home/29d_kon@lab.graphicon.ru/ssd1_link/projects/REPROJECTING/outputs/MeshMamba_reference_batch_20260601/non_texture/baseline_screen_space/Whale_v4_L3/sigma0p05_recenter_rotx90p0_horizontaltovertical_blender_rig/Whale_v4_L3_report.json,/home/29d_kon@lab.graphicon.ru/ssd1_link/projects/REPROJECTING/outputs/MeshMamba_reference_batch_20260601/_logs/non_texture/screen_space/Whale_v4_L3.log,Whale_v2_L3.csv,32868,36,36,21881,510,horizontal_to_vertical,json_camera_static.fov_degrees,60.000001669652114,35.98339890412515,0.03011629347776038,0.6789976909877918,2.0558894887717094,0.07511979274432183,0.2273212456374293,0.035857901175766455,0.7701831500750782,0.4983814506444007,0.48682088899424164,0.5638753719992404,-0.037243655360766396,-0.08527879082630961,0.14853562688202912,3.9623835175321256,11989.325719,28958,8818634,,,,,ok,,,/home/29d_kon@lab.graphicon.ru/ssd1_link/projects/REPROJECTING/outputs/MeshMamba_reference_batch_20260601/non_texture/baseline_cone/Whale_v4_L3/recenter_rotx90p0_horizontaltovertical_blender_rig/Whale_v4_L3_report.json,/home/29d_kon@lab.graphicon.ru/ssd1_link/projects/REPROJECTING/outputs/MeshMamba_reference_batch_20260601/_logs/non_texture/cone/Whale_v4_L3.log,Whale_v2_L3.csv,32868,36,36,21881,510,horizontal_to_vertical,json_camera_static.fov_degrees,60.000001669652114,35.98339890412515,0.26551287260347034,0.6858823480605778,0.4244090797413816,0.07095007275632217,0.2206369213274612,0.3253274797047945,0.7641519791981464,0.6544948174713195,0.6143883000193875,0.44661141257565967,0.30105682561124386,0.18513685215484343,-0.29862928950077966,8655294.358258776,11989.325719,,,0.8321374708651341,18208,21881,32868
non_texture,White-TailedDeer_V1_L2,ok,,,/home/29d_kon@lab.graphicon.ru/ssd1_link/projects/REPROJECTING/outputs/MeshMamba_reference_batch_20260601/non_texture/baseline_screen_space/White-TailedDeer_V1_L2/sigma0p05_recenter_rotx90p0_horizontaltovertical_blender_rig/White-TailedDeer_V1_L2_report.json,/home/29d_kon@lab.graphicon.ru/ssd1_link/projects/REPROJECTING/outputs/MeshMamba_reference_batch_20260601/_logs/non_texture/screen_space/White-TailedDeer_V1_L2.log,White-Tailed_Deer_v1_l2.csv,32868,35,35,28047,510,horizontal_to_vertical,json_camera_static.fov_degrees,60.000001669652114,35.98339890412515,-0.18372953578662443,0.45004197525233247,2.5352966773839327,0.0791632172484567,0.21828152643299542,-0.23271356989099334,0.4354365386970438,0.31177171719729363,0.18442673744945087,0.22834408389614486,-0.44962426910421965,-0.8579991087984717,-0.7897519154194723,2.718360381254463,5455.065788,30622,8978144,,,,,ok,,,/home/29d_kon@lab.graphicon.ru/ssd1_link/projects/REPROJECTING/outputs/MeshMamba_reference_batch_20260601/non_texture/baseline_cone/White-TailedDeer_V1_L2/recenter_rotx90p0_horizontaltovertical_blender_rig/White-TailedDeer_V1_L2_report.json,/home/29d_kon@lab.graphicon.ru/ssd1_link/projects/REPROJECTING/outputs/MeshMamba_reference_batch_20260601/_logs/non_texture/cone/White-TailedDeer_V1_L2.log,White-Tailed_Deer_v1_l2.csv,32868,35,35,28047,510,horizontal_to_vertical,json_camera_static.fov_degrees,60.000001669652114,35.98339890412515,0.04174111813764109,0.4544782294342869,0.9960839532886985,0.06230340128825245,0.16009587651009838,0.2629516911237702,0.4267375832765066,0.640551685740196,0.6247003151390813,0.6767697327621164,-0.07061957437055899,-0.3642557677445089,-0.30917562768924867,9450673.389467882,5455.065788,,,0.8398759225585624,23556,28047,32868
non_texture,Wicker_Basket_v1_L3,ok,,,/home/29d_kon@lab.graphicon.ru/ssd1_link/projects/REPROJECTING/outputs/MeshMamba_reference_batch_20260601/non_texture/baseline_screen_space/Wicker_Basket_v1_L3/sigma0p05_recenter_rotx90p0_horizontaltovertical_blender_rig/Wicker_Basket_v1_L3_report.json,/home/29d_kon@lab.graphicon.ru/ssd1_link/projects/REPROJECTING/outputs/MeshMamba_reference_batch_20260601/_logs/non_texture/screen_space/Wicker_Basket_v1_L3.log,Wicker_Basket_v1_L3.csv,32868,35,35,23053,510,horizontal_to_vertical,json_camera_static.fov_degrees,60.000001669652114,35.98339890412515,0.11959777489214699,0.6102707249239845,1.1646743013991219,0.07639250302163586,0.2241242150071544,0.03251350484665002,0.6879411445450976,0.6319999629342983,0.6553222207884261,0.8527174451682065,0.3958439160097095,0.526857528169641,1.395127672221372,2.534257196186399,6716.343569000001,31357,8487836,,,,,ok,,,/home/29d_kon@lab.graphicon.ru/ssd1_link/projects/REPROJECTING/outputs/MeshMamba_reference_batch_20260601/non_texture/baseline_cone/Wicker_Basket_v1_L3/recenter_rotx90p0_horizontaltovertical_blender_rig/Wicker_Basket_v1_L3_report.json,/home/29d_kon@lab.graphicon.ru/ssd1_link/projects/REPROJECTING/outputs/MeshMamba_reference_batch_20260601/_logs/non_texture/cone/Wicker_Basket_v1_L3.log,Wicker_Basket_v1_L3.csv,32868,35,35,23053,510,horizontal_to_vertical,json_camera_static.fov_degrees,60.000001669652114,35.98339890412515,0.34963348182838544,0.6639355251178171,0.3711642800149131,0.07768257051142809,0.2235126841604933,0.24983889007090626,0.7632680113463335,0.7779330558253178,0.7790858831530802,0.8367296630062162,0.946142953445851,0.9806830952431688,1.1201277949335084,4774434.003127203,6716.343569000001,,,0.8910770832429619,20542,23053,32868
non_texture,ball_car_v1_L3,ok,,,/home/29d_kon@lab.graphicon.ru/ssd1_link/projects/REPROJECTING/outputs/MeshMamba_reference_batch_20260601/non_texture/baseline_screen_space/ball_car_v1_L3/sigma0p05_recenter_rotx90p0_horizontaltovertical_blender_rig/ball_car_v1_L3_report.json,/home/29d_kon@lab.graphicon.ru/ssd1_link/projects/REPROJECTING/outputs/MeshMamba_reference_batch_20260601/_logs/non_texture/screen_space/ball_car_v1_L3.log,ball_car_v1_L3.csv,32868,36,36,23557,510,horizontal_to_vertical,json_camera_static.fov_degrees,60.000001669652114,35.98339890412515,0.054237754131574896,0.6153924357656992,3.367165186212161,0.15291552867522576,0.3253452297532317,0.0909626096811675,0.6530099777594311,0.5537160644036931,0.5118333879578564,0.33581161572678137,0.1576114583822895,-0.013865659334793985,-0.7516971087629578,1.0877993221819342,4009.4820019999997,28134,10341402,,,,,ok,,,/home/29d_kon@lab.graphicon.ru/ssd1_link/projects/REPROJECTING/outputs/MeshMamba_reference_batch_20260601/non_texture/baseline_cone/ball_car_v1_L3/recenter_rotx90p0_horizontaltovertical_blender_rig/ball_car_v1_L3_report.json,/home/29d_kon@lab.graphicon.ru/ssd1_link/projects/REPROJECTING/outputs/MeshMamba_reference_batch_20260601/_logs/non_texture/cone/ball_car_v1_L3.log,ball_car_v1_L3.csv,32868,36,36,23557,510,horizontal_to_vertical,json_camera_static.fov_degrees,60.000001669652114,35.98339890412515,0.04431504889420895,0.5813650371281334,3.180790059849775,0.07031351407082533,0.20026849286351148,0.07807750468676672,0.6112616795700347,0.5361560647875144,0.49120126339274867,0.3513305193459222,0.1268869498812908,0.013243053640671939,-0.5665910271767488,1386219.6175190397,4009.4820019999997,,,0.8813091650040328,20761,23557,29430
non_texture,barbiegirl_V1_L3,ok,,,/home/29d_kon@lab.graphicon.ru/ssd1_link/projects/REPROJECTING/outputs/MeshMamba_reference_batch_20260601/non_texture/baseline_screen_space/barbiegirl_V1_L3/sigma0p05_recenter_rotx90p0_horizontaltovertical_blender_rig/barbiegirl_V1_L3_report.json,/home/29d_kon@lab.graphicon.ru/ssd1_link/projects/REPROJECTING/outputs/MeshMamba_reference_batch_20260601/_logs/non_texture/screen_space/barbiegirl_V1_L3.log,barbiedoll_v1_L3.csv,32868,36,36,21762,510,horizontal_to_vertical,json_camera_static.fov_degrees,60.000001669652114,35.98339890412515,0.24516288462873514,0.6321064364300135,0.8247974249357767,0.07396717409716826,0.23422145793940427,0.2898291628936735,0.7556982602683749,0.49384261456688044,0.4986724526582272,0.47527904555216455,0.028486574778612793,0.0267706027764503,-0.08179926955135049,4.855482639444155,9336.035564,31252,8745304,,,,,ok,,,/home/29d_kon@lab.graphicon.ru/ssd1_link/projects/REPROJECTING/outputs/MeshMamba_reference_batch_20260601/non_texture/baseline_cone/barbiegirl_V1_L3/recenter_rotx90p0_horizontaltovertical_blender_rig/barbiegirl_V1_L3_report.json,/home/29d_kon@lab.graphicon.ru/ssd1_link/projects/REPROJECTING/outputs/MeshMamba_reference_batch_20260601/_logs/non_texture/cone/barbiegirl_V1_L3.log,barbiedoll_v1_L3.csv,32868,36,36,21762,510,horizontal_to_vertical,json_camera_static.fov_degrees,60.000001669652114,35.98339890412515,0.7828000513963194,0.7716183595352326,0.21298451360390652,0.028250814946781385,0.1380138062106878,0.7424848408501518,0.908403591732861,0.9352454271398914,0.9286898573092133,0.9048955609125958,1.6620179216100324,1.8176839227352775,1.8768143870071925,17390148.868739594,9336.035564,,,0.8340226082161566,18150,21762,32868
non_texture,cathedral_wood_radio_v2_L1,ok,,,/home/29d_kon@lab.graphicon.ru/ssd1_link/projects/REPROJECTING/outputs/MeshMamba_reference_batch_20260601/non_texture/baseline_screen_space/cathedral_wood_radio_v2_L1/sigma0p05_recenter_rotx90p0_horizontaltovertical_blender_rig/cathedral_wood_radio_v2_L1_report.json,/home/29d_kon@lab.graphicon.ru/ssd1_link/projects/REPROJECTING/outputs/MeshMamba_reference_batch_20260601/_logs/non_texture/screen_space/cathedral_wood_radio_v2_L1.log,cathedral_wood_radio_v2_NEW.csv,32868,35,35,25136,510,horizontal_to_vertical,json_camera_static.fov_degrees,60.000001669652114,35.98339890412515,0.041316742720154634,0.4047571032314449,2.64080738204721,0.07840646920294989,0.2029108004883117,-0.02056638165246735,0.4213430426144886,0.5642115870695292,0.7162503631245041,0.6867286027867798,0.11960817324470051,0.5716049966460263,0.4945117799027634,2.045937444753698,3491.4566969999996,29927,8615026,,,,,ok,,,/home/29d_kon@lab.graphicon.ru/ssd1_link/projects/REPROJECTING/outputs/MeshMamba_reference_batch_20260601/non_texture/baseline_cone/cathedral_wood_radio_v2_L1/recenter_rotx90p0_horizontaltovertical_blender_rig/cathedral_wood_radio_v2_L1_report.json,/home/29d_kon@lab.graphicon.ru/ssd1_link/projects/REPROJECTING/outputs/MeshMamba_reference_batch_20260601/_logs/non_texture/cone/cathedral_wood_radio_v2_L1.log,cathedral_wood_radio_v2_NEW.csv,32868,35,35,25136,510,horizontal_to_vertical,json_camera_static.fov_degrees,60.000001669652114,35.98339890412515,-0.08199464334777214,0.29958154912370066,1.501784748678169,0.0820381794063149,0.1836066914960053,-0.03870178597330732,0.2656606521754613,0.6194119816444144,0.7507850521901861,0.7859751837659199,-0.128193375045684,0.05582511918558074,0.1822373851032492,3815299.3957468388,3491.4566969999996,,,0.9560789306174411,24032,25136,32629
non_texture,doll_v3_L3,ok,,,/home/29d_kon@lab.graphicon.ru/ssd1_link/projects/REPROJECTING/outputs/MeshMamba_reference_batch_20260601/non_texture/baseline_screen_space/doll_v3_L3/sigma0p05_recenter_rotx90p0_horizontaltovertical_blender_rig/doll_v3_L3_report.json,/home/29d_kon@lab.graphicon.ru/ssd1_link/projects/REPROJECTING/outputs/MeshMamba_reference_batch_20260601/_logs/non_texture/screen_space/doll_v3_L3.log,doll_v3_L3.csv,32868,35,35,21704,510,horizontal_to_vertical,json_camera_static.fov_degrees,60.000001669652114,35.98339890412515,0.38126959276061434,0.6212494788501697,1.4023548106463102,0.05607513944163344,0.18740875297583362,0.3435459962737627,0.728634822800541,0.7190189792745443,0.7495533412753183,0.707971897365901,0.7960143325696524,0.9856883615581027,0.8748141493868393,3.9513393606214002,6910.455910000001,30101,8850267,,,,,ok,,,/home/29d_kon@lab.graphicon.ru/ssd1_link/projects/REPROJECTING/outputs/MeshMamba_reference_batch_20260601/non_texture/baseline_cone/doll_v3_L3/recenter_rotx90p0_horizontaltovertical_blender_rig/doll_v3_L3_report.json,/home/29d_kon@lab.graphicon.ru/ssd1_link/projects/REPROJECTING/outputs/MeshMamba_reference_batch_20260601/_logs/non_texture/cone/doll_v3_L3.log,doll_v3_L3.csv,32868,35,35,21704,510,horizontal_to_vertical,json_camera_static.fov_degrees,60.000001669652114,35.98339890412515,0.20842242263620858,0.5797774371519573,0.6599646102805574,0.05863439042022097,0.16989641086695184,0.34104616916638625,0.6267044067925914,0.676247386078684,0.6824709106882035,0.6371000112000273,0.2601309353863999,0.29652839447235224,0.19397556279471012,6276033.6622449495,6910.455910000001,,,0.9270641356431994,20121,21704,32868
non_texture,dolphin_v1_L3,ok,,,/home/29d_kon@lab.graphicon.ru/ssd1_link/projects/REPROJECTING/outputs/MeshMamba_reference_batch_20260601/non_texture/baseline_screen_space/dolphin_v1_L3/sigma0p05_recenter_rotx90p0_horizontaltovertical_blender_rig/dolphin_v1_L3_report.json,/home/29d_kon@lab.graphicon.ru/ssd1_link/projects/REPROJECTING/outputs/MeshMamba_reference_batch_20260601/_logs/non_texture/screen_space/dolphin_v1_L3.log,dolphin_v2_max2011_it2.csv,32868,35,35,23514,510,horizontal_to_vertical,json_camera_static.fov_degrees,60.000001669652114,35.98339890412515,0.13651221414583536,0.7029458449822001,0.6214292050418859,0.04314048126449432,0.16196209848004536,0.08050927893748508,0.7792535477537031,0.6155016015334833,0.6818629790983666,0.7743677892818073,0.35564022606815054,0.6473040589518739,1.0979612123417155,2.939670658742781,7671.756404,32198,8865606,,,,,ok,,,/home/29d_kon@lab.graphicon.ru/ssd1_link/projects/REPROJECTING/outputs/MeshMamba_reference_batch_20260601/non_texture/baseline_cone/dolphin_v1_L3/recenter_rotx90p0_horizontaltovertical_blender_rig/dolphin_v1_L3_report.json,/home/29d_kon@lab.graphicon.ru/ssd1_link/projects/REPROJECTING/outputs/MeshMamba_reference_batch_20260601/_logs/non_texture/cone/dolphin_v1_L3.log,dolphin_v2_max2011_it2.csv,32868,35,35,23514,510,horizontal_to_vertical,json_camera_static.fov_degrees,60.000001669652114,35.98339890412515,0.2568389521869944,0.639871874530711,0.4733547818943464,0.04047798182732444,0.15075745023903225,0.18457964327848297,0.6887093125209063,0.6369924733279417,0.702251971937489,0.7682031036686301,0.5321683236715196,0.884731022987821,0.9158563296658243,4975183.6562685,7671.756404,,,0.9015054860933912,21198,23514,32868
non_texture,egypt_sphinx_V2_L3,ok,,,/home/29d_kon@lab.graphicon.ru/ssd1_link/projects/REPROJECTING/outputs/MeshMamba_reference_batch_20260601/non_texture/baseline_screen_space/egypt_sphinx_V2_L3/sigma0p05_recenter_rotx90p0_horizontaltovertical_blender_rig/egypt_sphinx_V2_L3_report.json,/home/29d_kon@lab.graphicon.ru/ssd1_link/projects/REPROJECTING/outputs/MeshMamba_reference_batch_20260601/_logs/non_texture/screen_space/egypt_sphinx_V2_L3.log,egypt_sphinx_iterations-2.csv,32868,35,35,20803,510,horizontal_to_vertical,json_camera_static.fov_degrees,60.000001669652114,35.98339890412515,0.2581994530162658,0.5890174431398565,2.428420665031661,0.0832626021448198,0.2343083565675303,0.22041395548849668,0.6957989053235462,0.7863215208760893,0.7761721012222801,0.9142015786340469,0.8139469750895245,0.8376273882345624,1.3524518669137324,4.439230573027421,8242.521893,27483,8643047,,,,,ok,,,/home/29d_kon@lab.graphicon.ru/ssd1_link/projects/REPROJECTING/outputs/MeshMamba_reference_batch_20260601/non_texture/baseline_cone/egypt_sphinx_V2_L3/recenter_rotx90p0_horizontaltovertical_blender_rig/egypt_sphinx_V2_L3_report.json,/home/29d_kon@lab.graphicon.ru/ssd1_link/projects/REPROJECTING/outputs/MeshMamba_reference_batch_20260601/_logs/non_texture/cone/egypt_sphinx_V2_L3.log,egypt_sphinx_iterations-2.csv,32868,35,35,20803,510,horizontal_to_vertical,json_camera_static.fov_degrees,60.000001669652114,35.98339890412515,0.8025099753230487,0.7300398571350184,0.36795679747795734,0.025077389182047313,0.1191952764398322,0.3547403368947502,0.8910695019685678,0.9864288365729297,0.975027865519879,0.9851013013983407,2.43975578128638,2.567901612253184,3.062163857813148,11474436.26013508,8242.521893,,,0.8976589914916118,18674,20803,32867
non_texture,football_v2_L3,ok,,,/home/29d_kon@lab.graphicon.ru/ssd1_link/projects/REPROJECTING/outputs/MeshMamba_reference_batch_20260601/non_texture/baseline_screen_space/football_v2_L3/sigma0p05_recenter_rotx90p0_horizontaltovertical_blender_rig/football_v2_L3_report.json,/home/29d_kon@lab.graphicon.ru/ssd1_link/projects/REPROJECTING/outputs/MeshMamba_reference_batch_20260601/_logs/non_texture/screen_space/football_v2_L3.log,football_v2_L3.csv,32868,35,35,24932,510,horizontal_to_vertical,json_camera_static.fov_degrees,60.000001669652114,35.98339890412515,-0.00205755017029415,0.6048537933290026,2.3217817206901987,0.18049955697961298,0.3522325933147931,-0.011553495826389253,0.6599822695869512,0.5190922406007926,0.518976099550349,0.37951199266982033,0.06720754544455586,0.07122275948787005,-0.37464146280248267,1.7008799190641943,5217.903039,29105,9868221,,,,,ok,,,/home/29d_kon@lab.graphicon.ru/ssd1_link/projects/REPROJECTING/outputs/MeshMamba_reference_batch_20260601/non_texture/baseline_cone/football_v2_L3/recenter_rotx90p0_horizontaltovertical_blender_rig/football_v2_L3_report.json,/home/29d_kon@lab.graphicon.ru/ssd1_link/projects/REPROJECTING/outputs/MeshMamba_reference_batch_20260601/_logs/non_texture/cone/football_v2_L3.log,football_v2_L3.csv,32868,35,35,24932,510,horizontal_to_vertical,json_camera_static.fov_degrees,60.000001669652114,35.98339890412515,0.04506999567701653,0.5560394969462376,2.243575397078591,0.053031132716353485,0.1724895204300641,0.01091349666002633,0.60447615891825,0.5460713148421077,0.5503777585773748,0.46090321728492095,0.22050957405390542,0.268286369775315,0.0462783542307074,2420971.99646092,5217.903039,,,0.8886170383442965,22155,24932,30196
non_texture,modern_tabletop_radio_v1_L1,ok,,,/home/29d_kon@lab.graphicon.ru/ssd1_link/projects/REPROJECTING/outputs/MeshMamba_reference_batch_20260601/non_texture/baseline_screen_space/modern_tabletop_radio_v1_L1/sigma0p05_recenter_rotx90p0_horizontaltovertical_blender_rig/modern_tabletop_radio_v1_L1_report.json,/home/29d_kon@lab.graphicon.ru/ssd1_link/projects/REPROJECTING/outputs/MeshMamba_reference_batch_20260601/_logs/non_texture/screen_space/modern_tabletop_radio_v1_L1.log,modern_tabletop_radio_v1_NEW.csv,32868,35,35,27322,510,horizontal_to_vertical,json_camera_static.fov_degrees,60.000001669652114,35.98339890412515,-0.1141249537237328,0.48813696580987165,3.332685224290868,0.09999204764190918,0.24826166001532413,-0.03945732289040029,0.4780512867255518,0.3972779098794771,0.32458902643982757,0.20886874025660676,-0.2869521939349506,-0.5304912311079146,-0.9178509287126052,2.215518701492889,4738.269517,29132,8591334,,,,,ok,,,/home/29d_kon@lab.graphicon.ru/ssd1_link/projects/REPROJECTING/outputs/MeshMamba_reference_batch_20260601/non_texture/baseline_cone/modern_tabletop_radio_v1_L1/recenter_rotx90p0_horizontaltovertical_blender_rig/modern_tabletop_radio_v1_L1_report.json,/home/29d_kon@lab.graphicon.ru/ssd1_link/projects/REPROJECTING/outputs/MeshMamba_reference_batch_20260601/_logs/non_texture/cone/modern_tabletop_radio_v1_L1.log,modern_tabletop_radio_v1_NEW.csv,32868,35,35,27322,510,horizontal_to_vertical,json_camera_static.fov_degrees,60.000001669652114,35.98339890412515,-0.19284896999767953,0.3589427397082755,2.049297503878068,0.09100444768650474,0.20805252091986554,-0.13381528663072825,0.29445373468784874,0.23340458024908012,0.18644411420374746,0.04815624103542432,-0.6262824175354904,-0.672096860476876,-0.7826152723827025,4655378.910247493,4738.269517,,,0.9419515408828051,25736,27322,32649
non_texture,robot_v1_L3,ok,,,/home/29d_kon@lab.graphicon.ru/ssd1_link/projects/REPROJECTING/outputs/MeshMamba_reference_batch_20260601/non_texture/baseline_screen_space/robot_v1_L3/sigma0p05_recenter_rotx90p0_horizontaltovertical_blender_rig/robot_v1_L3_report.json,/home/29d_kon@lab.graphicon.ru/ssd1_link/projects/REPROJECTING/outputs/MeshMamba_reference_batch_20260601/_logs/non_texture/screen_space/robot_v1_L3.log,robot_v1_L3.csv,32868,37,37,24423,510,horizontal_to_vertical,json_camera_static.fov_degrees,60.000001669652114,35.98339890412515,0.28846548925942944,0.6481222284593995,1.7072539651805683,0.051353462262851306,0.18480939694320236,0.22286282289153386,0.7396595708923215,0.6680648341653866,0.7054165903014277,0.8301079620985096,0.6615770028749908,0.8389683051242834,1.1499492773473934,3.562682991263497,5489.629646,30190,8891566,,,,,ok,,,/home/29d_kon@lab.graphicon.ru/ssd1_link/projects/REPROJECTING/outputs/MeshMamba_reference_batch_20260601/non_texture/baseline_cone/robot_v1_L3/recenter_rotx90p0_horizontaltovertical_blender_rig/robot_v1_L3_report.json,/home/29d_kon@lab.graphicon.ru/ssd1_link/projects/REPROJECTING/outputs/MeshMamba_reference_batch_20260601/_logs/non_texture/cone/robot_v1_L3.log,robot_v1_L3.csv,32868,37,37,24423,510,horizontal_to_vertical,json_camera_static.fov_degrees,60.000001669652114,35.98339890412515,0.30094781357055717,0.6279541221271406,0.47474415171024154,0.029548988460484135,0.12489771191575048,0.22416778496204046,0.7003592110256214,0.742775049850232,0.817664111626031,0.939168999071584,0.8293442930430457,1.2712649532044957,2.02993189743727,6849864.721919067,5489.629646,,,0.9231871596445973,22547,24423,32868
non_texture,statue_Terracotta_squat_v2_L1,ok,,,/home/29d_kon@lab.graphicon.ru/ssd1_link/projects/REPROJECTING/outputs/MeshMamba_reference_batch_20260601/non_texture/baseline_screen_space/statue_Terracotta_squat_v2_L1/sigma0p05_recenter_rotx90p0_horizontaltovertical_blender_rig/statue_Terracotta_squat_v2_L1_report.json,/home/29d_kon@lab.graphicon.ru/ssd1_link/projects/REPROJECTING/outputs/MeshMamba_reference_batch_20260601/_logs/non_texture/screen_space/statue_Terracotta_squat_v2_L1.log,statue_Terracotta_squat_v2_l1.csv,32868,35,35,20818,510,horizontal_to_vertical,json_camera_static.fov_degrees,60.000001669652114,35.98339890412515,0.23460141475777124,0.6571399293329125,0.836129582500422,0.0636576137266979,0.20566937177574907,0.24647565191981674,0.7442983365947985,0.638120822607223,0.6399991849179588,0.6105945123370903,0.41737644679850533,0.43948119175436523,0.3426263658561329,3.677653754370904,7148.345846,31247,8195614,,,,,ok,,,/home/29d_kon@lab.graphicon.ru/ssd1_link/projects/REPROJECTING/outputs/MeshMamba_reference_batch_20260601/non_texture/baseline_cone/statue_Terracotta_squat_v2_L1/recenter_rotx90p0_horizontaltovertical_blender_rig/statue_Terracotta_squat_v2_L1_report.json,/home/29d_kon@lab.graphicon.ru/ssd1_link/projects/REPROJECTING/outputs/MeshMamba_reference_batch_20260601/_logs/non_texture/cone/statue_Terracotta_squat_v2_L1.log,statue_Terracotta_squat_v2_l1.csv,32868,35,35,20818,510,horizontal_to_vertical,json_camera_static.fov_degrees,60.000001669652114,35.98339890412515,0.14216443949243038,0.5942305191610051,0.5324717995611888,0.05501028286247025,0.1687460306611617,0.32689957597909447,0.591273145255577,0.6883910828930916,0.7035999450326126,0.7062711291413117,0.18922368920544802,0.26417924563265205,0.4154853030289753,6611305.430872756,7148.345846,,,0.9567201460274762,19917,20818,32868
non_texture,statue_Terracotta_v2_l1,ok,,,/home/29d_kon@lab.graphicon.ru/ssd1_link/projects/REPROJECTING/outputs/MeshMamba_reference_batch_20260601/non_texture/baseline_screen_space/statue_Terracotta_v2_l1/sigma0p05_recenter_rotx90p0_horizontaltovertical_blender_rig/statue_Terracotta_v2_l1_report.json,/home/29d_kon@lab.graphicon.ru/ssd1_link/projects/REPROJECTING/outputs/MeshMamba_reference_batch_20260601/_logs/non_texture/screen_space/statue_Terracotta_v2_l1.log,statue_Terracotta_v2_l1.csv,32868,35,35,21269,510,horizontal_to_vertical,json_camera_static.fov_degrees,60.000001669652114,35.98339890412515,0.15251529261772148,0.6746825699543528,0.8674029372512506,0.052509380828561714,0.18164245081304664,0.12531142200672896,0.7610993959372063,0.623889326092988,0.704459414369008,0.6856568003362064,0.37401907744720664,0.6305268644519202,0.4159634560288098,3.962606286463428,8833.062827,31117,8374359,,,,,ok,,,/home/29d_kon@lab.graphicon.ru/ssd1_link/projects/REPROJECTING/outputs/MeshMamba_reference_batch_20260601/non_texture/baseline_cone/statue_Terracotta_v2_l1/recenter_rotx90p0_horizontaltovertical_blender_rig/statue_Terracotta_v2_l1_report.json,/home/29d_kon@lab.graphicon.ru/ssd1_link/projects/REPROJECTING/outputs/MeshMamba_reference_batch_20260601/_logs/non_texture/cone/statue_Terracotta_v2_l1.log,statue_Terracotta_v2_l1.csv,32868,35,35,21269,510,horizontal_to_vertical,json_camera_static.fov_degrees,60.000001669652114,35.98339890412515,0.36848054708995054,0.6472096041081121,0.40228989285614647,0.05367686767391501,0.18158781555043207,0.30385399291577714,0.731647165720284,0.7796992663387367,0.8585049525195229,0.9344038498202437,0.848568248073077,1.3122578772496623,2.070967891325606,10875673.710718326,8833.062827,,,0.9086463867600734,19326,21269,32868
non_texture,stuffed_animal_v1_L2,ok,,,/home/29d_kon@lab.graphicon.ru/ssd1_link/projects/REPROJECTING/outputs/MeshMamba_reference_batch_20260601/non_texture/baseline_screen_space/stuffed_animal_v1_L2/sigma0p05_recenter_rotx90p0_horizontaltovertical_blender_rig/stuffed_animal_v1_L2_report.json,/home/29d_kon@lab.graphicon.ru/ssd1_link/projects/REPROJECTING/outputs/MeshMamba_reference_batch_20260601/_logs/non_texture/screen_space/stuffed_animal_v1_L2.log,stuffed_animal_L2.csv,32868,35,35,22397,510,horizontal_to_vertical,json_camera_static.fov_degrees,60.000001669652114,35.98339890412515,0.375727597217176,0.5940827654452789,1.8304288405176143,0.06409992040534979,0.19167782664993285,0.38552027535242883,0.6667557351339357,0.7399006992983547,0.7360128200872371,0.8822902813560832,0.7573135012177383,0.8340253958783842,1.5644629690869063,2.0970363825841667,2567.396815,29035,9152044,,,,,ok,,,/home/29d_kon@lab.graphicon.ru/ssd1_link/projects/REPROJECTING/outputs/MeshMamba_reference_batch_20260601/non_texture/baseline_cone/stuffed_animal_v1_L2/recenter_rotx90p0_horizontaltovertical_blender_rig/stuffed_animal_v1_L2_report.json,/home/29d_kon@lab.graphicon.ru/ssd1_link/projects/REPROJECTING/outputs/MeshMamba_reference_batch_20260601/_logs/non_texture/cone/stuffed_animal_v1_L2.log,stuffed_animal_L2.csv,32868,35,35,22397,510,horizontal_to_vertical,json_camera_static.fov_degrees,60.000001669652114,35.98339890412515,0.48507732847850044,0.5028590741853894,1.620112294436336,0.042279755658641886,0.12388270707780526,0.3042931279321399,0.6567655536255079,0.7719118847891853,0.8256464804508106,0.9371815313323801,1.1914784593693242,1.5196538486853204,2.2135820058671367,3637856.1444369145,2567.396815,,,0.9614680537571996,21534,22397,30964
non_texture,watch_digital_v1_L3,ok,,,/home/29d_kon@lab.graphicon.ru/ssd1_link/projects/REPROJECTING/outputs/MeshMamba_reference_batch_20260601/non_texture/baseline_screen_space/watch_digital_v1_L3/sigma0p05_recenter_rotx90p0_horizontaltovertical_blender_rig/watch_digital_v1_L3_report.json,/home/29d_kon@lab.graphicon.ru/ssd1_link/projects/REPROJECTING/outputs/MeshMamba_reference_batch_20260601/_logs/non_texture/screen_space/watch_digital_v1_L3.log,watch_digital_v1_Iteration2.csv,32868,35,35,22980,510,horizontal_to_vertical,json_camera_static.fov_degrees,60.000001669652114,35.98339890412515,0.018901821753682407,0.4151591137742079,2.1875615006264177,0.10169391711588484,0.26946308241935457,-0.04836020067774393,0.39112719256897854,0.5310985608583084,0.5140605548293066,0.5523995474777941,0.10267984922694677,0.11230177488097799,0.20487274300657848,2.294949952469273,1910.108929,30447,8611115,,,,,ok,,,/home/29d_kon@lab.graphicon.ru/ssd1_link/projects/REPROJECTING/outputs/MeshMamba_reference_batch_20260601/non_texture/baseline_cone/watch_digital_v1_L3/recenter_rotx90p0_horizontaltovertical_blender_rig/watch_digital_v1_L3_report.json,/home/29d_kon@lab.graphicon.ru/ssd1_link/projects/REPROJECTING/outputs/MeshMamba_reference_batch_20260601/_logs/non_texture/cone/watch_digital_v1_L3.log,watch_digital_v1_Iteration2.csv,32868,35,35,22980,510,horizontal_to_vertical,json_camera_static.fov_degrees,60.000001669652114,35.98339890412515,-0.043342399421447006,0.41494160883262904,1.4605313379673854,0.07103780933954411,0.21539333989316556,0.14202748174900484,0.33885921187932677,0.48256973548222387,0.34602921991194,0.3815274838302524,0.03457478972392527,-0.5103358375681222,-0.5069250863648213,3158192.004221782,1910.108929,,,0.9057441253263707,20814,22980,32868
rgb_texture,Apple_Red_v1_L3,ok,,,/home/29d_kon@lab.graphicon.ru/ssd1_link/projects/REPROJECTING/outputs/MeshMamba_reference_batch_20260601/rgb_texture/baseline_screen_space/Apple_Red_v1_L3/sigma0p05_recenter_rotx90p0_horizontaltovertical_blender_rig/Apple_Red_v1_L3_report.json,/home/29d_kon@lab.graphicon.ru/ssd1_link/projects/REPROJECTING/outputs/MeshMamba_reference_batch_20260601/_logs/rgb_texture/screen_space/Apple_Red_v1_L3.log,Apple_v01_l3.csv,32868,36,36,22635,510,horizontal_to_vertical,json_camera_static.fov_degrees,60.000001669652114,35.98339890412515,0.38526375777853855,0.4697935541682995,1.1936311506838004,0.07116910452656584,0.18028863036301762,0.5222760260874048,0.5707043073251419,0.7924412698121137,0.7028052497829045,0.6914114565911134,0.7256062335863167,0.255198466379657,0.29295548764263724,2.3882538535756703,4181.260346,28783,9290336,,,,,ok,,,/home/29d_kon@lab.graphicon.ru/ssd1_link/projects/REPROJECTING/outputs/MeshMamba_reference_batch_20260601/rgb_texture/baseline_cone/Apple_Red_v1_L3/recenter_rotx90p0_horizontaltovertical_blender_rig/Apple_Red_v1_L3_report.json,/home/29d_kon@lab.graphicon.ru/ssd1_link/projects/REPROJECTING/outputs/MeshMamba_reference_batch_20260601/_logs/rgb_texture/cone/Apple_Red_v1_L3.log,Apple_v01_l3.csv,32868,36,36,22635,510,horizontal_to_vertical,json_camera_static.fov_degrees,60.000001669652114,35.98339890412515,0.8594726738110672,0.7230819216827692,0.6261633248371279,0.02472619718661388,0.10278599498161826,0.607754323498927,0.8900972208407708,0.9647239268062642,0.9093670556774284,0.9286688566658985,2.031374490468853,1.7277175410429921,2.169041914622093,5290310.921789111,4181.260346,,,0.9208305721228186,20843,22635,28889
rgb_texture,Aquarium_Deep_Sea_Diver_v1_L1,ok,,,/home/29d_kon@lab.graphicon.ru/ssd1_link/projects/REPROJECTING/outputs/MeshMamba_reference_batch_20260601/rgb_texture/baseline_screen_space/Aquarium_Deep_Sea_Diver_v1_L1/sigma0p05_recenter_rotx90p0_horizontaltovertical_blender_rig/Aquarium_Deep_Sea_Diver_v1_L1_report.json,/home/29d_kon@lab.graphicon.ru/ssd1_link/projects/REPROJECTING/outputs/MeshMamba_reference_batch_20260601/_logs/rgb_texture/screen_space/Aquarium_Deep_Sea_Diver_v1_L1.log,Aquarium_Deep_Sea_Diver_v1_L1.csv,32868,563,528,366588,510,horizontal_to_vertical,json_camera_static.fov_degrees,60.000001669652114,35.98339890412515,0.09788432846622427,0.6855675863825492,2.3513359499645654,0.05486606525881123,0.18662013956523915,0.13293854672204752,0.7592111661111451,0.5048302656717083,0.4836826965095787,0.46687809092497934,0.008319657087631289,-0.08946417355634494,-0.20792150106005294,3.4373281959590893,7268.490005,28520,8825712,,,,,ok,,,/home/29d_kon@lab.graphicon.ru/ssd1_link/projects/REPROJECTING/outputs/MeshMamba_reference_batch_20260601/rgb_texture/baseline_cone/Aquarium_Deep_Sea_Diver_v1_L1/recenter_rotx90p0_horizontaltovertical_blender_rig/Aquarium_Deep_Sea_Diver_v1_L1_report.json,/home/29d_kon@lab.graphicon.ru/ssd1_link/projects/REPROJECTING/outputs/MeshMamba_reference_batch_20260601/_logs/rgb_texture/cone/Aquarium_Deep_Sea_Diver_v1_L1.log,Aquarium_Deep_Sea_Diver_v1_L1.csv,32868,563,528,366588,510,horizontal_to_vertical,json_camera_static.fov_degrees,60.000001669652114,35.98339890412515,0.02896510524370414,0.6288539854839965,0.5896195696239288,0.04209918240070627,0.1516159767004401,0.0901856895539228,0.6573582977223696,0.4703962287520273,0.45370608687060243,0.43795759327759226,-0.11260712148255225,-0.19379455368415055,-0.2848870554838055,92480974.78435166,7268.490005,,,0.9390351020764455,344239,366588,32868
rgb_texture,Aquarium_Skull_v1_L1,ok,,,/home/29d_kon@lab.graphicon.ru/ssd1_link/projects/REPROJECTING/outputs/MeshMamba_reference_batch_20260601/rgb_texture/baseline_screen_space/Aquarium_Skull_v1_L1/sigma0p05_recenter_rotx90p0_horizontaltovertical_blender_rig/Aquarium_Skull_v1_L1_report.json,/home/29d_kon@lab.graphicon.ru/ssd1_link/projects/REPROJECTING/outputs/MeshMamba_reference_batch_20260601/_logs/rgb_texture/screen_space/Aquarium_Skull_v1_L1.log,Aquarium_Skull_v1_L1.csv,32868,35,35,27321,510,horizontal_to_vertical,json_camera_static.fov_degrees,60.000001669652114,35.98339890412515,0.33987395729279546,0.612161020405888,1.3192494677513693,0.059036343801678416,0.18381136821542576,0.4490612517209893,0.6914365955540492,0.6795968080589146,0.6847669426412897,0.8019052843858822,0.4526205129843514,0.4837814178350945,0.9405799392791336,2.322221212075429,3553.773486,28965,9081592,,,,,ok,,,/home/29d_kon@lab.graphicon.ru/ssd1_link/projects/REPROJECTING/outputs/MeshMamba_reference_batch_20260601/rgb_texture/baseline_cone/Aquarium_Skull_v1_L1/recenter_rotx90p0_horizontaltovertical_blender_rig/Aquarium_Skull_v1_L1_report.json,/home/29d_kon@lab.graphicon.ru/ssd1_link/projects/REPROJECTING/outputs/MeshMamba_reference_batch_20260601/_logs/rgb_texture/cone/Aquarium_Skull_v1_L1.log,Aquarium_Skull_v1_L1.csv,32868,35,35,27321,510,horizontal_to_vertical,json_camera_static.fov_degrees,60.000001669652114,35.98339890412515,0.24795497295072186,0.5577223526334685,1.1755882718634336,0.04512335148575174,0.14488279882879018,0.41102051902963466,0.6091950417901274,0.6640270227066608,0.662332705579899,0.6164165311656408,0.3087842642202118,0.23927545557236574,0.05587187305247932,3451696.6839979663,3553.773486,,,0.9837853665678415,26878,27321,30890
rgb_texture,BastetCat_v2_L2,ok,,,/home/29d_kon@lab.graphicon.ru/ssd1_link/projects/REPROJECTING/outputs/MeshMamba_reference_batch_20260601/rgb_texture/baseline_screen_space/BastetCat_v2_L2/sigma0p05_recenter_rotx90p0_horizontaltovertical_blender_rig/BastetCat_v2_L2_report.json,/home/29d_kon@lab.graphicon.ru/ssd1_link/projects/REPROJECTING/outputs/MeshMamba_reference_batch_20260601/_logs/rgb_texture/screen_space/BastetCat_v2_L2.log,Bastet_Cat_v2_l2.csv,32868,35,35,25203,510,horizontal_to_vertical,json_camera_static.fov_degrees,60.000001669652114,35.98339890412515,0.49783652188094296,0.6757193759136685,1.0770673272417453,0.04466927859945693,0.16451229866921446,0.5702661526305833,0.7891171634791092,0.7650252748695869,0.7552391424214825,0.7449709868849456,0.819137613099583,0.8237930150049286,0.75051015713471,3.65189025513341,7021.170288,30864,8604489,,,,,ok,,,/home/29d_kon@lab.graphicon.ru/ssd1_link/projects/REPROJECTING/outputs/MeshMamba_reference_batch_20260601/rgb_texture/baseline_cone/BastetCat_v2_L2/recenter_rotx90p0_horizontaltovertical_blender_rig/BastetCat_v2_L2_report.json,/home/29d_kon@lab.graphicon.ru/ssd1_link/projects/REPROJECTING/outputs/MeshMamba_reference_batch_20260601/_logs/rgb_texture/cone/BastetCat_v2_L2.log,Bastet_Cat_v2_l2.csv,32868,35,35,25203,510,horizontal_to_vertical,json_camera_static.fov_degrees,60.000001669652114,35.98339890412515,0.6246121611100482,0.6847802552385782,0.3809613832284894,0.03276704352636781,0.12445041692155225,0.6308594387690295,0.7969201300988351,0.8994156516014096,0.8830252463480273,0.8377646613635767,1.3638952302287914,1.3347065558836864,1.0630595239116416,9555010.416735185,7021.170288,,,0.902194183232155,22738,25203,32868
rgb_texture,Beauceron_v1_L3,ok,,,/home/29d_kon@lab.graphicon.ru/ssd1_link/projects/REPROJECTING/outputs/MeshMamba_reference_batch_20260601/rgb_texture/baseline_screen_space/Beauceron_v1_L3/sigma0p05_recenter_rotx90p0_horizontaltovertical_blender_rig/Beauceron_v1_L3_report.json,/home/29d_kon@lab.graphicon.ru/ssd1_link/projects/REPROJECTING/outputs/MeshMamba_reference_batch_20260601/_logs/rgb_texture/screen_space/Beauceron_v1_L3.log,Beauceron_v1_L3.csv,32868,37,37,26058,510,horizontal_to_vertical,json_camera_static.fov_degrees,60.000001669652114,35.98339890412515,0.2391913131133918,0.5347932691126245,2.976463677381122,0.1024636689970789,0.2700750553031687,0.11945487519047769,0.6386076025079178,0.6391774625065361,0.5987514361340364,0.37857409546701537,0.6716454740218645,0.5553235399883043,-0.42358838752141653,3.0059376542844407,7157.521755,30113,8878809,,,,,ok,,,/home/29d_kon@lab.graphicon.ru/ssd1_link/projects/REPROJECTING/outputs/MeshMamba_reference_batch_20260601/rgb_texture/baseline_cone/Beauceron_v1_L3/recenter_rotx90p0_horizontaltovertical_blender_rig/Beauceron_v1_L3_report.json,/home/29d_kon@lab.graphicon.ru/ssd1_link/projects/REPROJECTING/outputs/MeshMamba_reference_batch_20260601/_logs/rgb_texture/cone/Beauceron_v1_L3.log,Beauceron_v1_L3.csv,32868,37,37,26058,510,horizontal_to_vertical,json_camera_static.fov_degrees,60.000001669652114,35.98339890412515,0.49141460394529496,0.5343261391672297,0.9296638955832837,0.060436431030438685,0.1597194515895553,0.1945535222001578,0.673117708602569,0.5938807529525006,0.5342000359384166,0.3066416162190595,1.2528759996640786,1.1401994558227464,-0.20318839924837362,8280898.129609831,7157.521755,,,0.8624606646711183,22474,26058,32868
rgb_texture,BellPepper_v1_L3,ok,,,/home/29d_kon@lab.graphicon.ru/ssd1_link/projects/REPROJECTING/outputs/MeshMamba_reference_batch_20260601/rgb_texture/baseline_screen_space/BellPepper_v1_L3/sigma0p05_recenter_rotx90p0_horizontaltovertical_blender_rig/BellPepper_v1_L3_report.json,/home/29d_kon@lab.graphicon.ru/ssd1_link/projects/REPROJECTING/outputs/MeshMamba_reference_batch_20260601/_logs/rgb_texture/screen_space/BellPepper_v1_L3.log,BellPepper_v01_L3.csv,32868,35,35,26436,510,horizontal_to_vertical,json_camera_static.fov_degrees,60.000001669652114,35.98339890412515,0.09641062696454616,0.5037370863631387,1.5716889832386252,0.06059474194666773,0.16888771270470312,-0.012073043064659415,0.5317226151438841,0.5225275749948729,0.5748230508318201,0.7728177204422733,0.17771271467866878,0.18715484144865077,0.4701295128280453,2.0945707993601417,3125.621448,31900,9253081,,,,,ok,,,/home/29d_kon@lab.graphicon.ru/ssd1_link/projects/REPROJECTING/outputs/MeshMamba_reference_batch_20260601/rgb_texture/baseline_cone/BellPepper_v1_L3/recenter_rotx90p0_horizontaltovertical_blender_rig/BellPepper_v1_L3_report.json,/home/29d_kon@lab.graphicon.ru/ssd1_link/projects/REPROJECTING/outputs/MeshMamba_reference_batch_20260601/_logs/rgb_texture/cone/BellPepper_v1_L3.log,BellPepper_v01_L3.csv,32868,35,35,26436,510,horizontal_to_vertical,json_camera_static.fov_degrees,60.000001669652114,35.98339890412515,0.22926481748027905,0.486095924084057,2.2403645080481045,0.030255189590641447,0.12131122238831317,0.012315008906065239,0.5591723796745154,0.5386470825513138,0.6189906595961806,0.8897112569429193,0.4080305193052253,0.6809781247718159,1.367601108140443,3001628.9735443527,3125.621448,,,0.9612649417461038,25412,26436,31453
rgb_texture,Bird_Toucan_V3_L2,ok,,,/home/29d_kon@lab.graphicon.ru/ssd1_link/projects/REPROJECTING/outputs/MeshMamba_reference_batch_20260601/rgb_texture/baseline_screen_space/Bird_Toucan_V3_L2/sigma0p05_recenter_rotx90p0_horizontaltovertical_blender_rig/Bird_Toucan_V3_L2_report.json,/home/29d_kon@lab.graphicon.ru/ssd1_link/projects/REPROJECTING/outputs/MeshMamba_reference_batch_20260601/_logs/rgb_texture/screen_space/Bird_Toucan_V3_L2.log,Bird_Toucan_v3_l2.csv,32868,35,35,22723,510,horizontal_to_vertical,json_camera_static.fov_degrees,60.000001669652114,35.98339890412515,-0.03734085903908094,0.589193585464105,2.5294429240742984,0.09576054630111965,0.24429911024240733,0.014628697263598348,0.6439852712698992,0.3625993462881389,0.3629245615076804,0.32198084300242563,-0.4127098146577537,-0.4550325073257056,-0.606601007464001,3.702436662249943,9594.299801,28583,8768582,,,,,ok,,,/home/29d_kon@lab.graphicon.ru/ssd1_link/projects/REPROJECTING/outputs/MeshMamba_reference_batch_20260601/rgb_texture/baseline_cone/Bird_Toucan_V3_L2/recenter_rotx90p0_horizontaltovertical_blender_rig/Bird_Toucan_V3_L2_report.json,/home/29d_kon@lab.graphicon.ru/ssd1_link/projects/REPROJECTING/outputs/MeshMamba_reference_batch_20260601/_logs/rgb_texture/cone/Bird_Toucan_V3_L2.log,Bird_Toucan_v3_l2.csv,32868,35,35,22723,510,horizontal_to_vertical,json_camera_static.fov_degrees,60.000001669652114,35.98339890412515,0.04388349621538956,0.5549368947237519,0.7477264947924702,0.0946569349644378,0.21380222855830877,0.08912688354490104,0.5876128101369564,0.23867540222842826,0.16352684752448832,0.043210620951374595,-0.6340888010945058,-0.747971910290256,-0.9542773520382414,7692294.131481587,9594.299801,,,0.8686353034370462,19738,22723,32868
rgb_texture,Bird_v1_L3,ok,,,/home/29d_kon@lab.graphicon.ru/ssd1_link/projects/REPROJECTING/outputs/MeshMamba_reference_batch_20260601/rgb_texture/baseline_screen_space/Bird_v1_L3/sigma0p05_recenter_rotx90p0_horizontaltovertical_blender_rig/Bird_v1_L3_report.json,/home/29d_kon@lab.graphicon.ru/ssd1_link/projects/REPROJECTING/outputs/MeshMamba_reference_batch_20260601/_logs/rgb_texture/screen_space/Bird_v1_L3.log,Chick.csv,32868,35,35,24235,510,horizontal_to_vertical,json_camera_static.fov_degrees,60.000001669652114,35.98339890412515,-0.1139702178617781,0.4112457425812389,5.147250334827189,0.11822966488645488,0.28945380150820066,-0.15180529700034517,0.47315178334239455,0.37791334333071963,0.34995037038699406,0.34682080357907663,-0.19951106469895644,-0.2372813062965881,-0.2517986449661645,2.6375349397299352,6813.040331,27988,9322749,,,,,ok,,,/home/29d_kon@lab.graphicon.ru/ssd1_link/projects/REPROJECTING/outputs/MeshMamba_reference_batch_20260601/rgb_texture/baseline_cone/Bird_v1_L3/recenter_rotx90p0_horizontaltovertical_blender_rig/Bird_v1_L3_report.json,/home/29d_kon@lab.graphicon.ru/ssd1_link/projects/REPROJECTING/outputs/MeshMamba_reference_batch_20260601/_logs/rgb_texture/cone/Bird_v1_L3.log,Chick.csv,32868,35,35,24235,510,horizontal_to_vertical,json_camera_static.fov_degrees,60.000001669652114,35.98339890412515,0.1870834053856574,0.47384498764118177,1.1574329833496326,0.07889648630653928,0.20048750363533452,0.22347640760735682,0.5258465994434968,0.5714354856188523,0.47533142708553466,0.4446177329780835,0.3199681618954576,0.30211287677241727,0.24982426329811902,6049014.873749591,6813.040331,,,0.9160717969878275,22201,24235,32866
rgb_texture,Blackberry_v02_L3,ok,,,/home/29d_kon@lab.graphicon.ru/ssd1_link/projects/REPROJECTING/outputs/MeshMamba_reference_batch_20260601/rgb_texture/baseline_screen_space/Blackberry_v02_L3/sigma0p05_recenter_rotx90p0_horizontaltovertical_blender_rig/Blackberry_v02_L3_report.json,/home/29d_kon@lab.graphicon.ru/ssd1_link/projects/REPROJECTING/outputs/MeshMamba_reference_batch_20260601/_logs/rgb_texture/screen_space/Blackberry_v02_L3.log,Blackberry_v2_L3.csv,32868,35,35,26853,510,horizontal_to_vertical,json_camera_static.fov_degrees,60.000001669652114,35.98339890412515,0.13402272243618135,0.5489334968027282,1.2241986622471472,0.06473082848581323,0.18755973865059092,0.1190076042068724,0.5568827947911288,0.706738373852587,0.6836913129241776,0.6665206802106354,0.5037852478392885,0.3709765775738284,0.24975638837286132,2.493151830644984,3217.884181,31330,9128229,,,,,ok,,,/home/29d_kon@lab.graphicon.ru/ssd1_link/projects/REPROJECTING/outputs/MeshMamba_reference_batch_20260601/rgb_texture/baseline_cone/Blackberry_v02_L3/recenter_rotx90p0_horizontaltovertical_blender_rig/Blackberry_v02_L3_report.json,/home/29d_kon@lab.graphicon.ru/ssd1_link/projects/REPROJECTING/outputs/MeshMamba_reference_batch_20260601/_logs/rgb_texture/cone/Blackberry_v02_L3.log,Blackberry_v2_L3.csv,32868,35,35,26853,510,horizontal_to_vertical,json_camera_static.fov_degrees,60.000001669652114,35.98339890412515,0.637121132606352,0.6266570208401003,0.8188887061808043,0.02216265320930257,0.1083056692422445,0.20681911501468558,0.785769443335421,0.902235591472079,0.9591670488824803,0.976616416624577,1.9435636857507834,2.5787431686957403,3.1672158561144763,4256859.458441295,3217.884181,,,0.9519606747849402,25563,26853,32687
rgb_texture,Boombox_v2_L3,ok,,,/home/29d_kon@lab.graphicon.ru/ssd1_link/projects/REPROJECTING/outputs/MeshMamba_reference_batch_20260601/rgb_texture/baseline_screen_space/Boombox_v2_L3/sigma0p05_recenter_rotx90p0_horizontaltovertical_blender_rig/Boombox_v2_L3_report.json,/home/29d_kon@lab.graphicon.ru/ssd1_link/projects/REPROJECTING/outputs/MeshMamba_reference_batch_20260601/_logs/rgb_texture/screen_space/Boombox_v2_L3.log,Boombox_v2_Iteration2.csv,32868,36,36,25692,510,horizontal_to_vertical,json_camera_static.fov_degrees,60.000001669652114,35.98339890412515,-0.03393436193150766,0.4599025911406981,1.8813127923191748,0.10492642484039649,0.27343424884824385,0.047879253667121896,0.49082547683515276,0.37124324482985144,0.40597003957901245,0.32159360602675435,-0.4016325179304388,-0.30232075349962495,-0.48891189784131833,3.810111973299799,3872.5252760000003,31636,7581358,,,,,ok,,,/home/29d_kon@lab.graphicon.ru/ssd1_link/projects/REPROJECTING/outputs/MeshMamba_reference_batch_20260601/rgb_texture/baseline_cone/Boombox_v2_L3/recenter_rotx90p0_horizontaltovertical_blender_rig/Boombox_v2_L3_report.json,/home/29d_kon@lab.graphicon.ru/ssd1_link/projects/REPROJECTING/outputs/MeshMamba_reference_batch_20260601/_logs/rgb_texture/cone/Boombox_v2_L3.log,Boombox_v2_Iteration2.csv,32868,36,36,25692,510,horizontal_to_vertical,json_camera_static.fov_degrees,60.000001669652114,35.98339890412515,0.21426270861665783,0.496036522658339,0.8278409766590835,0.04013179608761129,0.155385886061258,0.3491232292805467,0.5785548736537673,0.6637503206610011,0.6905654409578258,0.7645328761903767,0.31633381940863375,0.40824663073250955,0.6277665959893407,4520963.999895366,3872.5252760000003,,,0.9741164564845088,25027,25692,32569
rgb_texture,Camel_toy_v03_L3,ok,,,/home/29d_kon@lab.graphicon.ru/ssd1_link/projects/REPROJECTING/outputs/MeshMamba_reference_batch_20260601/rgb_texture/baseline_screen_space/Camel_toy_v03_L3/sigma0p05_recenter_rotx90p0_horizontaltovertical_blender_rig/Camel_toy_v03_L3_report.json,/home/29d_kon@lab.graphicon.ru/ssd1_link/projects/REPROJECTING/outputs/MeshMamba_reference_batch_20260601/_logs/rgb_texture/screen_space/Camel_toy_v03_L3.log,Camel_toy.csv,32868,36,36,27508,510,horizontal_to_vertical,json_camera_static.fov_degrees,60.000001669652114,35.98339890412515,0.29341152242183727,0.6328494832763523,1.4015756038416343,0.060445107387456565,0.1858079306410871,0.3055486484948254,0.7158077260156199,0.5757587873147305,0.5608443353824153,0.6187503683912249,0.2358134464179757,0.21641316367599223,0.5831527464707806,2.8342129472761277,8050.347979000001,30550,8795334,,,,,ok,,,/home/29d_kon@lab.graphicon.ru/ssd1_link/projects/REPROJECTING/outputs/MeshMamba_reference_batch_20260601/rgb_texture/baseline_cone/Camel_toy_v03_L3/recenter_rotx90p0_horizontaltovertical_blender_rig/Camel_toy_v03_L3_report.json,/home/29d_kon@lab.graphicon.ru/ssd1_link/projects/REPROJECTING/outputs/MeshMamba_reference_batch_20260601/_logs/rgb_texture/cone/Camel_toy_v03_L3.log,Camel_toy.csv,32868,36,36,27508,510,horizontal_to_vertical,json_camera_static.fov_degrees,60.000001669652114,35.98339890412515,0.4993280163509433,0.666700821899609,0.376138374967411,0.04985869636784932,0.15190264087585684,0.6627505002295412,0.7496215545839342,0.782833308206339,0.8017428748894262,0.8347428958525429,0.4359237993252979,0.5828933468736598,0.89465138536977,9875744.336426385,8050.347979000001,,,0.7677402937327323,21119,27508,32868
rgb_texture,Cardigan_Welsh_Corgi_v1_L3,ok,,,/home/29d_kon@lab.graphicon.ru/ssd1_link/projects/REPROJECTING/outputs/MeshMamba_reference_batch_20260601/rgb_texture/baseline_screen_space/Cardigan_Welsh_Corgi_v1_L3/sigma0p05_recenter_rotx90p0_horizontaltovertical_blender_rig/Cardigan_Welsh_Corgi_v1_L3_report.json,/home/29d_kon@lab.graphicon.ru/ssd1_link/projects/REPROJECTING/outputs/MeshMamba_reference_batch_20260601/_logs/rgb_texture/screen_space/Cardigan_Welsh_Corgi_v1_L3.log,Cardigan_Welsh_Corgi_v1_L3.csv,32868,35,35,23758,510,horizontal_to_vertical,json_camera_static.fov_degrees,60.000001669652114,35.98339890412515,0.3854921094007021,0.65643708807571,1.6874043308364404,0.07497984953375611,0.22313025092393435,0.29582541532293777,0.7725315848515435,0.7465917423890123,0.9488430335109369,0.9384444068100277,0.8687227150526241,1.6392843184089654,1.66787086418782,4.911888379430309,7268.839112000001,29881,9093951,,,,,ok,,,/home/29d_kon@lab.graphicon.ru/ssd1_link/projects/REPROJECTING/outputs/MeshMamba_reference_batch_20260601/rgb_texture/baseline_cone/Cardigan_Welsh_Corgi_v1_L3/recenter_rotx90p0_horizontaltovertical_blender_rig/Cardigan_Welsh_Corgi_v1_L3_report.json,/home/29d_kon@lab.graphicon.ru/ssd1_link/projects/REPROJECTING/outputs/MeshMamba_reference_batch_20260601/_logs/rgb_texture/cone/Cardigan_Welsh_Corgi_v1_L3.log,Cardigan_Welsh_Corgi_v1_L3.csv,32868,35,35,23758,510,horizontal_to_vertical,json_camera_static.fov_degrees,60.000001669652114,35.98339890412515,0.7173091757891519,0.6725307776138547,0.5592738486171339,0.02712401273880244,0.12059769613974528,0.4312173602303857,0.8311299682486454,0.7725895577135138,0.9899391817106186,0.9955062575832545,1.7945283361347477,3.022680633277418,3.9042901391208167,15460467.490581691,7268.839112000001,,,0.8663608047815473,20583,23758,32868
rgb_texture,Cat_v1_L3,ok,,,/home/29d_kon@lab.graphicon.ru/ssd1_link/projects/REPROJECTING/outputs/MeshMamba_reference_batch_20260601/rgb_texture/baseline_screen_space/Cat_v1_L3/sigma0p05_recenter_rotx90p0_horizontaltovertical_blender_rig/Cat_v1_L3_report.json,/home/29d_kon@lab.graphicon.ru/ssd1_link/projects/REPROJECTING/outputs/MeshMamba_reference_batch_20260601/_logs/rgb_texture/screen_space/Cat_v1_L3.log,Cat_v1_l3.csv,32868,35,35,24219,510,horizontal_to_vertical,json_camera_static.fov_degrees,60.000001669652114,35.98339890412515,0.5339958086471892,0.609660180956721,1.2524769922275159,0.06952941843791559,0.20694624752973514,0.2782284925489372,0.7596088091117079,0.846001321962034,0.7831878848262581,0.7118676199736376,1.140699803821536,0.9364209367483116,0.6603945347072662,4.226488722281287,7004.478064999999,30523,8884021,,,,,ok,,,/home/29d_kon@lab.graphicon.ru/ssd1_link/projects/REPROJECTING/outputs/MeshMamba_reference_batch_20260601/rgb_texture/baseline_cone/Cat_v1_L3/recenter_rotx90p0_horizontaltovertical_blender_rig/Cat_v1_L3_report.json,/home/29d_kon@lab.graphicon.ru/ssd1_link/projects/REPROJECTING/outputs/MeshMamba_reference_batch_20260601/_logs/rgb_texture/cone/Cat_v1_L3.log,Cat_v1_l3.csv,32868,35,35,24219,510,horizontal_to_vertical,json_camera_static.fov_degrees,60.000001669652114,35.98339890412515,0.737793771166593,0.6605661914286218,0.4820098357976446,0.03399823017903932,0.12460005912366051,0.3245811707301394,0.8337492043431106,0.9204615549944299,0.8644732076455007,0.8015862377351993,1.6024298326006703,1.1437132271292727,0.5000420478844733,11795015.994940327,7004.478064999999,,,0.9036706717866139,21886,24219,32868
rgb_texture,Charging_Bull_Statue_of_Wall_Street_v1,ok,,,/home/29d_kon@lab.graphicon.ru/ssd1_link/projects/REPROJECTING/outputs/MeshMamba_reference_batch_20260601/rgb_texture/baseline_screen_space/Charging_Bull_Statue_of_Wall_Street_v1/sigma0p05_recenter_rotx90p0_horizontaltovertical_blender_rig/Charging_Bull_Statue_of_Wall_Street_v1_report.json,/home/29d_kon@lab.graphicon.ru/ssd1_link/projects/REPROJECTING/outputs/MeshMamba_reference_batch_20260601/_logs/rgb_texture/screen_space/Charging_Bull_Statue_of_Wall_Street_v1.log,Charging_Bull_Statue_of_Wall_Street_v1_L1.csv,32868,35,35,27465,510,horizontal_to_vertical,json_camera_static.fov_degrees,60.000001669652114,35.98339890412515,0.08544260524176667,0.5104259732390224,2.1457884090431785,0.09166392495306976,0.24411445286136943,0.027197617222529558,0.5544091872257806,0.6197448427534399,0.5250130152082153,0.23300148309286278,0.4550412058188864,0.2047570249972421,-0.7468791378272494,2.777503932318665,4472.733864,30615,9166988,,,,,ok,,,/home/29d_kon@lab.graphicon.ru/ssd1_link/projects/REPROJECTING/outputs/MeshMamba_reference_batch_20260601/rgb_texture/baseline_cone/Charging_Bull_Statue_of_Wall_Street_v1/recenter_rotx90p0_horizontaltovertical_blender_rig/Charging_Bull_Statue_of_Wall_Street_v1_report.json,/home/29d_kon@lab.graphicon.ru/ssd1_link/projects/REPROJECTING/outputs/MeshMamba_reference_batch_20260601/_logs/rgb_texture/cone/Charging_Bull_Statue_of_Wall_Street_v1.log,Charging_Bull_Statue_of_Wall_Street_v1_L1.csv,32868,35,35,27465,510,horizontal_to_vertical,json_camera_static.fov_degrees,60.000001669652114,35.98339890412515,0.21648222292847483,0.4718649115074299,0.9623798083588146,0.042026287773477874,0.13184472469070724,0.15332928035436902,0.4958879302790563,0.7529508705539297,0.7684755857993072,0.6048274920224326,0.5855628886106822,0.586977860162627,-0.2704596369993888,5744280.3376915995,4472.733864,,,0.8980156562898234,24664,27465,32868
rgb_texture,Chinese_coin,ok,,,/home/29d_kon@lab.graphicon.ru/ssd1_link/projects/REPROJECTING/outputs/MeshMamba_reference_batch_20260601/rgb_texture/baseline_screen_space/Chinese_coin/sigma0p05_recenter_rotx90p0_horizontaltovertical_blender_rig/Chinese_coin_report.json,/home/29d_kon@lab.graphicon.ru/ssd1_link/projects/REPROJECTING/outputs/MeshMamba_reference_batch_20260601/_logs/rgb_texture/screen_space/Chinese_coin.log,chinese_coin.csv,32868,36,36,30224,510,horizontal_to_vertical,json_camera_static.fov_degrees,60.000001669652114,35.98339890412515,-0.007659703196216616,0.6580638336719793,0.7396742400656613,0.04883228551129409,0.1708060382236065,-0.01900348713440037,0.7135704126633614,0.5296945558993796,0.5643210771800095,0.7344655200292266,0.055001210565739256,0.1532219950719902,0.6887607614967537,3.0432286817173413,6439.756262000001,32195,8594491,,,,,ok,,,/home/29d_kon@lab.graphicon.ru/ssd1_link/projects/REPROJECTING/outputs/MeshMamba_reference_batch_20260601/rgb_texture/baseline_cone/Chinese_coin/recenter_rotx90p0_horizontaltovertical_blender_rig/Chinese_coin_report.json,/home/29d_kon@lab.graphicon.ru/ssd1_link/projects/REPROJECTING/outputs/MeshMamba_reference_batch_20260601/_logs/rgb_texture/cone/Chinese_coin.log,chinese_coin.csv,32868,36,36,30224,510,horizontal_to_vertical,json_camera_static.fov_degrees,60.000001669652114,35.98339890412515,-0.02179067268306427,0.5765824009125606,0.7824056182571244,0.04209116256226283,0.1522854488668562,-0.02271591949195083,0.5936641500420369,0.5417992456022598,0.6087955884892337,0.8495720963695564,0.061799425975027994,0.2934151813953759,1.1069354131410676,7158060.62718318,6439.756262000001,,,0.9721744309158284,29383,30224,32868
rgb_texture,Chips_v1_L3,ok,,,/home/29d_kon@lab.graphicon.ru/ssd1_link/projects/REPROJECTING/outputs/MeshMamba_reference_batch_20260601/rgb_texture/baseline_screen_space/Chips_v1_L3/sigma0p05_recenter_rotx90p0_horizontaltovertical_blender_rig/Chips_v1_L3_report.json,/home/29d_kon@lab.graphicon.ru/ssd1_link/projects/REPROJECTING/outputs/MeshMamba_reference_batch_20260601/_logs/rgb_texture/screen_space/Chips_v1_L3.log,Chips_v1_L3.csv,32868,35,35,23995,510,horizontal_to_vertical,json_camera_static.fov_degrees,60.000001669652114,35.98339890412515,-0.4520047469857027,0.39521942820815004,1.5586222346047436,0.15789975593395977,0.3385918931199472,-0.49222632356091445,0.4513786926151844,0.34394684436921236,0.3567437986750475,0.36066395331447487,-0.4976999905267337,-0.48981843260183605,-0.46049991754638003,2.3912254023685207,8154.516186000001,32290,8807275,,,,,ok,,,/home/29d_kon@lab.graphicon.ru/ssd1_link/projects/REPROJECTING/outputs/MeshMamba_reference_batch_20260601/rgb_texture/baseline_cone/Chips_v1_L3/recenter_rotx90p0_horizontaltovertical_blender_rig/Chips_v1_L3_report.json,/home/29d_kon@lab.graphicon.ru/ssd1_link/projects/REPROJECTING/outputs/MeshMamba_reference_batch_20260601/_logs/rgb_texture/cone/Chips_v1_L3.log,Chips_v1_L3.csv,32868,35,35,23995,510,horizontal_to_vertical,json_camera_static.fov_degrees,60.000001669652114,35.98339890412515,-0.3937676472005228,0.28495611750990424,2.0473692953706513,0.12963743527115656,0.27611486137021807,-0.5456068890999044,0.2398519937484028,0.09176406895096773,0.10522789997774501,0.14476446361163423,-0.7947909052447089,-0.8001553593719997,-0.792432543079149,3425952.040931788,8154.516186000001,,,0.970493852886018,23287,23995,32868
rgb_texture,Christmas_Bear,ok,,,/home/29d_kon@lab.graphicon.ru/ssd1_link/projects/REPROJECTING/outputs/MeshMamba_reference_batch_20260601/rgb_texture/baseline_screen_space/Christmas_Bear/sigma0p05_recenter_rotx90p0_horizontaltovertical_blender_rig/Christmas_Bear_report.json,/home/29d_kon@lab.graphicon.ru/ssd1_link/projects/REPROJECTING/outputs/MeshMamba_reference_batch_20260601/_logs/rgb_texture/screen_space/Christmas_Bear.log,Christmas_Bear.csv,32868,36,36,23231,510,horizontal_to_vertical,json_camera_static.fov_degrees,60.000001669652114,35.98339890412515,0.304757361314573,0.6681379187732478,1.218724602132363,0.04581094340752006,0.16763015641109322,0.386265998492773,0.7452115816503707,0.633590558744576,0.6417510073977656,0.5998524940517953,0.3830453892477656,0.4039092148187614,0.14160997657563337,3.1703473509823965,4777.231648999999,30191,8861189,,,,,ok,,,/home/29d_kon@lab.graphicon.ru/ssd1_link/projects/REPROJECTING/outputs/MeshMamba_reference_batch_20260601/rgb_texture/baseline_cone/Christmas_Bear/recenter_rotx90p0_horizontaltovertical_blender_rig/Christmas_Bear_report.json,/home/29d_kon@lab.graphicon.ru/ssd1_link/projects/REPROJECTING/outputs/MeshMamba_reference_batch_20260601/_logs/rgb_texture/cone/Christmas_Bear.log,Christmas_Bear.csv,32868,36,36,23231,510,horizontal_to_vertical,json_camera_static.fov_degrees,60.000001669652114,35.98339890412515,0.2324047596909315,0.6454199689602111,0.4407846866569724,0.0223244866965552,0.09944781848330453,0.47956854501341717,0.6552649286063089,0.7155150620191776,0.7386159591349347,0.723264044801604,0.2968253952911998,0.3681115057670989,0.37804436876747743,3823768.034491668,4777.231648999999,,,0.9520898799018552,22118,23231,32868
rgb_texture,CrawlingBaby_v1_L1,ok,,,/home/29d_kon@lab.graphicon.ru/ssd1_link/projects/REPROJECTING/outputs/MeshMamba_reference_batch_20260601/rgb_texture/baseline_screen_space/CrawlingBaby_v1_L1/sigma0p05_recenter_rotx90p0_horizontaltovertical_blender_rig/CrawlingBaby_v1_L1_report.json,/home/29d_kon@lab.graphicon.ru/ssd1_link/projects/REPROJECTING/outputs/MeshMamba_reference_batch_20260601/_logs/rgb_texture/screen_space/CrawlingBaby_v1_L1.log,CrawlingBaby.csv,32868,35,35,22307,509,horizontal_to_vertical,json_camera_static.fov_degrees,60.000001669652114,35.98339890412515,0.17667805247580654,0.6716237799519426,1.6166868136893706,0.05342420739381605,0.18601171841371694,0.10560701432989648,0.7535379732231743,0.6130643773748364,0.6730354496790478,0.7592838091601278,0.41886938012639585,0.6183245545855696,0.9850007778221559,3.3679334469984497,8154.6519450000005,30538,8749110,,,,,ok,,,/home/29d_kon@lab.graphicon.ru/ssd1_link/projects/REPROJECTING/outputs/MeshMamba_reference_batch_20260601/rgb_texture/baseline_cone/CrawlingBaby_v1_L1/recenter_rotx90p0_horizontaltovertical_blender_rig/CrawlingBaby_v1_L1_report.json,/home/29d_kon@lab.graphicon.ru/ssd1_link/projects/REPROJECTING/outputs/MeshMamba_reference_batch_20260601/_logs/rgb_texture/cone/CrawlingBaby_v1_L1.log,CrawlingBaby.csv,32868,35,35,22307,509,horizontal_to_vertical,json_camera_static.fov_degrees,60.000001669652114,35.98339890412515,0.5610650139970192,0.6612042685377647,0.4812384147189348,0.03352344599220319,0.14527065729124103,0.344226061917082,0.7995173285289242,0.8376901148334316,0.9067969173223168,0.9582093258022568,1.4489838042426855,2.2581912450736006,3.3567563365348083,4674568.500407548,8154.6519450000005,,,0.9020935132469629,20123,22307,32868
rgb_texture,Deathstroke-obj,ok,,,/home/29d_kon@lab.graphicon.ru/ssd1_link/projects/REPROJECTING/outputs/MeshMamba_reference_batch_20260601/rgb_texture/baseline_screen_space/Deathstroke-obj/sigma0p05_recenter_rotx90p0_horizontaltovertical_blender_rig/Deathstroke-obj_report.json,/home/29d_kon@lab.graphicon.ru/ssd1_link/projects/REPROJECTING/outputs/MeshMamba_reference_batch_20260601/_logs/rgb_texture/screen_space/Deathstroke-obj.log,Deathstroke.csv,32868,35,35,20667,510,horizontal_to_vertical,json_camera_static.fov_degrees,60.000001669652114,35.98339890412515,0.2412078932857105,0.7510921031599939,0.6991419984026112,0.044749387217964,0.17077198948214622,0.27957240399965466,0.8322929124283095,0.6274589002406771,0.6408645277542449,0.5930762906817173,0.39671761933074806,0.44474103184933367,0.29084539997877473,4.243050579190964,8869.612038,31698,8611754,,,,,ok,,,/home/29d_kon@lab.graphicon.ru/ssd1_link/projects/REPROJECTING/outputs/MeshMamba_reference_batch_20260601/rgb_texture/baseline_cone/Deathstroke-obj/recenter_rotx90p0_horizontaltovertical_blender_rig/Deathstroke-obj_report.json,/home/29d_kon@lab.graphicon.ru/ssd1_link/projects/REPROJECTING/outputs/MeshMamba_reference_batch_20260601/_logs/rgb_texture/cone/Deathstroke-obj.log,Deathstroke.csv,32868,35,35,20667,510,horizontal_to_vertical,json_camera_static.fov_degrees,60.000001669652114,35.98339890412515,0.38865185386583845,0.7587378984133846,0.1840836709678417,0.035327605088419436,0.13618944264766653,0.40739045293907433,0.835156907595686,0.7262099413893963,0.7862937681912908,0.9177098307376017,0.7934221343756523,1.0078528580066328,1.474403661393162,8337425.750028956,8869.612038,,,0.8660182900275802,17898,20667,32868
rgb_texture,Diavolo_Mask_v1_L3,ok,,,/home/29d_kon@lab.graphicon.ru/ssd1_link/projects/REPROJECTING/outputs/MeshMamba_reference_batch_20260601/rgb_texture/baseline_screen_space/Diavolo_Mask_v1_L3/sigma0p05_recenter_rotx90p0_horizontaltovertical_blender_rig/Diavolo_Mask_v1_L3_report.json,/home/29d_kon@lab.graphicon.ru/ssd1_link/projects/REPROJECTING/outputs/MeshMamba_reference_batch_20260601/_logs/rgb_texture/screen_space/Diavolo_Mask_v1_L3.log,Diavolo_Mask_v1_l3.csv,32868,35,35,27538,510,horizontal_to_vertical,json_camera_static.fov_degrees,60.000001669652114,35.98339890412515,0.08848446982624451,0.6223618703230915,1.0048215602493937,0.052821939440056614,0.18341143519727296,0.09706769193983417,0.693503828542449,0.46104654947165075,0.4610392342779558,0.6273378655923857,-0.06089524675820811,-0.03428728250023795,0.6519187043950164,2.1537983542364048,7124.251009,31585,8572551,,,,,ok,,,/home/29d_kon@lab.graphicon.ru/ssd1_link/projects/REPROJECTING/outputs/MeshMamba_reference_batch_20260601/rgb_texture/baseline_cone/Diavolo_Mask_v1_L3/recenter_rotx90p0_horizontaltovertical_blender_rig/Diavolo_Mask_v1_L3_report.json,/home/29d_kon@lab.graphicon.ru/ssd1_link/projects/REPROJECTING/outputs/MeshMamba_reference_batch_20260601/_logs/rgb_texture/cone/Diavolo_Mask_v1_L3.log,Diavolo_Mask_v1_l3.csv,32868,35,35,27538,510,horizontal_to_vertical,json_camera_static.fov_degrees,60.000001669652114,35.98339890412515,0.07701741916342862,0.5695954702674839,0.6698167233040313,0.06535603164331502,0.19715383563057312,0.11199891857724438,0.6308663414386366,0.538414223759409,0.5624321966289578,0.5661187869856616,0.026648408675848567,0.1445376400888962,0.35298208736134246,4652720.446328639,7124.251009,,,0.9247585155058464,25466,27538,32868
rgb_texture,Domestic_cat_V2_L3,ok,,,/home/29d_kon@lab.graphicon.ru/ssd1_link/projects/REPROJECTING/outputs/MeshMamba_reference_batch_20260601/rgb_texture/baseline_screen_space/Domestic_cat_V2_L3/sigma0p05_recenter_rotx90p0_horizontaltovertical_blender_rig/Domestic_cat_V2_L3_report.json,/home/29d_kon@lab.graphicon.ru/ssd1_link/projects/REPROJECTING/outputs/MeshMamba_reference_batch_20260601/_logs/rgb_texture/screen_space/Domestic_cat_V2_L3.log,Domestic_cat_V1_iterations-2.csv,32868,35,35,21267,510,horizontal_to_vertical,json_camera_static.fov_degrees,60.000001669652114,35.98339890412515,0.4666641046476092,0.6395960132797546,3.006246108529468,0.05899594054576647,0.19456424558039445,0.2781921514086131,0.7508517118454905,0.7497189090008944,0.8911468745889525,0.95112192233944,1.0999872096592658,1.8064715309528023,2.137195145146109,2.2561618713742817,3796.7092660000003,26745,9731246,,,,,ok,,,/home/29d_kon@lab.graphicon.ru/ssd1_link/projects/REPROJECTING/outputs/MeshMamba_reference_batch_20260601/rgb_texture/baseline_cone/Domestic_cat_V2_L3/recenter_rotx90p0_horizontaltovertical_blender_rig/Domestic_cat_V2_L3_report.json,/home/29d_kon@lab.graphicon.ru/ssd1_link/projects/REPROJECTING/outputs/MeshMamba_reference_batch_20260601/_logs/rgb_texture/cone/Domestic_cat_V2_L3.log,Domestic_cat_V1_iterations-2.csv,32868,35,35,21267,510,horizontal_to_vertical,json_camera_static.fov_degrees,60.000001669652114,35.98339890412515,0.5773467008803104,0.5865759587309437,1.4276193304187943,0.01374155137810122,0.08263761927993077,0.2401567561881129,0.7186764058920505,0.7284895386119247,0.8859084042594972,0.9768737650428557,1.337125227225908,2.546661635073478,3.1151412410619823,3546199.5385330655,3796.7092660000003,,,0.9713640852024263,20658,21267,31455
rgb_texture,Eagle_wood_v1_L3,ok,,,/home/29d_kon@lab.graphicon.ru/ssd1_link/projects/REPROJECTING/outputs/MeshMamba_reference_batch_20260601/rgb_texture/baseline_screen_space/Eagle_wood_v1_L3/sigma0p05_recenter_rotx90p0_horizontaltovertical_blender_rig/Eagle_wood_v1_L3_report.json,/home/29d_kon@lab.graphicon.ru/ssd1_link/projects/REPROJECTING/outputs/MeshMamba_reference_batch_20260601/_logs/rgb_texture/screen_space/Eagle_wood_v1_L3.log,Eagle_v1_max2011_it2.csv,32868,35,35,26001,510,horizontal_to_vertical,json_camera_static.fov_degrees,60.000001669652114,35.98339890412515,-0.03654921412125298,0.5792429106494885,2.4446411586031593,0.06767793496898374,0.20383041195574267,-0.057957732054052816,0.6207543816728089,0.46463413195556436,0.4310487152561539,0.39271354617619947,-0.039803686668307026,-0.13377136048019947,-0.2678586484250549,2.681048204933451,6640.40646,28801,8930092,,,,,ok,,,/home/29d_kon@lab.graphicon.ru/ssd1_link/projects/REPROJECTING/outputs/MeshMamba_reference_batch_20260601/rgb_texture/baseline_cone/Eagle_wood_v1_L3/recenter_rotx90p0_horizontaltovertical_blender_rig/Eagle_wood_v1_L3_report.json,/home/29d_kon@lab.graphicon.ru/ssd1_link/projects/REPROJECTING/outputs/MeshMamba_reference_batch_20260601/_logs/rgb_texture/cone/Eagle_wood_v1_L3.log,Eagle_v1_max2011_it2.csv,32868,35,35,26001,510,horizontal_to_vertical,json_camera_static.fov_degrees,60.000001669652114,35.98339890412515,0.1029696216587212,0.5719424660809387,0.6525209050718135,0.04320564723050337,0.14923007970044144,0.02678994009826624,0.5862018866817661,0.48396133454915147,0.43688275652642267,0.3083520257337209,0.2034672646236013,0.14350680769892493,-0.479621297110814,4550658.294108408,6640.40646,,,0.9214645590554209,23959,26001,32868
rgb_texture,Elephant_v01_l3,ok,,,/home/29d_kon@lab.graphicon.ru/ssd1_link/projects/REPROJECTING/outputs/MeshMamba_reference_batch_20260601/rgb_texture/baseline_screen_space/Elephant_v01_l3/sigma0p05_recenter_rotx90p0_horizontaltovertical_blender_rig/Elephant_v01_l3_report.json,/home/29d_kon@lab.graphicon.ru/ssd1_link/projects/REPROJECTING/outputs/MeshMamba_reference_batch_20260601/_logs/rgb_texture/screen_space/Elephant_v01_l3.log,statue_Elephant_v1_L3.csv,32868,35,35,23885,510,horizontal_to_vertical,json_camera_static.fov_degrees,60.000001669652114,35.98339890412515,-0.0011226050631528367,0.4724611454816516,2.0090521957567793,0.15387418885803625,0.3331439562300874,0.08439391672233161,0.4873777038647771,0.41377603473447067,0.45509198933317874,0.4050566955846578,-0.21269151565786268,-0.08237904537291367,-0.23568647898975473,2.004661601547568,4025.626563,29386,9179794,,,,,ok,,,/home/29d_kon@lab.graphicon.ru/ssd1_link/projects/REPROJECTING/outputs/MeshMamba_reference_batch_20260601/rgb_texture/baseline_cone/Elephant_v01_l3/recenter_rotx90p0_horizontaltovertical_blender_rig/Elephant_v01_l3_report.json,/home/29d_kon@lab.graphicon.ru/ssd1_link/projects/REPROJECTING/outputs/MeshMamba_reference_batch_20260601/_logs/rgb_texture/cone/Elephant_v01_l3.log,statue_Elephant_v1_L3.csv,32868,35,35,23885,510,horizontal_to_vertical,json_camera_static.fov_degrees,60.000001669652114,35.98339890412515,0.3688065578467953,0.5185397704592221,1.069309894671126,0.033299011717646175,0.12241643392204145,0.3224980760457171,0.6092342642923637,0.8161406465251877,0.8485347789896476,0.8833895934651623,0.9221298049074419,1.1439902292679511,1.1865078550716757,2655442.0130549227,4025.626563,,,0.9427255599748796,22517,23885,31653
rgb_texture,Fighter_Jet_SG_v1_L3,ok,,,/home/29d_kon@lab.graphicon.ru/ssd1_link/projects/REPROJECTING/outputs/MeshMamba_reference_batch_20260601/rgb_texture/baseline_screen_space/Fighter_Jet_SG_v1_L3/sigma0p05_recenter_rotx90p0_horizontaltovertical_blender_rig/Fighter_Jet_SG_v1_L3_report.json,/home/29d_kon@lab.graphicon.ru/ssd1_link/projects/REPROJECTING/outputs/MeshMamba_reference_batch_20260601/_logs/rgb_texture/screen_space/Fighter_Jet_SG_v1_L3.log,Fighter_Jet_SG_v1_iterations-2.csv,32868,33,33,23979,510,horizontal_to_vertical,json_camera_static.fov_degrees,60.000001669652114,35.98339890412515,0.06994789119195018,0.5285728276558987,4.194116366572363,0.10267676829370558,0.24929028673302872,0.09442589593649985,0.5936965122488631,0.5675764410934518,0.5612843316296093,0.5835430964255098,0.1566646133065085,0.15522772039520555,0.239535362250444,3.4760094215789263,8103.355491,22984,8790860,,,,,ok,,,/home/29d_kon@lab.graphicon.ru/ssd1_link/projects/REPROJECTING/outputs/MeshMamba_reference_batch_20260601/rgb_texture/baseline_cone/Fighter_Jet_SG_v1_L3/recenter_rotx90p0_horizontaltovertical_blender_rig/Fighter_Jet_SG_v1_L3_report.json,/home/29d_kon@lab.graphicon.ru/ssd1_link/projects/REPROJECTING/outputs/MeshMamba_reference_batch_20260601/_logs/rgb_texture/cone/Fighter_Jet_SG_v1_L3.log,Fighter_Jet_SG_v1_iterations-2.csv,32868,33,33,23979,510,horizontal_to_vertical,json_camera_static.fov_degrees,60.000001669652114,35.98339890412515,0.4393608986744437,0.6730075794768546,0.3949036868758215,0.047939262006550215,0.16841803645537123,0.3866306960233977,0.7822914443252279,0.7903725737585094,0.8371651345306156,0.8897062127270982,0.9290378880406559,1.1331793497490008,1.5339593385050798,7339094.379974328,8103.355491,,,0.8866508194670336,21261,23979,32868
rgb_texture,Flying_saucer_v1_L3,ok,,,/home/29d_kon@lab.graphicon.ru/ssd1_link/projects/REPROJECTING/outputs/MeshMamba_reference_batch_20260601/rgb_texture/baseline_screen_space/Flying_saucer_v1_L3/sigma0p05_recenter_rotx90p0_horizontaltovertical_blender_rig/Flying_saucer_v1_L3_report.json,/home/29d_kon@lab.graphicon.ru/ssd1_link/projects/REPROJECTING/outputs/MeshMamba_reference_batch_20260601/_logs/rgb_texture/screen_space/Flying_saucer_v1_L3.log,Flying_saucer_v1_L3.csv,32868,35,35,24555,510,horizontal_to_vertical,json_camera_static.fov_degrees,60.000001669652114,35.98339890412515,0.08738761482579961,0.375453732681965,5.542844861538949,0.17329464172573067,0.3315559472201856,0.11710720296258371,0.37419724793916137,0.5745244860766918,0.5490441039645715,0.5886141680252578,0.2783369467991562,0.1985826846156307,0.24019149335271506,2.407243074420935,2581.479386,24960,8611747,,,,,ok,,,/home/29d_kon@lab.graphicon.ru/ssd1_link/projects/REPROJECTING/outputs/MeshMamba_reference_batch_20260601/rgb_texture/baseline_cone/Flying_saucer_v1_L3/recenter_rotx90p0_horizontaltovertical_blender_rig/Flying_saucer_v1_L3_report.json,/home/29d_kon@lab.graphicon.ru/ssd1_link/projects/REPROJECTING/outputs/MeshMamba_reference_batch_20260601/_logs/rgb_texture/cone/Flying_saucer_v1_L3.log,Flying_saucer_v1_L3.csv,32868,35,35,24555,510,horizontal_to_vertical,json_camera_static.fov_degrees,60.000001669652114,35.98339890412515,-0.2687592769621099,0.08908573284796137,16.874407696084713,0.05904240978281781,0.16705505389099332,-0.4701302610454513,0.0653978862692411,0.5,0.5,0.5,-0.7890427796022104,-0.7890427796022105,-0.7890427796022104,2368480.4527874975,2581.479386,,,0.9285277947464875,22800,24555,19693
rgb_texture,Frog_v1_L3,ok,,,/home/29d_kon@lab.graphicon.ru/ssd1_link/projects/REPROJECTING/outputs/MeshMamba_reference_batch_20260601/rgb_texture/baseline_screen_space/Frog_v1_L3/sigma0p05_recenter_rotx90p0_horizontaltovertical_blender_rig/Frog_v1_L3_report.json,/home/29d_kon@lab.graphicon.ru/ssd1_link/projects/REPROJECTING/outputs/MeshMamba_reference_batch_20260601/_logs/rgb_texture/screen_space/Frog_v1_L3.log,Frog_v1_L3.csv,32868,35,35,24271,510,horizontal_to_vertical,json_camera_static.fov_degrees,60.000001669652114,35.98339890412515,0.05305094107302094,0.5338174088220862,3.419240927464326,0.080780439143915,0.22159685821026995,0.07691296179906107,0.5272010175975088,0.5246876497277199,0.5422207042682871,0.5779912830345928,0.07252860906282223,0.12709871271526374,0.22153238841533013,2.9140484944853644,4224.881885,27559,8610546,,,,,ok,,,/home/29d_kon@lab.graphicon.ru/ssd1_link/projects/REPROJECTING/outputs/MeshMamba_reference_batch_20260601/rgb_texture/baseline_cone/Frog_v1_L3/recenter_rotx90p0_horizontaltovertical_blender_rig/Frog_v1_L3_report.json,/home/29d_kon@lab.graphicon.ru/ssd1_link/projects/REPROJECTING/outputs/MeshMamba_reference_batch_20260601/_logs/rgb_texture/cone/Frog_v1_L3.log,Frog_v1_L3.csv,32868,35,35,24271,510,horizontal_to_vertical,json_camera_static.fov_degrees,60.000001669652114,35.98339890412515,-0.055892955176612746,0.5091736562887195,0.8988462074571448,0.06762188824559831,0.17492602092556578,0.14732040080612652,0.43396404436681457,0.36935087825915275,0.385966058066881,0.43868279271327537,-0.46249108661827093,-0.4501228893289591,-0.3860803669768318,4801079.185060208,4224.881885,,,0.7682419348193317,18646,24271,32868
rgb_texture,Gold_Doubloon_v1_L1,ok,,,/home/29d_kon@lab.graphicon.ru/ssd1_link/projects/REPROJECTING/outputs/MeshMamba_reference_batch_20260601/rgb_texture/baseline_screen_space/Gold_Doubloon_v1_L1/sigma0p05_recenter_rotx90p0_horizontaltovertical_blender_rig/Gold_Doubloon_v1_L1_report.json,/home/29d_kon@lab.graphicon.ru/ssd1_link/projects/REPROJECTING/outputs/MeshMamba_reference_batch_20260601/_logs/rgb_texture/screen_space/Gold_Doubloon_v1_L1.log,Gold_Doubloon_v1_l1.csv,32868,35,35,27161,510,horizontal_to_vertical,json_camera_static.fov_degrees,60.000001669652114,35.98339890412515,0.3513126299173299,0.6740622533569102,0.38162976476186417,0.03994141195704524,0.1580237409980325,0.3914962314561944,0.7716400309393895,0.7029501439468742,0.6795970062176889,0.6460873092107101,0.6448353416616189,0.5713878354653533,0.39984595912027043,3.5274551728864108,7094.053067999999,32640,8663640,,,,,ok,,,/home/29d_kon@lab.graphicon.ru/ssd1_link/projects/REPROJECTING/outputs/MeshMamba_reference_batch_20260601/rgb_texture/baseline_cone/Gold_Doubloon_v1_L1/recenter_rotx90p0_horizontaltovertical_blender_rig/Gold_Doubloon_v1_L1_report.json,/home/29d_kon@lab.graphicon.ru/ssd1_link/projects/REPROJECTING/outputs/MeshMamba_reference_batch_20260601/_logs/rgb_texture/cone/Gold_Doubloon_v1_L1.log,Gold_Doubloon_v1_l1.csv,32868,35,35,27161,510,horizontal_to_vertical,json_camera_static.fov_degrees,60.000001669652114,35.98339890412515,0.3576955889598735,0.6559273810545225,0.41572114916654335,0.0439270263326231,0.15288919651724578,0.4208213601844424,0.7382117411334803,0.7183747621570333,0.6793189646681416,0.6447240631793636,0.7272025568784481,0.5610167604344914,0.2668308797673409,6614562.352940178,7094.053067999999,,,0.9620779794558374,26131,27161,32868
rgb_texture,GrayAlien_v01_L3,ok,,,/home/29d_kon@lab.graphicon.ru/ssd1_link/projects/REPROJECTING/outputs/MeshMamba_reference_batch_20260601/rgb_texture/baseline_screen_space/GrayAlien_v01_L3/sigma0p05_recenter_rotx90p0_horizontaltovertical_blender_rig/GrayAlien_v01_L3_report.json,/home/29d_kon@lab.graphicon.ru/ssd1_link/projects/REPROJECTING/outputs/MeshMamba_reference_batch_20260601/_logs/rgb_texture/screen_space/GrayAlien_v01_L3.log,GrayAlien_v01.csv,32868,35,35,21539,510,horizontal_to_vertical,json_camera_static.fov_degrees,60.000001669652114,35.98339890412515,0.3153749059405646,0.596174952481145,0.9043337310085888,0.06020916817166578,0.203755608101411,0.21533569096226188,0.711625577827007,0.780831384924258,0.8795393972164404,0.8650900658746562,0.9371319751048099,1.354888490946672,1.2784121276628906,3.870424504666679,7181.619656,31690,8600165,,,,,ok,,,/home/29d_kon@lab.graphicon.ru/ssd1_link/projects/REPROJECTING/outputs/MeshMamba_reference_batch_20260601/rgb_texture/baseline_cone/GrayAlien_v01_L3/recenter_rotx90p0_horizontaltovertical_blender_rig/GrayAlien_v01_L3_report.json,/home/29d_kon@lab.graphicon.ru/ssd1_link/projects/REPROJECTING/outputs/MeshMamba_reference_batch_20260601/_logs/rgb_texture/cone/GrayAlien_v01_L3.log,GrayAlien_v01.csv,32868,35,35,21539,510,horizontal_to_vertical,json_camera_static.fov_degrees,60.000001669652114,35.98339890412515,0.6857906335379041,0.6836950628997169,0.3910543045264181,0.03399351291145196,0.14507463288668493,0.2532940620797628,0.8432689788791572,0.875812194218888,0.9952899693323434,0.9862445168673439,1.998728748362268,2.8161847226257386,3.0001412156598013,11196195.861729633,7181.619656,,,0.7737128000371419,16665,21539,32868
rgb_texture,Great_Dane_v1_L3,ok,,,/home/29d_kon@lab.graphicon.ru/ssd1_link/projects/REPROJECTING/outputs/MeshMamba_reference_batch_20260601/rgb_texture/baseline_screen_space/Great_Dane_v1_L3/sigma0p05_recenter_rotx90p0_horizontaltovertical_blender_rig/Great_Dane_v1_L3_report.json,/home/29d_kon@lab.graphicon.ru/ssd1_link/projects/REPROJECTING/outputs/MeshMamba_reference_batch_20260601/_logs/rgb_texture/screen_space/Great_Dane_v1_L3.log,Great_Dane_v1_l3.csv,32868,35,35,22015,510,horizontal_to_vertical,json_camera_static.fov_degrees,60.000001669652114,35.98339890412515,0.2253082265715846,0.6221980794961435,1.8315263121499235,0.10368717026745763,0.25727098813389215,0.17976073407483564,0.7081976872802214,0.6221716126152437,0.43911760862409793,0.20569317286873243,0.5054237603037901,-0.0965340393095649,-0.9499535405123131,3.5925391577977415,9149.205681,30580,9012367,,,,,ok,,,/home/29d_kon@lab.graphicon.ru/ssd1_link/projects/REPROJECTING/outputs/MeshMamba_reference_batch_20260601/rgb_texture/baseline_cone/Great_Dane_v1_L3/recenter_rotx90p0_horizontaltovertical_blender_rig/Great_Dane_v1_L3_report.json,/home/29d_kon@lab.graphicon.ru/ssd1_link/projects/REPROJECTING/outputs/MeshMamba_reference_batch_20260601/_logs/rgb_texture/cone/Great_Dane_v1_L3.log,Great_Dane_v1_l3.csv,32868,35,35,22015,510,horizontal_to_vertical,json_camera_static.fov_degrees,60.000001669652114,35.98339890412515,0.45809586926801005,0.6063970120143869,0.6649743253692445,0.07206049431339893,0.18869817620808904,0.3674126864229224,0.7092162498035828,0.6432384503134525,0.42625911473674566,0.15937615567421504,1.0436937814277518,0.23148216757290138,-0.3840579156428229,8359946.642273482,9149.205681,,,0.8225755166931638,18109,22015,32868
rgb_texture,Gun_Powder_Keg_v1_L3,ok,,,/home/29d_kon@lab.graphicon.ru/ssd1_link/projects/REPROJECTING/outputs/MeshMamba_reference_batch_20260601/rgb_texture/baseline_screen_space/Gun_Powder_Keg_v1_L3/sigma0p05_recenter_rotx90p0_horizontaltovertical_blender_rig/Gun_Powder_Keg_v1_L3_report.json,/home/29d_kon@lab.graphicon.ru/ssd1_link/projects/REPROJECTING/outputs/MeshMamba_reference_batch_20260601/_logs/rgb_texture/screen_space/Gun_Powder_Keg_v1_L3.log,Gun_Powder_Keg_v1_L3.csv,32868,36,36,23165,510,horizontal_to_vertical,json_camera_static.fov_degrees,60.000001669652114,35.98339890412515,-0.07398355604974155,0.2889246880123958,2.270543597814882,0.06875378392989454,0.18739757673954965,-0.002563748780892736,0.2753692045089095,0.48673975548587556,0.4887906933215638,0.5052376708389492,-0.21940061413108153,-0.21523471792776297,-0.18993122410700816,1.2327766760877048,2411.3684630000002,26985,9007507,,,,,ok,,,/home/29d_kon@lab.graphicon.ru/ssd1_link/projects/REPROJECTING/outputs/MeshMamba_reference_batch_20260601/rgb_texture/baseline_cone/Gun_Powder_Keg_v1_L3/recenter_rotx90p0_horizontaltovertical_blender_rig/Gun_Powder_Keg_v1_L3_report.json,/home/29d_kon@lab.graphicon.ru/ssd1_link/projects/REPROJECTING/outputs/MeshMamba_reference_batch_20260601/_logs/rgb_texture/cone/Gun_Powder_Keg_v1_L3.log,Gun_Powder_Keg_v1_L3.csv,32868,36,36,23165,510,horizontal_to_vertical,json_camera_static.fov_degrees,60.000001669652114,35.98339890412515,-0.0030651175999636612,0.3092834135081181,1.6253956850071343,0.026611549001285057,0.08689803928066274,0.09649716658839584,0.2826183039772435,0.5327355556456715,0.5572249250062183,0.580454541760549,-0.05017362139024073,0.007183263442634758,0.09548064619962966,1136257.1957928226,2411.3684630000002,,,0.973364990287071,22548,23165,31707
rgb_texture,Handheld_Game_unit_v1_L3,ok,,,/home/29d_kon@lab.graphicon.ru/ssd1_link/projects/REPROJECTING/outputs/MeshMamba_reference_batch_20260601/rgb_texture/baseline_screen_space/Handheld_Game_unit_v1_L3/sigma0p05_recenter_rotx90p0_horizontaltovertical_blender_rig/Handheld_Game_unit_v1_L3_report.json,/home/29d_kon@lab.graphicon.ru/ssd1_link/projects/REPROJECTING/outputs/MeshMamba_reference_batch_20260601/_logs/rgb_texture/screen_space/Handheld_Game_unit_v1_L3.log,Handheld_Game_unit_v1_L3.csv,32868,35,35,23108,510,horizontal_to_vertical,json_camera_static.fov_degrees,60.000001669652114,35.98339890412515,-0.009666780884598353,0.4848217086736393,2.652809674156849,0.09225052440672939,0.24026113485489223,0.09167461746475924,0.45916813634561854,0.48598811571167483,0.488011748402408,0.23343056837756815,-0.06663312109755708,-0.024268471562795393,-0.8127040731274089,3.054695727643167,3187.400668,29305,8404632,,,,,ok,,,/home/29d_kon@lab.graphicon.ru/ssd1_link/projects/REPROJECTING/outputs/MeshMamba_reference_batch_20260601/rgb_texture/baseline_cone/Handheld_Game_unit_v1_L3/recenter_rotx90p0_horizontaltovertical_blender_rig/Handheld_Game_unit_v1_L3_report.json,/home/29d_kon@lab.graphicon.ru/ssd1_link/projects/REPROJECTING/outputs/MeshMamba_reference_batch_20260601/_logs/rgb_texture/cone/Handheld_Game_unit_v1_L3.log,Handheld_Game_unit_v1_L3.csv,32868,35,35,23108,510,horizontal_to_vertical,json_camera_static.fov_degrees,60.000001669652114,35.98339890412515,0.14097079673869592,0.5197349658200408,1.047981200177264,0.07734300993123232,0.1994575860636232,0.25122852920898026,0.5018284162526672,0.5789304296833246,0.5779084402602527,0.12689079861239227,0.3805561772831707,0.48394485436833257,-0.9305572571059502,4952052.6462791525,3187.400668,,,0.9417084992210489,21761,23108,32868
rgb_texture,Holsteind_v2_L3,ok,,,/home/29d_kon@lab.graphicon.ru/ssd1_link/projects/REPROJECTING/outputs/MeshMamba_reference_batch_20260601/rgb_texture/baseline_screen_space/Holsteind_v2_L3/sigma0p05_recenter_rotx90p0_horizontaltovertical_blender_rig/Holsteind_v2_L3_report.json,/home/29d_kon@lab.graphicon.ru/ssd1_link/projects/REPROJECTING/outputs/MeshMamba_reference_batch_20260601/_logs/rgb_texture/screen_space/Holsteind_v2_L3.log,Holsteind_v2_l3.csv,32868,35,35,24263,510,horizontal_to_vertical,json_camera_static.fov_degrees,60.000001669652114,35.98339890412515,-0.06308250254559135,0.57655180902111,1.7063235585930392,0.09242270796212543,0.2508249194196749,-0.10202055275960331,0.6239265778216018,0.4867134886151062,0.5260171304374388,0.4043494311385608,0.01443572911629286,0.13480081847914804,-0.3071645284266725,2.961514838075235,5277.208095,30714,9153140,,,,,ok,,,/home/29d_kon@lab.graphicon.ru/ssd1_link/projects/REPROJECTING/outputs/MeshMamba_reference_batch_20260601/rgb_texture/baseline_cone/Holsteind_v2_L3/recenter_rotx90p0_horizontaltovertical_blender_rig/Holsteind_v2_L3_report.json,/home/29d_kon@lab.graphicon.ru/ssd1_link/projects/REPROJECTING/outputs/MeshMamba_reference_batch_20260601/_logs/rgb_texture/cone/Holsteind_v2_L3.log,Holsteind_v2_l3.csv,32868,35,35,24263,510,horizontal_to_vertical,json_camera_static.fov_degrees,60.000001669652114,35.98339890412515,-0.03802262727992081,0.4516101736680148,1.1409256709373636,0.04397299261142955,0.14527645502506653,-0.09917329216889438,0.40468839530322764,0.4627732516906059,0.41551082422716823,0.2778414324601453,-0.12417009384940618,-0.2425141065097352,-0.4942863751105245,4331876.927363697,5277.208095,,,0.898734698924288,21806,24263,32861
rgb_texture,Horse_v01_L3,ok,,,/home/29d_kon@lab.graphicon.ru/ssd1_link/projects/REPROJECTING/outputs/MeshMamba_reference_batch_20260601/rgb_texture/baseline_screen_space/Horse_v01_L3/sigma0p05_recenter_rotx90p0_horizontaltovertical_blender_rig/Horse_v01_L3_report.json,/home/29d_kon@lab.graphicon.ru/ssd1_link/projects/REPROJECTING/outputs/MeshMamba_reference_batch_20260601/_logs/rgb_texture/screen_space/Horse_v01_L3.log,Horse_v01-it2.csv,32868,35,35,23448,510,horizontal_to_vertical,json_camera_static.fov_degrees,60.000001669652114,35.98339890412515,0.30899482617739565,0.6244247947439059,1.2384653418164913,0.07029400557111015,0.21420479639084294,0.23684621799885733,0.7111356129062536,0.6914988578899246,0.648540383652727,0.4010940437058882,0.7111850410246104,0.6495282534834599,-0.13034021537684157,2.953690082156142,5749.785538,31138,8909864,,,,,ok,,,/home/29d_kon@lab.graphicon.ru/ssd1_link/projects/REPROJECTING/outputs/MeshMamba_reference_batch_20260601/rgb_texture/baseline_cone/Horse_v01_L3/recenter_rotx90p0_horizontaltovertical_blender_rig/Horse_v01_L3_report.json,/home/29d_kon@lab.graphicon.ru/ssd1_link/projects/REPROJECTING/outputs/MeshMamba_reference_batch_20260601/_logs/rgb_texture/cone/Horse_v01_L3.log,Horse_v01-it2.csv,32868,35,35,23448,510,horizontal_to_vertical,json_camera_static.fov_degrees,60.000001669652114,35.98339890412515,0.572271366241444,0.6274544085451734,0.5255062276091591,0.028503303472827826,0.11902797284960642,0.44005929350963774,0.7577459371952474,0.89046481428731,0.8707236927206161,0.8253172648281497,1.4211766714190341,1.4321205864066653,0.5712361601673411,6917890.111635312,5749.785538,,,0.8929972705561242,20939,23448,32868
rgb_texture,Hover_Truck_v1_L2,ok,,,/home/29d_kon@lab.graphicon.ru/ssd1_link/projects/REPROJECTING/outputs/MeshMamba_reference_batch_20260601/rgb_texture/baseline_screen_space/Hover_Truck_v1_L2/sigma0p05_recenter_rotx90p0_horizontaltovertical_blender_rig/Hover_Truck_v1_L2_report.json,/home/29d_kon@lab.graphicon.ru/ssd1_link/projects/REPROJECTING/outputs/MeshMamba_reference_batch_20260601/_logs/rgb_texture/screen_space/Hover_Truck_v1_L2.log,Hover_Truck_V1_l2.csv,32868,35,35,28748,510,horizontal_to_vertical,json_camera_static.fov_degrees,60.000001669652114,35.98339890412515,0.15238261103849607,0.6135726759154315,1.749714328727406,0.08836291636307221,0.23136042307705548,0.1982570800188351,0.6777890308795961,0.5463493590281884,0.510863413055526,0.5872316325389659,0.15083788985649751,0.05397890752498937,0.27855663557905896,2.261489118884211,4870.425046,27911,8429658,,,,,ok,,,/home/29d_kon@lab.graphicon.ru/ssd1_link/projects/REPROJECTING/outputs/MeshMamba_reference_batch_20260601/rgb_texture/baseline_cone/Hover_Truck_v1_L2/recenter_rotx90p0_horizontaltovertical_blender_rig/Hover_Truck_v1_L2_report.json,/home/29d_kon@lab.graphicon.ru/ssd1_link/projects/REPROJECTING/outputs/MeshMamba_reference_batch_20260601/_logs/rgb_texture/cone/Hover_Truck_v1_L2.log,Hover_Truck_V1_l2.csv,32868,35,35,28748,510,horizontal_to_vertical,json_camera_static.fov_degrees,60.000001669652114,35.98339890412515,0.2057857904367124,0.5992949810904574,0.6865908439298506,0.03482210860748571,0.13831135874073433,0.28310119930637734,0.6613893526832185,0.5917274043486604,0.5988671625887629,0.7683860966092501,0.2306911873665466,0.21753305086512273,0.7858300084502539,3303360.3854690725,4870.425046,,,0.9817030749965215,28222,28748,32096
rgb_texture,Ice_Cream_V1_L3,ok,,,/home/29d_kon@lab.graphicon.ru/ssd1_link/projects/REPROJECTING/outputs/MeshMamba_reference_batch_20260601/rgb_texture/baseline_screen_space/Ice_Cream_V1_L3/sigma0p05_recenter_rotx90p0_horizontaltovertical_blender_rig/Ice_Cream_V1_L3_report.json,/home/29d_kon@lab.graphicon.ru/ssd1_link/projects/REPROJECTING/outputs/MeshMamba_reference_batch_20260601/_logs/rgb_texture/screen_space/Ice_Cream_V1_L3.log,Ice_Cream_v1_LOD1.csv,32868,35,35,23099,510,horizontal_to_vertical,json_camera_static.fov_degrees,60.000001669652114,35.98339890412515,0.23443980712340542,0.6327017314069754,1.366779634829824,0.08879692495278084,0.2384583569535814,0.3038417847816456,0.7076118571612339,0.6295611446625076,0.5651249576874237,0.5244992891859205,0.4004105078877151,0.20078796188839415,0.014583785927224297,6.082233443991719,7277.817188999999,31028,8627953,,,,,ok,,,/home/29d_kon@lab.graphicon.ru/ssd1_link/projects/REPROJECTING/outputs/MeshMamba_reference_batch_20260601/rgb_texture/baseline_cone/Ice_Cream_V1_L3/recenter_rotx90p0_horizontaltovertical_blender_rig/Ice_Cream_V1_L3_report.json,/home/29d_kon@lab.graphicon.ru/ssd1_link/projects/REPROJECTING/outputs/MeshMamba_reference_batch_20260601/_logs/rgb_texture/cone/Ice_Cream_V1_L3.log,Ice_Cream_v1_LOD1.csv,32868,35,35,23099,510,horizontal_to_vertical,json_camera_static.fov_degrees,60.000001669652114,35.98339890412515,0.33469265589760033,0.6296998826929212,0.5241161775417944,0.05939377195541581,0.1786042444433674,0.5141795096764475,0.7125545898943286,0.72752378373101,0.722745665025905,0.7478107869808043,0.3327375353373961,0.33248728808791383,0.3910824374751323,13218195.843633156,7277.817188999999,,,0.8809905190700896,20350,23099,32459
rgb_texture,Ichthyosaurus_V1_L2,ok,,,/home/29d_kon@lab.graphicon.ru/ssd1_link/projects/REPROJECTING/outputs/MeshMamba_reference_batch_20260601/rgb_texture/baseline_screen_space/Ichthyosaurus_V1_L2/sigma0p05_recenter_rotx90p0_horizontaltovertical_blender_rig/Ichthyosaurus_V1_L2_report.json,/home/29d_kon@lab.graphicon.ru/ssd1_link/projects/REPROJECTING/outputs/MeshMamba_reference_batch_20260601/_logs/rgb_texture/screen_space/Ichthyosaurus_V1_L2.log,Ichthyosaurus_v1_L2.csv,32868,35,35,21624,510,horizontal_to_vertical,json_camera_static.fov_degrees,60.000001669652114,35.98339890412515,0.34433725818372934,0.6762486723572929,1.5850766180893192,0.06324029208927612,0.19759776850372848,0.29083995037792365,0.7737664484833731,0.7329840943401505,0.8291648237708469,0.8847405091911683,0.8331524009694737,1.2316659080052306,1.5047516567875128,5.107041253383355,9063.878693999999,30355,8605875,,,,,ok,,,/home/29d_kon@lab.graphicon.ru/ssd1_link/projects/REPROJECTING/outputs/MeshMamba_reference_batch_20260601/rgb_texture/baseline_cone/Ichthyosaurus_V1_L2/recenter_rotx90p0_horizontaltovertical_blender_rig/Ichthyosaurus_V1_L2_report.json,/home/29d_kon@lab.graphicon.ru/ssd1_link/projects/REPROJECTING/outputs/MeshMamba_reference_batch_20260601/_logs/rgb_texture/cone/Ichthyosaurus_V1_L2.log,Ichthyosaurus_v1_L2.csv,32868,35,35,21624,510,horizontal_to_vertical,json_camera_static.fov_degrees,60.000001669652114,35.98339890412515,0.6106452495098639,0.6659694516665371,0.5050963278237082,0.047009108555954617,0.15254751336239378,0.45525292783148974,0.7953399990618168,0.7345779709381244,0.8897155133801249,0.9731798577736643,1.4483739585715856,2.1972355336618725,2.786436965351767,15905852.728989307,9063.878693999999,,,0.7949963004069552,17191,21624,32868
rgb_texture,Impact_Driver_v2_L3,ok,,,/home/29d_kon@lab.graphicon.ru/ssd1_link/projects/REPROJECTING/outputs/MeshMamba_reference_batch_20260601/rgb_texture/baseline_screen_space/Impact_Driver_v2_L3/sigma0p05_recenter_rotx90p0_horizontaltovertical_blender_rig/Impact_Driver_v2_L3_report.json,/home/29d_kon@lab.graphicon.ru/ssd1_link/projects/REPROJECTING/outputs/MeshMamba_reference_batch_20260601/_logs/rgb_texture/screen_space/Impact_Driver_v2_L3.log,Impact_Driver_v2_L3.csv,32868,36,36,24655,510,horizontal_to_vertical,json_camera_static.fov_degrees,60.000001669652114,35.98339890412515,0.029171217157102195,0.5774815578783193,1.6601855938436925,0.07303264296708344,0.2116808981820105,0.09309029439609741,0.6419477327562084,0.47671909855637423,0.5095073456346824,0.6660233111895372,-0.11152778432685602,-0.03790229699588394,0.42356517806964833,3.2204574767328373,7978.725249000001,30588,8607535,,,,,ok,,,/home/29d_kon@lab.graphicon.ru/ssd1_link/projects/REPROJECTING/outputs/MeshMamba_reference_batch_20260601/rgb_texture/baseline_cone/Impact_Driver_v2_L3/recenter_rotx90p0_horizontaltovertical_blender_rig/Impact_Driver_v2_L3_report.json,/home/29d_kon@lab.graphicon.ru/ssd1_link/projects/REPROJECTING/outputs/MeshMamba_reference_batch_20260601/_logs/rgb_texture/cone/Impact_Driver_v2_L3.log,Impact_Driver_v2_L3.csv,32868,36,36,24655,510,horizontal_to_vertical,json_camera_static.fov_degrees,60.000001669652114,35.98339890412515,0.5921624361420093,0.708362646551552,0.3270976440418307,0.03709504450034462,0.1413756167489027,0.5606511395477523,0.8229190740885135,0.8517231545458651,0.8370801782021815,0.9978516311172443,1.6245951626899078,1.828710386567451,3.6393038168158105,8351323.726618659,7978.725249000001,,,0.9398499290204827,23172,24655,32850
rgb_texture,Jambu_Fruit_Dove_v1_L3,ok,,,/home/29d_kon@lab.graphicon.ru/ssd1_link/projects/REPROJECTING/outputs/MeshMamba_reference_batch_20260601/rgb_texture/baseline_screen_space/Jambu_Fruit_Dove_v1_L3/sigma0p05_recenter_rotx90p0_horizontaltovertical_blender_rig/Jambu_Fruit_Dove_v1_L3_report.json,/home/29d_kon@lab.graphicon.ru/ssd1_link/projects/REPROJECTING/outputs/MeshMamba_reference_batch_20260601/_logs/rgb_texture/screen_space/Jambu_Fruit_Dove_v1_L3.log,Jambu_fruit_dove_v1_L3.csv,32868,35,35,27097,510,horizontal_to_vertical,json_camera_static.fov_degrees,60.000001669652114,35.98339890412515,0.027449224607631495,0.5136238837761324,2.8203596757880454,0.12910045996866124,0.3017761013511685,0.15487770024476005,0.5386505110060347,0.38259433830456324,0.3924056932155875,0.47914011252898203,-0.3586484813286344,-0.3533230671918189,-0.07159425298981287,3.5411147877158924,5204.197679999999,28889,9067237,,,,,ok,,,/home/29d_kon@lab.graphicon.ru/ssd1_link/projects/REPROJECTING/outputs/MeshMamba_reference_batch_20260601/rgb_texture/baseline_cone/Jambu_Fruit_Dove_v1_L3/recenter_rotx90p0_horizontaltovertical_blender_rig/Jambu_Fruit_Dove_v1_L3_report.json,/home/29d_kon@lab.graphicon.ru/ssd1_link/projects/REPROJECTING/outputs/MeshMamba_reference_batch_20260601/_logs/rgb_texture/cone/Jambu_Fruit_Dove_v1_L3.log,Jambu_fruit_dove_v1_L3.csv,32868,35,35,27097,510,horizontal_to_vertical,json_camera_static.fov_degrees,60.000001669652114,35.98339890412515,0.11476372623294714,0.48993799503431573,0.9443517256015149,0.08271132797472355,0.1999980493807264,0.2811388879903254,0.49419446159498925,0.40765684630919663,0.405019662490579,0.42808073846572325,-0.44172611503528997,-0.4511487844965079,-0.4256853212489264,10812731.403432894,5204.197679999999,,,0.8625678119349005,23373,27097,32868
rgb_texture,Jukebox_bubbler_style_V2_L1,ok,,,/home/29d_kon@lab.graphicon.ru/ssd1_link/projects/REPROJECTING/outputs/MeshMamba_reference_batch_20260601/rgb_texture/baseline_screen_space/Jukebox_bubbler_style_V2_L1/sigma0p05_recenter_rotx90p0_horizontaltovertical_blender_rig/Jukebox_bubbler_style_V2_L1_report.json,/home/29d_kon@lab.graphicon.ru/ssd1_link/projects/REPROJECTING/outputs/MeshMamba_reference_batch_20260601/_logs/rgb_texture/screen_space/Jukebox_bubbler_style_V2_L1.log,Jukebox_bubbler_style_V2_Textured.csv,32868,35,35,25909,510,horizontal_to_vertical,json_camera_static.fov_degrees,60.000001669652114,35.98339890412515,0.413052597828853,0.5596997418065652,2.1600300061733506,0.07194586744836302,0.22068104078685313,0.44486719102512245,0.6739137608724728,0.7656240186240958,0.7815491004330688,0.8139589051473515,0.8574636696804832,0.9166898007367426,1.0538272046451316,3.2594599377379048,3582.6426920000004,29003,8623880,,,,,ok,,,/home/29d_kon@lab.graphicon.ru/ssd1_link/projects/REPROJECTING/outputs/MeshMamba_reference_batch_20260601/rgb_texture/baseline_cone/Jukebox_bubbler_style_V2_L1/recenter_rotx90p0_horizontaltovertical_blender_rig/Jukebox_bubbler_style_V2_L1_report.json,/home/29d_kon@lab.graphicon.ru/ssd1_link/projects/REPROJECTING/outputs/MeshMamba_reference_batch_20260601/_logs/rgb_texture/cone/Jukebox_bubbler_style_V2_L1.log,Jukebox_bubbler_style_V2_Textured.csv,32868,35,35,25909,510,horizontal_to_vertical,json_camera_static.fov_degrees,60.000001669652114,35.98339890412515,0.75253000209619,0.6945396003633414,0.3465692747308993,0.03982286761448095,0.14048281171616261,0.7149712587393281,0.8452389519576621,0.9328084806654696,0.9574083009326534,0.9690911004993679,1.806962875920472,2.2568034323848996,2.632458121271548,5402792.205927916,3582.6426920000004,,,0.9347331043266819,24218,25909,32660
rgb_texture,Kangaroo_v1_L3,ok,,,/home/29d_kon@lab.graphicon.ru/ssd1_link/projects/REPROJECTING/outputs/MeshMamba_reference_batch_20260601/rgb_texture/baseline_screen_space/Kangaroo_v1_L3/sigma0p05_recenter_rotx90p0_horizontaltovertical_blender_rig/Kangaroo_v1_L3_report.json,/home/29d_kon@lab.graphicon.ru/ssd1_link/projects/REPROJECTING/outputs/MeshMamba_reference_batch_20260601/_logs/rgb_texture/screen_space/Kangaroo_v1_L3.log,Kangaroo_v1_L3.csv,32868,35,35,21453,510,horizontal_to_vertical,json_camera_static.fov_degrees,60.000001669652114,35.98339890412515,0.39050100698749,0.5396636645390267,1.408180919683376,0.07867375125772415,0.23137500797578808,0.2895728384367542,0.6759273272429475,0.8050707494667407,0.7849790003385005,0.7250428314640622,1.029352894137373,1.0161579050690435,0.6756917146350526,4.146615053973311,6227.7460360000005,31024,8781744,,,,,ok,,,/home/29d_kon@lab.graphicon.ru/ssd1_link/projects/REPROJECTING/outputs/MeshMamba_reference_batch_20260601/rgb_texture/baseline_cone/Kangaroo_v1_L3/recenter_rotx90p0_horizontaltovertical_blender_rig/Kangaroo_v1_L3_report.json,/home/29d_kon@lab.graphicon.ru/ssd1_link/projects/REPROJECTING/outputs/MeshMamba_reference_batch_20260601/_logs/rgb_texture/cone/Kangaroo_v1_L3.log,Kangaroo_v1_L3.csv,32868,35,35,21453,510,horizontal_to_vertical,json_camera_static.fov_degrees,60.000001669652114,35.98339890412515,0.8603304186381314,0.7404428268738192,0.3746008860742936,0.018432052709898745,0.10063695819460405,0.45639435104150755,0.9114613578069347,0.9845061715678979,0.9705108324091583,0.9449496704025312,2.2687777087609176,2.3859824410279478,2.3143270821237616,13210693.758076603,6227.7460360000005,,,0.7740176199132989,16605,21453,32868
rgb_texture,King_Cake_v2_L2,ok,,,/home/29d_kon@lab.graphicon.ru/ssd1_link/projects/REPROJECTING/outputs/MeshMamba_reference_batch_20260601/rgb_texture/baseline_screen_space/King_Cake_v2_L2/sigma0p05_recenter_rotx90p0_horizontaltovertical_blender_rig/King_Cake_v2_L2_report.json,/home/29d_kon@lab.graphicon.ru/ssd1_link/projects/REPROJECTING/outputs/MeshMamba_reference_batch_20260601/_logs/rgb_texture/screen_space/King_Cake_v2_L2.log,King_Cake_v2_L2.csv,32868,35,35,21578,510,horizontal_to_vertical,json_camera_static.fov_degrees,60.000001669652114,35.98339890412515,0.1380134173286747,0.6123157167609352,1.5375591477214705,0.14835289150058265,0.30627241648125786,0.1210105743044891,0.6944454895807313,0.5554963853895848,0.5359133251419926,0.5052803131449182,0.2162068624759544,0.1627010963452692,0.06495873646131171,3.0076833411384616,6516.072204,29048,7468807,,,,,ok,,,/home/29d_kon@lab.graphicon.ru/ssd1_link/projects/REPROJECTING/outputs/MeshMamba_reference_batch_20260601/rgb_texture/baseline_cone/King_Cake_v2_L2/recenter_rotx90p0_horizontaltovertical_blender_rig/King_Cake_v2_L2_report.json,/home/29d_kon@lab.graphicon.ru/ssd1_link/projects/REPROJECTING/outputs/MeshMamba_reference_batch_20260601/_logs/rgb_texture/cone/King_Cake_v2_L2.log,King_Cake_v2_L2.csv,32868,35,35,21578,510,horizontal_to_vertical,json_camera_static.fov_degrees,60.000001669652114,35.98339890412515,0.03120613440437577,0.5289370248555691,1.3823011464242763,0.08115063101624759,0.23516821706185856,0.09486089416772726,0.6022914326868438,0.5010745916702322,0.49439650577601735,0.4833818776831842,-0.09119360537916296,-0.11538112908643562,-0.17736452258304197,3488398.747392432,6516.072204,,,0.9506441746223004,20513,21578,31646
rgb_texture,Lamb_v1_L2,ok,,,/home/29d_kon@lab.graphicon.ru/ssd1_link/projects/REPROJECTING/outputs/MeshMamba_reference_batch_20260601/rgb_texture/baseline_screen_space/Lamb_v1_L2/sigma0p05_recenter_rotx90p0_horizontaltovertical_blender_rig/Lamb_v1_L2_report.json,/home/29d_kon@lab.graphicon.ru/ssd1_link/projects/REPROJECTING/outputs/MeshMamba_reference_batch_20260601/_logs/rgb_texture/screen_space/Lamb_v1_L2.log,Lamb_v1_l2.csv,32868,36,36,27766,510,horizontal_to_vertical,json_camera_static.fov_degrees,60.000001669652114,35.98339890412515,0.003048616981517177,0.5123467488958346,2.6899326080196952,0.10924295138426585,0.2625980157946868,0.06264209662637496,0.5206964799610201,0.3237352226611473,0.20591107470515227,0.1498252132512297,-0.4245751213945022,-0.8080264675455291,-1.0048886151929444,2.8962094071386257,4783.453008,30825,9093738,,,,,ok,,,/home/29d_kon@lab.graphicon.ru/ssd1_link/projects/REPROJECTING/outputs/MeshMamba_reference_batch_20260601/rgb_texture/baseline_cone/Lamb_v1_L2/recenter_rotx90p0_horizontaltovertical_blender_rig/Lamb_v1_L2_report.json,/home/29d_kon@lab.graphicon.ru/ssd1_link/projects/REPROJECTING/outputs/MeshMamba_reference_batch_20260601/_logs/rgb_texture/cone/Lamb_v1_L2.log,Lamb_v1_l2.csv,32868,36,36,27766,510,horizontal_to_vertical,json_camera_static.fov_degrees,60.000001669652114,35.98339890412515,0.17492115253909796,0.45822180391217227,1.3145419421872855,0.04852398637151979,0.14259671905394095,0.15444143389754142,0.48170015812744765,0.3614214715130902,0.25643660586435163,0.208065262064293,-0.22249194008405088,-0.47124590408892525,-0.5659035245077316,6920072.692552466,4783.453008,,,0.915364114384499,25416,27766,32816
rgb_texture,Laser_Pistol_v2_L3,ok,,,/home/29d_kon@lab.graphicon.ru/ssd1_link/projects/REPROJECTING/outputs/MeshMamba_reference_batch_20260601/rgb_texture/baseline_screen_space/Laser_Pistol_v2_L3/sigma0p05_recenter_rotx90p0_horizontaltovertical_blender_rig/Laser_Pistol_v2_L3_report.json,/home/29d_kon@lab.graphicon.ru/ssd1_link/projects/REPROJECTING/outputs/MeshMamba_reference_batch_20260601/_logs/rgb_texture/screen_space/Laser_Pistol_v2_L3.log,Laser_Pistol_v2_l3.csv,32868,36,36,33228,510,horizontal_to_vertical,json_camera_static.fov_degrees,60.000001669652114,35.98339890412515,0.22518749343799235,0.5975941370295249,2.23516448728984,0.07386545335225213,0.22614214991703357,0.21732515432323993,0.6911404725940546,0.7056797541675953,0.7704010807551493,0.791431530701853,0.6119821184472789,0.8247847821620954,0.7384421529885921,3.5325822113054057,7003.3235190000005,29548,8919486,,,,,ok,,,/home/29d_kon@lab.graphicon.ru/ssd1_link/projects/REPROJECTING/outputs/MeshMamba_reference_batch_20260601/rgb_texture/baseline_cone/Laser_Pistol_v2_L3/recenter_rotx90p0_horizontaltovertical_blender_rig/Laser_Pistol_v2_L3_report.json,/home/29d_kon@lab.graphicon.ru/ssd1_link/projects/REPROJECTING/outputs/MeshMamba_reference_batch_20260601/_logs/rgb_texture/cone/Laser_Pistol_v2_L3.log,Laser_Pistol_v2_l3.csv,32868,36,36,33228,510,horizontal_to_vertical,json_camera_static.fov_degrees,60.000001669652114,35.98339890412515,0.10770323193177364,0.544729924945868,0.6073559035115503,0.0641464333949199,0.1951766437334736,0.09685397801988771,0.6139678169864192,0.6581408473423054,0.7895312062653159,0.8654702969950205,0.18244821016303978,0.5580870551726163,0.9957294389170281,7552089.207132878,7003.3235190000005,,,0.9135367762128326,30355,33228,32868
rgb_texture,Mango_L3,ok,,,/home/29d_kon@lab.graphicon.ru/ssd1_link/projects/REPROJECTING/outputs/MeshMamba_reference_batch_20260601/rgb_texture/baseline_screen_space/Mango_L3/sigma0p05_recenter_rotx90p0_horizontaltovertical_blender_rig/Mango_L3_report.json,/home/29d_kon@lab.graphicon.ru/ssd1_link/projects/REPROJECTING/outputs/MeshMamba_reference_batch_20260601/_logs/rgb_texture/screen_space/Mango_L3.log,Mango-L3.csv,32868,35,35,22422,510,horizontal_to_vertical,json_camera_static.fov_degrees,60.000001669652114,35.98339890412515,0.2910484416833694,0.6117234322800703,2.7735262819914093,0.0724232174160679,0.22712728817192576,0.18474899823741997,0.6998257755793013,0.6940853373195349,0.6967770323595364,0.6717330832647771,0.8381865094892462,0.9793757322757679,0.6366469457419712,2.10855828007531,5543.188086,30797,9556217,,,,,ok,,,/home/29d_kon@lab.graphicon.ru/ssd1_link/projects/REPROJECTING/outputs/MeshMamba_reference_batch_20260601/rgb_texture/baseline_cone/Mango_L3/recenter_rotx90p0_horizontaltovertical_blender_rig/Mango_L3_report.json,/home/29d_kon@lab.graphicon.ru/ssd1_link/projects/REPROJECTING/outputs/MeshMamba_reference_batch_20260601/_logs/rgb_texture/cone/Mango_L3.log,Mango-L3.csv,32868,35,35,22422,510,horizontal_to_vertical,json_camera_static.fov_degrees,60.000001669652114,35.98339890412515,0.37966588170228116,0.6126537739422964,1.4393970167436274,0.051502321062001394,0.17272108935015237,0.13806186314226526,0.7034781069766731,0.6901675060152317,0.6982199165374693,0.5226881821776458,1.1060869180911599,1.3572028117562174,0.7201238100269584,3229536.2555067926,5543.188086,,,0.9572295067344573,21463,22422,32695
rgb_texture,MansWorkCasual_v02_L3,ok,,,/home/29d_kon@lab.graphicon.ru/ssd1_link/projects/REPROJECTING/outputs/MeshMamba_reference_batch_20260601/rgb_texture/baseline_screen_space/MansWorkCasual_v02_L3/sigma0p05_recenter_rotx90p0_horizontaltovertical_blender_rig/MansWorkCasual_v02_L3_report.json,/home/29d_kon@lab.graphicon.ru/ssd1_link/projects/REPROJECTING/outputs/MeshMamba_reference_batch_20260601/_logs/rgb_texture/screen_space/MansWorkCasual_v02_L3.log,MansWorkCasual_v02_L3.csv,32868,36,36,25073,510,horizontal_to_vertical,json_camera_static.fov_degrees,60.000001669652114,35.98339890412515,-0.03413255787431563,0.6604221537808039,1.3479848950007818,0.06712651262602662,0.20723984972786813,-0.02876980643210625,0.727484817567293,0.4599659670213781,0.4473501807518454,0.5021806892285722,-0.13606649407916482,-0.1991700348173343,-0.08741022581266872,3.4793238661580306,8977.135985,30758,8558440,,,,,ok,,,/home/29d_kon@lab.graphicon.ru/ssd1_link/projects/REPROJECTING/outputs/MeshMamba_reference_batch_20260601/rgb_texture/baseline_cone/MansWorkCasual_v02_L3/recenter_rotx90p0_horizontaltovertical_blender_rig/MansWorkCasual_v02_L3_report.json,/home/29d_kon@lab.graphicon.ru/ssd1_link/projects/REPROJECTING/outputs/MeshMamba_reference_batch_20260601/_logs/rgb_texture/cone/MansWorkCasual_v02_L3.log,MansWorkCasual_v02_L3.csv,32868,36,36,25073,510,horizontal_to_vertical,json_camera_static.fov_degrees,60.000001669652114,35.98339890412515,0.2795106059980893,0.719183254287101,0.29330450992435597,0.04453259381950212,0.16210201161318175,0.1622433309946181,0.8064427058783764,0.6709494076105862,0.5943562951918575,0.3625980364362391,0.8447652973489438,0.5523922827708454,-0.4280065759459762,9135657.625937985,8977.135985,,,0.8800303114904479,22065,25073,32868
rgb_texture,Marco_Polo_Sheep_v1_L3,ok,,,/home/29d_kon@lab.graphicon.ru/ssd1_link/projects/REPROJECTING/outputs/MeshMamba_reference_batch_20260601/rgb_texture/baseline_screen_space/Marco_Polo_Sheep_v1_L3/sigma0p05_recenter_rotx90p0_horizontaltovertical_blender_rig/Marco_Polo_Sheep_v1_L3_report.json,/home/29d_kon@lab.graphicon.ru/ssd1_link/projects/REPROJECTING/outputs/MeshMamba_reference_batch_20260601/_logs/rgb_texture/screen_space/Marco_Polo_Sheep_v1_L3.log,Marco_Polo_Sheep_v1_L3.csv,32868,35,35,27640,510,horizontal_to_vertical,json_camera_static.fov_degrees,60.000001669652114,35.98339890412515,-0.043720649562322224,0.497469705443093,2.1746590943480033,0.09154985479278017,0.2484932037141359,-0.048922145077355685,0.5278890595449488,0.38714427146648445,0.3102670959951575,0.19199368987283066,-0.2428901620337691,-0.5034013483618738,-0.9323441618223346,3.0627732910665206,4953.424639,31000,8993323,,,,,ok,,,/home/29d_kon@lab.graphicon.ru/ssd1_link/projects/REPROJECTING/outputs/MeshMamba_reference_batch_20260601/rgb_texture/baseline_cone/Marco_Polo_Sheep_v1_L3/recenter_rotx90p0_horizontaltovertical_blender_rig/Marco_Polo_Sheep_v1_L3_report.json,/home/29d_kon@lab.graphicon.ru/ssd1_link/projects/REPROJECTING/outputs/MeshMamba_reference_batch_20260601/_logs/rgb_texture/cone/Marco_Polo_Sheep_v1_L3.log,Marco_Polo_Sheep_v1_L3.csv,32868,35,35,27640,510,horizontal_to_vertical,json_camera_static.fov_degrees,60.000001669652114,35.98339890412515,0.124202217394769,0.4669480993617083,1.1087215163648874,0.05038076899831319,0.15132926350480025,0.16538187477576682,0.4828741565750796,0.48543940654067913,0.37713151551336455,0.1106615479708194,-0.10142062921852997,-0.2887075942437279,-0.6538118982301763,6798528.932122395,4953.424639,,,0.8877351664254703,24537,27640,32868
rgb_texture,Military_Action_Figure_SG_v2_L3,ok,,,/home/29d_kon@lab.graphicon.ru/ssd1_link/projects/REPROJECTING/outputs/MeshMamba_reference_batch_20260601/rgb_texture/baseline_screen_space/Military_Action_Figure_SG_v2_L3/sigma0p05_recenter_rotx90p0_horizontaltovertical_blender_rig/Military_Action_Figure_SG_v2_L3_report.json,/home/29d_kon@lab.graphicon.ru/ssd1_link/projects/REPROJECTING/outputs/MeshMamba_reference_batch_20260601/_logs/rgb_texture/screen_space/Military_Action_Figure_SG_v2_L3.log,Military_Action_Figure_SG_v2_L3.csv,32868,35,35,22385,510,horizontal_to_vertical,json_camera_static.fov_degrees,60.000001669652114,35.98339890412515,0.23422516780982044,0.48556654387147896,1.6447368817093089,0.08689702424389438,0.254608333020979,0.28781005102699236,0.6018172487685234,0.6836427906330775,0.6610590424858787,0.6549668104610684,0.4333438196411484,0.3709822153392509,0.431219571360675,4.1257152338268686,5633.912237999999,31473,8537620,,,,,ok,,,/home/29d_kon@lab.graphicon.ru/ssd1_link/projects/REPROJECTING/outputs/MeshMamba_reference_batch_20260601/rgb_texture/baseline_cone/Military_Action_Figure_SG_v2_L3/recenter_rotx90p0_horizontaltovertical_blender_rig/Military_Action_Figure_SG_v2_L3_report.json,/home/29d_kon@lab.graphicon.ru/ssd1_link/projects/REPROJECTING/outputs/MeshMamba_reference_batch_20260601/_logs/rgb_texture/cone/Military_Action_Figure_SG_v2_L3.log,Military_Action_Figure_SG_v2_L3.csv,32868,35,35,22385,510,horizontal_to_vertical,json_camera_static.fov_degrees,60.000001669652114,35.98339890412515,0.7680715805837482,0.6757278215850072,0.3903710738063315,0.03728357890490201,0.13950770103354143,0.5963174955095409,0.849591810957339,0.9357488737822042,0.9170525448949682,0.9126870528337705,1.7221807508255347,1.7497398262045227,1.846159251855366,14069351.25387434,5633.912237999999,,,0.852356488720125,19080,22385,32868
rgb_texture,Moai_v3_L3,ok,,,/home/29d_kon@lab.graphicon.ru/ssd1_link/projects/REPROJECTING/outputs/MeshMamba_reference_batch_20260601/rgb_texture/baseline_screen_space/Moai_v3_L3/sigma0p05_recenter_rotx90p0_horizontaltovertical_blender_rig/Moai_v3_L3_report.json,/home/29d_kon@lab.graphicon.ru/ssd1_link/projects/REPROJECTING/outputs/MeshMamba_reference_batch_20260601/_logs/rgb_texture/screen_space/Moai_v3_L3.log,Moai_L3.csv,32868,36,36,32364,510,horizontal_to_vertical,json_camera_static.fov_degrees,60.000001669652114,35.98339890412515,0.23076065264211468,0.6476605504552987,1.5364023864441814,0.10340672255795254,0.2547763714877491,0.18661785155032506,0.7380738676140598,0.6573034648501703,0.7050876937884827,0.7905068512127276,0.4629398541881978,0.6625256276057366,1.0466863948199852,2.996264939780993,6807.74085,29816,9103732,,,,,ok,,,/home/29d_kon@lab.graphicon.ru/ssd1_link/projects/REPROJECTING/outputs/MeshMamba_reference_batch_20260601/rgb_texture/baseline_cone/Moai_v3_L3/recenter_rotx90p0_horizontaltovertical_blender_rig/Moai_v3_L3_report.json,/home/29d_kon@lab.graphicon.ru/ssd1_link/projects/REPROJECTING/outputs/MeshMamba_reference_batch_20260601/_logs/rgb_texture/cone/Moai_v3_L3.log,Moai_L3.csv,32868,36,36,32364,510,horizontal_to_vertical,json_camera_static.fov_degrees,60.000001669652114,35.98339890412515,0.26528021874528074,0.6067204526333625,0.5502881399943277,0.04318763765634576,0.1581099339749778,0.21913606741784689,0.6881802486655204,0.7223549798505642,0.8012364876384939,0.8046759600427114,0.6328650326145563,0.8831506237642412,0.6773037372574149,6691311.6129289325,6807.74085,,,0.9709862810530219,31425,32364,32818
rgb_texture,MushroomShitake_L3,ok,,,/home/29d_kon@lab.graphicon.ru/ssd1_link/projects/REPROJECTING/outputs/MeshMamba_reference_batch_20260601/rgb_texture/baseline_screen_space/MushroomShitake_L3/sigma0p05_recenter_rotx90p0_horizontaltovertical_blender_rig/MushroomShitake_L3_report.json,/home/29d_kon@lab.graphicon.ru/ssd1_link/projects/REPROJECTING/outputs/MeshMamba_reference_batch_20260601/_logs/rgb_texture/screen_space/MushroomShitake_L3.log,MushroomShitake_v1-L3.csv,32868,38,38,26803,510,horizontal_to_vertical,json_camera_static.fov_degrees,60.000001669652114,35.98339890412515,-0.1532956577687074,0.47687512111782604,5.3435722962630585,0.16709957321983024,0.3245991620332902,-0.1816532306123185,0.5102664028658908,0.4448247924127865,0.4704558669698834,0.5247022721670166,-0.1713864188481523,-0.09800730834131327,0.03183972915370382,1.697109069226067,6076.509468,24103,10220040,,,,,ok,,,/home/29d_kon@lab.graphicon.ru/ssd1_link/projects/REPROJECTING/outputs/MeshMamba_reference_batch_20260601/rgb_texture/baseline_cone/MushroomShitake_L3/recenter_rotx90p0_horizontaltovertical_blender_rig/MushroomShitake_L3_report.json,/home/29d_kon@lab.graphicon.ru/ssd1_link/projects/REPROJECTING/outputs/MeshMamba_reference_batch_20260601/_logs/rgb_texture/cone/MushroomShitake_L3.log,MushroomShitake_v1-L3.csv,32868,38,38,26803,510,horizontal_to_vertical,json_camera_static.fov_degrees,60.000001669652114,35.98339890412515,-0.16811388184831763,0.31449141495805855,6.653782500056931,0.0717427916149431,0.21873600058907836,-0.19944038369801226,0.36541157263424984,0.446616827559135,0.5121912818326162,0.782717414342443,-0.07964912367509193,0.23437225089300945,1.3198445344968888,1579932.9724332043,6076.509468,,,0.9700779763459314,26001,26803,23994
rgb_texture,Mushroom_v2_L1,ok,,,/home/29d_kon@lab.graphicon.ru/ssd1_link/projects/REPROJECTING/outputs/MeshMamba_reference_batch_20260601/rgb_texture/baseline_screen_space/Mushroom_v2_L1/sigma0p05_recenter_rotx90p0_horizontaltovertical_blender_rig/Mushroom_v2_L1_report.json,/home/29d_kon@lab.graphicon.ru/ssd1_link/projects/REPROJECTING/outputs/MeshMamba_reference_batch_20260601/_logs/rgb_texture/screen_space/Mushroom_v2_L1.log,Mushroom_v2_NEW.csv,32868,37,37,22640,510,horizontal_to_vertical,json_camera_static.fov_degrees,60.000001669652114,35.98339890412515,0.2480144741452861,0.5805050820707566,2.9105797567958596,0.07948126089294053,0.21310515847154185,0.2912917177376425,0.661002918210121,0.6288084250052094,0.6414009740775858,0.6134349792640695,0.3810508726063514,0.42005408518097104,0.30753639598639243,2.6627920438613137,6076.976556,25395,9063601,,,,,ok,,,/home/29d_kon@lab.graphicon.ru/ssd1_link/projects/REPROJECTING/outputs/MeshMamba_reference_batch_20260601/rgb_texture/baseline_cone/Mushroom_v2_L1/recenter_rotx90p0_horizontaltovertical_blender_rig/Mushroom_v2_L1_report.json,/home/29d_kon@lab.graphicon.ru/ssd1_link/projects/REPROJECTING/outputs/MeshMamba_reference_batch_20260601/_logs/rgb_texture/cone/Mushroom_v2_L1.log,Mushroom_v2_NEW.csv,32868,37,37,22640,510,horizontal_to_vertical,json_camera_static.fov_degrees,60.000001669652114,35.98339890412515,0.6136822108658193,0.6691914051000272,0.7715803791222617,0.02832300111419716,0.12040816821201078,0.5594313339901724,0.7969034529401801,0.8500990155096615,0.8892318798534785,0.9783148694795145,1.4199054680529763,2.0169911867021275,3.2338173056044437,4569571.370394341,6076.976556,,,0.976678445229682,22112,22640,31876
rgb_texture,NYC_Fire_Hydrant_v2_L3,ok,,,/home/29d_kon@lab.graphicon.ru/ssd1_link/projects/REPROJECTING/outputs/MeshMamba_reference_batch_20260601/rgb_texture/baseline_screen_space/NYC_Fire_Hydrant_v2_L3/sigma0p05_recenter_rotx90p0_horizontaltovertical_blender_rig/NYC_Fire_Hydrant_v2_L3_report.json,/home/29d_kon@lab.graphicon.ru/ssd1_link/projects/REPROJECTING/outputs/MeshMamba_reference_batch_20260601/_logs/rgb_texture/screen_space/NYC_Fire_Hydrant_v2_L3.log,NYC_Fire_Hydrant_v2_l3.csv,32868,35,35,23835,510,horizontal_to_vertical,json_camera_static.fov_degrees,60.000001669652114,35.98339890412515,0.15631038261543692,0.5848750217295705,1.7625676003069277,0.07503463683132093,0.22957397283764305,0.10270863706007603,0.6376758937348751,0.6458591260411474,0.7331926147956559,0.7690460014734715,0.4157586123461303,0.7141700503858188,0.7706677178266501,3.8110467735478624,3791.892776,30030,8372080,,,,,ok,,,/home/29d_kon@lab.graphicon.ru/ssd1_link/projects/REPROJECTING/outputs/MeshMamba_reference_batch_20260601/rgb_texture/baseline_cone/NYC_Fire_Hydrant_v2_L3/recenter_rotx90p0_horizontaltovertical_blender_rig/NYC_Fire_Hydrant_v2_L3_report.json,/home/29d_kon@lab.graphicon.ru/ssd1_link/projects/REPROJECTING/outputs/MeshMamba_reference_batch_20260601/_logs/rgb_texture/cone/NYC_Fire_Hydrant_v2_L3.log,NYC_Fire_Hydrant_v2_l3.csv,32868,35,35,23835,510,horizontal_to_vertical,json_camera_static.fov_degrees,60.000001669652114,35.98339890412515,0.48196730209021243,0.6719408928599807,0.40936700250138236,0.015900875405032273,0.08569303145972494,0.3494274404191588,0.7485994325460218,0.8423765863572691,0.8827807996593798,0.9083444500688489,1.38952367915416,1.9959757276682568,1.8763030226814947,7589962.662729345,3791.892776,,,0.9536396056219845,22730,23835,32868
rgb_texture,Peach_L3,ok,,,/home/29d_kon@lab.graphicon.ru/ssd1_link/projects/REPROJECTING/outputs/MeshMamba_reference_batch_20260601/rgb_texture/baseline_screen_space/Peach_L3/sigma0p05_recenter_rotx90p0_horizontaltovertical_blender_rig/Peach_L3_report.json,/home/29d_kon@lab.graphicon.ru/ssd1_link/projects/REPROJECTING/outputs/MeshMamba_reference_batch_20260601/_logs/rgb_texture/screen_space/Peach_L3.log,Peach.csv,32868,35,35,26016,510,horizontal_to_vertical,json_camera_static.fov_degrees,60.000001669652114,35.98339890412515,-0.019773171626072585,0.3347374655073499,1.9049378266254566,0.11984211725551762,0.27558565602070106,-0.011670847726076551,0.43675854913507256,0.48752571497337205,0.409727871691437,0.4716952703283999,-0.026954481702381447,-0.3159641904193997,-0.19735934051198717,2.5173001028174595,4259.352887,29869,8579653,,,,,ok,,,/home/29d_kon@lab.graphicon.ru/ssd1_link/projects/REPROJECTING/outputs/MeshMamba_reference_batch_20260601/rgb_texture/baseline_cone/Peach_L3/recenter_rotx90p0_horizontaltovertical_blender_rig/Peach_L3_report.json,/home/29d_kon@lab.graphicon.ru/ssd1_link/projects/REPROJECTING/outputs/MeshMamba_reference_batch_20260601/_logs/rgb_texture/cone/Peach_L3.log,Peach.csv,32868,35,35,26016,510,horizontal_to_vertical,json_camera_static.fov_degrees,60.000001669652114,35.98339890412515,0.4255145748735271,0.5108861567080472,1.112412495693596,0.07483701485238482,0.21675021745350784,0.360411482835208,0.6408302004775633,0.6758823598802572,0.5239779447838802,0.3880718400953693,0.6318539376928279,-0.20872647607024325,-0.44825810800559557,6321727.367215748,4259.352887,,,0.952759840098401,24787,26016,30822
rgb_texture,Peanut_L3,ok,,,/home/29d_kon@lab.graphicon.ru/ssd1_link/projects/REPROJECTING/outputs/MeshMamba_reference_batch_20260601/rgb_texture/baseline_screen_space/Peanut_L3/sigma0p05_recenter_rotx90p0_horizontaltovertical_blender_rig/Peanut_L3_report.json,/home/29d_kon@lab.graphicon.ru/ssd1_link/projects/REPROJECTING/outputs/MeshMamba_reference_batch_20260601/_logs/rgb_texture/screen_space/Peanut_L3.log,Peanut_v1_L3.csv,32868,35,35,19724,510,horizontal_to_vertical,json_camera_static.fov_degrees,60.000001669652114,35.98339890412515,-0.23691622786521088,0.6744896297214062,0.7935982800428143,0.154061858495271,0.3278579130656118,-0.26776743743971315,0.7445507684592171,0.34438050485193017,0.34334777727283206,0.23522346016204454,-0.4385770870122948,-0.46094992186245154,-0.7955914243439073,3.1722523026897225,8688.371176,32017,9117506,,,,,ok,,,/home/29d_kon@lab.graphicon.ru/ssd1_link/projects/REPROJECTING/outputs/MeshMamba_reference_batch_20260601/rgb_texture/baseline_cone/Peanut_L3/recenter_rotx90p0_horizontaltovertical_blender_rig/Peanut_L3_report.json,/home/29d_kon@lab.graphicon.ru/ssd1_link/projects/REPROJECTING/outputs/MeshMamba_reference_batch_20260601/_logs/rgb_texture/cone/Peanut_L3.log,Peanut_v1_L3.csv,32868,35,35,19724,510,horizontal_to_vertical,json_camera_static.fov_degrees,60.000001669652114,35.98339890412515,-0.1698715809678853,0.6343385573352234,0.6845534974715224,0.08156973041035129,0.22999877174546557,-0.17697871058690637,0.694547575496934,0.39196105916867696,0.3952473372687926,0.3011904536160535,-0.36442655907569327,-0.3755876681441205,-0.6577625993226646,4338851.806091129,8688.371176,,,0.9672987223686879,19079,19724,32810
rgb_texture,Pear_L3,ok,,,/home/29d_kon@lab.graphicon.ru/ssd1_link/projects/REPROJECTING/outputs/MeshMamba_reference_batch_20260601/rgb_texture/baseline_screen_space/Pear_L3/sigma0p05_recenter_rotx90p0_horizontaltovertical_blender_rig/Pear_L3_report.json,/home/29d_kon@lab.graphicon.ru/ssd1_link/projects/REPROJECTING/outputs/MeshMamba_reference_batch_20260601/_logs/rgb_texture/screen_space/Pear_L3.log,Pear.csv,32868,36,36,24162,510,horizontal_to_vertical,json_camera_static.fov_degrees,60.000001669652114,35.98339890412515,0.2550719805505966,0.6969260398438185,1.5033357847562534,0.069320679207995,0.2180181389649124,0.24171839774248627,0.7976095994055558,0.7079630332772558,0.7632091018949176,0.8189540332755708,0.5751054101494419,0.774770599104075,0.9529685023241605,2.734721759666885,8760.290675,29610,9490981,,,,,ok,,,/home/29d_kon@lab.graphicon.ru/ssd1_link/projects/REPROJECTING/outputs/MeshMamba_reference_batch_20260601/rgb_texture/baseline_cone/Pear_L3/recenter_rotx90p0_horizontaltovertical_blender_rig/Pear_L3_report.json,/home/29d_kon@lab.graphicon.ru/ssd1_link/projects/REPROJECTING/outputs/MeshMamba_reference_batch_20260601/_logs/rgb_texture/cone/Pear_L3.log,Pear.csv,32868,36,36,24162,510,horizontal_to_vertical,json_camera_static.fov_degrees,60.000001669652114,35.98339890412515,0.2853687892031712,0.6360092267965611,1.4763630042839542,0.05208954812502589,0.17446405155308406,0.26176981566257407,0.7196178224687008,0.7110001993464197,0.7333515791708046,0.719709974404341,0.6914036602412216,0.6075583215379927,0.33181348472677363,5754189.047509364,8760.290675,,,0.9153629666418343,22117,24162,30980
rgb_texture,Penguin_V2_L3,ok,,,/home/29d_kon@lab.graphicon.ru/ssd1_link/projects/REPROJECTING/outputs/MeshMamba_reference_batch_20260601/rgb_texture/baseline_screen_space/Penguin_V2_L3/sigma0p05_recenter_rotx90p0_horizontaltovertical_blender_rig/Penguin_V2_L3_report.json,/home/29d_kon@lab.graphicon.ru/ssd1_link/projects/REPROJECTING/outputs/MeshMamba_reference_batch_20260601/_logs/rgb_texture/screen_space/Penguin_V2_L3.log,Penguin_v1_iterations-2.csv,32868,36,36,20175,510,horizontal_to_vertical,json_camera_static.fov_degrees,60.000001669652114,35.98339890412515,0.1384094489914374,0.737347515882465,0.8377883139350479,0.03824514246999599,0.14579939352480667,0.1382683397370444,0.8055131759242375,0.5667097886270764,0.5740483819764322,0.5311629785197675,0.2767124579382463,0.29790048055528595,0.1426455980312015,2.835789293989958,8140.140431,30912,9079369,,,,,ok,,,/home/29d_kon@lab.graphicon.ru/ssd1_link/projects/REPROJECTING/outputs/MeshMamba_reference_batch_20260601/rgb_texture/baseline_cone/Penguin_V2_L3/recenter_rotx90p0_horizontaltovertical_blender_rig/Penguin_V2_L3_report.json,/home/29d_kon@lab.graphicon.ru/ssd1_link/projects/REPROJECTING/outputs/MeshMamba_reference_batch_20260601/_logs/rgb_texture/cone/Penguin_V2_L3.log,Penguin_v1_iterations-2.csv,32868,36,36,20175,510,horizontal_to_vertical,json_camera_static.fov_degrees,60.000001669652114,35.98339890412515,0.045405375524069536,0.649449901636046,0.40573993363381555,0.05336659717538696,0.18267729639983699,0.1219295175613976,0.6017481839116928,0.5490066890735895,0.5288475632163917,0.41943243044049733,0.014337484198106466,-0.050863470861991195,-0.3146710032635076,4770327.275884634,8140.140431,,,0.9236679058240397,18635,20175,32868
rgb_texture,Pierrot_Mask_v1_L3,ok,,,/home/29d_kon@lab.graphicon.ru/ssd1_link/projects/REPROJECTING/outputs/MeshMamba_reference_batch_20260601/rgb_texture/baseline_screen_space/Pierrot_Mask_v1_L3/sigma0p05_recenter_rotx90p0_horizontaltovertical_blender_rig/Pierrot_Mask_v1_L3_report.json,/home/29d_kon@lab.graphicon.ru/ssd1_link/projects/REPROJECTING/outputs/MeshMamba_reference_batch_20260601/_logs/rgb_texture/screen_space/Pierrot_Mask_v1_L3.log,Pierrot_Mask_v1_l3.csv,32868,36,36,24249,510,horizontal_to_vertical,json_camera_static.fov_degrees,60.000001669652114,35.98339890412515,0.17848676201795569,0.6690762376331116,0.7223796735108481,0.04344468958971231,0.1624961339432647,0.16793647044342616,0.7429646482311816,0.5906122604969702,0.6109193213717318,0.6070400345398008,0.3224995601372246,0.3699101049675387,0.3105144040559139,3.672819761375658,6802.562759,32350,8456028,,,,,ok,,,/home/29d_kon@lab.graphicon.ru/ssd1_link/projects/REPROJECTING/outputs/MeshMamba_reference_batch_20260601/rgb_texture/baseline_cone/Pierrot_Mask_v1_L3/recenter_rotx90p0_horizontaltovertical_blender_rig/Pierrot_Mask_v1_L3_report.json,/home/29d_kon@lab.graphicon.ru/ssd1_link/projects/REPROJECTING/outputs/MeshMamba_reference_batch_20260601/_logs/rgb_texture/cone/Pierrot_Mask_v1_L3.log,Pierrot_Mask_v1_l3.csv,32868,36,36,24249,510,horizontal_to_vertical,json_camera_static.fov_degrees,60.000001669652114,35.98339890412515,0.17959252925044136,0.6158314355586387,0.560531181222814,0.06493836195340008,0.1905572478814655,0.16461173789164915,0.6860614197366811,0.6701764015779581,0.6457624714565439,0.6887389563199866,0.470652160569605,0.32353326336100685,0.28898798006951704,8556215.11189087,6802.562759,,,0.8542207926100045,20714,24249,32868
rgb_texture,Pirate_Shipmate_Old_v1_L1,ok,,,/home/29d_kon@lab.graphicon.ru/ssd1_link/projects/REPROJECTING/outputs/MeshMamba_reference_batch_20260601/rgb_texture/baseline_screen_space/Pirate_Shipmate_Old_v1_L1/sigma0p05_recenter_rotx90p0_horizontaltovertical_blender_rig/Pirate_Shipmate_Old_v1_L1_report.json,/home/29d_kon@lab.graphicon.ru/ssd1_link/projects/REPROJECTING/outputs/MeshMamba_reference_batch_20260601/_logs/rgb_texture/screen_space/Pirate_Shipmate_Old_v1_L1.log,Pirate_Shipmate_Old_v1_L1.csv,32868,35,35,23364,510,horizontal_to_vertical,json_camera_static.fov_degrees,60.000001669652114,35.98339890412515,0.044173712217688656,0.6143492149155201,1.0287846088600927,0.09516798258069643,0.2595684741002097,0.10058394816234728,0.6292651898208328,0.5019265114457786,0.49792826171520693,0.5123026088590815,-0.004814761594690355,-0.020189539391584136,0.020063157988761012,3.7065168889141447,5490.046625000001,31796,8525886,,,,,ok,,,/home/29d_kon@lab.graphicon.ru/ssd1_link/projects/REPROJECTING/outputs/MeshMamba_reference_batch_20260601/rgb_texture/baseline_cone/Pirate_Shipmate_Old_v1_L1/recenter_rotx90p0_horizontaltovertical_blender_rig/Pirate_Shipmate_Old_v1_L1_report.json,/home/29d_kon@lab.graphicon.ru/ssd1_link/projects/REPROJECTING/outputs/MeshMamba_reference_batch_20260601/_logs/rgb_texture/cone/Pirate_Shipmate_Old_v1_L1.log,Pirate_Shipmate_Old_v1_L1.csv,32868,35,35,23364,510,horizontal_to_vertical,json_camera_static.fov_degrees,60.000001669652114,35.98339890412515,0.32869052226452933,0.6629160672122725,0.3592204353318075,0.04998155656967942,0.15627574193590946,0.546877393405795,0.6981788210241815,0.742874933894442,0.7850280922778847,0.8127670690425172,0.34776300003154614,0.44726765698949766,0.5768552863936681,9858115.199811753,5490.046625000001,,,0.7262455059065228,16968,23364,32868
rgb_texture,Plate,ok,,,/home/29d_kon@lab.graphicon.ru/ssd1_link/projects/REPROJECTING/outputs/MeshMamba_reference_batch_20260601/rgb_texture/baseline_screen_space/Plate/sigma0p05_recenter_rotx90p0_horizontaltovertical_blender_rig/Plate_report.json,/home/29d_kon@lab.graphicon.ru/ssd1_link/projects/REPROJECTING/outputs/MeshMamba_reference_batch_20260601/_logs/rgb_texture/screen_space/Plate.log,Plate.csv,32868,35,35,25112,510,horizontal_to_vertical,json_camera_static.fov_degrees,60.000001669652114,35.98339890412515,-0.001163493070285987,0.6542800929968082,0.6230558527611396,0.11980945757626187,0.26963269667645573,0.03888008704604418,0.6697436369737135,0.5092912833163091,0.5108377469324551,0.2908343048897788,0.0552119331007536,0.08234436597366304,-0.7305435342774859,3.0403021540996336,3804.376035,32561,8446205,,,,,ok,,,/home/29d_kon@lab.graphicon.ru/ssd1_link/projects/REPROJECTING/outputs/MeshMamba_reference_batch_20260601/rgb_texture/baseline_cone/Plate/recenter_rotx90p0_horizontaltovertical_blender_rig/Plate_report.json,/home/29d_kon@lab.graphicon.ru/ssd1_link/projects/REPROJECTING/outputs/MeshMamba_reference_batch_20260601/_logs/rgb_texture/cone/Plate.log,Plate.csv,32868,35,35,25112,510,horizontal_to_vertical,json_camera_static.fov_degrees,60.000001669652114,35.98339890412515,0.08292079165709887,0.5982822728637661,0.6156398536565957,0.01819937114223355,0.08571122613834177,0.04843282335354625,0.5648616171054083,0.5311937911205985,0.5495673909208276,0.3919427152696166,0.28974238615320774,0.4208536721826785,-0.37437533735797657,6675020.164018283,3804.376035,,,0.9510592545396623,23883,25112,32868
rgb_texture,PoloTeamShirt_v2_L3,ok,,,/home/29d_kon@lab.graphicon.ru/ssd1_link/projects/REPROJECTING/outputs/MeshMamba_reference_batch_20260601/rgb_texture/baseline_screen_space/PoloTeamShirt_v2_L3/sigma0p05_recenter_rotx90p0_horizontaltovertical_blender_rig/PoloTeamShirt_v2_L3_report.json,/home/29d_kon@lab.graphicon.ru/ssd1_link/projects/REPROJECTING/outputs/MeshMamba_reference_batch_20260601/_logs/rgb_texture/screen_space/PoloTeamShirt_v2_L3.log,Polo_Team_Shirt_v2_L3.csv,32868,35,35,21518,510,horizontal_to_vertical,json_camera_static.fov_degrees,60.000001669652114,35.98339890412515,0.0019864228680699925,0.5875060721490517,0.8040193710301899,0.0577727190553858,0.1895495298566389,0.021830674474052788,0.6249830774497239,0.40039408739526816,0.3968415785193622,0.4393739436921661,-0.2694551352618244,-0.3739405143534298,-0.2809459153475826,3.240262736296838,6311.192399,31961,8729154,,,,,ok,,,/home/29d_kon@lab.graphicon.ru/ssd1_link/projects/REPROJECTING/outputs/MeshMamba_reference_batch_20260601/rgb_texture/baseline_cone/PoloTeamShirt_v2_L3/recenter_rotx90p0_horizontaltovertical_blender_rig/PoloTeamShirt_v2_L3_report.json,/home/29d_kon@lab.graphicon.ru/ssd1_link/projects/REPROJECTING/outputs/MeshMamba_reference_batch_20260601/_logs/rgb_texture/cone/PoloTeamShirt_v2_L3.log,Polo_Team_Shirt_v2_L3.csv,32868,35,35,21518,510,horizontal_to_vertical,json_camera_static.fov_degrees,60.000001669652114,35.98339890412515,0.06146622958215592,0.5307928642775768,0.8110198651259295,0.05192023360089298,0.15345067366788764,0.15472892726958698,0.5245657442392642,0.4857579926236168,0.3804694654370928,0.30033013458434865,-0.10781890168599297,-0.39513657865433405,-0.5349377365368071,4138045.473005883,6311.192399,,,0.9471140440561391,20380,21518,32868
rgb_texture,Possum_wooden_v1_L3,ok,,,/home/29d_kon@lab.graphicon.ru/ssd1_link/projects/REPROJECTING/outputs/MeshMamba_reference_batch_20260601/rgb_texture/baseline_screen_space/Possum_wooden_v1_L3/sigma0p05_recenter_rotx90p0_horizontaltovertical_blender_rig/Possum_wooden_v1_L3_report.json,/home/29d_kon@lab.graphicon.ru/ssd1_link/projects/REPROJECTING/outputs/MeshMamba_reference_batch_20260601/_logs/rgb_texture/screen_space/Possum_wooden_v1_L3.log,Possum_wooden_v1_L3.csv,32868,36,36,24963,510,horizontal_to_vertical,json_camera_static.fov_degrees,60.000001669652114,35.98339890412515,-0.1430991294339594,0.3065556146418501,3.4551426745118556,0.1478220188047674,0.3273133802889773,-0.07616131132766353,0.34871625544317353,0.39577177121201773,0.37383809899179177,0.3517621734442401,-0.32778252928526835,-0.4078584812280814,-0.5050529053540331,3.778318337409726,4139.995085,29471,8773126,,,,,ok,,,/home/29d_kon@lab.graphicon.ru/ssd1_link/projects/REPROJECTING/outputs/MeshMamba_reference_batch_20260601/rgb_texture/baseline_cone/Possum_wooden_v1_L3/recenter_rotx90p0_horizontaltovertical_blender_rig/Possum_wooden_v1_L3_report.json,/home/29d_kon@lab.graphicon.ru/ssd1_link/projects/REPROJECTING/outputs/MeshMamba_reference_batch_20260601/_logs/rgb_texture/cone/Possum_wooden_v1_L3.log,Possum_wooden_v1_L3.csv,32868,36,36,24963,510,horizontal_to_vertical,json_camera_static.fov_degrees,60.000001669652114,35.98339890412515,-0.07198252223355861,0.25794865158789776,1.5436591897562333,0.0767676772261296,0.18596036259285093,0.10379070865824291,0.27111973716677396,0.6258308684830225,0.6726362464957706,0.6864577564206095,-0.11861690299007942,-0.012394275925641192,0.03309257656873915,6135679.944188347,4139.995085,,,0.9326603372992028,23282,24963,32840
rgb_texture,Raptor_Claw_Fossil_v2_L3,ok,,,/home/29d_kon@lab.graphicon.ru/ssd1_link/projects/REPROJECTING/outputs/MeshMamba_reference_batch_20260601/rgb_texture/baseline_screen_space/Raptor_Claw_Fossil_v2_L3/sigma0p05_recenter_rotx90p0_horizontaltovertical_blender_rig/Raptor_Claw_Fossil_v2_L3_report.json,/home/29d_kon@lab.graphicon.ru/ssd1_link/projects/REPROJECTING/outputs/MeshMamba_reference_batch_20260601/_logs/rgb_texture/screen_space/Raptor_Claw_Fossil_v2_L3.log,Raptor_Claw_Fossil_v2_l3.csv,32868,35,35,25079,510,horizontal_to_vertical,json_camera_static.fov_degrees,60.000001669652114,35.98339890412515,-0.12877875939984862,0.6662088344234132,0.9265816549747626,0.11406777884791404,0.3000856099310602,-0.0755295737974319,0.7369424200810176,0.37482000791358905,0.49694015006860404,0.5740646879578034,-0.466909638893995,-0.08171248507331749,0.27427193436902664,4.050019889091489,8015.121369,32008,9472909,,,,,ok,,,/home/29d_kon@lab.graphicon.ru/ssd1_link/projects/REPROJECTING/outputs/MeshMamba_reference_batch_20260601/rgb_texture/baseline_cone/Raptor_Claw_Fossil_v2_L3/recenter_rotx90p0_horizontaltovertical_blender_rig/Raptor_Claw_Fossil_v2_L3_report.json,/home/29d_kon@lab.graphicon.ru/ssd1_link/projects/REPROJECTING/outputs/MeshMamba_reference_batch_20260601/_logs/rgb_texture/cone/Raptor_Claw_Fossil_v2_L3.log,Raptor_Claw_Fossil_v2_l3.csv,32868,35,35,25079,510,horizontal_to_vertical,json_camera_static.fov_degrees,60.000001669652114,35.98339890412515,0.0007962787991133459,0.6290254743143043,0.4804596986369376,0.06400370766057821,0.2088551833092624,0.020178009402276875,0.7048161984388204,0.4652624336531395,0.4886352355135142,0.6352760601236899,-0.12824800183455842,-0.08978201894887743,0.2994185370755044,9341401.76425058,8015.121369,,,0.9241995294868216,23178,25079,32868
rgb_texture,Rhinoceros_v1_L3,ok,,,/home/29d_kon@lab.graphicon.ru/ssd1_link/projects/REPROJECTING/outputs/MeshMamba_reference_batch_20260601/rgb_texture/baseline_screen_space/Rhinoceros_v1_L3/sigma0p05_recenter_rotx90p0_horizontaltovertical_blender_rig/Rhinoceros_v1_L3_report.json,/home/29d_kon@lab.graphicon.ru/ssd1_link/projects/REPROJECTING/outputs/MeshMamba_reference_batch_20260601/_logs/rgb_texture/screen_space/Rhinoceros_v1_L3.log,Rhinoceros_v1_L3.csv,32868,35,35,29939,510,horizontal_to_vertical,json_camera_static.fov_degrees,60.000001669652114,35.98339890412515,0.040692214700464455,0.653367500784039,1.8118333656054166,0.06147843593583401,0.19619994573531555,0.07917748482046315,0.7230827482971552,0.4757244388045521,0.46477746857648333,0.288803260730565,-0.05804413729877731,-0.0972107000902765,-0.7117786712953328,3.453571510771317,8494.176033,30249,9087609,,,,,ok,,,/home/29d_kon@lab.graphicon.ru/ssd1_link/projects/REPROJECTING/outputs/MeshMamba_reference_batch_20260601/rgb_texture/baseline_cone/Rhinoceros_v1_L3/recenter_rotx90p0_horizontaltovertical_blender_rig/Rhinoceros_v1_L3_report.json,/home/29d_kon@lab.graphicon.ru/ssd1_link/projects/REPROJECTING/outputs/MeshMamba_reference_batch_20260601/_logs/rgb_texture/cone/Rhinoceros_v1_L3.log,Rhinoceros_v1_L3.csv,32868,35,35,29939,510,horizontal_to_vertical,json_camera_static.fov_degrees,60.000001669652114,35.98339890412515,0.009991333651102191,0.5215231662650099,0.8616109269529435,0.07489915641670881,0.21351051601003904,-0.014999084559373708,0.5574016894153929,0.506746045136419,0.5493058107557166,0.410085405112649,0.13844371683264098,0.338731969208147,-0.40039151656098615,6087104.730372695,8494.176033,,,0.9210060456261064,27574,29939,32868
rgb_texture,Rocket_Ship_v1_L3,ok,,,/home/29d_kon@lab.graphicon.ru/ssd1_link/projects/REPROJECTING/outputs/MeshMamba_reference_batch_20260601/rgb_texture/baseline_screen_space/Rocket_Ship_v1_L3/sigma0p05_recenter_rotx90p0_horizontaltovertical_blender_rig/Rocket_Ship_v1_L3_report.json,/home/29d_kon@lab.graphicon.ru/ssd1_link/projects/REPROJECTING/outputs/MeshMamba_reference_batch_20260601/_logs/rgb_texture/screen_space/Rocket_Ship_v1_L3.log,Rocket_Ship_v1_L3.csv,32868,35,35,22201,510,horizontal_to_vertical,json_camera_static.fov_degrees,60.000001669652114,35.98339890412515,0.07762582560167397,0.5283900761322229,2.710169235028056,0.09776063086132825,0.2571234999129725,0.09925420753846283,0.6041595295944167,0.5513788837005706,0.5591952163567486,0.6313581523074812,0.08664721261838873,0.08945733852270246,0.11061840318689363,3.75713858133363,6228.2789330000005,29870,8730273,,,,,ok,,,/home/29d_kon@lab.graphicon.ru/ssd1_link/projects/REPROJECTING/outputs/MeshMamba_reference_batch_20260601/rgb_texture/baseline_cone/Rocket_Ship_v1_L3/recenter_rotx90p0_horizontaltovertical_blender_rig/Rocket_Ship_v1_L3_report.json,/home/29d_kon@lab.graphicon.ru/ssd1_link/projects/REPROJECTING/outputs/MeshMamba_reference_batch_20260601/_logs/rgb_texture/cone/Rocket_Ship_v1_L3.log,Rocket_Ship_v1_L3.csv,32868,35,35,22201,510,horizontal_to_vertical,json_camera_static.fov_degrees,60.000001669652114,35.98339890412515,0.6095914812846996,0.6864292112190802,0.41662756271152523,0.04333672566683521,0.15501593515290943,0.4877015546157025,0.8030397036075612,0.8199943173466033,0.7691661457466432,0.5396410909667343,1.3350291887051842,1.2943004467943864,0.1509376409523165,9497634.7983406,6228.2789330000005,,,0.8321246790685104,18474,22201,32868
rgb_texture,Rubber_Duck_v1_L3,ok,,,/home/29d_kon@lab.graphicon.ru/ssd1_link/projects/REPROJECTING/outputs/MeshMamba_reference_batch_20260601/rgb_texture/baseline_screen_space/Rubber_Duck_v1_L3/sigma0p05_recenter_rotx90p0_horizontaltovertical_blender_rig/Rubber_Duck_v1_L3_report.json,/home/29d_kon@lab.graphicon.ru/ssd1_link/projects/REPROJECTING/outputs/MeshMamba_reference_batch_20260601/_logs/rgb_texture/screen_space/Rubber_Duck_v1_L3.log,Rubber_Duck_v1_L3.csv,32868,37,37,30780,510,horizontal_to_vertical,json_camera_static.fov_degrees,60.000001669652114,35.98339890412515,0.14517569460161522,0.5880130711274978,2.6258259894191935,0.054785919602946355,0.17452998845948145,0.10283675267298706,0.639762256783313,0.6473808355944114,0.7103687396867966,0.6530848976084905,0.4741745745275298,0.7411797979824142,0.657338007828168,2.5742749894686296,4717.891278000001,27815,9127648,,,,,ok,,,/home/29d_kon@lab.graphicon.ru/ssd1_link/projects/REPROJECTING/outputs/MeshMamba_reference_batch_20260601/rgb_texture/baseline_cone/Rubber_Duck_v1_L3/recenter_rotx90p0_horizontaltovertical_blender_rig/Rubber_Duck_v1_L3_report.json,/home/29d_kon@lab.graphicon.ru/ssd1_link/projects/REPROJECTING/outputs/MeshMamba_reference_batch_20260601/_logs/rgb_texture/cone/Rubber_Duck_v1_L3.log,Rubber_Duck_v1_L3.csv,32868,37,37,30780,510,horizontal_to_vertical,json_camera_static.fov_degrees,60.000001669652114,35.98339890412515,0.1515510235708035,0.5475946845335045,1.7208575521525653,0.027709511126764234,0.11743256984359637,0.17966307383255278,0.544946126195583,0.7390481213083488,0.8246468847969587,0.9361943596139157,0.494351895738673,0.8152772629018883,1.5399614415059195,4139279.4217889374,4717.891278000001,,,0.9626055880441845,29629,30780,29680
rgb_texture,SLR_Camera_V1_L3,ok,,,/home/29d_kon@lab.graphicon.ru/ssd1_link/projects/REPROJECTING/outputs/MeshMamba_reference_batch_20260601/rgb_texture/baseline_screen_space/SLR_Camera_V1_L3/sigma0p05_recenter_rotx90p0_horizontaltovertical_blender_rig/SLR_Camera_V1_L3_report.json,/home/29d_kon@lab.graphicon.ru/ssd1_link/projects/REPROJECTING/outputs/MeshMamba_reference_batch_20260601/_logs/rgb_texture/screen_space/SLR_Camera_V1_L3.log,SLR_Camera_SG_V1_Iteration2.csv,32868,35,35,31072,510,horizontal_to_vertical,json_camera_static.fov_degrees,60.000001669652114,35.98339890412515,0.027081017752707694,0.4475895263703952,1.7600660361576623,0.07087439189724484,0.20938787070193599,0.020995177064098557,0.500222925551268,0.5187707336911915,0.5631523773278151,0.6888249882231572,0.026374967411552784,0.1581634503424158,0.5715515653034872,1.6230651480129308,3082.43652,30367,8425185,,,,,ok,,,/home/29d_kon@lab.graphicon.ru/ssd1_link/projects/REPROJECTING/outputs/MeshMamba_reference_batch_20260601/rgb_texture/baseline_cone/SLR_Camera_V1_L3/recenter_rotx90p0_horizontaltovertical_blender_rig/SLR_Camera_V1_L3_report.json,/home/29d_kon@lab.graphicon.ru/ssd1_link/projects/REPROJECTING/outputs/MeshMamba_reference_batch_20260601/_logs/rgb_texture/cone/SLR_Camera_V1_L3.log,SLR_Camera_SG_V1_Iteration2.csv,32868,35,35,31072,510,horizontal_to_vertical,json_camera_static.fov_degrees,60.000001669652114,35.98339890412515,0.22483483715154004,0.5047642312947958,0.9150923888364361,0.02244302171914653,0.09972824191365467,0.3517490015445793,0.547358812597118,0.6775860965853407,0.7516297257615173,0.7558177790112235,0.5032269016169821,0.7834828621756562,0.6157489957706153,2421091.5448862854,3082.43652,,,0.9850669412976313,30608,31072,32189
rgb_texture,SeaHorse_v2_L3,ok,,,/home/29d_kon@lab.graphicon.ru/ssd1_link/projects/REPROJECTING/outputs/MeshMamba_reference_batch_20260601/rgb_texture/baseline_screen_space/SeaHorse_v2_L3/sigma0p05_recenter_rotx90p0_horizontaltovertical_blender_rig/SeaHorse_v2_L3_report.json,/home/29d_kon@lab.graphicon.ru/ssd1_link/projects/REPROJECTING/outputs/MeshMamba_reference_batch_20260601/_logs/rgb_texture/screen_space/SeaHorse_v2_L3.log,SeaHorse_v1_iterations-2.csv,32868,36,36,20596,510,horizontal_to_vertical,json_camera_static.fov_degrees,60.000001669652114,35.98339890412515,-0.09387227811553386,0.6857030757725735,0.7774815049454611,0.0688941026567481,0.19812612611267802,-0.048038476149553644,0.7450634396738702,0.3447394219974059,0.30999579484681133,0.2328871008285498,-0.4858836836248326,-0.634129004451323,-0.784844720453987,4.392792813414335,10811.74927,32099,8616675,,,,,ok,,,/home/29d_kon@lab.graphicon.ru/ssd1_link/projects/REPROJECTING/outputs/MeshMamba_reference_batch_20260601/rgb_texture/baseline_cone/SeaHorse_v2_L3/recenter_rotx90p0_horizontaltovertical_blender_rig/SeaHorse_v2_L3_report.json,/home/29d_kon@lab.graphicon.ru/ssd1_link/projects/REPROJECTING/outputs/MeshMamba_reference_batch_20260601/_logs/rgb_texture/cone/SeaHorse_v2_L3.log,SeaHorse_v1_iterations-2.csv,32868,36,36,20596,510,horizontal_to_vertical,json_camera_static.fov_degrees,60.000001669652114,35.98339890412515,0.2791005214325771,0.7397032923134277,0.21381272790586894,0.062217688763594695,0.188549952444045,0.42360487457525925,0.8057878658387292,0.7759423170467455,0.8094777385198111,0.8113451139436977,0.4493344598119338,0.5367003854186586,0.4163332343303803,12301789.99449609,10811.74927,,,0.8514760147601476,17537,20596,32868
rgb_texture,Seagull_v1_L3,ok,,,/home/29d_kon@lab.graphicon.ru/ssd1_link/projects/REPROJECTING/outputs/MeshMamba_reference_batch_20260601/rgb_texture/baseline_screen_space/Seagull_v1_L3/sigma0p05_recenter_rotx90p0_horizontaltovertical_blender_rig/Seagull_v1_L3_report.json,/home/29d_kon@lab.graphicon.ru/ssd1_link/projects/REPROJECTING/outputs/MeshMamba_reference_batch_20260601/_logs/rgb_texture/screen_space/Seagull_v1_L3.log,Seagull_v1_L3.csv,32868,35,35,26129,510,horizontal_to_vertical,json_camera_static.fov_degrees,60.000001669652114,35.98339890412515,-0.20591951943122555,0.464755243737734,4.006636228127811,0.14203426652365012,0.31450975885463367,-0.19175344024461435,0.4873676271880734,0.3275497451491317,0.3078056027773258,0.38624219092338197,-0.5275356567352837,-0.6314387602934268,-0.44637679348913506,2.819653474213366,6864.62943,28366,8664147,,,,,ok,,,/home/29d_kon@lab.graphicon.ru/ssd1_link/projects/REPROJECTING/outputs/MeshMamba_reference_batch_20260601/rgb_texture/baseline_cone/Seagull_v1_L3/recenter_rotx90p0_horizontaltovertical_blender_rig/Seagull_v1_L3_report.json,/home/29d_kon@lab.graphicon.ru/ssd1_link/projects/REPROJECTING/outputs/MeshMamba_reference_batch_20260601/_logs/rgb_texture/cone/Seagull_v1_L3.log,Seagull_v1_L3.csv,32868,35,35,26129,510,horizontal_to_vertical,json_camera_static.fov_degrees,60.000001669652114,35.98339890412515,-0.007770927330634687,0.4458682027785259,0.9510738545530619,0.07779032192157102,0.2022914820426673,0.011464474381553794,0.4700526982130627,0.611327760800587,0.6774196131181143,0.7617127859007816,-0.015669872127501896,0.09389035243138143,0.2506314159705806,6248537.660496026,6864.62943,,,0.8559072295150981,22364,26129,32794
rgb_texture,Seal_wooden_v1_L3,ok,,,/home/29d_kon@lab.graphicon.ru/ssd1_link/projects/REPROJECTING/outputs/MeshMamba_reference_batch_20260601/rgb_texture/baseline_screen_space/Seal_wooden_v1_L3/sigma0p05_recenter_rotx90p0_horizontaltovertical_blender_rig/Seal_wooden_v1_L3_report.json,/home/29d_kon@lab.graphicon.ru/ssd1_link/projects/REPROJECTING/outputs/MeshMamba_reference_batch_20260601/_logs/rgb_texture/screen_space/Seal_wooden_v1_L3.log,Seal_wooden_v1_L3.csv,32868,35,35,24200,510,horizontal_to_vertical,json_camera_static.fov_degrees,60.000001669652114,35.98339890412515,0.5425522893785952,0.6611476107991487,0.9080752615233133,0.07907133707287133,0.22267030044206115,0.5531704938837075,0.795378552058854,0.8262383813963418,0.8540103419573065,0.9386672397144937,1.0435871373510865,1.2149434257811975,1.6338833276248623,2.576187776382387,7107.087051999999,29605,8739121,,,,,ok,,,/home/29d_kon@lab.graphicon.ru/ssd1_link/projects/REPROJECTING/outputs/MeshMamba_reference_batch_20260601/rgb_texture/baseline_cone/Seal_wooden_v1_L3/recenter_rotx90p0_horizontaltovertical_blender_rig/Seal_wooden_v1_L3_report.json,/home/29d_kon@lab.graphicon.ru/ssd1_link/projects/REPROJECTING/outputs/MeshMamba_reference_batch_20260601/_logs/rgb_texture/cone/Seal_wooden_v1_L3.log,Seal_wooden_v1_L3.csv,32868,35,35,24200,510,horizontal_to_vertical,json_camera_static.fov_degrees,60.000001669652114,35.98339890412515,0.5509955139545473,0.6434774045734473,0.5176481757247899,0.04361936000617858,0.14578707124978138,0.5443965374485472,0.7504378166771093,0.8358364543583244,0.8577506022723801,0.9242135063362356,1.275224155376542,1.4712242614690807,1.8318353787928854,4002440.1993106687,7107.087051999999,,,0.9495867768595041,22980,24200,32421
rgb_texture,Sheep_doll_v1_L3,ok,,,/home/29d_kon@lab.graphicon.ru/ssd1_link/projects/REPROJECTING/outputs/MeshMamba_reference_batch_20260601/rgb_texture/baseline_screen_space/Sheep_doll_v1_L3/sigma0p05_recenter_rotx90p0_horizontaltovertical_blender_rig/Sheep_doll_v1_L3_report.json,/home/29d_kon@lab.graphicon.ru/ssd1_link/projects/REPROJECTING/outputs/MeshMamba_reference_batch_20260601/_logs/rgb_texture/screen_space/Sheep_doll_v1_L3.log,Sheep_doll_v1_iterations-2.csv,32868,36,36,29614,510,horizontal_to_vertical,json_camera_static.fov_degrees,60.000001669652114,35.98339890412515,0.3067996833241303,0.6376813350864827,1.460724181053957,0.050298470202478254,0.17910272643045752,0.34594216670561784,0.7150561394215742,0.658532433522628,0.6096032288158152,0.5544936910404732,0.5881098752327407,0.4843867875162326,0.1525378005865493,3.0884011860690306,4889.002393999999,30964,8893128,,,,,ok,,,/home/29d_kon@lab.graphicon.ru/ssd1_link/projects/REPROJECTING/outputs/MeshMamba_reference_batch_20260601/rgb_texture/baseline_cone/Sheep_doll_v1_L3/recenter_rotx90p0_horizontaltovertical_blender_rig/Sheep_doll_v1_L3_report.json,/home/29d_kon@lab.graphicon.ru/ssd1_link/projects/REPROJECTING/outputs/MeshMamba_reference_batch_20260601/_logs/rgb_texture/cone/Sheep_doll_v1_L3.log,Sheep_doll_v1_iterations-2.csv,32868,36,36,29614,510,horizontal_to_vertical,json_camera_static.fov_degrees,60.000001669652114,35.98339890412515,0.415671741951528,0.5986699461385221,0.7213503760190915,0.028468036782822826,0.11308354092395395,0.37711949259972416,0.6809749908824849,0.6525173818240474,0.5258709358108087,0.164894014019744,1.0149750064770344,0.8967812876107721,-0.6575458380805874,6544205.85179788,4889.002393999999,,,0.9312825015195516,27579,29614,32868
rgb_texture,SittingBaby_v1_L1,ok,,,/home/29d_kon@lab.graphicon.ru/ssd1_link/projects/REPROJECTING/outputs/MeshMamba_reference_batch_20260601/rgb_texture/baseline_screen_space/SittingBaby_v1_L1/sigma0p05_recenter_rotx90p0_horizontaltovertical_blender_rig/SittingBaby_v1_L1_report.json,/home/29d_kon@lab.graphicon.ru/ssd1_link/projects/REPROJECTING/outputs/MeshMamba_reference_batch_20260601/_logs/rgb_texture/screen_space/SittingBaby_v1_L1.log,SittingBaby.csv,32868,35,35,21469,510,horizontal_to_vertical,json_camera_static.fov_degrees,60.000001669652114,35.98339890412515,0.24082587038899972,0.5654732411422154,1.6123747034524576,0.06808797577463496,0.20998185936872765,0.13059809231425584,0.6217063017078345,0.6480948183023153,0.7094334018750316,0.8028484593330183,0.6284883674486407,0.9051907583538079,1.1430726106908948,2.55639788826571,3591.208147,29981,8928611,,,,,ok,,,/home/29d_kon@lab.graphicon.ru/ssd1_link/projects/REPROJECTING/outputs/MeshMamba_reference_batch_20260601/rgb_texture/baseline_cone/SittingBaby_v1_L1/recenter_rotx90p0_horizontaltovertical_blender_rig/SittingBaby_v1_L1_report.json,/home/29d_kon@lab.graphicon.ru/ssd1_link/projects/REPROJECTING/outputs/MeshMamba_reference_batch_20260601/_logs/rgb_texture/cone/SittingBaby_v1_L1.log,SittingBaby.csv,32868,35,35,21469,510,horizontal_to_vertical,json_camera_static.fov_degrees,60.000001669652114,35.98339890412515,0.5302409358578858,0.5969217205736432,0.8440495751243688,0.015475870241244466,0.07795424954091128,0.22033751398127568,0.7076793728831304,0.7434619634884942,0.7916782480785571,0.9156830835029761,1.4634761080532752,2.254942422403825,2.3669904131632817,3204823.1216815654,3591.208147,,,0.9274768270529601,19912,21469,32040
rgb_texture,Sitting_inside_an_egg_v1_L1,ok,,,/home/29d_kon@lab.graphicon.ru/ssd1_link/projects/REPROJECTING/outputs/MeshMamba_reference_batch_20260601/rgb_texture/baseline_screen_space/Sitting_inside_an_egg_v1_L1/sigma0p05_recenter_rotx90p0_horizontaltovertical_blender_rig/Sitting_inside_an_egg_v1_L1_report.json,/home/29d_kon@lab.graphicon.ru/ssd1_link/projects/REPROJECTING/outputs/MeshMamba_reference_batch_20260601/_logs/rgb_texture/screen_space/Sitting_inside_an_egg_v1_L1.log,Sitting_inside_an_egg_Texture.csv,32868,36,36,24240,510,horizontal_to_vertical,json_camera_static.fov_degrees,60.000001669652114,35.98339890412515,0.24591039328169645,0.5158074825975175,1.6415984639286911,0.07561039646745206,0.22201832304681207,0.21062995724482225,0.5913811902327994,0.6922790477163007,0.7125843154058922,0.8626950908850927,0.6164708026266822,0.7155553799826303,1.2287106305767976,4.041004350380385,3683.201102,30033,8242639,,,,,ok,,,/home/29d_kon@lab.graphicon.ru/ssd1_link/projects/REPROJECTING/outputs/MeshMamba_reference_batch_20260601/rgb_texture/baseline_cone/Sitting_inside_an_egg_v1_L1/recenter_rotx90p0_horizontaltovertical_blender_rig/Sitting_inside_an_egg_v1_L1_report.json,/home/29d_kon@lab.graphicon.ru/ssd1_link/projects/REPROJECTING/outputs/MeshMamba_reference_batch_20260601/_logs/rgb_texture/cone/Sitting_inside_an_egg_v1_L1.log,Sitting_inside_an_egg_Texture.csv,32868,36,36,24240,510,horizontal_to_vertical,json_camera_static.fov_degrees,60.000001669652114,35.98339890412515,0.6025826543594524,0.6162136039437927,0.711561751776688,0.020014493703491478,0.0877092601392727,0.4074977069167652,0.7397165891932296,0.87088670342719,0.8706956596647534,0.9695441458092234,1.596996337625213,2.0027739269692466,3.3267112125359746,6341039.472956641,3683.201102,,,0.9371287128712872,22716,24240,32651
rgb_texture,Soda_Can_v3_L3,ok,,,/home/29d_kon@lab.graphicon.ru/ssd1_link/projects/REPROJECTING/outputs/MeshMamba_reference_batch_20260601/rgb_texture/baseline_screen_space/Soda_Can_v3_L3/sigma0p05_recenter_rotx90p0_horizontaltovertical_blender_rig/Soda_Can_v3_L3_report.json,/home/29d_kon@lab.graphicon.ru/ssd1_link/projects/REPROJECTING/outputs/MeshMamba_reference_batch_20260601/_logs/rgb_texture/screen_space/Soda_Can_v3_L3.log,Soda_Can_v3_l3.csv,32868,36,36,24280,510,horizontal_to_vertical,json_camera_static.fov_degrees,60.000001669652114,35.98339890412515,-0.11359210981462753,0.5734061428089974,2.1426951123547955,0.10310894796060155,0.2687812597826232,-0.1868233271167227,0.639554756681959,0.4430071280409264,0.39380457971689375,0.4478873656498804,-0.10416932041575078,-0.25831149362223743,-0.14365914490135123,1.912019604451849,7743.4137519999995,29151,8732224,,,,,ok,,,/home/29d_kon@lab.graphicon.ru/ssd1_link/projects/REPROJECTING/outputs/MeshMamba_reference_batch_20260601/rgb_texture/baseline_cone/Soda_Can_v3_L3/recenter_rotx90p0_horizontaltovertical_blender_rig/Soda_Can_v3_L3_report.json,/home/29d_kon@lab.graphicon.ru/ssd1_link/projects/REPROJECTING/outputs/MeshMamba_reference_batch_20260601/_logs/rgb_texture/cone/Soda_Can_v3_L3.log,Soda_Can_v3_l3.csv,32868,36,36,24280,510,horizontal_to_vertical,json_camera_static.fov_degrees,60.000001669652114,35.98339890412515,-0.12977872352176656,0.49793213669201547,1.3120310435283495,0.07253980331720447,0.20736351641899398,-0.08124741435387825,0.47401598028308994,0.5708504203835771,0.5116419001728659,0.5872821214028787,-0.03278457820558033,-0.1657903197740782,-0.06470356210189095,2447591.27688312,7743.4137519999995,,,0.9744645799011532,23660,24280,31648
rgb_texture,Spark_Plug_v1_L3,ok,,,/home/29d_kon@lab.graphicon.ru/ssd1_link/projects/REPROJECTING/outputs/MeshMamba_reference_batch_20260601/rgb_texture/baseline_screen_space/Spark_Plug_v1_L3/sigma0p05_recenter_rotx90p0_horizontaltovertical_blender_rig/Spark_Plug_v1_L3_report.json,/home/29d_kon@lab.graphicon.ru/ssd1_link/projects/REPROJECTING/outputs/MeshMamba_reference_batch_20260601/_logs/rgb_texture/screen_space/Spark_Plug_v1_L3.log,Spark_Plug_v1_l3.csv,32868,36,36,29872,510,horizontal_to_vertical,json_camera_static.fov_degrees,60.000001669652114,35.98339890412515,0.0911252224341792,0.7197368681211236,0.9975553101339679,0.06749162811089077,0.2125409403037093,0.08830377173775425,0.8096402075472768,0.5973096183325973,0.6740162170156715,0.6891649123226549,0.23154791221952153,0.46822381445790767,0.5502243204119501,4.564626816366916,10520.210308000002,31021,8649784,,,,,ok,,,/home/29d_kon@lab.graphicon.ru/ssd1_link/projects/REPROJECTING/outputs/MeshMamba_reference_batch_20260601/rgb_texture/baseline_cone/Spark_Plug_v1_L3/recenter_rotx90p0_horizontaltovertical_blender_rig/Spark_Plug_v1_L3_report.json,/home/29d_kon@lab.graphicon.ru/ssd1_link/projects/REPROJECTING/outputs/MeshMamba_reference_batch_20260601/_logs/rgb_texture/cone/Spark_Plug_v1_L3.log,Spark_Plug_v1_l3.csv,32868,36,36,29872,510,horizontal_to_vertical,json_camera_static.fov_degrees,60.000001669652114,35.98339890412515,0.1609106833155446,0.6159301349653004,0.6589549218242361,0.07157301571251017,0.21508048284478914,0.17357520026221834,0.6981940530341768,0.6074400839462039,0.6551967149076791,0.5750933343396856,0.24959519327872187,0.34753204699120743,0.01423831802370299,13151105.972409453,10520.210308000002,,,0.9223018211033744,27551,29872,32868
rgb_texture,Spinning_Top_v1_L3,ok,,,/home/29d_kon@lab.graphicon.ru/ssd1_link/projects/REPROJECTING/outputs/MeshMamba_reference_batch_20260601/rgb_texture/baseline_screen_space/Spinning_Top_v1_L3/sigma0p05_recenter_rotx90p0_horizontaltovertical_blender_rig/Spinning_Top_v1_L3_report.json,/home/29d_kon@lab.graphicon.ru/ssd1_link/projects/REPROJECTING/outputs/MeshMamba_reference_batch_20260601/_logs/rgb_texture/screen_space/Spinning_Top_v1_L3.log,Spinning_Top_v1_L3.csv,32868,37,37,18350,510,horizontal_to_vertical,json_camera_static.fov_degrees,60.000001669652114,35.98339890412515,-0.3235366754589097,0.38996427569650993,5.692237954377884,0.1612196528354329,0.3350007397578623,-0.2413100082803179,0.39937697907394104,0.27568119102919103,0.2649137610472448,0.34359712931809394,-0.7064116183845045,-0.7819478285200063,-0.5697625566574027,2.502716796214063,6838.935173,26780,8938830,,,,,ok,,,/home/29d_kon@lab.graphicon.ru/ssd1_link/projects/REPROJECTING/outputs/MeshMamba_reference_batch_20260601/rgb_texture/baseline_cone/Spinning_Top_v1_L3/recenter_rotx90p0_horizontaltovertical_blender_rig/Spinning_Top_v1_L3_report.json,/home/29d_kon@lab.graphicon.ru/ssd1_link/projects/REPROJECTING/outputs/MeshMamba_reference_batch_20260601/_logs/rgb_texture/cone/Spinning_Top_v1_L3.log,Spinning_Top_v1_L3.csv,32868,37,37,18350,510,horizontal_to_vertical,json_camera_static.fov_degrees,60.000001669652114,35.98339890412515,-0.3737025633322941,0.34112603575623984,9.579885145183706,0.1531346318091142,0.32338641207830304,-0.31999286952039885,0.32070724689222174,0.2128261016836231,0.21839998616074854,0.5,-0.925578626797347,-1.047189887090346,-1.1484956158695974,3250997.8398308074,6838.935173,,,0.9652316076294278,17712,18350,25473
rgb_texture,Squirrel_wooden_v2_L3,ok,,,/home/29d_kon@lab.graphicon.ru/ssd1_link/projects/REPROJECTING/outputs/MeshMamba_reference_batch_20260601/rgb_texture/baseline_screen_space/Squirrel_wooden_v2_L3/sigma0p05_recenter_rotx90p0_horizontaltovertical_blender_rig/Squirrel_wooden_v2_L3_report.json,/home/29d_kon@lab.graphicon.ru/ssd1_link/projects/REPROJECTING/outputs/MeshMamba_reference_batch_20260601/_logs/rgb_texture/screen_space/Squirrel_wooden_v2_L3.log,Squirrel_wooden_v2_L3.csv,32868,36,36,19449,510,horizontal_to_vertical,json_camera_static.fov_degrees,60.000001669652114,35.98339890412515,0.3658924573778211,0.636014119253213,1.0652190354263273,0.023006414453584926,0.10593321284652146,0.26069150774842,0.7025372483833098,0.8065752683095542,0.846697016394526,0.8092023964508896,1.059144997389837,1.2529064523263014,1.0137012999123354,2.0896720248781135,3794.045488,31024,8955174,,,,,ok,,,/home/29d_kon@lab.graphicon.ru/ssd1_link/projects/REPROJECTING/outputs/MeshMamba_reference_batch_20260601/rgb_texture/baseline_cone/Squirrel_wooden_v2_L3/recenter_rotx90p0_horizontaltovertical_blender_rig/Squirrel_wooden_v2_L3_report.json,/home/29d_kon@lab.graphicon.ru/ssd1_link/projects/REPROJECTING/outputs/MeshMamba_reference_batch_20260601/_logs/rgb_texture/cone/Squirrel_wooden_v2_L3.log,Squirrel_wooden_v2_L3.csv,32868,36,36,19449,510,horizontal_to_vertical,json_camera_static.fov_degrees,60.000001669652114,35.98339890412515,0.2550400472811798,0.49872466146755146,1.1028148216368212,0.021349245290664617,0.09853291300517732,0.06781168744295447,0.529075154984663,0.7687774726759493,0.8257319238024527,0.8162304369664048,0.8130586694168975,1.0034278930595035,0.6261110823154532,1856467.938419906,3794.045488,,,0.9695100005141652,18856,19449,32530
rgb_texture,StandingBaby_v2_L1,ok,,,/home/29d_kon@lab.graphicon.ru/ssd1_link/projects/REPROJECTING/outputs/MeshMamba_reference_batch_20260601/rgb_texture/baseline_screen_space/StandingBaby_v2_L1/sigma0p05_recenter_rotx90p0_horizontaltovertical_blender_rig/StandingBaby_v2_L1_report.json,/home/29d_kon@lab.graphicon.ru/ssd1_link/projects/REPROJECTING/outputs/MeshMamba_reference_batch_20260601/_logs/rgb_texture/screen_space/StandingBaby_v2_L1.log,StandingBaby.csv,32868,35,35,21469,510,horizontal_to_vertical,json_camera_static.fov_degrees,60.000001669652114,35.98339890412515,0.09908974270055407,0.6558689427185169,1.2392949482344628,0.07254751249459229,0.2265981327215915,0.03561187624945743,0.7403795093853573,0.5669682252214885,0.656951693297875,0.8571822300496827,0.2504981879308048,0.5750923449811911,1.3128292711847727,3.7359466160267774,8676.806453000001,31710,8806491,,,,,ok,,,/home/29d_kon@lab.graphicon.ru/ssd1_link/projects/REPROJECTING/outputs/MeshMamba_reference_batch_20260601/rgb_texture/baseline_cone/StandingBaby_v2_L1/recenter_rotx90p0_horizontaltovertical_blender_rig/StandingBaby_v2_L1_report.json,/home/29d_kon@lab.graphicon.ru/ssd1_link/projects/REPROJECTING/outputs/MeshMamba_reference_batch_20260601/_logs/rgb_texture/cone/StandingBaby_v2_L1.log,StandingBaby.csv,32868,35,35,21469,510,horizontal_to_vertical,json_camera_static.fov_degrees,60.000001669652114,35.98339890412515,0.44021797432839005,0.6404265930175274,0.4493857602105538,0.05423010707121154,0.16828174964765844,0.1787959359582022,0.7245326667980458,0.6676671800705167,0.7499916426817477,0.9136119191457043,1.0833150667055709,1.6154792723583093,2.272387545971729,7728582.216584954,8676.806453000001,,,0.8953374633192044,19222,21469,32868
rgb_texture,Starfruit_L3,ok,,,/home/29d_kon@lab.graphicon.ru/ssd1_link/projects/REPROJECTING/outputs/MeshMamba_reference_batch_20260601/rgb_texture/baseline_screen_space/Starfruit_L3/sigma0p05_recenter_rotx90p0_horizontaltovertical_blender_rig/Starfruit_L3_report.json,/home/29d_kon@lab.graphicon.ru/ssd1_link/projects/REPROJECTING/outputs/MeshMamba_reference_batch_20260601/_logs/rgb_texture/screen_space/Starfruit_L3.log,Starfruit-L3.csv,32868,35,35,21946,510,horizontal_to_vertical,json_camera_static.fov_degrees,60.000001669652114,35.98339890412515,0.04403903149089271,0.7323900184572677,0.45804309742902527,0.06776235020490548,0.21024970666453827,-0.07569605353003206,0.8169895486235752,0.6633726701149356,0.7364429882060902,0.7218509637861734,0.583381634248617,0.9025163520181272,1.1834962498454489,3.2385681741495356,8732.193847999999,32363,8949606,,,,,ok,,,/home/29d_kon@lab.graphicon.ru/ssd1_link/projects/REPROJECTING/outputs/MeshMamba_reference_batch_20260601/rgb_texture/baseline_cone/Starfruit_L3/recenter_rotx90p0_horizontaltovertical_blender_rig/Starfruit_L3_report.json,/home/29d_kon@lab.graphicon.ru/ssd1_link/projects/REPROJECTING/outputs/MeshMamba_reference_batch_20260601/_logs/rgb_texture/cone/Starfruit_L3.log,Starfruit-L3.csv,32868,35,35,21946,510,horizontal_to_vertical,json_camera_static.fov_degrees,60.000001669652114,35.98339890412515,0.08972073886846521,0.6952879022031502,0.3063346813451475,0.044296275433750205,0.16670055279044615,-0.059979253046548796,0.7664565653072909,0.6893981458736326,0.7892160535473055,0.7746501719563832,0.6350613354288074,0.9947409532801402,0.8910041865260941,4923879.233110361,8732.193847999999,,,0.960949603572405,21089,21946,32868
rgb_texture,Statue_v1_L2_David,ok,,,/home/29d_kon@lab.graphicon.ru/ssd1_link/projects/REPROJECTING/outputs/MeshMamba_reference_batch_20260601/rgb_texture/baseline_screen_space/Statue_v1_L2_David/sigma0p05_recenter_rotx90p0_horizontaltovertical_blender_rig/Statue_v1_L2_David_report.json,/home/29d_kon@lab.graphicon.ru/ssd1_link/projects/REPROJECTING/outputs/MeshMamba_reference_batch_20260601/_logs/rgb_texture/screen_space/Statue_v1_L2_David.log,Statue_v1_L2_David.csv,32868,36,36,24461,510,horizontal_to_vertical,json_camera_static.fov_degrees,60.000001669652114,35.98339890412515,0.1580454090562453,0.6220761916622803,1.0724182034959624,0.07643531094277399,0.23177506006990842,0.13334640077122298,0.7035300643059966,0.7100124097080175,0.7027849896174444,0.5205385522409348,0.5810512429858693,0.5886688571113852,-0.011229989886205674,4.198533281360875,7071.216439,31165,8147593,,,,,ok,,,/home/29d_kon@lab.graphicon.ru/ssd1_link/projects/REPROJECTING/outputs/MeshMamba_reference_batch_20260601/rgb_texture/baseline_cone/Statue_v1_L2_David/recenter_rotx90p0_horizontaltovertical_blender_rig/Statue_v1_L2_David_report.json,/home/29d_kon@lab.graphicon.ru/ssd1_link/projects/REPROJECTING/outputs/MeshMamba_reference_batch_20260601/_logs/rgb_texture/cone/Statue_v1_L2_David.log,Statue_v1_L2_David.csv,32868,36,36,24461,510,horizontal_to_vertical,json_camera_static.fov_degrees,60.000001669652114,35.98339890412515,0.4533972237155429,0.6495106787295506,0.4236147276385247,0.058480606116285264,0.18611032053440613,0.3107838436623989,0.7736338878731632,0.8861600145885008,0.9147903026120653,0.9108132200676468,1.2736957734572554,1.531961811832589,1.6316141562466793,13404624.468292806,7071.216439,,,0.8666039818486571,21198,24461,32868
rgb_texture,Statue_v1_L2_Venus,ok,,,/home/29d_kon@lab.graphicon.ru/ssd1_link/projects/REPROJECTING/outputs/MeshMamba_reference_batch_20260601/rgb_texture/baseline_screen_space/Statue_v1_L2_Venus/sigma0p05_recenter_rotx90p0_horizontaltovertical_blender_rig/Statue_v1_L2_Venus_report.json,/home/29d_kon@lab.graphicon.ru/ssd1_link/projects/REPROJECTING/outputs/MeshMamba_reference_batch_20260601/_logs/rgb_texture/screen_space/Statue_v1_L2_Venus.log,Statue_v1_L2_Venus.csv,32868,35,35,18440,510,horizontal_to_vertical,json_camera_static.fov_degrees,60.000001669652114,35.98339890412515,0.3553406101067263,0.543580542902771,0.8778257646578668,0.08924695196758747,0.2514586115127277,0.5080421944482296,0.6476823139277198,0.7132109103119344,0.7020577568225328,0.851092647205397,0.5307025379445676,0.5481901472446471,1.0501400490231572,4.125526794847305,5311.9028530000005,31067,8555949,,,,,ok,,,/home/29d_kon@lab.graphicon.ru/ssd1_link/projects/REPROJECTING/outputs/MeshMamba_reference_batch_20260601/rgb_texture/baseline_cone/Statue_v1_L2_Venus/recenter_rotx90p0_horizontaltovertical_blender_rig/Statue_v1_L2_Venus_report.json,/home/29d_kon@lab.graphicon.ru/ssd1_link/projects/REPROJECTING/outputs/MeshMamba_reference_batch_20260601/_logs/rgb_texture/cone/Statue_v1_L2_Venus.log,Statue_v1_L2_Venus.csv,32868,35,35,18440,510,horizontal_to_vertical,json_camera_static.fov_degrees,60.000001669652114,35.98339890412515,0.6870471892311246,0.6338170159024779,0.4480634559188804,0.03700383620647221,0.14786359386837675,0.6307281285629663,0.8033431375251849,0.9463553518651489,0.9523434446364486,0.9427109259863147,1.8242032826151662,2.008762828393935,2.0014986625538693,11210078.26402465,5311.9028530000005,,,0.9353579175704989,17248,18440,32868
rgb_texture,Statue_v1_L3_eagle,ok,,,/home/29d_kon@lab.graphicon.ru/ssd1_link/projects/REPROJECTING/outputs/MeshMamba_reference_batch_20260601/rgb_texture/baseline_screen_space/Statue_v1_L3_eagle/sigma0p05_recenter_rotx90p0_horizontaltovertical_blender_rig/Statue_v1_L3_eagle_report.json,/home/29d_kon@lab.graphicon.ru/ssd1_link/projects/REPROJECTING/outputs/MeshMamba_reference_batch_20260601/_logs/rgb_texture/screen_space/Statue_v1_L3_eagle.log,Statue_v1_l3_eagle.csv,32868,35,35,20304,510,horizontal_to_vertical,json_camera_static.fov_degrees,60.000001669652114,35.98339890412515,0.41365874812631165,0.6494489613343453,0.6261175538980501,0.1489587108458813,0.33574943496643145,0.4379954900519535,0.7480438404908931,0.7370010383435942,0.7324393749614277,0.6472217440077285,0.7568487951342566,0.7897493260986663,0.5333937714928358,3.4472750692702427,5278.377661,31496,7703484,,,,,ok,,,/home/29d_kon@lab.graphicon.ru/ssd1_link/projects/REPROJECTING/outputs/MeshMamba_reference_batch_20260601/rgb_texture/baseline_cone/Statue_v1_L3_eagle/recenter_rotx90p0_horizontaltovertical_blender_rig/Statue_v1_L3_eagle_report.json,/home/29d_kon@lab.graphicon.ru/ssd1_link/projects/REPROJECTING/outputs/MeshMamba_reference_batch_20260601/_logs/rgb_texture/cone/Statue_v1_L3_eagle.log,Statue_v1_l3_eagle.csv,32868,35,35,20304,510,horizontal_to_vertical,json_camera_static.fov_degrees,60.000001669652114,35.98339890412515,0.3919596332811571,0.6167217227531571,0.4754113153969606,0.03628661729765704,0.13754988646576072,0.5196920515956466,0.70318755308237,0.7404040430946582,0.7511580924867203,0.8090726480106034,0.40604222151205493,0.3535178630911998,0.5580327756692511,5906269.709935751,5278.377661,,,0.9168144208037825,18615,20304,32790
rgb_texture,Statue_willendorf_V1_L3,ok,,,/home/29d_kon@lab.graphicon.ru/ssd1_link/projects/REPROJECTING/outputs/MeshMamba_reference_batch_20260601/rgb_texture/baseline_screen_space/Statue_willendorf_V1_L3/sigma0p05_recenter_rotx90p0_horizontaltovertical_blender_rig/Statue_willendorf_V1_L3_report.json,/home/29d_kon@lab.graphicon.ru/ssd1_link/projects/REPROJECTING/outputs/MeshMamba_reference_batch_20260601/_logs/rgb_texture/screen_space/Statue_willendorf_V1_L3.log,Statue_willendorf_V1_L3.csv,32868,38,38,25583,510,horizontal_to_vertical,json_camera_static.fov_degrees,60.000001669652114,35.98339890412515,-0.041677836801100765,0.6179296882297012,1.1283615830971094,0.10298828730942297,0.2733837492838261,-0.04385614245194825,0.6699788144283004,0.38159260788960325,0.3667260406400218,0.2249756219588166,-0.21214114278476756,-0.2060489574956751,-0.6291029181287461,3.1989572154174475,6940.340125999999,32235,9014069,,,,,ok,,,/home/29d_kon@lab.graphicon.ru/ssd1_link/projects/REPROJECTING/outputs/MeshMamba_reference_batch_20260601/rgb_texture/baseline_cone/Statue_willendorf_V1_L3/recenter_rotx90p0_horizontaltovertical_blender_rig/Statue_willendorf_V1_L3_report.json,/home/29d_kon@lab.graphicon.ru/ssd1_link/projects/REPROJECTING/outputs/MeshMamba_reference_batch_20260601/_logs/rgb_texture/cone/Statue_willendorf_V1_L3.log,Statue_willendorf_V1_L3.csv,32868,38,38,25583,510,horizontal_to_vertical,json_camera_static.fov_degrees,60.000001669652114,35.98339890412515,0.0320555013752843,0.5799897262487259,0.7906192142808641,0.07718083045488894,0.21236089585713303,-0.007708756602778573,0.6198147338176954,0.4611058607652008,0.4776570213473571,0.31301180692124325,0.023015997446657475,0.08214369010677468,-0.5126846204166011,5472736.177464642,6940.340125999999,,,0.9631786733377634,24641,25583,32868
rgb_texture,Stone_Chess_Bishop_Side_A_v2_L1,ok,,,/home/29d_kon@lab.graphicon.ru/ssd1_link/projects/REPROJECTING/outputs/MeshMamba_reference_batch_20260601/rgb_texture/baseline_screen_space/Stone_Chess_Bishop_Side_A_v2_L1/sigma0p05_recenter_rotx90p0_horizontaltovertical_blender_rig/Stone_Chess_Bishop_Side_A_v2_L1_report.json,/home/29d_kon@lab.graphicon.ru/ssd1_link/projects/REPROJECTING/outputs/MeshMamba_reference_batch_20260601/_logs/rgb_texture/screen_space/Stone_Chess_Bishop_Side_A_v2_L1.log,Stone_Chess_Bishop_V2_l1.csv,32868,36,36,21288,510,horizontal_to_vertical,json_camera_static.fov_degrees,60.000001669652114,35.98339890412515,0.5817486931448406,0.7123706402249381,0.7116359111043774,0.05843566632427439,0.20547296274133833,0.5794453333871936,0.7983399869482748,0.8876077470072916,0.9428174947152137,0.9409601160393826,1.3344654226795678,1.7388460546925808,2.047297249060704,4.328840972980401,3938.411239,30984,8548423,,,,,ok,,,/home/29d_kon@lab.graphicon.ru/ssd1_link/projects/REPROJECTING/outputs/MeshMamba_reference_batch_20260601/rgb_texture/baseline_cone/Stone_Chess_Bishop_Side_A_v2_L1/recenter_rotx90p0_horizontaltovertical_blender_rig/Stone_Chess_Bishop_Side_A_v2_L1_report.json,/home/29d_kon@lab.graphicon.ru/ssd1_link/projects/REPROJECTING/outputs/MeshMamba_reference_batch_20260601/_logs/rgb_texture/cone/Stone_Chess_Bishop_Side_A_v2_L1.log,Stone_Chess_Bishop_V2_l1.csv,32868,36,36,21288,510,horizontal_to_vertical,json_camera_static.fov_degrees,60.000001669652114,35.98339890412515,0.6124050935598544,0.7209162439437067,0.33084587444850244,0.033179645917621764,0.12471246618448704,0.6832046512213492,0.8013832869043203,0.9062563407778658,0.8742059865827834,0.911390409133543,1.5398611908342377,1.2630077544833993,1.60883035082807,9237851.93242746,3938.411239,,,0.9494081172491544,20211,21288,32771
rgb_texture,Stone_Chess_Knight_Side_A_v2_L1,ok,,,/home/29d_kon@lab.graphicon.ru/ssd1_link/projects/REPROJECTING/outputs/MeshMamba_reference_batch_20260601/rgb_texture/baseline_screen_space/Stone_Chess_Knight_Side_A_v2_L1/sigma0p05_recenter_rotx90p0_horizontaltovertical_blender_rig/Stone_Chess_Knight_Side_A_v2_L1_report.json,/home/29d_kon@lab.graphicon.ru/ssd1_link/projects/REPROJECTING/outputs/MeshMamba_reference_batch_20260601/_logs/rgb_texture/screen_space/Stone_Chess_Knight_Side_A_v2_L1.log,Stone_Chess_Knight_Side_A_v2_l1.csv,32868,35,35,23270,510,horizontal_to_vertical,json_camera_static.fov_degrees,60.000001669652114,35.98339890412515,-0.012764941706832456,0.6376203236478831,1.508272310459966,0.06205980561386139,0.20154864790476146,0.011156015488273455,0.6950250348750081,0.4289332790320117,0.43103617927877547,0.47224354856472917,-0.20055441837148671,-0.21959933770961887,0.004862944406442034,3.545930796397231,7722.510323,31265,8828065,,,,,ok,,,/home/29d_kon@lab.graphicon.ru/ssd1_link/projects/REPROJECTING/outputs/MeshMamba_reference_batch_20260601/rgb_texture/baseline_cone/Stone_Chess_Knight_Side_A_v2_L1/recenter_rotx90p0_horizontaltovertical_blender_rig/Stone_Chess_Knight_Side_A_v2_L1_report.json,/home/29d_kon@lab.graphicon.ru/ssd1_link/projects/REPROJECTING/outputs/MeshMamba_reference_batch_20260601/_logs/rgb_texture/cone/Stone_Chess_Knight_Side_A_v2_L1.log,Stone_Chess_Knight_Side_A_v2_l1.csv,32868,35,35,23270,510,horizontal_to_vertical,json_camera_static.fov_degrees,60.000001669652114,35.98339890412515,-0.1098475659356304,0.5828857681088275,0.7006754064375162,0.06640376020198126,0.18898359372317153,-0.0933622217325194,0.5928981221053267,0.3414871534998389,0.3093901717469811,0.2887808886992845,-0.43655779937342465,-0.5373230246891844,-0.6161469267845394,5624613.161618312,7722.510323,,,0.9266007735281478,21562,23270,32868
rgb_texture,TomatoBeefSteak_V1_L3,ok,,,/home/29d_kon@lab.graphicon.ru/ssd1_link/projects/REPROJECTING/outputs/MeshMamba_reference_batch_20260601/rgb_texture/baseline_screen_space/TomatoBeefSteak_V1_L3/sigma0p05_recenter_rotx90p0_horizontaltovertical_blender_rig/TomatoBeefSteak_V1_L3_report.json,/home/29d_kon@lab.graphicon.ru/ssd1_link/projects/REPROJECTING/outputs/MeshMamba_reference_batch_20260601/_logs/rgb_texture/screen_space/TomatoBeefSteak_V1_L3.log,TomatoBeefSteak_v1.csv,32868,36,36,20020,510,horizontal_to_vertical,json_camera_static.fov_degrees,60.000001669652114,35.98339890412515,0.4180169158553042,0.6255144085119173,1.3430022389290004,0.07816279353650628,0.18780303051863093,0.5666579424414735,0.6854355327510336,0.683011933212172,0.6719889926521055,0.563074135680625,0.5017839170649167,0.48091504213329345,-0.036729112901435115,3.014618484210799,4836.8679329999995,28246,8833205,,,,,ok,,,/home/29d_kon@lab.graphicon.ru/ssd1_link/projects/REPROJECTING/outputs/MeshMamba_reference_batch_20260601/rgb_texture/baseline_cone/TomatoBeefSteak_V1_L3/recenter_rotx90p0_horizontaltovertical_blender_rig/TomatoBeefSteak_V1_L3_report.json,/home/29d_kon@lab.graphicon.ru/ssd1_link/projects/REPROJECTING/outputs/MeshMamba_reference_batch_20260601/_logs/rgb_texture/cone/TomatoBeefSteak_V1_L3.log,TomatoBeefSteak_v1.csv,32868,36,36,20020,510,horizontal_to_vertical,json_camera_static.fov_degrees,60.000001669652114,35.98339890412515,0.48072828526544253,0.6420195750766731,0.9648782911547295,0.03433832364326944,0.11488552216149159,0.6630344784269137,0.7054052020091617,0.7124534905920121,0.6357265010912436,0.44377011789733545,0.557112794961377,0.31674876268818214,-0.4819906056333605,3527134.6978375707,4836.8679329999995,,,0.9383616383616383,18786,20020,27886
rgb_texture,Tricorn_Hat_v1_L2,ok,,,/home/29d_kon@lab.graphicon.ru/ssd1_link/projects/REPROJECTING/outputs/MeshMamba_reference_batch_20260601/rgb_texture/baseline_screen_space/Tricorn_Hat_v1_L2/sigma0p05_recenter_rotx90p0_horizontaltovertical_blender_rig/Tricorn_Hat_v1_L2_report.json,/home/29d_kon@lab.graphicon.ru/ssd1_link/projects/REPROJECTING/outputs/MeshMamba_reference_batch_20260601/_logs/rgb_texture/screen_space/Tricorn_Hat_v1_L2.log,Tricorn_Hat_v1_l2.csv,32868,35,35,24101,510,horizontal_to_vertical,json_camera_static.fov_degrees,60.000001669652114,35.98339890412515,-0.01583103687024981,0.4642442630935429,4.754765440359745,0.127789266687355,0.2942504246655071,0.01238502196017985,0.47253081307200245,0.5086748551905049,0.4693223399337836,0.5867269774283487,-0.03867777421016438,-0.22233822587751717,-0.1805276206205125,2.578129511925138,3896.454268,28682,8422688,,,,,ok,,,/home/29d_kon@lab.graphicon.ru/ssd1_link/projects/REPROJECTING/outputs/MeshMamba_reference_batch_20260601/rgb_texture/baseline_cone/Tricorn_Hat_v1_L2/recenter_rotx90p0_horizontaltovertical_blender_rig/Tricorn_Hat_v1_L2_report.json,/home/29d_kon@lab.graphicon.ru/ssd1_link/projects/REPROJECTING/outputs/MeshMamba_reference_batch_20260601/_logs/rgb_texture/cone/Tricorn_Hat_v1_L2.log,Tricorn_Hat_v1_l2.csv,32868,35,35,24101,510,horizontal_to_vertical,json_camera_static.fov_degrees,60.000001669652114,35.98339890412515,-0.1080248977331955,0.44510584210236126,0.9448483937663859,0.10379666182006256,0.2575661354734209,-0.19184639191405065,0.4729021177736146,0.49223623189417853,0.545964617257422,0.6761093608408746,-0.15406835946110786,-0.045307742579457216,0.25250663987261307,3381113.988125652,3896.454268,,,0.906144973237625,21839,24101,32868
rgb_texture,UFO_v1_L2,ok,,,/home/29d_kon@lab.graphicon.ru/ssd1_link/projects/REPROJECTING/outputs/MeshMamba_reference_batch_20260601/rgb_texture/baseline_screen_space/UFO_v1_L2/sigma0p05_recenter_rotx90p0_horizontaltovertical_blender_rig/UFO_v1_L2_report.json,/home/29d_kon@lab.graphicon.ru/ssd1_link/projects/REPROJECTING/outputs/MeshMamba_reference_batch_20260601/_logs/rgb_texture/screen_space/UFO_v1_L2.log,UFO_V1_l2.csv,32868,37,37,23075,510,horizontal_to_vertical,json_camera_static.fov_degrees,60.000001669652114,35.98339890412515,-0.034864690728958946,0.4863240299415827,5.435247525669768,0.12305876928398901,0.27412895387217967,0.00911276461520195,0.5237066067970675,0.4538621489321905,0.4756745933784792,0.5250443447288085,-0.19655878470458632,-0.12824725418271457,0.02928655485108222,3.475250230785128,6430.99971,22258,9285393,,,,,ok,,,/home/29d_kon@lab.graphicon.ru/ssd1_link/projects/REPROJECTING/outputs/MeshMamba_reference_batch_20260601/rgb_texture/baseline_cone/UFO_v1_L2/recenter_rotx90p0_horizontaltovertical_blender_rig/UFO_v1_L2_report.json,/home/29d_kon@lab.graphicon.ru/ssd1_link/projects/REPROJECTING/outputs/MeshMamba_reference_batch_20260601/_logs/rgb_texture/cone/UFO_v1_L2.log,UFO_V1_l2.csv,32868,37,37,23075,510,horizontal_to_vertical,json_camera_static.fov_degrees,60.000001669652114,35.98339890412515,0.40263866082341104,0.6239624551494021,1.0863426550838395,0.04079139025437412,0.14538693612749137,0.3280588754022343,0.7136250497927883,0.7901382956916768,0.8559492105704453,0.9417829303923437,0.9594669623519554,1.4074393598378991,2.0828306827241962,6500542.864067869,6430.99971,,,0.9384182015167931,21654,23075,31098
rgb_texture,Volto_Mask_v1_L2,ok,,,/home/29d_kon@lab.graphicon.ru/ssd1_link/projects/REPROJECTING/outputs/MeshMamba_reference_batch_20260601/rgb_texture/baseline_screen_space/Volto_Mask_v1_L2/sigma0p05_recenter_rotx90p0_horizontaltovertical_blender_rig/Volto_Mask_v1_L2_report.json,/home/29d_kon@lab.graphicon.ru/ssd1_link/projects/REPROJECTING/outputs/MeshMamba_reference_batch_20260601/_logs/rgb_texture/screen_space/Volto_Mask_v1_L2.log,Volto_Mask_L2.csv,32868,35,35,25408,510,horizontal_to_vertical,json_camera_static.fov_degrees,60.000001669652114,35.98339890412515,0.10058377394488001,0.6967908385843498,0.7592009065079849,0.04574443162677566,0.16606876878871513,0.05936813471397283,0.7747598742933889,0.5883834023531188,0.6173797231900349,0.7223989150825884,0.3195533571124782,0.45219709826503174,0.9189824150144098,3.4390875442928417,9545.420637,32254,8461952,,,,,ok,,,/home/29d_kon@lab.graphicon.ru/ssd1_link/projects/REPROJECTING/outputs/MeshMamba_reference_batch_20260601/rgb_texture/baseline_cone/Volto_Mask_v1_L2/recenter_rotx90p0_horizontaltovertical_blender_rig/Volto_Mask_v1_L2_report.json,/home/29d_kon@lab.graphicon.ru/ssd1_link/projects/REPROJECTING/outputs/MeshMamba_reference_batch_20260601/_logs/rgb_texture/cone/Volto_Mask_v1_L2.log,Volto_Mask_L2.csv,32868,35,35,25408,510,horizontal_to_vertical,json_camera_static.fov_degrees,60.000001669652114,35.98339890412515,0.13056061919828169,0.6322850192346534,0.5833580041332702,0.06397989342423535,0.20063095211861792,0.005919117609693871,0.7121338433649262,0.6049185466291516,0.6730991036123564,0.7463918210469158,0.45121198594547596,0.7144625153715737,0.8714887359474246,7628675.979245085,9545.420637,,,0.8892474811083123,22594,25408,32868
rgb_texture,WWII_Plane-Germany_Focke-Wulf_Fw_190_v1,ok,,,/home/29d_kon@lab.graphicon.ru/ssd1_link/projects/REPROJECTING/outputs/MeshMamba_reference_batch_20260601/rgb_texture/baseline_screen_space/WWII_Plane-Germany_Focke-Wulf_Fw_190_v1/sigma0p05_recenter_rotx90p0_horizontaltovertical_blender_rig/WWII_Plane-Germany_Focke-Wulf_Fw_190_v1_report.json,/home/29d_kon@lab.graphicon.ru/ssd1_link/projects/REPROJECTING/outputs/MeshMamba_reference_batch_20260601/_logs/rgb_texture/screen_space/WWII_Plane-Germany_Focke-Wulf_Fw_190_v1.log,WWII_Plane-Germany_Focke-Wulf_FW_190_v1_l3.csv,32868,35,35,23014,510,horizontal_to_vertical,json_camera_static.fov_degrees,60.000001669652114,35.98339890412515,0.08470413045471253,0.5829201501716446,3.59360570582282,0.11066711900980555,0.2645079250361129,0.09664911289318172,0.6578202710984421,0.5435790526415962,0.5667579465044356,0.5186509412927073,0.135530164464845,0.17152459149858093,0.0003343343776376553,4.281120786144227,8263.411691000001,25766,8800724,,,,,ok,,,/home/29d_kon@lab.graphicon.ru/ssd1_link/projects/REPROJECTING/outputs/MeshMamba_reference_batch_20260601/rgb_texture/baseline_cone/WWII_Plane-Germany_Focke-Wulf_Fw_190_v1/recenter_rotx90p0_horizontaltovertical_blender_rig/WWII_Plane-Germany_Focke-Wulf_Fw_190_v1_report.json,/home/29d_kon@lab.graphicon.ru/ssd1_link/projects/REPROJECTING/outputs/MeshMamba_reference_batch_20260601/_logs/rgb_texture/cone/WWII_Plane-Germany_Focke-Wulf_Fw_190_v1.log,WWII_Plane-Germany_Focke-Wulf_FW_190_v1_l3.csv,32868,35,35,23014,510,horizontal_to_vertical,json_camera_static.fov_degrees,60.000001669652114,35.98339890412515,0.38627015924642005,0.6700061264349144,0.4427377025783342,0.05230148317757546,0.18340500887649833,0.37305541035923145,0.7768519049487669,0.68429090561434,0.7892168717462954,0.8873937667130516,0.6572414539507897,1.085765779641427,1.4636200931935655,10850597.406679023,8263.411691000001,,,0.8666463891544277,19945,23014,32868
rgb_texture,Watermelon_V1_L3,ok,,,/home/29d_kon@lab.graphicon.ru/ssd1_link/projects/REPROJECTING/outputs/MeshMamba_reference_batch_20260601/rgb_texture/baseline_screen_space/Watermelon_V1_L3/sigma0p05_recenter_rotx90p0_horizontaltovertical_blender_rig/Watermelon_V1_L3_report.json,/home/29d_kon@lab.graphicon.ru/ssd1_link/projects/REPROJECTING/outputs/MeshMamba_reference_batch_20260601/_logs/rgb_texture/screen_space/Watermelon_V1_L3.log,Watermelon_v1-L3.csv,32868,35,35,23385,510,horizontal_to_vertical,json_camera_static.fov_degrees,60.000001669652114,35.98339890412515,0.709924493234693,0.5130252040800477,1.123385882865747,0.04374802446281253,0.16319784232557752,0.3956068786820432,0.7583114843743234,0.964461684909509,0.9527870643363113,0.961583625952341,1.8763587174497958,2.0608951353024723,2.2183500933216274,1.595160256175725,4469.440124,29066,9911584,,,,,ok,,,/home/29d_kon@lab.graphicon.ru/ssd1_link/projects/REPROJECTING/outputs/MeshMamba_reference_batch_20260601/rgb_texture/baseline_cone/Watermelon_V1_L3/recenter_rotx90p0_horizontaltovertical_blender_rig/Watermelon_V1_L3_report.json,/home/29d_kon@lab.graphicon.ru/ssd1_link/projects/REPROJECTING/outputs/MeshMamba_reference_batch_20260601/_logs/rgb_texture/cone/Watermelon_V1_L3.log,Watermelon_v1-L3.csv,32868,35,35,23385,510,horizontal_to_vertical,json_camera_static.fov_degrees,60.000001669652114,35.98339890412515,0.9624763556461677,0.821233717052956,0.8943955182593291,0.005903936314232717,0.051837390995647915,0.40167900215695057,0.970325828297729,0.9908851438703054,0.9693950427583,0.9565381957830168,2.630122016093856,2.6690903831983586,2.712604434708527,5286795.8275544485,4469.440124,,,0.9760102629890955,22824,23385,27669
rgb_texture,Whale_v4_L3,ok,,,/home/29d_kon@lab.graphicon.ru/ssd1_link/projects/REPROJECTING/outputs/MeshMamba_reference_batch_20260601/rgb_texture/baseline_screen_space/Whale_v4_L3/sigma0p05_recenter_rotx90p0_horizontaltovertical_blender_rig/Whale_v4_L3_report.json,/home/29d_kon@lab.graphicon.ru/ssd1_link/projects/REPROJECTING/outputs/MeshMamba_reference_batch_20260601/_logs/rgb_texture/screen_space/Whale_v4_L3.log,Whale_v2_L3.csv,32868,35,35,25007,510,horizontal_to_vertical,json_camera_static.fov_degrees,60.000001669652114,35.98339890412515,0.06266462635016248,0.610604747129213,2.1215245243545597,0.08541261315567583,0.23261200052116401,0.15747123344184386,0.6671798722978776,0.47048060361803823,0.3245725260935346,0.3817621799830383,-0.1275433461220246,-0.5339468180614614,-0.3392505850432599,3.9883340436984254,7369.718583,28958,8818634,,,,,ok,,,/home/29d_kon@lab.graphicon.ru/ssd1_link/projects/REPROJECTING/outputs/MeshMamba_reference_batch_20260601/rgb_texture/baseline_cone/Whale_v4_L3/recenter_rotx90p0_horizontaltovertical_blender_rig/Whale_v4_L3_report.json,/home/29d_kon@lab.graphicon.ru/ssd1_link/projects/REPROJECTING/outputs/MeshMamba_reference_batch_20260601/_logs/rgb_texture/cone/Whale_v4_L3.log,Whale_v2_L3.csv,32868,35,35,25007,510,horizontal_to_vertical,json_camera_static.fov_degrees,60.000001669652114,35.98339890412515,0.3595216311429992,0.6426983833592081,0.43992270391815,0.044462854865578674,0.15045073127012917,0.5156352747113139,0.716245737527597,0.7664947077963353,0.7369625153431792,0.7564772635241265,0.3889714452358143,0.19270563347997982,0.22370193692306248,9936750.581988787,7369.718583,,,0.8372455712400528,20937,25007,32868
rgb_texture,White-TailedDeer_V1_L2,ok,,,/home/29d_kon@lab.graphicon.ru/ssd1_link/projects/REPROJECTING/outputs/MeshMamba_reference_batch_20260601/rgb_texture/baseline_screen_space/White-TailedDeer_V1_L2/sigma0p05_recenter_rotx90p0_horizontaltovertical_blender_rig/White-TailedDeer_V1_L2_report.json,/home/29d_kon@lab.graphicon.ru/ssd1_link/projects/REPROJECTING/outputs/MeshMamba_reference_batch_20260601/_logs/rgb_texture/screen_space/White-TailedDeer_V1_L2.log,White-Tailed_Deer_v1_l2.csv,32868,36,36,22799,510,horizontal_to_vertical,json_camera_static.fov_degrees,60.000001669652114,35.98339890412515,-0.2972972173129437,0.37321348760891093,2.4945310841320527,0.11049475967041479,0.26302325681172845,-0.365534247363008,0.3642670151658716,0.2595347892413242,0.2556152217428355,0.20322940038005363,-0.6777358801359532,-0.7266943500941486,-0.8041542676467824,2.646583163327239,6713.039653999999,30622,8978144,,,,,ok,,,/home/29d_kon@lab.graphicon.ru/ssd1_link/projects/REPROJECTING/outputs/MeshMamba_reference_batch_20260601/rgb_texture/baseline_cone/White-TailedDeer_V1_L2/recenter_rotx90p0_horizontaltovertical_blender_rig/White-TailedDeer_V1_L2_report.json,/home/29d_kon@lab.graphicon.ru/ssd1_link/projects/REPROJECTING/outputs/MeshMamba_reference_batch_20260601/_logs/rgb_texture/cone/White-TailedDeer_V1_L2.log,White-Tailed_Deer_v1_l2.csv,32868,36,36,22799,510,horizontal_to_vertical,json_camera_static.fov_degrees,60.000001669652114,35.98339890412515,-0.10479807803237534,0.3372372898477315,1.4970871719375896,0.10294675606159469,0.22309485843110963,-0.06689692483029226,0.30590384903290535,0.47120110162062995,0.42816057996749646,0.41694792062010977,-0.4199687470097953,-0.47115722485547623,-0.48682316627971833,6794087.300086845,6713.039653999999,,,0.8127110838194658,18529,22799,32868
rgb_texture,Wicker_Basket_v1_L3,ok,,,/home/29d_kon@lab.graphicon.ru/ssd1_link/projects/REPROJECTING/outputs/MeshMamba_reference_batch_20260601/rgb_texture/baseline_screen_space/Wicker_Basket_v1_L3/sigma0p05_recenter_rotx90p0_horizontaltovertical_blender_rig/Wicker_Basket_v1_L3_report.json,/home/29d_kon@lab.graphicon.ru/ssd1_link/projects/REPROJECTING/outputs/MeshMamba_reference_batch_20260601/_logs/rgb_texture/screen_space/Wicker_Basket_v1_L3.log,Wicker_Basket_v1_L3.csv,32868,38,38,29366,510,horizontal_to_vertical,json_camera_static.fov_degrees,60.000001669652114,35.98339890412515,-0.0027235683934279387,0.560955873427791,1.1648053001228007,0.091048776311864,0.24750642187962896,-0.006137105996781273,0.6288369962280584,0.5299746956650315,0.5161247345139088,0.4349142030265108,0.06765515383075892,0.04221143432865248,-0.21174396214940777,2.5300600859960083,6582.309533,31357,8487836,,,,,ok,,,/home/29d_kon@lab.graphicon.ru/ssd1_link/projects/REPROJECTING/outputs/MeshMamba_reference_batch_20260601/rgb_texture/baseline_cone/Wicker_Basket_v1_L3/recenter_rotx90p0_horizontaltovertical_blender_rig/Wicker_Basket_v1_L3_report.json,/home/29d_kon@lab.graphicon.ru/ssd1_link/projects/REPROJECTING/outputs/MeshMamba_reference_batch_20260601/_logs/rgb_texture/cone/Wicker_Basket_v1_L3.log,Wicker_Basket_v1_L3.csv,32868,38,38,29366,510,horizontal_to_vertical,json_camera_static.fov_degrees,60.000001669652114,35.98339890412515,0.09316430404001885,0.5813189886917692,0.5773819465395774,0.09374740871675427,0.24823120477344107,0.05458471397414473,0.6642626060699214,0.6861841772299203,0.7283965660889714,0.7547506471308547,0.44655911854969915,0.5393727315145395,0.5805645914362083,5685629.583687695,6582.309533,,,0.9003269086698904,26439,29366,32868
rgb_texture,ball_car_v1_L3,ok,,,/home/29d_kon@lab.graphicon.ru/ssd1_link/projects/REPROJECTING/outputs/MeshMamba_reference_batch_20260601/rgb_texture/baseline_screen_space/ball_car_v1_L3/sigma0p05_recenter_rotx90p0_horizontaltovertical_blender_rig/ball_car_v1_L3_report.json,/home/29d_kon@lab.graphicon.ru/ssd1_link/projects/REPROJECTING/outputs/MeshMamba_reference_batch_20260601/_logs/rgb_texture/screen_space/ball_car_v1_L3.log,ball_car_v1_L3.csv,32868,36,36,21757,510,horizontal_to_vertical,json_camera_static.fov_degrees,60.000001669652114,35.98339890412515,0.06416002536400259,0.5339311882214093,4.220634255320146,0.06802461076455428,0.20236811537281063,0.0071663961164850154,0.5871481551784943,0.5309251316328644,0.5931572732747223,0.7438787740425774,0.1380109579935334,0.32599584910761115,0.7120057075349941,1.0349710859846408,4155.974491,28134,10341402,,,,,ok,,,/home/29d_kon@lab.graphicon.ru/ssd1_link/projects/REPROJECTING/outputs/MeshMamba_reference_batch_20260601/rgb_texture/baseline_cone/ball_car_v1_L3/recenter_rotx90p0_horizontaltovertical_blender_rig/ball_car_v1_L3_report.json,/home/29d_kon@lab.graphicon.ru/ssd1_link/projects/REPROJECTING/outputs/MeshMamba_reference_batch_20260601/_logs/rgb_texture/cone/ball_car_v1_L3.log,ball_car_v1_L3.csv,32868,36,36,21757,510,horizontal_to_vertical,json_camera_static.fov_degrees,60.000001669652114,35.98339890412515,0.06098269335709012,0.39614774650621687,4.780969593607733,0.028190861785689424,0.1178004987322009,-0.06287561953012295,0.366646970424824,0.49453136914870865,0.5540049126225819,0.6775585453639874,0.16032074673182378,0.3470250315723869,0.7510570736550799,1245142.7310974863,4155.974491,,,0.964057544698258,20975,21757,28433
rgb_texture,barbiegirl_V1_L3,ok,,,/home/29d_kon@lab.graphicon.ru/ssd1_link/projects/REPROJECTING/outputs/MeshMamba_reference_batch_20260601/rgb_texture/baseline_screen_space/barbiegirl_V1_L3/sigma0p05_recenter_rotx90p0_horizontaltovertical_blender_rig/barbiegirl_V1_L3_report.json,/home/29d_kon@lab.graphicon.ru/ssd1_link/projects/REPROJECTING/outputs/MeshMamba_reference_batch_20260601/_logs/rgb_texture/screen_space/barbiegirl_V1_L3.log,barbiedoll_v1_L3.csv,32868,35,35,24564,510,horizontal_to_vertical,json_camera_static.fov_degrees,60.000001669652114,35.98339890412515,0.32225616564337245,0.6754529055758293,0.7911356913106907,0.0692238911367811,0.21765805230301996,0.38163303191461506,0.7797061366338881,0.7243719597884034,0.7141349485984018,0.7047940881043286,0.600869033510498,0.5979160050384037,0.5164244932757038,4.846769762042395,8041.550621,31252,8745304,,,,,ok,,,/home/29d_kon@lab.graphicon.ru/ssd1_link/projects/REPROJECTING/outputs/MeshMamba_reference_batch_20260601/rgb_texture/baseline_cone/barbiegirl_V1_L3/recenter_rotx90p0_horizontaltovertical_blender_rig/barbiegirl_V1_L3_report.json,/home/29d_kon@lab.graphicon.ru/ssd1_link/projects/REPROJECTING/outputs/MeshMamba_reference_batch_20260601/_logs/rgb_texture/cone/barbiegirl_V1_L3.log,barbiedoll_v1_L3.csv,32868,35,35,24564,510,horizontal_to_vertical,json_camera_static.fov_degrees,60.000001669652114,35.98339890412515,0.49532794514862344,0.7312830767562346,0.27574898338111786,0.05430495603106453,0.17429038082846005,0.6365797446072452,0.8094746873910886,0.6969818357595101,0.6292541964257329,0.6354418186602544,0.48009121867237997,-0.013632253863053823,-0.00031104524446248907,19491426.87756753,8041.550621,,,0.8458720078163166,20778,24564,32868
rgb_texture,cathedral_wood_radio_v2_L1,ok,,,/home/29d_kon@lab.graphicon.ru/ssd1_link/projects/REPROJECTING/outputs/MeshMamba_reference_batch_20260601/rgb_texture/baseline_screen_space/cathedral_wood_radio_v2_L1/sigma0p05_recenter_rotx90p0_horizontaltovertical_blender_rig/cathedral_wood_radio_v2_L1_report.json,/home/29d_kon@lab.graphicon.ru/ssd1_link/projects/REPROJECTING/outputs/MeshMamba_reference_batch_20260601/_logs/rgb_texture/screen_space/cathedral_wood_radio_v2_L1.log,cathedral_wood_radio_v2_NEW.csv,32868,35,35,24170,510,horizontal_to_vertical,json_camera_static.fov_degrees,60.000001669652114,35.98339890412515,0.09138005336290149,0.40681431704617504,2.5817478329237082,0.06411160087890726,0.19010524198915235,0.11232256726909344,0.45358963283075243,0.5323587690060839,0.6291385381542554,0.6869662881044968,0.14991608507165471,0.46470892288737475,0.5782997613530986,2.14816930531199,3505.498785,29927,8615026,,,,,ok,,,/home/29d_kon@lab.graphicon.ru/ssd1_link/projects/REPROJECTING/outputs/MeshMamba_reference_batch_20260601/rgb_texture/baseline_cone/cathedral_wood_radio_v2_L1/recenter_rotx90p0_horizontaltovertical_blender_rig/cathedral_wood_radio_v2_L1_report.json,/home/29d_kon@lab.graphicon.ru/ssd1_link/projects/REPROJECTING/outputs/MeshMamba_reference_batch_20260601/_logs/rgb_texture/cone/cathedral_wood_radio_v2_L1.log,cathedral_wood_radio_v2_NEW.csv,32868,35,35,24170,510,horizontal_to_vertical,json_camera_static.fov_degrees,60.000001669652114,35.98339890412515,0.17930918234628834,0.3587395207300361,1.6574272112247956,0.04081069443445337,0.12464503363573949,0.07363782483828775,0.4084642887558394,0.4466737168291666,0.5496348533756241,0.4992660198923321,0.3670224753027387,0.7681880582940265,0.5482185298898582,3584118.7007133327,3505.498785,,,0.9801406702523789,23690,24170,32434
rgb_texture,doll_v3_L3,ok,,,/home/29d_kon@lab.graphicon.ru/ssd1_link/projects/REPROJECTING/outputs/MeshMamba_reference_batch_20260601/rgb_texture/baseline_screen_space/doll_v3_L3/sigma0p05_recenter_rotx90p0_horizontaltovertical_blender_rig/doll_v3_L3_report.json,/home/29d_kon@lab.graphicon.ru/ssd1_link/projects/REPROJECTING/outputs/MeshMamba_reference_batch_20260601/_logs/rgb_texture/screen_space/doll_v3_L3.log,doll_v3_L3.csv,32868,36,36,26139,510,horizontal_to_vertical,json_camera_static.fov_degrees,60.000001669652114,35.98339890412515,0.504533119596293,0.5868055009780829,1.2549924948381395,0.05496996078627103,0.18672082039657648,0.4227220706979397,0.7202847055642153,0.8399338187987222,0.8072286750849212,0.7807109840882079,1.22396756281399,1.2017369660536932,1.125983735915091,3.7501693066279573,5301.94017,30101,8850267,,,,,ok,,,/home/29d_kon@lab.graphicon.ru/ssd1_link/projects/REPROJECTING/outputs/MeshMamba_reference_batch_20260601/rgb_texture/baseline_cone/doll_v3_L3/recenter_rotx90p0_horizontaltovertical_blender_rig/doll_v3_L3_report.json,/home/29d_kon@lab.graphicon.ru/ssd1_link/projects/REPROJECTING/outputs/MeshMamba_reference_batch_20260601/_logs/rgb_texture/cone/doll_v3_L3.log,doll_v3_L3.csv,32868,36,36,26139,510,horizontal_to_vertical,json_camera_static.fov_degrees,60.000001669652114,35.98339890412515,0.297618560878422,0.5567046309170071,0.6621473345918658,0.045388022670319654,0.13718188221285119,0.3727201333981552,0.619304805718987,0.7434852581095955,0.727403954347925,0.6792152900269969,0.7858394045029836,0.8193991776831919,0.33807800846810904,6960349.255561521,5301.94017,,,0.9294540724587781,24295,26139,32838
rgb_texture,dolphin_v1_L3,ok,,,/home/29d_kon@lab.graphicon.ru/ssd1_link/projects/REPROJECTING/outputs/MeshMamba_reference_batch_20260601/rgb_texture/baseline_screen_space/dolphin_v1_L3/sigma0p05_recenter_rotx90p0_horizontaltovertical_blender_rig/dolphin_v1_L3_report.json,/home/29d_kon@lab.graphicon.ru/ssd1_link/projects/REPROJECTING/outputs/MeshMamba_reference_batch_20260601/_logs/rgb_texture/screen_space/dolphin_v1_L3.log,dolphin_v2_max2011_it2.csv,32868,35,35,24225,510,horizontal_to_vertical,json_camera_static.fov_degrees,60.000001669652114,35.98339890412515,0.025594531909324023,0.6501898743639382,0.6917155123870151,0.05668921888806347,0.1835190473389247,-0.09338213645040618,0.6691036235460893,0.54068476024852,0.6495525152839572,0.8023775724449809,0.07240704704834368,0.4228569559477004,1.0293607900831965,2.9105374725245845,3794.8916879999997,32198,8865606,,,,,ok,,,/home/29d_kon@lab.graphicon.ru/ssd1_link/projects/REPROJECTING/outputs/MeshMamba_reference_batch_20260601/rgb_texture/baseline_cone/dolphin_v1_L3/recenter_rotx90p0_horizontaltovertical_blender_rig/dolphin_v1_L3_report.json,/home/29d_kon@lab.graphicon.ru/ssd1_link/projects/REPROJECTING/outputs/MeshMamba_reference_batch_20260601/_logs/rgb_texture/cone/dolphin_v1_L3.log,dolphin_v2_max2011_it2.csv,32868,35,35,24225,510,horizontal_to_vertical,json_camera_static.fov_degrees,60.000001669652114,35.98339890412515,0.006073460231495919,0.5901263756631857,0.6618781139004368,0.024678326689145456,0.09005157812591984,0.13932308988384048,0.48893687685668824,0.6781863933145899,0.7131481421739967,0.7478397445160734,0.18272274393644075,0.22360915867835515,0.13287381672896353,4907708.831898137,3794.8916879999997,,,0.8960577915376677,21707,24225,32868
rgb_texture,egypt_sphinx_V2_L3,ok,,,/home/29d_kon@lab.graphicon.ru/ssd1_link/projects/REPROJECTING/outputs/MeshMamba_reference_batch_20260601/rgb_texture/baseline_screen_space/egypt_sphinx_V2_L3/sigma0p05_recenter_rotx90p0_horizontaltovertical_blender_rig/egypt_sphinx_V2_L3_report.json,/home/29d_kon@lab.graphicon.ru/ssd1_link/projects/REPROJECTING/outputs/MeshMamba_reference_batch_20260601/_logs/rgb_texture/screen_space/egypt_sphinx_V2_L3.log,egypt_sphinx_iterations-2.csv,32868,36,36,26010,510,horizontal_to_vertical,json_camera_static.fov_degrees,60.000001669652114,35.98339890412515,0.1672271073805698,0.5953694441566987,2.238041732032146,0.08385665158458921,0.23359559755343512,0.21605490296640964,0.6651437828361089,0.604822390752778,0.4790999444871466,0.453070624345945,0.29434481888111447,-0.08087861219751721,-0.16261993014589507,4.460059930533309,6606.109107,27483,8643047,,,,,ok,,,/home/29d_kon@lab.graphicon.ru/ssd1_link/projects/REPROJECTING/outputs/MeshMamba_reference_batch_20260601/rgb_texture/baseline_cone/egypt_sphinx_V2_L3/recenter_rotx90p0_horizontaltovertical_blender_rig/egypt_sphinx_V2_L3_report.json,/home/29d_kon@lab.graphicon.ru/ssd1_link/projects/REPROJECTING/outputs/MeshMamba_reference_batch_20260601/_logs/rgb_texture/cone/egypt_sphinx_V2_L3.log,egypt_sphinx_iterations-2.csv,32868,36,36,26010,510,horizontal_to_vertical,json_camera_static.fov_degrees,60.000001669652114,35.98339890412515,0.49656174536738373,0.6203949563189332,0.5746206712032857,0.044385876406443876,0.1374936778341279,0.4428940190553975,0.7146961244714997,0.6702834282775124,0.5167292374603603,0.4080130264071237,0.9134218397995907,0.17703178855827809,-0.4703588321099015,14969974.84417278,6606.109107,,,0.9103421760861207,23678,26010,32864
rgb_texture,football_v2_L3,ok,,,/home/29d_kon@lab.graphicon.ru/ssd1_link/projects/REPROJECTING/outputs/MeshMamba_reference_batch_20260601/rgb_texture/baseline_screen_space/football_v2_L3/sigma0p05_recenter_rotx90p0_horizontaltovertical_blender_rig/football_v2_L3_report.json,/home/29d_kon@lab.graphicon.ru/ssd1_link/projects/REPROJECTING/outputs/MeshMamba_reference_batch_20260601/_logs/rgb_texture/screen_space/football_v2_L3.log,football_v2_L3.csv,32868,37,37,23576,510,horizontal_to_vertical,json_camera_static.fov_degrees,60.000001669652114,35.98339890412515,0.061723088382175634,0.5341995334132157,2.3375310983110995,0.09370869379108913,0.22559764204744617,0.119391456933394,0.5799187016649691,0.5094239958066803,0.5253777955911386,0.44667922925503195,-0.016319049313693792,0.04357587947699508,-0.2252229871860388,1.8329043139019214,5599.625503,29105,9868221,,,,,ok,,,/home/29d_kon@lab.graphicon.ru/ssd1_link/projects/REPROJECTING/outputs/MeshMamba_reference_batch_20260601/rgb_texture/baseline_cone/football_v2_L3/recenter_rotx90p0_horizontaltovertical_blender_rig/football_v2_L3_report.json,/home/29d_kon@lab.graphicon.ru/ssd1_link/projects/REPROJECTING/outputs/MeshMamba_reference_batch_20260601/_logs/rgb_texture/cone/football_v2_L3.log,football_v2_L3.csv,32868,37,37,23576,510,horizontal_to_vertical,json_camera_static.fov_degrees,60.000001669652114,35.98339890412515,0.0042547674210444905,0.4491786657516149,3.539625306172767,0.0437084555266217,0.14876423339087183,0.09256607222784449,0.43351995804237026,0.48837681712314474,0.4832569213400635,0.38741497110178097,-0.13895668811915296,-0.16056954259505743,-0.3522959363408953,2352792.324730285,5599.625503,,,0.9783678316932474,23066,23576,27388
rgb_texture,modern_tabletop_radio_v1_L1,ok,,,/home/29d_kon@lab.graphicon.ru/ssd1_link/projects/REPROJECTING/outputs/MeshMamba_reference_batch_20260601/rgb_texture/baseline_screen_space/modern_tabletop_radio_v1_L1/sigma0p05_recenter_rotx90p0_horizontaltovertical_blender_rig/modern_tabletop_radio_v1_L1_report.json,/home/29d_kon@lab.graphicon.ru/ssd1_link/projects/REPROJECTING/outputs/MeshMamba_reference_batch_20260601/_logs/rgb_texture/screen_space/modern_tabletop_radio_v1_L1.log,modern_tabletop_radio_v1_NEW.csv,32868,35,35,25456,510,horizontal_to_vertical,json_camera_static.fov_degrees,60.000001669652114,35.98339890412515,0.0496587914769906,0.3868511792540006,3.2186495523775513,0.095555959000015,0.2425690058399856,0.025335371304888856,0.4474359331665017,0.5522548694422879,0.5536616294440673,0.42935837294521767,0.1305760625898914,0.09561487247554609,-0.309830469277436,2.2853826594361477,4440.408199,29132,8591334,,,,,ok,,,/home/29d_kon@lab.graphicon.ru/ssd1_link/projects/REPROJECTING/outputs/MeshMamba_reference_batch_20260601/rgb_texture/baseline_cone/modern_tabletop_radio_v1_L1/recenter_rotx90p0_horizontaltovertical_blender_rig/modern_tabletop_radio_v1_L1_report.json,/home/29d_kon@lab.graphicon.ru/ssd1_link/projects/REPROJECTING/outputs/MeshMamba_reference_batch_20260601/_logs/rgb_texture/cone/modern_tabletop_radio_v1_L1.log,modern_tabletop_radio_v1_NEW.csv,32868,35,35,25456,510,horizontal_to_vertical,json_camera_static.fov_degrees,60.000001669652114,35.98339890412515,0.303176568591743,0.4398769127147346,1.699921528509695,0.05222656900140488,0.14696887415166798,0.09643064391124803,0.5263339738356955,0.739356170817636,0.8474581947070473,0.8956432547484986,0.8029896322916668,1.1105669004542702,1.3824790203777138,3848152.3601863347,4440.408199,,,0.9380499685732244,23879,25456,32500
rgb_texture,robot_v1_L3,ok,,,/home/29d_kon@lab.graphicon.ru/ssd1_link/projects/REPROJECTING/outputs/MeshMamba_reference_batch_20260601/rgb_texture/baseline_screen_space/robot_v1_L3/sigma0p05_recenter_rotx90p0_horizontaltovertical_blender_rig/robot_v1_L3_report.json,/home/29d_kon@lab.graphicon.ru/ssd1_link/projects/REPROJECTING/outputs/MeshMamba_reference_batch_20260601/_logs/rgb_texture/screen_space/robot_v1_L3.log,robot_v1_L3.csv,32868,35,35,22637,510,horizontal_to_vertical,json_camera_static.fov_degrees,60.000001669652114,35.98339890412515,0.1324937983195557,0.6257743294741616,1.967514596289403,0.057692105632195914,0.19168830700674014,0.08980248726070035,0.7035347223088769,0.5115212624816617,0.5325258254770646,0.7071198919491606,0.17357214756606343,0.33256899427036507,1.1505887908521883,3.4870393591237976,7556.589007999999,30190,8891566,,,,,ok,,,/home/29d_kon@lab.graphicon.ru/ssd1_link/projects/REPROJECTING/outputs/MeshMamba_reference_batch_20260601/rgb_texture/baseline_cone/robot_v1_L3/recenter_rotx90p0_horizontaltovertical_blender_rig/robot_v1_L3_report.json,/home/29d_kon@lab.graphicon.ru/ssd1_link/projects/REPROJECTING/outputs/MeshMamba_reference_batch_20260601/_logs/rgb_texture/cone/robot_v1_L3.log,robot_v1_L3.csv,32868,35,35,22637,510,horizontal_to_vertical,json_camera_static.fov_degrees,60.000001669652114,35.98339890412515,0.1661571522097131,0.6078911023834653,0.5992961995925096,0.04920928672656042,0.16606946725348698,0.15332808389175664,0.6597852068399067,0.5679854493877459,0.6335323251719153,0.9155010713820995,0.2991518840012488,0.5956333041547383,1.718980582736231,6372224.836038206,7556.589007999999,,,0.9127534567301321,20662,22637,32868
rgb_texture,statue_Terracotta_squat_v2_L1,ok,,,/home/29d_kon@lab.graphicon.ru/ssd1_link/projects/REPROJECTING/outputs/MeshMamba_reference_batch_20260601/rgb_texture/baseline_screen_space/statue_Terracotta_squat_v2_L1/sigma0p05_recenter_rotx90p0_horizontaltovertical_blender_rig/statue_Terracotta_squat_v2_L1_report.json,/home/29d_kon@lab.graphicon.ru/ssd1_link/projects/REPROJECTING/outputs/MeshMamba_reference_batch_20260601/_logs/rgb_texture/screen_space/statue_Terracotta_squat_v2_L1.log,statue_Terracotta_squat_v2_l1.csv,32868,37,37,26360,510,horizontal_to_vertical,json_camera_static.fov_degrees,60.000001669652114,35.98339890412515,0.22563669304871947,0.6438253962589648,0.9430381118757706,0.062236841448830536,0.19512493785139756,0.3064615787960875,0.6898316359421955,0.6218651983575041,0.528270567340738,0.4036447355060764,0.4414468049808367,0.19314385523263336,-0.3164982139951848,3.662242185577973,6131.827327999999,31247,8195614,,,,,ok,,,/home/29d_kon@lab.graphicon.ru/ssd1_link/projects/REPROJECTING/outputs/MeshMamba_reference_batch_20260601/rgb_texture/baseline_cone/statue_Terracotta_squat_v2_L1/recenter_rotx90p0_horizontaltovertical_blender_rig/statue_Terracotta_squat_v2_L1_report.json,/home/29d_kon@lab.graphicon.ru/ssd1_link/projects/REPROJECTING/outputs/MeshMamba_reference_batch_20260601/_logs/rgb_texture/cone/statue_Terracotta_squat_v2_L1.log,statue_Terracotta_squat_v2_l1.csv,32868,37,37,26360,510,horizontal_to_vertical,json_camera_static.fov_degrees,60.000001669652114,35.98339890412515,0.331443517419863,0.6286793134296387,0.45127678164247886,0.04306080978665802,0.1325264697742081,0.5141349516586609,0.6468705143598427,0.8281652373762515,0.8153466506517851,0.7698047356032242,0.7568282041711054,0.6965931557052794,0.2855411578036406,7922317.868028631,6131.827327999999,,,0.9319044006069803,24565,26360,32868
rgb_texture,statue_Terracotta_v2_l1,ok,,,/home/29d_kon@lab.graphicon.ru/ssd1_link/projects/REPROJECTING/outputs/MeshMamba_reference_batch_20260601/rgb_texture/baseline_screen_space/statue_Terracotta_v2_l1/sigma0p05_recenter_rotx90p0_horizontaltovertical_blender_rig/statue_Terracotta_v2_l1_report.json,/home/29d_kon@lab.graphicon.ru/ssd1_link/projects/REPROJECTING/outputs/MeshMamba_reference_batch_20260601/_logs/rgb_texture/screen_space/statue_Terracotta_v2_l1.log,statue_Terracotta_v2_l1.csv,32868,35,35,19682,510,horizontal_to_vertical,json_camera_static.fov_degrees,60.000001669652114,35.98339890412515,0.12772919450498876,0.7160994921375402,0.7653706917135189,0.04605005722552964,0.17143393196234294,0.1743710486511942,0.7974724833246507,0.489690278934524,0.49483093047770976,0.4256194880849551,-0.006858125401848603,0.009778339189191965,-0.17571207127404675,4.061928956950502,8911.990369,31117,8374359,,,,,ok,,,/home/29d_kon@lab.graphicon.ru/ssd1_link/projects/REPROJECTING/outputs/MeshMamba_reference_batch_20260601/rgb_texture/baseline_cone/statue_Terracotta_v2_l1/recenter_rotx90p0_horizontaltovertical_blender_rig/statue_Terracotta_v2_l1_report.json,/home/29d_kon@lab.graphicon.ru/ssd1_link/projects/REPROJECTING/outputs/MeshMamba_reference_batch_20260601/_logs/rgb_texture/cone/statue_Terracotta_v2_l1.log,statue_Terracotta_v2_l1.csv,32868,35,35,19682,510,horizontal_to_vertical,json_camera_static.fov_degrees,60.000001669652114,35.98339890412515,0.011858376310999796,0.5926447166605755,0.5472990716046763,0.07101989321955109,0.2016024696733538,0.047011409805892385,0.6134456733518246,0.29781109650229254,0.21787569593668354,0.14055431821771788,-0.4984160760593736,-0.5936622704468839,-0.690723849993598,10179986.594304182,8911.990369,,,0.9396910883040341,18495,19682,32868
rgb_texture,stuffed_animal_v1_L2,ok,,,/home/29d_kon@lab.graphicon.ru/ssd1_link/projects/REPROJECTING/outputs/MeshMamba_reference_batch_20260601/rgb_texture/baseline_screen_space/stuffed_animal_v1_L2/sigma0p05_recenter_rotx90p0_horizontaltovertical_blender_rig/stuffed_animal_v1_L2_report.json,/home/29d_kon@lab.graphicon.ru/ssd1_link/projects/REPROJECTING/outputs/MeshMamba_reference_batch_20260601/_logs/rgb_texture/screen_space/stuffed_animal_v1_L2.log,stuffed_animal_L2.csv,32868,35,35,25138,510,horizontal_to_vertical,json_camera_static.fov_degrees,60.000001669652114,35.98339890412515,-0.012604268449357664,0.4514345229277319,2.589142464591636,0.08195071071208336,0.21138043523461544,0.003957801343328521,0.4688553402032356,0.4920975440506685,0.5323257076408253,0.6121975583940374,-0.13413059352853846,-0.030179032198033962,0.20464550234698428,2.067832060295591,4611.089694,29035,9152044,,,,,ok,,,/home/29d_kon@lab.graphicon.ru/ssd1_link/projects/REPROJECTING/outputs/MeshMamba_reference_batch_20260601/rgb_texture/baseline_cone/stuffed_animal_v1_L2/recenter_rotx90p0_horizontaltovertical_blender_rig/stuffed_animal_v1_L2_report.json,/home/29d_kon@lab.graphicon.ru/ssd1_link/projects/REPROJECTING/outputs/MeshMamba_reference_batch_20260601/_logs/rgb_texture/cone/stuffed_animal_v1_L2.log,stuffed_animal_L2.csv,32868,35,35,25138,510,horizontal_to_vertical,json_camera_static.fov_degrees,60.000001669652114,35.98339890412515,-0.157265622524982,0.256305730146121,2.6780310783076873,0.08565611327317045,0.20012529084612726,-0.08192506052152361,0.2220046429626415,0.4513853907675775,0.5033188293925753,0.5336809763285227,-0.3864182878500496,-0.38494741903317753,-0.3599335502336652,4175955.5905496785,4611.089694,,,0.9593444188081789,24116,25138,31068
rgb_texture,watch_digital_v1_L3,ok,,,/home/29d_kon@lab.graphicon.ru/ssd1_link/projects/REPROJECTING/outputs/MeshMamba_reference_batch_20260601/rgb_texture/baseline_screen_space/watch_digital_v1_L3/sigma0p05_recenter_rotx90p0_horizontaltovertical_blender_rig/watch_digital_v1_L3_report.json,/home/29d_kon@lab.graphicon.ru/ssd1_link/projects/REPROJECTING/outputs/MeshMamba_reference_batch_20260601/_logs/rgb_texture/screen_space/watch_digital_v1_L3.log,watch_digital_v1_Iteration2.csv,32868,36,36,28640,510,horizontal_to_vertical,json_camera_static.fov_degrees,60.000001669652114,35.98339890412515,-0.10297896713382519,0.36936683936895337,2.755212281125998,0.07591727410331964,0.22657002473097318,-0.037897931665554975,0.35204107286870984,0.40416124929598046,0.40902593488195804,0.37326398408419126,-0.3218729475842256,-0.3357361263721447,-0.4384783805706401,2.2539894886564324,2121.322712,30447,8611115,,,,,ok,,,/home/29d_kon@lab.graphicon.ru/ssd1_link/projects/REPROJECTING/outputs/MeshMamba_reference_batch_20260601/rgb_texture/baseline_cone/watch_digital_v1_L3/recenter_rotx90p0_horizontaltovertical_blender_rig/watch_digital_v1_L3_report.json,/home/29d_kon@lab.graphicon.ru/ssd1_link/projects/REPROJECTING/outputs/MeshMamba_reference_batch_20260601/_logs/rgb_texture/cone/watch_digital_v1_L3.log,watch_digital_v1_Iteration2.csv,32868,36,36,28640,510,horizontal_to_vertical,json_camera_static.fov_degrees,60.000001669652114,35.98339890412515,0.021757376771201785,0.3908842860933842,1.187129970817372,0.02541037013617322,0.11219436003481234,0.16663245824407977,0.38075845347592996,0.6114038411359498,0.6449633248147131,0.6745960493888512,-0.005475598802568988,0.02810072373440852,0.09520571466317933,3698128.715149292,2121.322712,,,0.9204608938547486,26362,28640,32868
