texture_type,model,screen_space_status,screen_space_error_type,screen_space_error_message,screen_space_report_path,screen_space_stdout_log_path,screen_space_gt_file,screen_space_n_faces,screen_space_num_rows,screen_space_num_participants,screen_space_num_points,screen_space_num_frames_with_points,screen_space_projection_fov_mode,screen_space_projection_fov_source,screen_space_input_fov_deg,screen_space_effective_vertical_fov_deg,screen_space_CC,screen_space_SIM,screen_space_KLD,screen_space_MSE,screen_space_MAE,screen_space_Spearman,screen_space_Cosine,screen_space_AUC_Judd_gt_top_10pct_proxy,screen_space_AUC_Judd_gt_top_5pct_proxy,screen_space_AUC_Judd_gt_top_1pct_proxy,screen_space_NSS_gt_top_10pct_proxy,screen_space_NSS_gt_top_5pct_proxy,screen_space_NSS_gt_top_1pct_proxy,screen_space_PredictionSum,screen_space_GroundTruthSum,screen_space_nonzero_faces,screen_space_culled_back_faces,screen_space_hit_rate,screen_space_successful_hits,screen_space_total_gaze_points,screen_space_cone_nonzero_faces,cone_status,cone_error_type,cone_error_message,cone_report_path,cone_stdout_log_path,cone_gt_file,cone_n_faces,cone_num_rows,cone_num_participants,cone_num_points,cone_num_frames_with_points,cone_projection_fov_mode,cone_projection_fov_source,cone_input_fov_deg,cone_effective_vertical_fov_deg,cone_CC,cone_SIM,cone_KLD,cone_MSE,cone_MAE,cone_Spearman,cone_Cosine,cone_AUC_Judd_gt_top_10pct_proxy,cone_AUC_Judd_gt_top_5pct_proxy,cone_AUC_Judd_gt_top_1pct_proxy,cone_NSS_gt_top_10pct_proxy,cone_NSS_gt_top_5pct_proxy,cone_NSS_gt_top_1pct_proxy,cone_PredictionSum,cone_GroundTruthSum,cone_nonzero_faces,cone_culled_back_faces,cone_hit_rate,cone_successful_hits,cone_total_gaze_points,cone_cone_nonzero_faces
non_texture,Apple_Red_v1_L3,ok,,,/mnt/ssd1/29d_kon/acm_2026/outputs/coordinator/rc2_full_metrics_20260610_143622/MeshMamba/non_texture/baseline_screen_space/Apple_Red_v1_L3/sigma0p05_recenter_rotx90p0_horizontaltovertical_blender_rig/Apple_Red_v1_L3_report.json,/mnt/ssd1/29d_kon/acm_2026/outputs/coordinator/rc2_full_metrics_20260610_143622/MeshMamba/_logs/non_texture/screen_space/Apple_Red_v1_L3.log,Apple_v01_l3.csv,32868,,,52465,450,horizontal_to_vertical,json_camera_static.fov_degrees,60.000001669652114,35.98339890412515,0.47536173573232354,0.4820486794159042,1.2789385172615333,0.06022006301117624,0.15683186075589964,0.4736308675088187,0.6170037278059355,0.8440201170085218,0.8194284213808957,0.8463012493495062,1.0211334911375036,0.8851835104618972,1.158712129805278,2.6436294964842717,3892.478142,28783,8169864,,,,,ok,,,/mnt/ssd1/29d_kon/acm_2026/outputs/coordinator/rc2_full_metrics_20260610_143622/MeshMamba/non_texture/baseline_cone/Apple_Red_v1_L3/recenter_rotx90p0_horizontaltovertical_blender_rig/Apple_Red_v1_L3_report.json,/mnt/ssd1/29d_kon/acm_2026/outputs/coordinator/rc2_full_metrics_20260610_143622/MeshMamba/_logs/non_texture/cone/Apple_Red_v1_L3.log,Apple_v01_l3.csv,32868,,,52465,450,horizontal_to_vertical,json_camera_static.fov_degrees,60.000001669652114,35.98339890412515,0.694326699522812,0.607120829553989,0.972714177798431,0.029036652725637366,0.08067961949106134,0.5318414809884016,0.7547694697525128,0.9390648810940208,0.9220315195186434,0.9568211856317194,1.5505452736288294,1.7431570332894368,3.40732102152402,15306639.781573426,3892.478142,,,0.8247021824073192,43268,52465,29622
non_texture,Aquarium_Deep_Sea_Diver_v1_L1,ok,,,/mnt/ssd1/29d_kon/acm_2026/outputs/coordinator/rc2_full_metrics_20260610_143622/MeshMamba/non_texture/baseline_screen_space/Aquarium_Deep_Sea_Diver_v1_L1/sigma0p05_recenter_rotx90p0_horizontaltovertical_blender_rig/Aquarium_Deep_Sea_Diver_v1_L1_report.json,/mnt/ssd1/29d_kon/acm_2026/outputs/coordinator/rc2_full_metrics_20260610_143622/MeshMamba/_logs/non_texture/screen_space/Aquarium_Deep_Sea_Diver_v1_L1.log,Aquarium_Deep_Sea_Diver_v1_L1.csv,32868,,,52465,450,horizontal_to_vertical,json_camera_static.fov_degrees,60.000001669652114,35.98339890412515,-0.01827956533618453,0.6497522493310308,2.7635652798699835,0.05187234026375395,0.1828855267553617,-0.0338723828133506,0.7099810275564566,0.524896523757586,0.5035722567891815,0.6157542910163171,0.03426666218050357,-0.04108246125431117,0.24910504976263373,3.3307530437326984,6468.683624,28520,7796826,,,,,ok,,,/mnt/ssd1/29d_kon/acm_2026/outputs/coordinator/rc2_full_metrics_20260610_143622/MeshMamba/non_texture/baseline_cone/Aquarium_Deep_Sea_Diver_v1_L1/recenter_rotx90p0_horizontaltovertical_blender_rig/Aquarium_Deep_Sea_Diver_v1_L1_report.json,/mnt/ssd1/29d_kon/acm_2026/outputs/coordinator/rc2_full_metrics_20260610_143622/MeshMamba/_logs/non_texture/cone/Aquarium_Deep_Sea_Diver_v1_L1.log,Aquarium_Deep_Sea_Diver_v1_L1.csv,32868,,,52465,450,horizontal_to_vertical,json_camera_static.fov_degrees,60.000001669652114,35.98339890412515,-0.15591202200909907,0.5756070273084086,0.7839836578788779,0.03911547701435744,0.14483572528140884,-0.13622601163396425,0.5520114821414648,0.38636024476490827,0.3449213784798393,0.29495398133883016,-0.3108634910740543,-0.4056136880214258,-0.5659071298633745,12236390.08440901,6468.683624,,,0.8969217573620509,47057,52465,32868
non_texture,Aquarium_Skull_v1_L1,ok,,,/mnt/ssd1/29d_kon/acm_2026/outputs/coordinator/rc2_full_metrics_20260610_143622/MeshMamba/non_texture/baseline_screen_space/Aquarium_Skull_v1_L1/sigma0p05_recenter_rotx90p0_horizontaltovertical_blender_rig/Aquarium_Skull_v1_L1_report.json,/mnt/ssd1/29d_kon/acm_2026/outputs/coordinator/rc2_full_metrics_20260610_143622/MeshMamba/_logs/non_texture/screen_space/Aquarium_Skull_v1_L1.log,Aquarium_Skull_v1_L1.csv,32868,,,55463,450,horizontal_to_vertical,json_camera_static.fov_degrees,60.000001669652114,35.98339890412515,0.16279130193170255,0.5317651292274708,1.8501908582230058,0.05395812192422287,0.166868415580728,0.24129213139474928,0.5581851364660435,0.6227909409985095,0.6456797456944031,0.596275958211848,0.3229197499325605,0.426154289613272,0.180492999605709,2.298902582439096,3783.525497,28965,8246489,,,,,ok,,,/mnt/ssd1/29d_kon/acm_2026/outputs/coordinator/rc2_full_metrics_20260610_143622/MeshMamba/non_texture/baseline_cone/Aquarium_Skull_v1_L1/recenter_rotx90p0_horizontaltovertical_blender_rig/Aquarium_Skull_v1_L1_report.json,/mnt/ssd1/29d_kon/acm_2026/outputs/coordinator/rc2_full_metrics_20260610_143622/MeshMamba/_logs/non_texture/cone/Aquarium_Skull_v1_L1.log,Aquarium_Skull_v1_L1.csv,32868,,,55463,450,horizontal_to_vertical,json_camera_static.fov_degrees,60.000001669652114,35.98339890412515,0.14432783902495255,0.48895766661803536,1.3409969373903585,0.042976590778679234,0.1398169060445306,0.2963950030297951,0.5042661293233918,0.6169255765241314,0.6075001164959514,0.45505234728379723,0.2511964380771529,0.27080112604452866,-0.3433067235220256,5592884.842438059,3783.525497,,,0.9581522817013144,53142,55463,30212
non_texture,BastetCat_v2_L2,ok,,,/mnt/ssd1/29d_kon/acm_2026/outputs/coordinator/rc2_full_metrics_20260610_143622/MeshMamba/non_texture/baseline_screen_space/BastetCat_v2_L2/sigma0p05_recenter_rotx90p0_horizontaltovertical_blender_rig/BastetCat_v2_L2_report.json,/mnt/ssd1/29d_kon/acm_2026/outputs/coordinator/rc2_full_metrics_20260610_143622/MeshMamba/_logs/non_texture/screen_space/BastetCat_v2_L2.log,Bastet_Cat_v2_l2.csv,32868,,,52465,450,horizontal_to_vertical,json_camera_static.fov_degrees,60.000001669652114,35.98339890412515,0.08403134695840046,0.5822194783025869,1.665540687818646,0.053017845330516324,0.172701720381056,0.15602521136308703,0.6337576445763186,0.5463938759233039,0.4490416513156952,0.45579440747791916,0.07233173216521066,-0.28361806488759583,-0.2769697025869007,2.8299066093789498,6583.921925000001,30864,7739348,,,,,ok,,,/mnt/ssd1/29d_kon/acm_2026/outputs/coordinator/rc2_full_metrics_20260610_143622/MeshMamba/non_texture/baseline_cone/BastetCat_v2_L2/recenter_rotx90p0_horizontaltovertical_blender_rig/BastetCat_v2_L2_report.json,/mnt/ssd1/29d_kon/acm_2026/outputs/coordinator/rc2_full_metrics_20260610_143622/MeshMamba/_logs/non_texture/cone/BastetCat_v2_L2.log,Bastet_Cat_v2_l2.csv,32868,,,52465,450,horizontal_to_vertical,json_camera_static.fov_degrees,60.000001669652114,35.98339890412515,0.04721265797603901,0.533553980943649,0.947780005882577,0.06476684703666889,0.16867070721219635,0.08013018541513811,0.5071354205409482,0.4137870443997638,0.28517090696345004,0.20723058446301193,-0.10128445076634549,-0.5720551670861845,-0.6679641247586471,9212889.67826802,6583.921925000001,,,0.5780806251786905,30329,52465,32868
non_texture,Beauceron_v1_L3,ok,,,/mnt/ssd1/29d_kon/acm_2026/outputs/coordinator/rc2_full_metrics_20260610_143622/MeshMamba/non_texture/baseline_screen_space/Beauceron_v1_L3/sigma0p05_recenter_rotx90p0_horizontaltovertical_blender_rig/Beauceron_v1_L3_report.json,/mnt/ssd1/29d_kon/acm_2026/outputs/coordinator/rc2_full_metrics_20260610_143622/MeshMamba/_logs/non_texture/screen_space/Beauceron_v1_L3.log,Beauceron_v1_L3.csv,32868,,,55463,450,horizontal_to_vertical,json_camera_static.fov_degrees,60.000001669652114,35.98339890412515,-0.16356814636827757,0.4361303121210459,2.9899663799441916,0.10124390504415026,0.25490344640797064,-0.26568374231871156,0.4526781932515267,0.4726330060385932,0.6980018859876331,0.7789916070787536,-0.15073564708594692,0.46510881602184956,0.7642837826992555,1.713757500564426,5917.465047,30113,7961872,,,,,ok,,,/mnt/ssd1/29d_kon/acm_2026/outputs/coordinator/rc2_full_metrics_20260610_143622/MeshMamba/non_texture/baseline_cone/Beauceron_v1_L3/recenter_rotx90p0_horizontaltovertical_blender_rig/Beauceron_v1_L3_report.json,/mnt/ssd1/29d_kon/acm_2026/outputs/coordinator/rc2_full_metrics_20260610_143622/MeshMamba/_logs/non_texture/cone/Beauceron_v1_L3.log,Beauceron_v1_L3.csv,32868,,,55463,450,horizontal_to_vertical,json_camera_static.fov_degrees,60.000001669652114,35.98339890412515,-0.14242174682802536,0.40424724346840507,2.0257958346398692,0.07547615154073432,0.17828719919274624,-0.14709021453449644,0.34036783280510663,0.3306984425730562,0.5564953642403716,0.6435114430371187,-0.38751868296456193,-0.047531652783414244,0.09402465632326187,4453848.088603412,5917.465047,,,0.47927447126913436,26582,55463,32868
non_texture,BellPepper_v1_L3,ok,,,/mnt/ssd1/29d_kon/acm_2026/outputs/coordinator/rc2_full_metrics_20260610_143622/MeshMamba/non_texture/baseline_screen_space/BellPepper_v1_L3/sigma0p05_recenter_rotx90p0_horizontaltovertical_blender_rig/BellPepper_v1_L3_report.json,/mnt/ssd1/29d_kon/acm_2026/outputs/coordinator/rc2_full_metrics_20260610_143622/MeshMamba/_logs/non_texture/screen_space/BellPepper_v1_L3.log,BellPepper_v01_L3.csv,32868,,,52465,450,horizontal_to_vertical,json_camera_static.fov_degrees,60.000001669652114,35.98339890412515,0.1438796422811252,0.4503048824501366,1.5596766628988055,0.05632557753123802,0.14993427588518432,0.03111336459870156,0.485632211762166,0.6000598697473805,0.6826140078472296,0.7613708534560958,0.3717382090269925,0.5011828290116564,0.48023456554684857,2.3235621046497883,2372.3617870000003,31900,8207878,,,,,ok,,,/mnt/ssd1/29d_kon/acm_2026/outputs/coordinator/rc2_full_metrics_20260610_143622/MeshMamba/non_texture/baseline_cone/BellPepper_v1_L3/recenter_rotx90p0_horizontaltovertical_blender_rig/BellPepper_v1_L3_report.json,/mnt/ssd1/29d_kon/acm_2026/outputs/coordinator/rc2_full_metrics_20260610_143622/MeshMamba/_logs/non_texture/cone/BellPepper_v1_L3.log,BellPepper_v01_L3.csv,32868,,,52465,450,horizontal_to_vertical,json_camera_static.fov_degrees,60.000001669652114,35.98339890412515,0.09847400176537015,0.4162753241116255,1.5990034795352663,0.03417322236344834,0.10938312811988311,0.05338443132347603,0.40754794295315677,0.6018693887153059,0.6796726896242394,0.7727037118235766,0.25681272635469854,0.3242658109019281,0.21072186054352882,6330817.214235287,2372.3617870000003,,,0.9290384065567521,48742,52465,32847
non_texture,Bird_Toucan_V3_L2,ok,,,/mnt/ssd1/29d_kon/acm_2026/outputs/coordinator/rc2_full_metrics_20260610_143622/MeshMamba/non_texture/baseline_screen_space/Bird_Toucan_V3_L2/sigma0p05_recenter_rotx90p0_horizontaltovertical_blender_rig/Bird_Toucan_V3_L2_report.json,/mnt/ssd1/29d_kon/acm_2026/outputs/coordinator/rc2_full_metrics_20260610_143622/MeshMamba/_logs/non_texture/screen_space/Bird_Toucan_V3_L2.log,Bird_Toucan_v3_l2.csv,32868,,,52465,450,horizontal_to_vertical,json_camera_static.fov_degrees,60.000001669652114,35.98339890412515,-0.03538853655946978,0.45935780630319056,3.2672783289923935,0.10725787351432528,0.26241802079168286,-0.07901017394503963,0.5210995508070062,0.534093308090946,0.5067126603592096,0.31431933305004767,0.05153341459368278,-0.04286198346365124,-0.6238751171144236,3.384160419262802,7217.951107000001,28583,7739662,,,,,ok,,,/mnt/ssd1/29d_kon/acm_2026/outputs/coordinator/rc2_full_metrics_20260610_143622/MeshMamba/non_texture/baseline_cone/Bird_Toucan_V3_L2/recenter_rotx90p0_horizontaltovertical_blender_rig/Bird_Toucan_V3_L2_report.json,/mnt/ssd1/29d_kon/acm_2026/outputs/coordinator/rc2_full_metrics_20260610_143622/MeshMamba/_logs/non_texture/cone/Bird_Toucan_V3_L2.log,Bird_Toucan_v3_l2.csv,32868,,,52465,450,horizontal_to_vertical,json_camera_static.fov_degrees,60.000001669652114,35.98339890412515,0.04594948139418993,0.4904902066854911,0.7877171480443601,0.09800639400253695,0.22311916726815978,0.13279493887012714,0.5129836002969698,0.7000744255430734,0.7069994157279977,0.6890976561117074,0.25052971192763196,0.29451842641035314,0.2721528006024403,9476078.6455033,7217.951107000001,,,0.5760983512818069,30225,52465,32868
non_texture,Bird_v1_L3,ok,,,/mnt/ssd1/29d_kon/acm_2026/outputs/coordinator/rc2_full_metrics_20260610_143622/MeshMamba/non_texture/baseline_screen_space/Bird_v1_L3/sigma0p05_recenter_rotx90p0_horizontaltovertical_blender_rig/Bird_v1_L3_report.json,/mnt/ssd1/29d_kon/acm_2026/outputs/coordinator/rc2_full_metrics_20260610_143622/MeshMamba/_logs/non_texture/screen_space/Bird_v1_L3.log,Chick.csv,32868,,,52465,450,horizontal_to_vertical,json_camera_static.fov_degrees,60.000001669652114,35.98339890412515,-0.014039312528203896,0.448422964309986,4.14129985126129,0.09535411118782006,0.24990329451708138,-0.176670132404741,0.5222691185215951,0.4708817750464255,0.5932252714550478,0.9658251108723307,0.15109202953704318,0.7105459330923537,2.357752296714258,1.8812501310570962,6749.235361,27988,8284233,,,,,ok,,,/mnt/ssd1/29d_kon/acm_2026/outputs/coordinator/rc2_full_metrics_20260610_143622/MeshMamba/non_texture/baseline_cone/Bird_v1_L3/recenter_rotx90p0_horizontaltovertical_blender_rig/Bird_v1_L3_report.json,/mnt/ssd1/29d_kon/acm_2026/outputs/coordinator/rc2_full_metrics_20260610_143622/MeshMamba/_logs/non_texture/cone/Bird_v1_L3.log,Chick.csv,32868,,,52465,450,horizontal_to_vertical,json_camera_static.fov_degrees,60.000001669652114,35.98339890412515,0.07171459908198274,0.4433936270930865,1.1398231781252575,0.0729860712281432,0.2000062619126254,-0.05902153505608991,0.4538745582544562,0.46131936393815964,0.5372597787247068,0.9686647241453813,0.2705554871475621,0.7920369276612922,2.440889952900349,5214794.019740218,6749.235361,,,0.6814638330315448,35753,52465,32868
non_texture,Blackberry_v02_L3,ok,,,/mnt/ssd1/29d_kon/acm_2026/outputs/coordinator/rc2_full_metrics_20260610_143622/MeshMamba/non_texture/baseline_screen_space/Blackberry_v02_L3/sigma0p05_recenter_rotx90p0_horizontaltovertical_blender_rig/Blackberry_v02_L3_report.json,/mnt/ssd1/29d_kon/acm_2026/outputs/coordinator/rc2_full_metrics_20260610_143622/MeshMamba/_logs/non_texture/screen_space/Blackberry_v02_L3.log,Blackberry_v2_L3.csv,32868,,,52465,450,horizontal_to_vertical,json_camera_static.fov_degrees,60.000001669652114,35.98339890412515,0.16451216346841632,0.6397910215079252,1.0892509953874216,0.04329231684367452,0.14720528479097988,0.2467373199377121,0.6859718120582924,0.6604249440777396,0.6543032123894963,0.5679742644108808,0.3709731939433325,0.3533171655069154,-0.08883285389382581,2.4607410242605363,6210.727108,31330,8070962,,,,,ok,,,/mnt/ssd1/29d_kon/acm_2026/outputs/coordinator/rc2_full_metrics_20260610_143622/MeshMamba/non_texture/baseline_cone/Blackberry_v02_L3/recenter_rotx90p0_horizontaltovertical_blender_rig/Blackberry_v02_L3_report.json,/mnt/ssd1/29d_kon/acm_2026/outputs/coordinator/rc2_full_metrics_20260610_143622/MeshMamba/_logs/non_texture/cone/Blackberry_v02_L3.log,Blackberry_v2_L3.csv,32868,,,52465,450,horizontal_to_vertical,json_camera_static.fov_degrees,60.000001669652114,35.98339890412515,0.3486993129829814,0.609233740299786,1.2300034148281425,0.03284324057839586,0.129964890485822,0.29893913627428115,0.6750102366700088,0.7453054679201854,0.783723600614787,0.776458383211131,0.9729601250813712,1.2215727898326332,0.5974942063117185,7656482.4778527245,6210.727108,,,0.9039931382826646,47428,52465,31582
non_texture,Boombox_v2_L3,ok,,,/mnt/ssd1/29d_kon/acm_2026/outputs/coordinator/rc2_full_metrics_20260610_143622/MeshMamba/non_texture/baseline_screen_space/Boombox_v2_L3/sigma0p05_recenter_rotx90p0_horizontaltovertical_blender_rig/Boombox_v2_L3_report.json,/mnt/ssd1/29d_kon/acm_2026/outputs/coordinator/rc2_full_metrics_20260610_143622/MeshMamba/_logs/non_texture/screen_space/Boombox_v2_L3.log,Boombox_v2_Iteration2.csv,32868,,,52465,450,horizontal_to_vertical,json_camera_static.fov_degrees,60.000001669652114,35.98339890412515,-0.04062816486672832,0.5139387224246952,1.4396024369519727,0.09241920633784287,0.25295780022964703,0.10518512674686363,0.5303526831946302,0.38741464848257345,0.3312098050005829,0.28382728194018475,-0.3073368827858229,-0.48902705005557257,-0.6396064035759882,3.435647211731638,4043.210779,31636,6566664,,,,,ok,,,/mnt/ssd1/29d_kon/acm_2026/outputs/coordinator/rc2_full_metrics_20260610_143622/MeshMamba/non_texture/baseline_cone/Boombox_v2_L3/recenter_rotx90p0_horizontaltovertical_blender_rig/Boombox_v2_L3_report.json,/mnt/ssd1/29d_kon/acm_2026/outputs/coordinator/rc2_full_metrics_20260610_143622/MeshMamba/_logs/non_texture/cone/Boombox_v2_L3.log,Boombox_v2_Iteration2.csv,32868,,,52465,450,horizontal_to_vertical,json_camera_static.fov_degrees,60.000001669652114,35.98339890412515,-0.026847385099711157,0.49401065972637037,0.9637345259572294,0.04224964474368444,0.14457430187658948,0.10987198052758748,0.47293544049381203,0.4004407640565786,0.29575644405731943,0.27364978252423955,-0.1760180978827864,-0.6015981895916455,-0.6580269104546652,7336401.527443651,4043.210779,,,0.906432860001906,47556,52465,32695
non_texture,Camel_toy_v03_L3,ok,,,/mnt/ssd1/29d_kon/acm_2026/outputs/coordinator/rc2_full_metrics_20260610_143622/MeshMamba/non_texture/baseline_screen_space/Camel_toy_v03_L3/sigma0p05_recenter_rotx90p0_horizontaltovertical_blender_rig/Camel_toy_v03_L3_report.json,/mnt/ssd1/29d_kon/acm_2026/outputs/coordinator/rc2_full_metrics_20260610_143622/MeshMamba/_logs/non_texture/screen_space/Camel_toy_v03_L3.log,Camel_toy.csv,32868,,,53964,450,horizontal_to_vertical,json_camera_static.fov_degrees,60.000001669652114,35.98339890412515,-0.19926140408347834,0.4653125512316275,2.137281448679283,0.098273096764125,0.24502080633264825,-0.21313533523910114,0.44861220401309904,0.3611841646312842,0.3464434526314215,0.29881448784722303,-0.4367616960403719,-0.513417902630833,-0.6867943772599698,1.7886627810265183,5610.1134569999995,30550,7789539,,,,,ok,,,/mnt/ssd1/29d_kon/acm_2026/outputs/coordinator/rc2_full_metrics_20260610_143622/MeshMamba/non_texture/baseline_cone/Camel_toy_v03_L3/recenter_rotx90p0_horizontaltovertical_blender_rig/Camel_toy_v03_L3_report.json,/mnt/ssd1/29d_kon/acm_2026/outputs/coordinator/rc2_full_metrics_20260610_143622/MeshMamba/_logs/non_texture/cone/Camel_toy_v03_L3.log,Camel_toy.csv,32868,,,53964,450,horizontal_to_vertical,json_camera_static.fov_degrees,60.000001669652114,35.98339890412515,-0.25176885554314904,0.41268260048283856,1.3449228421867785,0.10036533627072766,0.22204363847876177,-0.1422315283995639,0.33485127236018836,0.20694276486912377,0.2634760587962469,0.33712866981880335,-0.7691022957220096,-0.7136088002213358,-0.6188066667601968,5058580.465183562,5610.1134569999995,,,0.4561559558224001,24616,53964,32868
non_texture,Cardigan_Welsh_Corgi_v1_L3,ok,,,/mnt/ssd1/29d_kon/acm_2026/outputs/coordinator/rc2_full_metrics_20260610_143622/MeshMamba/non_texture/baseline_screen_space/Cardigan_Welsh_Corgi_v1_L3/sigma0p05_recenter_rotx90p0_horizontaltovertical_blender_rig/Cardigan_Welsh_Corgi_v1_L3_report.json,/mnt/ssd1/29d_kon/acm_2026/outputs/coordinator/rc2_full_metrics_20260610_143622/MeshMamba/_logs/non_texture/screen_space/Cardigan_Welsh_Corgi_v1_L3.log,Cardigan_Welsh_Corgi_v1_L3.csv,32868,,,52465,450,horizontal_to_vertical,json_camera_static.fov_degrees,60.000001669652114,35.98339890412515,-0.2822351021314967,0.5693943819960061,2.1595158090455433,0.11041887507194921,0.2665347171784595,-0.276478831483767,0.6002577835949652,0.32345189733249025,0.3439621473094812,0.43446769651494194,-0.5072305165561375,-0.4753548277988155,-0.2760475203079227,2.6494674349231593,10421.181111000002,29881,8156241,,,,,ok,,,/mnt/ssd1/29d_kon/acm_2026/outputs/coordinator/rc2_full_metrics_20260610_143622/MeshMamba/non_texture/baseline_cone/Cardigan_Welsh_Corgi_v1_L3/recenter_rotx90p0_horizontaltovertical_blender_rig/Cardigan_Welsh_Corgi_v1_L3_report.json,/mnt/ssd1/29d_kon/acm_2026/outputs/coordinator/rc2_full_metrics_20260610_143622/MeshMamba/_logs/non_texture/cone/Cardigan_Welsh_Corgi_v1_L3.log,Cardigan_Welsh_Corgi_v1_L3.csv,32868,,,52465,450,horizontal_to_vertical,json_camera_static.fov_degrees,60.000001669652114,35.98339890412515,-0.31847200457000663,0.4948964969369999,1.206493403258836,0.12799774958931792,0.28624298268181664,-0.2964728650961358,0.43115681302837644,0.22337330961142132,0.2228006109842513,0.3883522144247572,-0.5942015632906438,-0.6492112646424587,-0.44233173347980775,6245688.582981519,10421.181111000002,,,0.4417611741160774,23177,52465,32868
non_texture,Cat_v1_L3,ok,,,/mnt/ssd1/29d_kon/acm_2026/outputs/coordinator/rc2_full_metrics_20260610_143622/MeshMamba/non_texture/baseline_screen_space/Cat_v1_L3/sigma0p05_recenter_rotx90p0_horizontaltovertical_blender_rig/Cat_v1_L3_report.json,/mnt/ssd1/29d_kon/acm_2026/outputs/coordinator/rc2_full_metrics_20260610_143622/MeshMamba/_logs/non_texture/screen_space/Cat_v1_L3.log,Cat_v1_l3.csv,32868,,,52465,450,horizontal_to_vertical,json_camera_static.fov_degrees,60.000001669652114,35.98339890412515,-0.24640436203388671,0.40690980439120444,1.9338754153077649,0.12108931042592119,0.2833395763355911,-0.2702922190817889,0.4363307356681366,0.4224970420716387,0.41182429231242046,0.4750441158708685,-0.2786663661636202,-0.3091554419636772,-0.19736823659188543,2.2087829117952733,6512.130991,30523,7978011,,,,,ok,,,/mnt/ssd1/29d_kon/acm_2026/outputs/coordinator/rc2_full_metrics_20260610_143622/MeshMamba/non_texture/baseline_cone/Cat_v1_L3/recenter_rotx90p0_horizontaltovertical_blender_rig/Cat_v1_L3_report.json,/mnt/ssd1/29d_kon/acm_2026/outputs/coordinator/rc2_full_metrics_20260610_143622/MeshMamba/_logs/non_texture/cone/Cat_v1_L3.log,Cat_v1_l3.csv,32868,,,52465,450,horizontal_to_vertical,json_camera_static.fov_degrees,60.000001669652114,35.98339890412515,-0.22297373604138465,0.3470393819678125,1.3117049499314528,0.09319668013347436,0.21235295865780598,-0.21805955940234703,0.2755548922920654,0.44360407713257344,0.4138273798057892,0.45355785822969885,-0.32232571799462895,-0.3707813694740361,-0.35768142418093235,5344358.255952846,6512.130991,,,0.46543409892309157,24419,52465,32868
non_texture,Charging_Bull_Statue_of_Wall_Street_v1,ok,,,/mnt/ssd1/29d_kon/acm_2026/outputs/coordinator/rc2_full_metrics_20260610_143622/MeshMamba/non_texture/baseline_screen_space/Charging_Bull_Statue_of_Wall_Street_v1/sigma0p05_recenter_rotx90p0_horizontaltovertical_blender_rig/Charging_Bull_Statue_of_Wall_Street_v1_report.json,/mnt/ssd1/29d_kon/acm_2026/outputs/coordinator/rc2_full_metrics_20260610_143622/MeshMamba/_logs/non_texture/screen_space/Charging_Bull_Statue_of_Wall_Street_v1.log,Charging_Bull_Statue_of_Wall_Street_v1_L1.csv,32868,,,52465,450,horizontal_to_vertical,json_camera_static.fov_degrees,60.000001669652114,35.98339890412515,0.030600385262356825,0.5626541761376302,2.047436923882222,0.07505248083725517,0.2104912344528088,0.02931861196858516,0.603378303131384,0.5353390046668125,0.493061536200552,0.46210859804334864,0.13275055779237532,-0.033473097984199944,-0.16017869238286422,1.9123222675188982,6570.023825,30615,8121016,,,,,ok,,,/mnt/ssd1/29d_kon/acm_2026/outputs/coordinator/rc2_full_metrics_20260610_143622/MeshMamba/non_texture/baseline_cone/Charging_Bull_Statue_of_Wall_Street_v1/recenter_rotx90p0_horizontaltovertical_blender_rig/Charging_Bull_Statue_of_Wall_Street_v1_report.json,/mnt/ssd1/29d_kon/acm_2026/outputs/coordinator/rc2_full_metrics_20260610_143622/MeshMamba/_logs/non_texture/cone/Charging_Bull_Statue_of_Wall_Street_v1.log,Charging_Bull_Statue_of_Wall_Street_v1_L1.csv,32868,,,52465,450,horizontal_to_vertical,json_camera_static.fov_degrees,60.000001669652114,35.98339890412515,-0.09403645213187083,0.46560980356099757,1.0442126248366161,0.08894713150406638,0.21280575331177254,-0.056014558477438296,0.4458415413061277,0.4653003632613609,0.3707177510374763,0.2815461287465096,-0.1346119309021512,-0.40357875374981944,-0.6382874302843276,4031459.0732308044,6570.023825,,,0.4918135900123892,25803,52465,32868
non_texture,Chinese_coin,ok,,,/mnt/ssd1/29d_kon/acm_2026/outputs/coordinator/rc2_full_metrics_20260610_143622/MeshMamba/non_texture/baseline_screen_space/Chinese_coin/sigma0p05_recenter_rotx90p0_horizontaltovertical_blender_rig/Chinese_coin_report.json,/mnt/ssd1/29d_kon/acm_2026/outputs/coordinator/rc2_full_metrics_20260610_143622/MeshMamba/_logs/non_texture/screen_space/Chinese_coin.log,chinese_coin.csv,32868,,,52465,450,horizontal_to_vertical,json_camera_static.fov_degrees,60.000001669652114,35.98339890412515,-0.03671323871275558,0.6422069016197053,0.691204086703961,0.06350380631515161,0.19873821543182285,-0.00915726734430895,0.7043541251128178,0.44929904633878137,0.44407368341652476,0.4444400644874969,-0.20868535304200408,-0.2375673444703297,-0.2819861620922289,2.876286546052066,7979.822288,32195,7581742,,,,,ok,,,/mnt/ssd1/29d_kon/acm_2026/outputs/coordinator/rc2_full_metrics_20260610_143622/MeshMamba/non_texture/baseline_cone/Chinese_coin/recenter_rotx90p0_horizontaltovertical_blender_rig/Chinese_coin_report.json,/mnt/ssd1/29d_kon/acm_2026/outputs/coordinator/rc2_full_metrics_20260610_143622/MeshMamba/_logs/non_texture/cone/Chinese_coin.log,chinese_coin.csv,32868,,,52465,450,horizontal_to_vertical,json_camera_static.fov_degrees,60.000001669652114,35.98339890412515,-0.02849442306502752,0.528706451341705,0.7721907085785994,0.061868418112493814,0.19466706239199363,0.022201178435215456,0.5370850808345862,0.48599158162218736,0.5074412275977116,0.5584930068953495,-0.20795111254549448,-0.22209822884226096,-0.24925281052363304,10763936.435711898,7979.822288,,,0.8415705708567617,44153,52465,32868
non_texture,Chips_v1_L3,ok,,,/mnt/ssd1/29d_kon/acm_2026/outputs/coordinator/rc2_full_metrics_20260610_143622/MeshMamba/non_texture/baseline_screen_space/Chips_v1_L3/sigma0p05_recenter_rotx90p0_horizontaltovertical_blender_rig/Chips_v1_L3_report.json,/mnt/ssd1/29d_kon/acm_2026/outputs/coordinator/rc2_full_metrics_20260610_143622/MeshMamba/_logs/non_texture/screen_space/Chips_v1_L3.log,Chips_v1_L3.csv,32868,,,52465,450,horizontal_to_vertical,json_camera_static.fov_degrees,60.000001669652114,35.98339890412515,-0.39952779834993374,0.4409901939551567,1.3682480108023956,0.20838074792316283,0.38782465177416203,-0.4193151459972901,0.5151636610471994,0.26803275958047346,0.2839750896590245,0.3933467820845521,-0.6255068819769075,-0.6018010596044743,-0.3508940240373547,2.1406755487075833,9654.76884,32290,7789427,,,,,ok,,,/mnt/ssd1/29d_kon/acm_2026/outputs/coordinator/rc2_full_metrics_20260610_143622/MeshMamba/non_texture/baseline_cone/Chips_v1_L3/recenter_rotx90p0_horizontaltovertical_blender_rig/Chips_v1_L3_report.json,/mnt/ssd1/29d_kon/acm_2026/outputs/coordinator/rc2_full_metrics_20260610_143622/MeshMamba/_logs/non_texture/cone/Chips_v1_L3.log,Chips_v1_L3.csv,32868,,,52465,450,horizontal_to_vertical,json_camera_static.fov_degrees,60.000001669652114,35.98339890412515,-0.057979997985292644,0.42836433285211534,1.4034556267614846,0.1433905644414881,0.2985797809113083,-0.1789472237249317,0.49122569137807715,0.2805100014298681,0.3123492176147489,0.5989060029998138,-0.529392293504566,-0.5051126938062767,0.11927259300324596,7731390.8463684935,9654.76884,,,0.7394262841894597,38794,52465,32868
non_texture,Christmas_Bear,ok,,,/mnt/ssd1/29d_kon/acm_2026/outputs/coordinator/rc2_full_metrics_20260610_143622/MeshMamba/non_texture/baseline_screen_space/Christmas_Bear/sigma0p05_recenter_rotx90p0_horizontaltovertical_blender_rig/Christmas_Bear_report.json,/mnt/ssd1/29d_kon/acm_2026/outputs/coordinator/rc2_full_metrics_20260610_143622/MeshMamba/_logs/non_texture/screen_space/Christmas_Bear.log,Christmas_Bear.csv,32868,,,52465,450,horizontal_to_vertical,json_camera_static.fov_degrees,60.000001669652114,35.98339890412515,0.2403808225813561,0.6452922721869124,1.6273050575585501,0.03646135332231786,0.1448508277311957,0.2665572534405559,0.710548511095193,0.6197149248493412,0.6153513494516976,0.6525731432311622,0.40322298235262277,0.4426255290680398,0.5575404434004563,3.1208154914214608,5117.615583000001,30191,7823582,,,,,ok,,,/mnt/ssd1/29d_kon/acm_2026/outputs/coordinator/rc2_full_metrics_20260610_143622/MeshMamba/non_texture/baseline_cone/Christmas_Bear/recenter_rotx90p0_horizontaltovertical_blender_rig/Christmas_Bear_report.json,/mnt/ssd1/29d_kon/acm_2026/outputs/coordinator/rc2_full_metrics_20260610_143622/MeshMamba/_logs/non_texture/cone/Christmas_Bear.log,Christmas_Bear.csv,32868,,,52465,450,horizontal_to_vertical,json_camera_static.fov_degrees,60.000001669652114,35.98339890412515,0.186897988913075,0.5576832017248416,0.7538905437289234,0.028032859584125158,0.11685895482845035,0.20549943944863874,0.5724101575926687,0.5809505464244469,0.5526241044227629,0.5498315745678485,0.3507722533158447,0.24063307626691058,-0.03943140116944989,7761058.970944618,5117.615583000001,,,0.8727532640808158,45789,52465,32868
non_texture,CrawlingBaby_v1_L1,ok,,,/mnt/ssd1/29d_kon/acm_2026/outputs/coordinator/rc2_full_metrics_20260610_143622/MeshMamba/non_texture/baseline_screen_space/CrawlingBaby_v1_L1/sigma0p05_recenter_rotx90p0_horizontaltovertical_blender_rig/CrawlingBaby_v1_L1_report.json,/mnt/ssd1/29d_kon/acm_2026/outputs/coordinator/rc2_full_metrics_20260610_143622/MeshMamba/_logs/non_texture/screen_space/CrawlingBaby_v1_L1.log,CrawlingBaby.csv,32868,,,52465,450,horizontal_to_vertical,json_camera_static.fov_degrees,60.000001669652114,35.98339890412515,-0.24789685489528196,0.5902493259039605,1.781697901558224,0.09380760803575017,0.24699550474304754,-0.25408879618785885,0.6225069675817746,0.28173536534970056,0.2616019447888672,0.2577477053255056,-0.6504313082461164,-0.7716727272065061,-0.8287262123484863,2.67554610868836,7827.039065999999,30538,7742956,,,,,ok,,,/mnt/ssd1/29d_kon/acm_2026/outputs/coordinator/rc2_full_metrics_20260610_143622/MeshMamba/non_texture/baseline_cone/CrawlingBaby_v1_L1/recenter_rotx90p0_horizontaltovertical_blender_rig/CrawlingBaby_v1_L1_report.json,/mnt/ssd1/29d_kon/acm_2026/outputs/coordinator/rc2_full_metrics_20260610_143622/MeshMamba/_logs/non_texture/cone/CrawlingBaby_v1_L1.log,CrawlingBaby.csv,32868,,,52465,450,horizontal_to_vertical,json_camera_static.fov_degrees,60.000001669652114,35.98339890412515,-0.2964396527496387,0.4266011230938863,1.447552491510152,0.07836551765110993,0.22134719288484558,-0.29198187712312096,0.40227668126055727,0.3090458042906059,0.26589252184825074,0.3824479598061938,-0.5926923107533555,-0.6602940027422347,-0.5930610555585197,5394475.385108099,7827.039065999999,,,0.5586390927284857,29309,52465,32851
non_texture,Deathstroke-obj,ok,,,/mnt/ssd1/29d_kon/acm_2026/outputs/coordinator/rc2_full_metrics_20260610_143622/MeshMamba/non_texture/baseline_screen_space/Deathstroke-obj/sigma0p05_recenter_rotx90p0_horizontaltovertical_blender_rig/Deathstroke-obj_report.json,/mnt/ssd1/29d_kon/acm_2026/outputs/coordinator/rc2_full_metrics_20260610_143622/MeshMamba/_logs/non_texture/screen_space/Deathstroke-obj.log,Deathstroke.csv,32868,,,53964,450,horizontal_to_vertical,json_camera_static.fov_degrees,60.000001669652114,35.98339890412515,0.2550183000873799,0.7768621238206088,0.7083469898352075,0.04888335638192545,0.17222374272248064,0.2763969469184188,0.8679541342872906,0.6650262436789943,0.713440472984472,0.6801677127031382,0.4438121274549303,0.6095097594551658,0.5125871770536448,3.883692373812245,12971.013206,31698,7599387,,,,,ok,,,/mnt/ssd1/29d_kon/acm_2026/outputs/coordinator/rc2_full_metrics_20260610_143622/MeshMamba/non_texture/baseline_cone/Deathstroke-obj/recenter_rotx90p0_horizontaltovertical_blender_rig/Deathstroke-obj_report.json,/mnt/ssd1/29d_kon/acm_2026/outputs/coordinator/rc2_full_metrics_20260610_143622/MeshMamba/_logs/non_texture/cone/Deathstroke-obj.log,Deathstroke.csv,32868,,,53964,450,horizontal_to_vertical,json_camera_static.fov_degrees,60.000001669652114,35.98339890412515,0.1689672152690763,0.6669377916873096,0.35996772083222434,0.10937425924916203,0.2761491881593936,0.11468120442966415,0.7035495991002086,0.5582964862650647,0.6066849760119641,0.5948015526096296,0.3045507240209303,0.32890931766578296,0.08616514829824087,16931867.335045576,12971.013206,,,0.6686309391446149,36082,53964,32868
non_texture,Diavolo_Mask_v1_L3,ok,,,/mnt/ssd1/29d_kon/acm_2026/outputs/coordinator/rc2_full_metrics_20260610_143622/MeshMamba/non_texture/baseline_screen_space/Diavolo_Mask_v1_L3/sigma0p05_recenter_rotx90p0_horizontaltovertical_blender_rig/Diavolo_Mask_v1_L3_report.json,/mnt/ssd1/29d_kon/acm_2026/outputs/coordinator/rc2_full_metrics_20260610_143622/MeshMamba/_logs/non_texture/screen_space/Diavolo_Mask_v1_L3.log,Diavolo_Mask_v1_l3.csv,32868,,,52465,450,horizontal_to_vertical,json_camera_static.fov_degrees,60.000001669652114,35.98339890412515,0.04631519675705793,0.604147671093009,1.1913465188077104,0.052482674697930325,0.18142091149846132,0.0230997946620659,0.6784535821759364,0.5482266175201241,0.5936816414225006,0.6524730996173775,0.12049012277997127,0.28323120776165495,0.4576770532873742,1.9790609962227563,8128.870566,31585,7503294,,,,,ok,,,/mnt/ssd1/29d_kon/acm_2026/outputs/coordinator/rc2_full_metrics_20260610_143622/MeshMamba/non_texture/baseline_cone/Diavolo_Mask_v1_L3/recenter_rotx90p0_horizontaltovertical_blender_rig/Diavolo_Mask_v1_L3_report.json,/mnt/ssd1/29d_kon/acm_2026/outputs/coordinator/rc2_full_metrics_20260610_143622/MeshMamba/_logs/non_texture/cone/Diavolo_Mask_v1_L3.log,Diavolo_Mask_v1_l3.csv,32868,,,52465,450,horizontal_to_vertical,json_camera_static.fov_degrees,60.000001669652114,35.98339890412515,-0.04530741036525216,0.5361599300877946,0.7747373621728484,0.0725049055865202,0.20742123531459086,-0.0562788579042581,0.5636015774640118,0.5021978037913503,0.5403398596001704,0.5687597142022045,-0.15203326037841539,-0.004038650031052708,0.07902999753213498,6852618.534825033,8128.870566,,,0.7254741256075479,38062,52465,32868
non_texture,Domestic_cat_V2_L3,ok,,,/mnt/ssd1/29d_kon/acm_2026/outputs/coordinator/rc2_full_metrics_20260610_143622/MeshMamba/non_texture/baseline_screen_space/Domestic_cat_V2_L3/sigma0p05_recenter_rotx90p0_horizontaltovertical_blender_rig/Domestic_cat_V2_L3_report.json,/mnt/ssd1/29d_kon/acm_2026/outputs/coordinator/rc2_full_metrics_20260610_143622/MeshMamba/_logs/non_texture/screen_space/Domestic_cat_V2_L3.log,Domestic_cat_V1_iterations-2.csv,32868,,,53964,450,horizontal_to_vertical,json_camera_static.fov_degrees,60.000001669652114,35.98339890412515,0.05471756616572483,0.525129243204571,4.204047507896469,0.09682401770417907,0.24199307121529273,0.06797288046548376,0.5411203582108884,0.5455644897083902,0.5068343090161477,0.2767270811150071,0.17780636183913545,0.06959614459649663,-0.6315259570478683,1.9235649772900403,3590.5043860000005,26745,8558286,,,,,ok,,,/mnt/ssd1/29d_kon/acm_2026/outputs/coordinator/rc2_full_metrics_20260610_143622/MeshMamba/non_texture/baseline_cone/Domestic_cat_V2_L3/recenter_rotx90p0_horizontaltovertical_blender_rig/Domestic_cat_V2_L3_report.json,/mnt/ssd1/29d_kon/acm_2026/outputs/coordinator/rc2_full_metrics_20260610_143622/MeshMamba/_logs/non_texture/cone/Domestic_cat_V2_L3.log,Domestic_cat_V1_iterations-2.csv,32868,,,53964,450,horizontal_to_vertical,json_camera_static.fov_degrees,60.000001669652114,35.98339890412515,0.07412215575345171,0.4822566043647979,2.003040444860493,0.029483962600393345,0.11194796789748332,0.053029178455583456,0.4663154921241624,0.5396326867120189,0.5005707619785891,0.26787009201303535,0.14965572305274744,0.06560414192558237,-0.4776064127205898,6265573.890159702,3590.5043860000005,,,0.7702171818249203,41564,53964,31356
non_texture,Eagle_wood_v1_L3,ok,,,/mnt/ssd1/29d_kon/acm_2026/outputs/coordinator/rc2_full_metrics_20260610_143622/MeshMamba/non_texture/baseline_screen_space/Eagle_wood_v1_L3/sigma0p05_recenter_rotx90p0_horizontaltovertical_blender_rig/Eagle_wood_v1_L3_report.json,/mnt/ssd1/29d_kon/acm_2026/outputs/coordinator/rc2_full_metrics_20260610_143622/MeshMamba/_logs/non_texture/screen_space/Eagle_wood_v1_L3.log,Eagle_v1_max2011_it2.csv,32868,,,52465,450,horizontal_to_vertical,json_camera_static.fov_degrees,60.000001669652114,35.98339890412515,-0.09520203513127627,0.5615296786348686,2.5082115108397995,0.06025811661348556,0.1916397417159889,-0.0744138486939306,0.5998695507513531,0.44656008227351635,0.39157363354534813,0.4005603376485977,-0.18785705959111618,-0.36894760434368024,-0.3791876515372046,2.337014082193618,7210.587536,28801,7832798,,,,,ok,,,/mnt/ssd1/29d_kon/acm_2026/outputs/coordinator/rc2_full_metrics_20260610_143622/MeshMamba/non_texture/baseline_cone/Eagle_wood_v1_L3/recenter_rotx90p0_horizontaltovertical_blender_rig/Eagle_wood_v1_L3_report.json,/mnt/ssd1/29d_kon/acm_2026/outputs/coordinator/rc2_full_metrics_20260610_143622/MeshMamba/_logs/non_texture/cone/Eagle_wood_v1_L3.log,Eagle_v1_max2011_it2.csv,32868,,,52465,450,horizontal_to_vertical,json_camera_static.fov_degrees,60.000001669652114,35.98339890412515,-0.10548400597834992,0.5531451471353759,0.772047731551839,0.05364200804656169,0.17470217670578886,-0.07181884287797834,0.5278422430370178,0.4211012108914294,0.3474669611247945,0.28450003087246906,-0.20100147260057366,-0.369359203728207,-0.5652549583438248,5966636.7529776925,7210.587536,,,0.686419517773754,36013,52465,32868
non_texture,Elephant_v01_l3,ok,,,/mnt/ssd1/29d_kon/acm_2026/outputs/coordinator/rc2_full_metrics_20260610_143622/MeshMamba/non_texture/baseline_screen_space/Elephant_v01_l3/sigma0p05_recenter_rotx90p0_horizontaltovertical_blender_rig/Elephant_v01_l3_report.json,/mnt/ssd1/29d_kon/acm_2026/outputs/coordinator/rc2_full_metrics_20260610_143622/MeshMamba/_logs/non_texture/screen_space/Elephant_v01_l3.log,statue_Elephant_v1_L3.csv,32868,,,52465,450,horizontal_to_vertical,json_camera_static.fov_degrees,60.000001669652114,35.98339890412515,-0.2388630508591748,0.38342226781642264,2.74495672144468,0.14395694327066424,0.31614144473764655,-0.07555467324235829,0.3091139933278295,0.26512591997426543,0.17498817897269114,0.13909602608270588,-0.7311742864148532,-1.0990835926853695,-1.3413848553929102,1.7721456292547346,3178.395711,29386,8092782,,,,,ok,,,/mnt/ssd1/29d_kon/acm_2026/outputs/coordinator/rc2_full_metrics_20260610_143622/MeshMamba/non_texture/baseline_cone/Elephant_v01_l3/recenter_rotx90p0_horizontaltovertical_blender_rig/Elephant_v01_l3_report.json,/mnt/ssd1/29d_kon/acm_2026/outputs/coordinator/rc2_full_metrics_20260610_143622/MeshMamba/_logs/non_texture/cone/Elephant_v01_l3.log,statue_Elephant_v1_L3.csv,32868,,,52465,450,horizontal_to_vertical,json_camera_static.fov_degrees,60.000001669652114,35.98339890412515,-0.21921616180055745,0.274980874394655,2.775468562604356,0.05477775328222875,0.14836045711724793,-0.17411540701098452,0.16736434524198168,0.1864100424931942,0.16630065898525867,0.18378446215254812,-0.6933960697792309,-0.7292406467397607,-0.7295156345226458,3509243.377030153,3178.395711,,,0.7795101496235586,40897,52465,31462
non_texture,Fighter_Jet_SG_v1_L3,ok,,,/mnt/ssd1/29d_kon/acm_2026/outputs/coordinator/rc2_full_metrics_20260610_143622/MeshMamba/non_texture/baseline_screen_space/Fighter_Jet_SG_v1_L3/sigma0p05_recenter_rotx90p0_horizontaltovertical_blender_rig/Fighter_Jet_SG_v1_L3_report.json,/mnt/ssd1/29d_kon/acm_2026/outputs/coordinator/rc2_full_metrics_20260610_143622/MeshMamba/_logs/non_texture/screen_space/Fighter_Jet_SG_v1_L3.log,Fighter_Jet_SG_v1_iterations-2.csv,32868,,,52465,450,horizontal_to_vertical,json_camera_static.fov_degrees,60.000001669652114,35.98339890412515,-0.010020055897721045,0.5246619242376733,4.609254941271544,0.09516949527680608,0.24153879650065602,0.02787132889345249,0.5795388001926436,0.5539576239679828,0.6008025246348027,0.6232463526816685,0.07597303360070438,0.22356038437627299,0.2253789118425866,2.978986014430404,8567.267849,22984,7767432,,,,,ok,,,/mnt/ssd1/29d_kon/acm_2026/outputs/coordinator/rc2_full_metrics_20260610_143622/MeshMamba/non_texture/baseline_cone/Fighter_Jet_SG_v1_L3/recenter_rotx90p0_horizontaltovertical_blender_rig/Fighter_Jet_SG_v1_L3_report.json,/mnt/ssd1/29d_kon/acm_2026/outputs/coordinator/rc2_full_metrics_20260610_143622/MeshMamba/_logs/non_texture/cone/Fighter_Jet_SG_v1_L3.log,Fighter_Jet_SG_v1_iterations-2.csv,32868,,,52465,450,horizontal_to_vertical,json_camera_static.fov_degrees,60.000001669652114,35.98339890412515,-0.0853808068727721,0.586956660063289,0.6208191183269544,0.07803218361293522,0.21557918866490539,-0.05543878072981621,0.6252382066567362,0.4370214491625954,0.5086797373565659,0.5955388955278449,-0.2005952009442287,0.05446612463450704,0.29459821597836505,9299867.68127669,8567.267849,,,0.5417707042790432,28424,52465,32868
non_texture,Flying_saucer_v1_L3,ok,,,/mnt/ssd1/29d_kon/acm_2026/outputs/coordinator/rc2_full_metrics_20260610_143622/MeshMamba/non_texture/baseline_screen_space/Flying_saucer_v1_L3/sigma0p05_recenter_rotx90p0_horizontaltovertical_blender_rig/Flying_saucer_v1_L3_report.json,/mnt/ssd1/29d_kon/acm_2026/outputs/coordinator/rc2_full_metrics_20260610_143622/MeshMamba/_logs/non_texture/screen_space/Flying_saucer_v1_L3.log,Flying_saucer_v1_L3.csv,32868,,,53964,450,horizontal_to_vertical,json_camera_static.fov_degrees,60.000001669652114,35.98339890412515,0.09981780526191418,0.42865377804507904,4.61701412847063,0.14803086959187303,0.29643243713405093,0.08170114108764774,0.4751540926869337,0.5349285462437876,0.5887522847232742,0.5754210215452469,0.15429040751083176,0.3676945227011113,0.323131734611763,2.9059678899560586,3754.2624929999997,24960,7597260,,,,,ok,,,/mnt/ssd1/29d_kon/acm_2026/outputs/coordinator/rc2_full_metrics_20260610_143622/MeshMamba/non_texture/baseline_cone/Flying_saucer_v1_L3/recenter_rotx90p0_horizontaltovertical_blender_rig/Flying_saucer_v1_L3_report.json,/mnt/ssd1/29d_kon/acm_2026/outputs/coordinator/rc2_full_metrics_20260610_143622/MeshMamba/_logs/non_texture/cone/Flying_saucer_v1_L3.log,Flying_saucer_v1_L3.csv,32868,,,53964,450,horizontal_to_vertical,json_camera_static.fov_degrees,60.000001669652114,35.98339890412515,-0.06583244901781929,0.3202920840349475,10.936109740493631,0.05511543536283783,0.14499138700156328,0.097325957453444,0.2656562213569429,0.35260923462339294,0.5,0.5,-0.5188607952232255,-0.6797817131398881,-0.6797817131398879,5204912.6846228065,3754.2624929999997,,,0.906752649914758,48932,53964,18384
non_texture,Frog_v1_L3,ok,,,/mnt/ssd1/29d_kon/acm_2026/outputs/coordinator/rc2_full_metrics_20260610_143622/MeshMamba/non_texture/baseline_screen_space/Frog_v1_L3/sigma0p05_recenter_rotx90p0_horizontaltovertical_blender_rig/Frog_v1_L3_report.json,/mnt/ssd1/29d_kon/acm_2026/outputs/coordinator/rc2_full_metrics_20260610_143622/MeshMamba/_logs/non_texture/screen_space/Frog_v1_L3.log,Frog_v1_L3.csv,32868,,,55463,450,horizontal_to_vertical,json_camera_static.fov_degrees,60.000001669652114,35.98339890412515,-0.22048516217590855,0.3767837270684229,4.622340840064299,0.10037795907060433,0.24911163847793374,-0.20987390120101243,0.38788077080583017,0.34473802843398016,0.38033713149096743,0.3961258647677498,-0.49261357192563976,-0.43048129321476103,-0.4041126062633291,2.778551378278555,6687.5190569999995,27559,7588907,,,,,ok,,,/mnt/ssd1/29d_kon/acm_2026/outputs/coordinator/rc2_full_metrics_20260610_143622/MeshMamba/non_texture/baseline_cone/Frog_v1_L3/recenter_rotx90p0_horizontaltovertical_blender_rig/Frog_v1_L3_report.json,/mnt/ssd1/29d_kon/acm_2026/outputs/coordinator/rc2_full_metrics_20260610_143622/MeshMamba/_logs/non_texture/cone/Frog_v1_L3.log,Frog_v1_L3.csv,32868,,,55463,450,horizontal_to_vertical,json_camera_static.fov_degrees,60.000001669652114,35.98339890412515,-0.2631624781310524,0.21751313772730294,2.965709167974306,0.10579985391156631,0.24177022901933368,-0.29168650847080035,0.1727266443879548,0.41755248877212114,0.4712872058457746,0.5829248063418122,-0.380808253014477,-0.3788523853469017,-0.3057769371211819,6117699.730403413,6687.5190569999995,,,0.53136325117646,29471,55463,31790
non_texture,Gold_Doubloon_v1_L1,ok,,,/mnt/ssd1/29d_kon/acm_2026/outputs/coordinator/rc2_full_metrics_20260610_143622/MeshMamba/non_texture/baseline_screen_space/Gold_Doubloon_v1_L1/sigma0p05_recenter_rotx90p0_horizontaltovertical_blender_rig/Gold_Doubloon_v1_L1_report.json,/mnt/ssd1/29d_kon/acm_2026/outputs/coordinator/rc2_full_metrics_20260610_143622/MeshMamba/_logs/non_texture/screen_space/Gold_Doubloon_v1_L1.log,Gold_Doubloon_v1_l1.csv,32868,,,52465,450,horizontal_to_vertical,json_camera_static.fov_degrees,60.000001669652114,35.98339890412515,0.3940488433139205,0.6897036062901403,0.3330008286322153,0.03300023078577953,0.14363236421325773,0.4317128243842517,0.787882900500735,0.7205060451495833,0.7379006194467665,0.6947275147307449,0.6765070197407187,0.7631052160466741,0.6452217175746703,3.457015302025054,6497.457248000001,32640,7547134,,,,,ok,,,/mnt/ssd1/29d_kon/acm_2026/outputs/coordinator/rc2_full_metrics_20260610_143622/MeshMamba/non_texture/baseline_cone/Gold_Doubloon_v1_L1/recenter_rotx90p0_horizontaltovertical_blender_rig/Gold_Doubloon_v1_L1_report.json,/mnt/ssd1/29d_kon/acm_2026/outputs/coordinator/rc2_full_metrics_20260610_143622/MeshMamba/_logs/non_texture/cone/Gold_Doubloon_v1_L1.log,Gold_Doubloon_v1_l1.csv,32868,,,52465,450,horizontal_to_vertical,json_camera_static.fov_degrees,60.000001669652114,35.98339890412515,0.31409314937512645,0.5956028565361753,0.556399465395244,0.04788208322271181,0.15835443608725253,0.4191213688023816,0.673910437319703,0.7121279778303496,0.7220954208597417,0.6782860800847729,0.4707576492007455,0.49235317330749323,0.43665830615059525,11713460.019406453,6497.457248000001,,,0.8289716954159916,43492,52465,32868
non_texture,GrayAlien_v01_L3,ok,,,/mnt/ssd1/29d_kon/acm_2026/outputs/coordinator/rc2_full_metrics_20260610_143622/MeshMamba/non_texture/baseline_screen_space/GrayAlien_v01_L3/sigma0p05_recenter_rotx90p0_horizontaltovertical_blender_rig/GrayAlien_v01_L3_report.json,/mnt/ssd1/29d_kon/acm_2026/outputs/coordinator/rc2_full_metrics_20260610_143622/MeshMamba/_logs/non_texture/screen_space/GrayAlien_v01_L3.log,GrayAlien_v01.csv,32868,,,52465,450,horizontal_to_vertical,json_camera_static.fov_degrees,60.000001669652114,35.98339890412515,-0.12875027902460306,0.5686969443041408,1.250278619500319,0.0795397392623657,0.21536481077440434,-0.22266039730432605,0.6012489890672285,0.3627041309446909,0.146711163444677,0.1682766744904945,-0.19302867040114752,-0.9332031280922963,-0.9242074974100511,3.7021155932541507,8642.473778,31690,7638881,,,,,ok,,,/mnt/ssd1/29d_kon/acm_2026/outputs/coordinator/rc2_full_metrics_20260610_143622/MeshMamba/non_texture/baseline_cone/GrayAlien_v01_L3/recenter_rotx90p0_horizontaltovertical_blender_rig/GrayAlien_v01_L3_report.json,/mnt/ssd1/29d_kon/acm_2026/outputs/coordinator/rc2_full_metrics_20260610_143622/MeshMamba/_logs/non_texture/cone/GrayAlien_v01_L3.log,GrayAlien_v01.csv,32868,,,52465,450,horizontal_to_vertical,json_camera_static.fov_degrees,60.000001669652114,35.98339890412515,0.1270582323514181,0.38656223880338403,1.8592427669800569,0.09675446134286479,0.2377551680563505,-0.3233534589676683,0.49477905723520654,0.32071948455801624,0.034821789246901595,0.07997660231150255,0.3903413539712009,-0.6311128578334534,-0.6250576572731403,25464561.60575392,8642.473778,,,0.6945392166206042,36439,52465,32868
non_texture,Great_Dane_v1_L3,ok,,,/mnt/ssd1/29d_kon/acm_2026/outputs/coordinator/rc2_full_metrics_20260610_143622/MeshMamba/non_texture/baseline_screen_space/Great_Dane_v1_L3/sigma0p05_recenter_rotx90p0_horizontaltovertical_blender_rig/Great_Dane_v1_L3_report.json,/mnt/ssd1/29d_kon/acm_2026/outputs/coordinator/rc2_full_metrics_20260610_143622/MeshMamba/_logs/non_texture/screen_space/Great_Dane_v1_L3.log,Great_Dane_v1_l3.csv,32868,,,52465,450,horizontal_to_vertical,json_camera_static.fov_degrees,60.000001669652114,35.98339890412515,-0.34776855916561455,0.5226680250063038,2.0707643891813596,0.09609095301212385,0.2533166545484648,-0.39680012655577007,0.5502339264058862,0.36420311152990464,0.45309136617724344,0.5840105270915957,-0.4370537236701158,-0.23932205206142515,0.06352434989924856,2.289368229888801,8309.431102,30580,8001193,,,,,ok,,,/mnt/ssd1/29d_kon/acm_2026/outputs/coordinator/rc2_full_metrics_20260610_143622/MeshMamba/non_texture/baseline_cone/Great_Dane_v1_L3/recenter_rotx90p0_horizontaltovertical_blender_rig/Great_Dane_v1_L3_report.json,/mnt/ssd1/29d_kon/acm_2026/outputs/coordinator/rc2_full_metrics_20260610_143622/MeshMamba/_logs/non_texture/cone/Great_Dane_v1_L3.log,Great_Dane_v1_l3.csv,32868,,,52465,450,horizontal_to_vertical,json_camera_static.fov_degrees,60.000001669652114,35.98339890412515,-0.31985914957809436,0.43871486546618255,1.0630352076265415,0.10591956919801591,0.2543393732006583,-0.3610529486637889,0.4048593111463083,0.4166118231751696,0.5299245565984866,0.6426251089293736,-0.3889193098851498,-0.25091975509640707,-0.05265077992370674,5956596.732355759,8309.431102,,,0.4373582388258839,22946,52465,32868
non_texture,Gun_Powder_Keg_v1_L3,ok,,,/mnt/ssd1/29d_kon/acm_2026/outputs/coordinator/rc2_full_metrics_20260610_143622/MeshMamba/non_texture/baseline_screen_space/Gun_Powder_Keg_v1_L3/sigma0p05_recenter_rotx90p0_horizontaltovertical_blender_rig/Gun_Powder_Keg_v1_L3_report.json,/mnt/ssd1/29d_kon/acm_2026/outputs/coordinator/rc2_full_metrics_20260610_143622/MeshMamba/_logs/non_texture/screen_space/Gun_Powder_Keg_v1_L3.log,Gun_Powder_Keg_v1_L3.csv,32868,,,52465,450,horizontal_to_vertical,json_camera_static.fov_degrees,60.000001669652114,35.98339890412515,0.14119895721119968,0.5411877433779999,3.2122362434341345,0.058179038791368785,0.17341883992127924,0.21977300269005084,0.5833309810794636,0.6339403791605311,0.6433518721639665,0.6242218479746212,0.3023915912419865,0.34004408565514804,0.27032633446223475,1.3266965869942595,4295.185837999999,26985,7949300,,,,,ok,,,/mnt/ssd1/29d_kon/acm_2026/outputs/coordinator/rc2_full_metrics_20260610_143622/MeshMamba/non_texture/baseline_cone/Gun_Powder_Keg_v1_L3/recenter_rotx90p0_horizontaltovertical_blender_rig/Gun_Powder_Keg_v1_L3_report.json,/mnt/ssd1/29d_kon/acm_2026/outputs/coordinator/rc2_full_metrics_20260610_143622/MeshMamba/_logs/non_texture/cone/Gun_Powder_Keg_v1_L3.log,Gun_Powder_Keg_v1_L3.csv,32868,,,52465,450,horizontal_to_vertical,json_camera_static.fov_degrees,60.000001669652114,35.98339890412515,0.2661159981531187,0.5820837706955194,0.8878556643459925,0.02288893943830071,0.11232345153917866,0.2990296548272443,0.6620537653902777,0.6310195062163573,0.6144728862101833,0.5460836755070908,0.41236036120184616,0.3485323774412847,0.11384456280785268,4035052.0455626925,4295.185837999999,,,0.9697703230725245,50879,52465,32288
non_texture,Handheld_Game_unit_v1_L3,ok,,,/mnt/ssd1/29d_kon/acm_2026/outputs/coordinator/rc2_full_metrics_20260610_143622/MeshMamba/non_texture/baseline_screen_space/Handheld_Game_unit_v1_L3/sigma0p05_recenter_rotx90p0_horizontaltovertical_blender_rig/Handheld_Game_unit_v1_L3_report.json,/mnt/ssd1/29d_kon/acm_2026/outputs/coordinator/rc2_full_metrics_20260610_143622/MeshMamba/_logs/non_texture/screen_space/Handheld_Game_unit_v1_L3.log,Handheld_Game_unit_v1_L3.csv,32868,,,53964,450,horizontal_to_vertical,json_camera_static.fov_degrees,60.000001669652114,35.98339890412515,0.04777120044386721,0.507304834650829,2.3008179017000234,0.07163004563849881,0.21103348707164943,0.02942411666583612,0.541172699362071,0.5825978463819396,0.5824569642916142,0.528044065148476,0.18638699370659761,0.21618413181041157,-0.07221741444365531,2.804363528568091,4133.048981,29305,7566788,,,,,ok,,,/mnt/ssd1/29d_kon/acm_2026/outputs/coordinator/rc2_full_metrics_20260610_143622/MeshMamba/non_texture/baseline_cone/Handheld_Game_unit_v1_L3/recenter_rotx90p0_horizontaltovertical_blender_rig/Handheld_Game_unit_v1_L3_report.json,/mnt/ssd1/29d_kon/acm_2026/outputs/coordinator/rc2_full_metrics_20260610_143622/MeshMamba/_logs/non_texture/cone/Handheld_Game_unit_v1_L3.log,Handheld_Game_unit_v1_L3.csv,32868,,,53964,450,horizontal_to_vertical,json_camera_static.fov_degrees,60.000001669652114,35.98339890412515,-0.06199538405576248,0.47673999194755107,0.9863329999418715,0.03598480035294791,0.12720711552826802,-0.0056241506438281085,0.4516560142725705,0.4952240781595938,0.4557562987295941,0.23890905381627156,-0.08577641114665763,-0.1669978430784041,-0.7119738986978723,7284719.564087654,4133.048981,,,0.8230116373878882,44413,53964,32868
non_texture,Holsteind_v2_L3,ok,,,/mnt/ssd1/29d_kon/acm_2026/outputs/coordinator/rc2_full_metrics_20260610_143622/MeshMamba/non_texture/baseline_screen_space/Holsteind_v2_L3/sigma0p05_recenter_rotx90p0_horizontaltovertical_blender_rig/Holsteind_v2_L3_report.json,/mnt/ssd1/29d_kon/acm_2026/outputs/coordinator/rc2_full_metrics_20260610_143622/MeshMamba/_logs/non_texture/screen_space/Holsteind_v2_L3.log,Holsteind_v2_l3.csv,32868,,,53964,450,horizontal_to_vertical,json_camera_static.fov_degrees,60.000001669652114,35.98339890412515,-0.1477885357665835,0.5298836224469144,1.8435623185086707,0.08934047329084886,0.23925101677735558,-0.1816991929410451,0.5474163122497925,0.48688293769999114,0.4938010127589171,0.61276120280634,-0.11525068978829055,-0.08323918259977196,0.23992036427714566,2.0388257322580876,4582.046034999999,30714,8094445,,,,,ok,,,/mnt/ssd1/29d_kon/acm_2026/outputs/coordinator/rc2_full_metrics_20260610_143622/MeshMamba/non_texture/baseline_cone/Holsteind_v2_L3/recenter_rotx90p0_horizontaltovertical_blender_rig/Holsteind_v2_L3_report.json,/mnt/ssd1/29d_kon/acm_2026/outputs/coordinator/rc2_full_metrics_20260610_143622/MeshMamba/_logs/non_texture/cone/Holsteind_v2_L3.log,Holsteind_v2_l3.csv,32868,,,53964,450,horizontal_to_vertical,json_camera_static.fov_degrees,60.000001669652114,35.98339890412515,-0.25331234683984444,0.40887968839326205,1.1279330388650826,0.04329922638857834,0.1485445876656649,-0.2747520240701401,0.336881500520902,0.413023531053792,0.4045153109966567,0.4485764148721791,-0.36666522207966173,-0.4135024980215443,-0.3943288624771144,4454616.964889937,4582.046034999999,,,0.5014639389222445,27061,53964,32758
non_texture,Horse_v01_L3,ok,,,/mnt/ssd1/29d_kon/acm_2026/outputs/coordinator/rc2_full_metrics_20260610_143622/MeshMamba/non_texture/baseline_screen_space/Horse_v01_L3/sigma0p05_recenter_rotx90p0_horizontaltovertical_blender_rig/Horse_v01_L3_report.json,/mnt/ssd1/29d_kon/acm_2026/outputs/coordinator/rc2_full_metrics_20260610_143622/MeshMamba/_logs/non_texture/screen_space/Horse_v01_L3.log,Horse_v01-it2.csv,32868,,,53964,450,horizontal_to_vertical,json_camera_static.fov_degrees,60.000001669652114,35.98339890412515,-0.22109189750707822,0.5358680565268515,1.5749724692511506,0.07800470674186588,0.21816222297226723,-0.25286265643210903,0.5372871683437608,0.363833652668478,0.38680160482329085,0.2704935045913106,-0.4368595371491196,-0.39595979904664025,-0.7120414343627899,1.8722129066076192,5650.8679569999995,31138,7899641,,,,,ok,,,/mnt/ssd1/29d_kon/acm_2026/outputs/coordinator/rc2_full_metrics_20260610_143622/MeshMamba/non_texture/baseline_cone/Horse_v01_L3/recenter_rotx90p0_horizontaltovertical_blender_rig/Horse_v01_L3_report.json,/mnt/ssd1/29d_kon/acm_2026/outputs/coordinator/rc2_full_metrics_20260610_143622/MeshMamba/_logs/non_texture/cone/Horse_v01_L3.log,Horse_v01-it2.csv,32868,,,53964,450,horizontal_to_vertical,json_camera_static.fov_degrees,60.000001669652114,35.98339890412515,-0.13817789229442576,0.47465907247107086,0.959944747347484,0.056946617788398615,0.16954441506225695,-0.07088948459225627,0.44251192141464396,0.46153686782087927,0.48505747536208027,0.47613936458386946,-0.3552868006636416,-0.33004865643272835,-0.3529714856938169,5470270.851454864,5650.8679569999995,,,0.5047994959602699,27241,53964,32868
non_texture,Hover_Truck_v1_L2,ok,,,/mnt/ssd1/29d_kon/acm_2026/outputs/coordinator/rc2_full_metrics_20260610_143622/MeshMamba/non_texture/baseline_screen_space/Hover_Truck_v1_L2/sigma0p05_recenter_rotx90p0_horizontaltovertical_blender_rig/Hover_Truck_v1_L2_report.json,/mnt/ssd1/29d_kon/acm_2026/outputs/coordinator/rc2_full_metrics_20260610_143622/MeshMamba/_logs/non_texture/screen_space/Hover_Truck_v1_L2.log,Hover_Truck_V1_l2.csv,32868,,,52465,450,horizontal_to_vertical,json_camera_static.fov_degrees,60.000001669652114,35.98339890412515,0.04174006069141248,0.5586178661903066,1.9685824942348533,0.09507806962167385,0.23617043118549902,0.043718717099284043,0.6164292964877772,0.5267009632053283,0.5626047684325428,0.6528558995513543,0.050685604719006565,0.15820037386582173,0.4709430167936434,2.159527973321606,5687.454299999999,27911,7426494,,,,,ok,,,/mnt/ssd1/29d_kon/acm_2026/outputs/coordinator/rc2_full_metrics_20260610_143622/MeshMamba/non_texture/baseline_cone/Hover_Truck_v1_L2/recenter_rotx90p0_horizontaltovertical_blender_rig/Hover_Truck_v1_L2_report.json,/mnt/ssd1/29d_kon/acm_2026/outputs/coordinator/rc2_full_metrics_20260610_143622/MeshMamba/_logs/non_texture/cone/Hover_Truck_v1_L2.log,Hover_Truck_V1_l2.csv,32868,,,52465,450,horizontal_to_vertical,json_camera_static.fov_degrees,60.000001669652114,35.98339890412515,-0.04000889881089016,0.4920451825936718,1.2978833838596637,0.0738003824403609,0.20685508944768577,0.02293500667034108,0.5283659271570471,0.5211442807431944,0.5438793786892981,0.5768172885079406,-0.07712122480961363,-0.05229324317278281,0.019896011592725325,4938014.5510758525,5687.454299999999,,,0.842313923568093,44192,52465,31433
non_texture,Ice_Cream_V1_L3,ok,,,/mnt/ssd1/29d_kon/acm_2026/outputs/coordinator/rc2_full_metrics_20260610_143622/MeshMamba/non_texture/baseline_screen_space/Ice_Cream_V1_L3/sigma0p05_recenter_rotx90p0_horizontaltovertical_blender_rig/Ice_Cream_V1_L3_report.json,/mnt/ssd1/29d_kon/acm_2026/outputs/coordinator/rc2_full_metrics_20260610_143622/MeshMamba/_logs/non_texture/screen_space/Ice_Cream_V1_L3.log,Ice_Cream_v1_LOD1.csv,32868,,,52465,450,horizontal_to_vertical,json_camera_static.fov_degrees,60.000001669652114,35.98339890412515,0.4229050278747542,0.6932734688350534,1.2063542900116802,0.07338140701453166,0.21408612163064072,0.4554820900321207,0.8020356673479394,0.6877342825663457,0.6883051662486839,0.6384971655710598,0.6318152262717625,0.6703741903945437,0.4624891844170387,6.1901802657067595,11149.350145,31028,7624048,,,,,ok,,,/mnt/ssd1/29d_kon/acm_2026/outputs/coordinator/rc2_full_metrics_20260610_143622/MeshMamba/non_texture/baseline_cone/Ice_Cream_V1_L3/recenter_rotx90p0_horizontaltovertical_blender_rig/Ice_Cream_V1_L3_report.json,/mnt/ssd1/29d_kon/acm_2026/outputs/coordinator/rc2_full_metrics_20260610_143622/MeshMamba/_logs/non_texture/cone/Ice_Cream_V1_L3.log,Ice_Cream_v1_LOD1.csv,32868,,,52465,450,horizontal_to_vertical,json_camera_static.fov_degrees,60.000001669652114,35.98339890412515,0.6543542109978988,0.7543865473720748,0.22204569627850054,0.047757451889323885,0.16459170156973488,0.7318285419064913,0.8663813519716393,0.8107593987856787,0.8081117553064489,0.8201307834386439,0.9561884503317619,0.9976097522650157,1.1554730377616054,31929167.826092325,11149.350145,,,0.8475173925474125,44465,52465,32489
non_texture,Ichthyosaurus_V1_L2,ok,,,/mnt/ssd1/29d_kon/acm_2026/outputs/coordinator/rc2_full_metrics_20260610_143622/MeshMamba/non_texture/baseline_screen_space/Ichthyosaurus_V1_L2/sigma0p05_recenter_rotx90p0_horizontaltovertical_blender_rig/Ichthyosaurus_V1_L2_report.json,/mnt/ssd1/29d_kon/acm_2026/outputs/coordinator/rc2_full_metrics_20260610_143622/MeshMamba/_logs/non_texture/screen_space/Ichthyosaurus_V1_L2.log,Ichthyosaurus_v1_L2.csv,32868,,,52465,450,horizontal_to_vertical,json_camera_static.fov_degrees,60.000001669652114,35.98339890412515,-0.1972592046480234,0.5579600348130078,1.6607428616191706,0.08419975696044761,0.23477010522173886,-0.25636668900009835,0.6046824065232562,0.45362208577733587,0.48127015886463276,0.5041194429205411,-0.14947852185542607,-0.047210825190399944,0.04387378433770991,3.8312568529514266,8498.226217,30355,7619612,,,,,ok,,,/mnt/ssd1/29d_kon/acm_2026/outputs/coordinator/rc2_full_metrics_20260610_143622/MeshMamba/non_texture/baseline_cone/Ichthyosaurus_V1_L2/recenter_rotx90p0_horizontaltovertical_blender_rig/Ichthyosaurus_V1_L2_report.json,/mnt/ssd1/29d_kon/acm_2026/outputs/coordinator/rc2_full_metrics_20260610_143622/MeshMamba/_logs/non_texture/cone/Ichthyosaurus_V1_L2.log,Ichthyosaurus_v1_L2.csv,32868,,,52465,450,horizontal_to_vertical,json_camera_static.fov_degrees,60.000001669652114,35.98339890412515,-0.33840763560951337,0.3799497184558108,1.452973786678562,0.1464197451735369,0.30622336435680014,-0.33386714214257274,0.3701279599877094,0.4000723285129443,0.4483148276202784,0.41292833449054495,-0.5202492343339016,-0.48099554538334793,-0.5562845648779392,10429884.235311525,8498.226217,,,0.45003335557038027,23611,52465,32868
non_texture,Impact_Driver_v2_L3,ok,,,/mnt/ssd1/29d_kon/acm_2026/outputs/coordinator/rc2_full_metrics_20260610_143622/MeshMamba/non_texture/baseline_screen_space/Impact_Driver_v2_L3/sigma0p05_recenter_rotx90p0_horizontaltovertical_blender_rig/Impact_Driver_v2_L3_report.json,/mnt/ssd1/29d_kon/acm_2026/outputs/coordinator/rc2_full_metrics_20260610_143622/MeshMamba/_logs/non_texture/screen_space/Impact_Driver_v2_L3.log,Impact_Driver_v2_L3.csv,32868,,,53964,450,horizontal_to_vertical,json_camera_static.fov_degrees,60.000001669652114,35.98339890412515,-0.15218892714126933,0.47870800225240157,1.9508242091082328,0.06617435571427789,0.20310457837508217,-0.19116818481673806,0.4987920525549286,0.43734509012688905,0.5022020169929801,0.5307960118187844,-0.24630363271372724,-0.08148370957764578,-0.03834665622259356,2.852175585296618,4456.589027,30588,7621607,,,,,ok,,,/mnt/ssd1/29d_kon/acm_2026/outputs/coordinator/rc2_full_metrics_20260610_143622/MeshMamba/non_texture/baseline_cone/Impact_Driver_v2_L3/recenter_rotx90p0_horizontaltovertical_blender_rig/Impact_Driver_v2_L3_report.json,/mnt/ssd1/29d_kon/acm_2026/outputs/coordinator/rc2_full_metrics_20260610_143622/MeshMamba/_logs/non_texture/cone/Impact_Driver_v2_L3.log,Impact_Driver_v2_L3.csv,32868,,,53964,450,horizontal_to_vertical,json_camera_static.fov_degrees,60.000001669652114,35.98339890412515,-0.20590727095795702,0.4432829685987689,1.016374703988254,0.06036141585926101,0.18067059939580435,-0.12930274424413793,0.41762302339812973,0.4220446019076268,0.35101361997415426,0.27797038690349696,-0.34427674665807834,-0.5057985491581058,-0.6813216424956396,11031904.1985638,4456.589027,,,0.8231413534949226,44420,53964,32840
non_texture,Jambu_Fruit_Dove_v1_L3,ok,,,/mnt/ssd1/29d_kon/acm_2026/outputs/coordinator/rc2_full_metrics_20260610_143622/MeshMamba/non_texture/baseline_screen_space/Jambu_Fruit_Dove_v1_L3/sigma0p05_recenter_rotx90p0_horizontaltovertical_blender_rig/Jambu_Fruit_Dove_v1_L3_report.json,/mnt/ssd1/29d_kon/acm_2026/outputs/coordinator/rc2_full_metrics_20260610_143622/MeshMamba/_logs/non_texture/screen_space/Jambu_Fruit_Dove_v1_L3.log,Jambu_fruit_dove_v1_L3.csv,32868,,,52465,450,horizontal_to_vertical,json_camera_static.fov_degrees,60.000001669652114,35.98339890412515,-0.05477549376733186,0.4672383222567578,3.051167001758804,0.12418385649839227,0.27935621977693315,-0.13912797799514012,0.5229186994029981,0.5418310150180166,0.5765730810662208,0.6994971477294817,0.10970024457157272,0.2780407250666647,0.8186418386161508,2.3950211743182352,7967.074756,28889,8023603,,,,,ok,,,/mnt/ssd1/29d_kon/acm_2026/outputs/coordinator/rc2_full_metrics_20260610_143622/MeshMamba/non_texture/baseline_cone/Jambu_Fruit_Dove_v1_L3/recenter_rotx90p0_horizontaltovertical_blender_rig/Jambu_Fruit_Dove_v1_L3_report.json,/mnt/ssd1/29d_kon/acm_2026/outputs/coordinator/rc2_full_metrics_20260610_143622/MeshMamba/_logs/non_texture/cone/Jambu_Fruit_Dove_v1_L3.log,Jambu_fruit_dove_v1_L3.csv,32868,,,52465,450,horizontal_to_vertical,json_camera_static.fov_degrees,60.000001669652114,35.98339890412515,0.20465825846605423,0.5013621184230521,0.868787707411469,0.09240704993636058,0.22986328067616799,0.10657606515551118,0.5706937610004441,0.8564581591014805,0.9118063698583596,0.9055499077982736,0.9839981874831627,1.3423116129082853,1.4502302325512755,6096762.42022809,7967.074756,,,0.4708091108357953,24701,52465,32868
non_texture,Jukebox_bubbler_style_V2_L1,ok,,,/mnt/ssd1/29d_kon/acm_2026/outputs/coordinator/rc2_full_metrics_20260610_143622/MeshMamba/non_texture/baseline_screen_space/Jukebox_bubbler_style_V2_L1/sigma0p05_recenter_rotx90p0_horizontaltovertical_blender_rig/Jukebox_bubbler_style_V2_L1_report.json,/mnt/ssd1/29d_kon/acm_2026/outputs/coordinator/rc2_full_metrics_20260610_143622/MeshMamba/_logs/non_texture/screen_space/Jukebox_bubbler_style_V2_L1.log,Jukebox_bubbler_style_V2_Textured.csv,32868,,,53964,450,horizontal_to_vertical,json_camera_static.fov_degrees,60.000001669652114,35.98339890412515,0.2882089598070417,0.525145813145177,2.716605105437578,0.06111173787946234,0.19927177617566832,0.30463170868504624,0.6274530930175891,0.6852965133238497,0.6686898000352839,0.7147387128898677,0.55271948056883,0.5071011102839978,0.647350867331626,3.4643878556112506,4420.396696,29003,7676765,,,,,ok,,,/mnt/ssd1/29d_kon/acm_2026/outputs/coordinator/rc2_full_metrics_20260610_143622/MeshMamba/non_texture/baseline_cone/Jukebox_bubbler_style_V2_L1/recenter_rotx90p0_horizontaltovertical_blender_rig/Jukebox_bubbler_style_V2_L1_report.json,/mnt/ssd1/29d_kon/acm_2026/outputs/coordinator/rc2_full_metrics_20260610_143622/MeshMamba/_logs/non_texture/cone/Jukebox_bubbler_style_V2_L1.log,Jukebox_bubbler_style_V2_Textured.csv,32868,,,53964,450,horizontal_to_vertical,json_camera_static.fov_degrees,60.000001669652114,35.98339890412515,0.49783015009948883,0.5924300898344108,0.5933914282781351,0.030758985101103184,0.11897889431661846,0.5504748314649647,0.7031299734685256,0.8540651638691231,0.8213735531124913,0.8013294964910473,1.0096634590769762,0.817101661466703,0.7135415398304413,9606828.504374996,4420.396696,,,0.8681343117633978,46848,53964,32639
non_texture,Kangaroo_v1_L3,ok,,,/mnt/ssd1/29d_kon/acm_2026/outputs/coordinator/rc2_full_metrics_20260610_143622/MeshMamba/non_texture/baseline_screen_space/Kangaroo_v1_L3/sigma0p05_recenter_rotx90p0_horizontaltovertical_blender_rig/Kangaroo_v1_L3_report.json,/mnt/ssd1/29d_kon/acm_2026/outputs/coordinator/rc2_full_metrics_20260610_143622/MeshMamba/_logs/non_texture/screen_space/Kangaroo_v1_L3.log,Kangaroo_v1_L3.csv,32868,,,52465,450,horizontal_to_vertical,json_camera_static.fov_degrees,60.000001669652114,35.98339890412515,-0.22269996232415848,0.5153948734471834,1.906737260959689,0.10882172542228846,0.2525987592401944,-0.21856964928533232,0.5467044572965867,0.3220112304345366,0.2861285309572211,0.18733633738181477,-0.5013215784158292,-0.609947398496408,-0.8955887349856846,2.2674661887346392,9455.601539,31024,7784272,,,,,ok,,,/mnt/ssd1/29d_kon/acm_2026/outputs/coordinator/rc2_full_metrics_20260610_143622/MeshMamba/non_texture/baseline_cone/Kangaroo_v1_L3/recenter_rotx90p0_horizontaltovertical_blender_rig/Kangaroo_v1_L3_report.json,/mnt/ssd1/29d_kon/acm_2026/outputs/coordinator/rc2_full_metrics_20260610_143622/MeshMamba/_logs/non_texture/cone/Kangaroo_v1_L3.log,Kangaroo_v1_L3.csv,32868,,,52465,450,horizontal_to_vertical,json_camera_static.fov_degrees,60.000001669652114,35.98339890412515,-0.26952967973542147,0.3814139914107014,1.234429215647499,0.14418260997432775,0.27923154505038056,-0.3050456834361556,0.33096547528342724,0.3102292841731603,0.2962458147173582,0.26159732940532154,-0.5267358644744922,-0.5532344431369425,-0.5905563135464751,4791619.785430431,9455.601539,,,0.34672638902125225,18191,52465,32868
non_texture,King_Cake_v2_L2,ok,,,/mnt/ssd1/29d_kon/acm_2026/outputs/coordinator/rc2_full_metrics_20260610_143622/MeshMamba/non_texture/baseline_screen_space/King_Cake_v2_L2/sigma0p05_recenter_rotx90p0_horizontaltovertical_blender_rig/King_Cake_v2_L2_report.json,/mnt/ssd1/29d_kon/acm_2026/outputs/coordinator/rc2_full_metrics_20260610_143622/MeshMamba/_logs/non_texture/screen_space/King_Cake_v2_L2.log,King_Cake_v2_L2.csv,32868,,,52465,450,horizontal_to_vertical,json_camera_static.fov_degrees,60.000001669652114,35.98339890412515,0.29830580170124216,0.6425505598547037,1.7065925270944033,0.13081688805776878,0.3023272810025328,0.31631370719963,0.7387578447378115,0.6733288580235216,0.6949102918835284,0.6531140886722699,0.5584607771761103,0.6485973806803926,0.602842092621539,3.0022999976109683,5983.677776,29048,6590149,,,,,ok,,,/mnt/ssd1/29d_kon/acm_2026/outputs/coordinator/rc2_full_metrics_20260610_143622/MeshMamba/non_texture/baseline_cone/King_Cake_v2_L2/recenter_rotx90p0_horizontaltovertical_blender_rig/King_Cake_v2_L2_report.json,/mnt/ssd1/29d_kon/acm_2026/outputs/coordinator/rc2_full_metrics_20260610_143622/MeshMamba/_logs/non_texture/cone/King_Cake_v2_L2.log,King_Cake_v2_L2.csv,32868,,,52465,450,horizontal_to_vertical,json_camera_static.fov_degrees,60.000001669652114,35.98339890412515,0.18287613284884557,0.5910695575928313,1.0232334364799405,0.07060027913165813,0.2077073019864584,0.1736430799667546,0.6703912183796116,0.6380458890048638,0.6256842383860939,0.564862777246215,0.41930165950417964,0.4075379410092314,0.24883341198163128,7416120.4964751545,5983.677776,,,0.9004669779853236,47243,52465,32369
non_texture,Lamb_v1_L2,ok,,,/mnt/ssd1/29d_kon/acm_2026/outputs/coordinator/rc2_full_metrics_20260610_143622/MeshMamba/non_texture/baseline_screen_space/Lamb_v1_L2/sigma0p05_recenter_rotx90p0_horizontaltovertical_blender_rig/Lamb_v1_L2_report.json,/mnt/ssd1/29d_kon/acm_2026/outputs/coordinator/rc2_full_metrics_20260610_143622/MeshMamba/_logs/non_texture/screen_space/Lamb_v1_L2.log,Lamb_v1_l2.csv,32868,,,52465,450,horizontal_to_vertical,json_camera_static.fov_degrees,60.000001669652114,35.98339890412515,0.011609458018741373,0.5437417660168704,1.217467332884197,0.06759908890289211,0.19815744442012484,0.06401496154094852,0.5812984422009718,0.509296693016397,0.47003762117916653,0.5167888783634994,-0.039261106011858275,-0.14401238483884884,-0.01025146360451469,2.0395240122872282,5978.346767,30825,8059071,,,,,ok,,,/mnt/ssd1/29d_kon/acm_2026/outputs/coordinator/rc2_full_metrics_20260610_143622/MeshMamba/non_texture/baseline_cone/Lamb_v1_L2/recenter_rotx90p0_horizontaltovertical_blender_rig/Lamb_v1_L2_report.json,/mnt/ssd1/29d_kon/acm_2026/outputs/coordinator/rc2_full_metrics_20260610_143622/MeshMamba/_logs/non_texture/cone/Lamb_v1_L2.log,Lamb_v1_l2.csv,32868,,,52465,450,horizontal_to_vertical,json_camera_static.fov_degrees,60.000001669652114,35.98339890412515,0.03813176443561985,0.509676494518155,0.8627561762707168,0.059071108684880934,0.16921399470731147,0.14853842019140273,0.5096051726020849,0.5473383056841951,0.446882696914782,0.31183309511868434,-0.03266372895394542,-0.29561776017472824,-0.6287233576341763,5724108.2573849615,5978.346767,,,0.6062136662536929,31805,52465,32868
non_texture,Laser_Pistol_v2_L3,ok,,,/mnt/ssd1/29d_kon/acm_2026/outputs/coordinator/rc2_full_metrics_20260610_143622/MeshMamba/non_texture/baseline_screen_space/Laser_Pistol_v2_L3/sigma0p05_recenter_rotx90p0_horizontaltovertical_blender_rig/Laser_Pistol_v2_L3_report.json,/mnt/ssd1/29d_kon/acm_2026/outputs/coordinator/rc2_full_metrics_20260610_143622/MeshMamba/_logs/non_texture/screen_space/Laser_Pistol_v2_L3.log,Laser_Pistol_v2_l3.csv,32868,,,52465,450,horizontal_to_vertical,json_camera_static.fov_degrees,60.000001669652114,35.98339890412515,0.08808240440364348,0.6055501714595547,2.013265843070807,0.05278597525184431,0.17732305615983227,0.06844269782288871,0.6658922732790759,0.5327154646777592,0.5031004481860295,0.408958349816554,0.14827509244904483,0.05665384896644617,-0.2594649313958402,2.8653711856918935,6716.302889,29548,7873642,,,,,ok,,,/mnt/ssd1/29d_kon/acm_2026/outputs/coordinator/rc2_full_metrics_20260610_143622/MeshMamba/non_texture/baseline_cone/Laser_Pistol_v2_L3/recenter_rotx90p0_horizontaltovertical_blender_rig/Laser_Pistol_v2_L3_report.json,/mnt/ssd1/29d_kon/acm_2026/outputs/coordinator/rc2_full_metrics_20260610_143622/MeshMamba/_logs/non_texture/cone/Laser_Pistol_v2_L3.log,Laser_Pistol_v2_l3.csv,32868,,,52465,450,horizontal_to_vertical,json_camera_static.fov_degrees,60.000001669652114,35.98339890412515,0.0548501311175962,0.5395925602334908,0.8218564576022351,0.059443403042072435,0.1849005594799186,0.0023482262018488347,0.5867019250641081,0.46143418636521705,0.43261240067064266,0.43856271235331257,0.07008987099773167,-0.026901708384589176,-0.17482408308077738,8440136.770716298,6716.302889,,,0.575202515963023,30178,52465,32868
non_texture,Mango_L3,ok,,,/mnt/ssd1/29d_kon/acm_2026/outputs/coordinator/rc2_full_metrics_20260610_143622/MeshMamba/non_texture/baseline_screen_space/Mango_L3/sigma0p05_recenter_rotx90p0_horizontaltovertical_blender_rig/Mango_L3_report.json,/mnt/ssd1/29d_kon/acm_2026/outputs/coordinator/rc2_full_metrics_20260610_143622/MeshMamba/_logs/non_texture/screen_space/Mango_L3.log,Mango-L3.csv,32868,,,52465,450,horizontal_to_vertical,json_camera_static.fov_degrees,60.000001669652114,35.98339890412515,0.2769909997712853,0.596247696220531,2.3516607135859884,0.04916101937426664,0.16912701858980975,-0.17285745640172268,0.6807936193393243,0.49070344582571557,0.7325544390645913,0.9499995376135497,0.6150459504529343,1.6749414631347268,2.3262182783148857,2.0872564212727553,5965.807452999999,30797,8426565,,,,,ok,,,/mnt/ssd1/29d_kon/acm_2026/outputs/coordinator/rc2_full_metrics_20260610_143622/MeshMamba/non_texture/baseline_cone/Mango_L3/recenter_rotx90p0_horizontaltovertical_blender_rig/Mango_L3_report.json,/mnt/ssd1/29d_kon/acm_2026/outputs/coordinator/rc2_full_metrics_20260610_143622/MeshMamba/_logs/non_texture/cone/Mango_L3.log,Mango-L3.csv,32868,,,52465,450,horizontal_to_vertical,json_camera_static.fov_degrees,60.000001669652114,35.98339890412515,0.5222655593352071,0.5237274505754361,1.534653115627304,0.03628202203904727,0.1410816249560603,-0.11472451891748084,0.6696532008771457,0.5012635557853776,0.739934438104571,0.9847619377672676,1.2384866963027796,2.6526335363871305,4.103829545610949,9522045.381849369,5965.807452999999,,,0.8631468598113028,45285,52465,32710
non_texture,MansWorkCasual_v02_L3,ok,,,/mnt/ssd1/29d_kon/acm_2026/outputs/coordinator/rc2_full_metrics_20260610_143622/MeshMamba/non_texture/baseline_screen_space/MansWorkCasual_v02_L3/sigma0p05_recenter_rotx90p0_horizontaltovertical_blender_rig/MansWorkCasual_v02_L3_report.json,/mnt/ssd1/29d_kon/acm_2026/outputs/coordinator/rc2_full_metrics_20260610_143622/MeshMamba/_logs/non_texture/screen_space/MansWorkCasual_v02_L3.log,MansWorkCasual_v02_L3.csv,32868,,,52465,450,horizontal_to_vertical,json_camera_static.fov_degrees,60.000001669652114,35.98339890412515,-0.22250164768134145,0.5128124205892877,1.8354384273957023,0.0853846237153776,0.240280194696044,-0.18968359454933112,0.5329003497408367,0.28623762424402144,0.2890708134861636,0.35437302218866473,-0.646836064623792,-0.6842739959387238,-0.5253732135154774,3.6465474132589577,6263.444969,30758,7604595,,,,,ok,,,/mnt/ssd1/29d_kon/acm_2026/outputs/coordinator/rc2_full_metrics_20260610_143622/MeshMamba/non_texture/baseline_cone/MansWorkCasual_v02_L3/recenter_rotx90p0_horizontaltovertical_blender_rig/MansWorkCasual_v02_L3_report.json,/mnt/ssd1/29d_kon/acm_2026/outputs/coordinator/rc2_full_metrics_20260610_143622/MeshMamba/_logs/non_texture/cone/MansWorkCasual_v02_L3.log,MansWorkCasual_v02_L3.csv,32868,,,52465,450,horizontal_to_vertical,json_camera_static.fov_degrees,60.000001669652114,35.98339890412515,-0.18990881504729926,0.43917447431990636,1.251165359854825,0.09138596610079786,0.22989165681044293,-0.20384248005847447,0.42944809317281435,0.20519295315188413,0.21479057924124745,0.3151324793226851,-0.7102932528064275,-0.7363060653224943,-0.6382557693353671,19086361.954061147,6263.444969,,,0.8060421233203088,42289,52465,32868
non_texture,Marco_Polo_Sheep_v1_L3,ok,,,/mnt/ssd1/29d_kon/acm_2026/outputs/coordinator/rc2_full_metrics_20260610_143622/MeshMamba/non_texture/baseline_screen_space/Marco_Polo_Sheep_v1_L3/sigma0p05_recenter_rotx90p0_horizontaltovertical_blender_rig/Marco_Polo_Sheep_v1_L3_report.json,/mnt/ssd1/29d_kon/acm_2026/outputs/coordinator/rc2_full_metrics_20260610_143622/MeshMamba/_logs/non_texture/screen_space/Marco_Polo_Sheep_v1_L3.log,Marco_Polo_Sheep_v1_L3.csv,32868,,,53964,450,horizontal_to_vertical,json_camera_static.fov_degrees,60.000001669652114,35.98339890412515,-0.12013273978747836,0.5242067041652426,1.7689948981849062,0.08539517074795751,0.22478119505041666,-0.07164320455688276,0.544353960672725,0.4835608470467259,0.5696862222459109,0.6600206476567608,-0.18470272301122023,0.013263430306934,0.24807424076588788,2.1248549055137866,8594.819636,31000,8005791,,,,,ok,,,/mnt/ssd1/29d_kon/acm_2026/outputs/coordinator/rc2_full_metrics_20260610_143622/MeshMamba/non_texture/baseline_cone/Marco_Polo_Sheep_v1_L3/recenter_rotx90p0_horizontaltovertical_blender_rig/Marco_Polo_Sheep_v1_L3_report.json,/mnt/ssd1/29d_kon/acm_2026/outputs/coordinator/rc2_full_metrics_20260610_143622/MeshMamba/_logs/non_texture/cone/Marco_Polo_Sheep_v1_L3.log,Marco_Polo_Sheep_v1_L3.csv,32868,,,53964,450,horizontal_to_vertical,json_camera_static.fov_degrees,60.000001669652114,35.98339890412515,-0.07118765979157642,0.4490548705314995,1.2628689265659703,0.0998739368677877,0.23944990872353986,-0.12214677913180148,0.4285490983144737,0.47229585625098097,0.6231396492684833,0.790859339146076,-0.00855439398109862,0.35593508424142206,0.8610867529064653,5702720.078532221,8594.819636,,,0.585742346749685,31609,53964,32868
non_texture,Military_Action_Figure_SG_v2_L3,ok,,,/mnt/ssd1/29d_kon/acm_2026/outputs/coordinator/rc2_full_metrics_20260610_143622/MeshMamba/non_texture/baseline_screen_space/Military_Action_Figure_SG_v2_L3/sigma0p05_recenter_rotx90p0_horizontaltovertical_blender_rig/Military_Action_Figure_SG_v2_L3_report.json,/mnt/ssd1/29d_kon/acm_2026/outputs/coordinator/rc2_full_metrics_20260610_143622/MeshMamba/_logs/non_texture/screen_space/Military_Action_Figure_SG_v2_L3.log,Military_Action_Figure_SG_v2_L3.csv,32868,,,52465,450,horizontal_to_vertical,json_camera_static.fov_degrees,60.000001669652114,35.98339890412515,0.45511573351517814,0.6574404156397853,1.049350882835419,0.04509596975391965,0.17138280451527993,0.451758389535485,0.7809466893742296,0.7874777157123823,0.8367814186853585,0.8790199480987556,0.9068328612884816,1.1573237698844503,1.2942911862251214,4.2866773561161216,7201.217913,31473,7631082,,,,,ok,,,/mnt/ssd1/29d_kon/acm_2026/outputs/coordinator/rc2_full_metrics_20260610_143622/MeshMamba/non_texture/baseline_cone/Military_Action_Figure_SG_v2_L3/recenter_rotx90p0_horizontaltovertical_blender_rig/Military_Action_Figure_SG_v2_L3_report.json,/mnt/ssd1/29d_kon/acm_2026/outputs/coordinator/rc2_full_metrics_20260610_143622/MeshMamba/_logs/non_texture/cone/Military_Action_Figure_SG_v2_L3.log,Military_Action_Figure_SG_v2_L3.csv,32868,,,52465,450,horizontal_to_vertical,json_camera_static.fov_degrees,60.000001669652114,35.98339890412515,0.6848434430347876,0.6593389629058584,0.6745695605865678,0.049677899675259485,0.16650541252786158,0.4379977971078414,0.8225850341391171,0.8626326838220462,0.8748769389757584,0.8699537641573157,1.4498889986570171,1.4762176537865004,1.5474581058777708,41496007.31743316,7201.217913,,,0.7266177451634422,38122,52465,32868
non_texture,Moai_v3_L3,ok,,,/mnt/ssd1/29d_kon/acm_2026/outputs/coordinator/rc2_full_metrics_20260610_143622/MeshMamba/non_texture/baseline_screen_space/Moai_v3_L3/sigma0p05_recenter_rotx90p0_horizontaltovertical_blender_rig/Moai_v3_L3_report.json,/mnt/ssd1/29d_kon/acm_2026/outputs/coordinator/rc2_full_metrics_20260610_143622/MeshMamba/_logs/non_texture/screen_space/Moai_v3_L3.log,Moai_L3.csv,32868,,,52465,450,horizontal_to_vertical,json_camera_static.fov_degrees,60.000001669652114,35.98339890412515,0.13748648617094159,0.605768796843543,2.3575316306735066,0.10214053469764775,0.24824492382849953,0.1599311992356445,0.6679682886138325,0.5829052582459693,0.6682928956015493,0.6232404677632106,0.19992961567671108,0.4900361833592129,0.3552898188419392,2.985719603486665,5537.26836,29816,8197549,,,,,ok,,,/mnt/ssd1/29d_kon/acm_2026/outputs/coordinator/rc2_full_metrics_20260610_143622/MeshMamba/non_texture/baseline_cone/Moai_v3_L3/recenter_rotx90p0_horizontaltovertical_blender_rig/Moai_v3_L3_report.json,/mnt/ssd1/29d_kon/acm_2026/outputs/coordinator/rc2_full_metrics_20260610_143622/MeshMamba/_logs/non_texture/cone/Moai_v3_L3.log,Moai_L3.csv,32868,,,52465,450,horizontal_to_vertical,json_camera_static.fov_degrees,60.000001669652114,35.98339890412515,0.14093914632515858,0.5246033372083762,0.9922016733219684,0.04453998184421186,0.1553907277172283,0.15503317736283145,0.5760173264780437,0.6010300624335955,0.6897500472217704,0.6601802877463574,0.13592931369846728,0.2692928230956996,0.0642524355975673,10634168.920529561,5537.26836,,,0.9272467359191843,48648,52465,32784
non_texture,MushroomShitake_L3,ok,,,/mnt/ssd1/29d_kon/acm_2026/outputs/coordinator/rc2_full_metrics_20260610_143622/MeshMamba/non_texture/baseline_screen_space/MushroomShitake_L3/sigma0p05_recenter_rotx90p0_horizontaltovertical_blender_rig/MushroomShitake_L3_report.json,/mnt/ssd1/29d_kon/acm_2026/outputs/coordinator/rc2_full_metrics_20260610_143622/MeshMamba/_logs/non_texture/screen_space/MushroomShitake_L3.log,MushroomShitake_v1-L3.csv,32868,,,52465,450,horizontal_to_vertical,json_camera_static.fov_degrees,60.000001669652114,35.98339890412515,-0.07874183624118007,0.5405084205537674,4.984266909637693,0.08365950581958592,0.21731377386663359,-0.04022222661263905,0.5499269678769836,0.4532465024360568,0.445103464768819,0.43613873312277784,-0.18594085009826175,-0.2294351216582292,-0.2714857625443835,1.5633097409787244,5643.052412,24103,9018123,,,,,ok,,,/mnt/ssd1/29d_kon/acm_2026/outputs/coordinator/rc2_full_metrics_20260610_143622/MeshMamba/non_texture/baseline_cone/MushroomShitake_L3/recenter_rotx90p0_horizontaltovertical_blender_rig/MushroomShitake_L3_report.json,/mnt/ssd1/29d_kon/acm_2026/outputs/coordinator/rc2_full_metrics_20260610_143622/MeshMamba/_logs/non_texture/cone/MushroomShitake_L3.log,MushroomShitake_v1-L3.csv,32868,,,52465,450,horizontal_to_vertical,json_camera_static.fov_degrees,60.000001669652114,35.98339890412515,-0.07013149841132314,0.4140639346903334,4.966677960741949,0.04451883669120941,0.15103298070881113,0.037527792515756615,0.3740157069164708,0.4939413827318897,0.46711106949984815,0.45910355317364776,-0.1295351275132227,-0.21710550176576063,-0.1999451209114182,3385627.6823048373,5643.052412,,,0.93458496140284,49033,52465,25576
non_texture,Mushroom_v2_L1,ok,,,/mnt/ssd1/29d_kon/acm_2026/outputs/coordinator/rc2_full_metrics_20260610_143622/MeshMamba/non_texture/baseline_screen_space/Mushroom_v2_L1/sigma0p05_recenter_rotx90p0_horizontaltovertical_blender_rig/Mushroom_v2_L1_report.json,/mnt/ssd1/29d_kon/acm_2026/outputs/coordinator/rc2_full_metrics_20260610_143622/MeshMamba/_logs/non_texture/screen_space/Mushroom_v2_L1.log,Mushroom_v2_NEW.csv,32868,,,52465,450,horizontal_to_vertical,json_camera_static.fov_degrees,60.000001669652114,35.98339890412515,0.17993150699278296,0.5459385578706781,2.9813571854655585,0.07403789251422206,0.204348354297965,0.2669905749269693,0.5999068539243239,0.5778314326550911,0.5995515373413551,0.6721261117475023,0.19165224233955117,0.26710314294604254,0.4709176458512846,3.160644553513831,4840.364261,25395,8002081,,,,,ok,,,/mnt/ssd1/29d_kon/acm_2026/outputs/coordinator/rc2_full_metrics_20260610_143622/MeshMamba/non_texture/baseline_cone/Mushroom_v2_L1/recenter_rotx90p0_horizontaltovertical_blender_rig/Mushroom_v2_L1_report.json,/mnt/ssd1/29d_kon/acm_2026/outputs/coordinator/rc2_full_metrics_20260610_143622/MeshMamba/_logs/non_texture/cone/Mushroom_v2_L1.log,Mushroom_v2_NEW.csv,32868,,,52465,450,horizontal_to_vertical,json_camera_static.fov_degrees,60.000001669652114,35.98339890412515,0.20960738254272704,0.4875531364921345,1.123845359777769,0.034854825152997496,0.1253259651837323,0.3801340959616662,0.5239323413006638,0.6890331042483043,0.7343090570576131,0.8692805481680108,0.28408609922544303,0.43477289059480523,1.056435910085479,7878322.420977727,4840.364261,,,0.9754884208519966,51179,52465,31905
non_texture,NYC_Fire_Hydrant_v2_L3,ok,,,/mnt/ssd1/29d_kon/acm_2026/outputs/coordinator/rc2_full_metrics_20260610_143622/MeshMamba/non_texture/baseline_screen_space/NYC_Fire_Hydrant_v2_L3/sigma0p05_recenter_rotx90p0_horizontaltovertical_blender_rig/NYC_Fire_Hydrant_v2_L3_report.json,/mnt/ssd1/29d_kon/acm_2026/outputs/coordinator/rc2_full_metrics_20260610_143622/MeshMamba/_logs/non_texture/screen_space/NYC_Fire_Hydrant_v2_L3.log,NYC_Fire_Hydrant_v2_l3.csv,32868,,,52465,450,horizontal_to_vertical,json_camera_static.fov_degrees,60.000001669652114,35.98339890412515,0.13018140429903394,0.6208496285708957,1.5577448053028258,0.06232424206349855,0.20260143522029891,0.1402207557775863,0.701667093837436,0.6213866353071358,0.6447388363371366,0.7420096118466585,0.34198203885985035,0.45470298031183165,0.8605967802990757,3.784283144324257,7638.3416689999995,30030,7407897,,,,,ok,,,/mnt/ssd1/29d_kon/acm_2026/outputs/coordinator/rc2_full_metrics_20260610_143622/MeshMamba/non_texture/baseline_cone/NYC_Fire_Hydrant_v2_L3/recenter_rotx90p0_horizontaltovertical_blender_rig/NYC_Fire_Hydrant_v2_L3_report.json,/mnt/ssd1/29d_kon/acm_2026/outputs/coordinator/rc2_full_metrics_20260610_143622/MeshMamba/_logs/non_texture/cone/NYC_Fire_Hydrant_v2_L3.log,NYC_Fire_Hydrant_v2_l3.csv,32868,,,52465,450,horizontal_to_vertical,json_camera_static.fov_degrees,60.000001669652114,35.98339890412515,-0.015190303904612287,0.5898915611948559,0.5731405758249306,0.07981672852653292,0.21497418579932046,0.07095349788590405,0.6189342820723381,0.39051865417316656,0.41386603970805413,0.5796149133548509,-0.3246739634322726,-0.28782977405968546,0.09844088090602321,14912807.333136778,7638.3416689999995,,,0.8574478223577623,44986,52465,32868
non_texture,Peach_L3,ok,,,/mnt/ssd1/29d_kon/acm_2026/outputs/coordinator/rc2_full_metrics_20260610_143622/MeshMamba/non_texture/baseline_screen_space/Peach_L3/sigma0p05_recenter_rotx90p0_horizontaltovertical_blender_rig/Peach_L3_report.json,/mnt/ssd1/29d_kon/acm_2026/outputs/coordinator/rc2_full_metrics_20260610_143622/MeshMamba/_logs/non_texture/screen_space/Peach_L3.log,Peach.csv,32868,,,52465,450,horizontal_to_vertical,json_camera_static.fov_degrees,60.000001669652114,35.98339890412515,0.4161894989606566,0.48660610861691855,1.9380696082296354,0.09017111619830276,0.21829838480441746,0.4143353633708189,0.6172923639606824,0.7363124997383855,0.6907755135484402,0.6044633743692746,0.7823169246263932,0.7592588261152018,0.6104420675928516,3.1260251154091843,4074.7328580000003,29869,7575912,,,,,ok,,,/mnt/ssd1/29d_kon/acm_2026/outputs/coordinator/rc2_full_metrics_20260610_143622/MeshMamba/non_texture/baseline_cone/Peach_L3/recenter_rotx90p0_horizontaltovertical_blender_rig/Peach_L3_report.json,/mnt/ssd1/29d_kon/acm_2026/outputs/coordinator/rc2_full_metrics_20260610_143622/MeshMamba/_logs/non_texture/cone/Peach_L3.log,Peach.csv,32868,,,52465,450,horizontal_to_vertical,json_camera_static.fov_degrees,60.000001669652114,35.98339890412515,0.7920227419658677,0.6964144598796392,0.49539439010872444,0.025224300831840126,0.09287331043444001,0.564743279936915,0.8493072899578151,0.9796997301742385,0.9456510249617707,0.9161842823916422,2.2632261685059993,2.1029748581428773,1.8425752614354132,20761853.475292355,4074.7328580000003,,,0.9388544744115125,49257,52465,30377
non_texture,Peanut_L3,ok,,,/mnt/ssd1/29d_kon/acm_2026/outputs/coordinator/rc2_full_metrics_20260610_143622/MeshMamba/non_texture/baseline_screen_space/Peanut_L3/sigma0p05_recenter_rotx90p0_horizontaltovertical_blender_rig/Peanut_L3_report.json,/mnt/ssd1/29d_kon/acm_2026/outputs/coordinator/rc2_full_metrics_20260610_143622/MeshMamba/_logs/non_texture/screen_space/Peanut_L3.log,Peanut_v1_L3.csv,32868,,,53964,450,horizontal_to_vertical,json_camera_static.fov_degrees,60.000001669652114,35.98339890412515,-0.15258858883967144,0.6935939241756137,0.7824313086371162,0.18577363502089347,0.36613962757001434,-0.17005348638996054,0.7632489723471876,0.4795570056248642,0.4489041744044914,0.1312446574515071,-0.11888682122212407,-0.24833439291383838,-1.3319164399051002,2.918199505692689,9224.917730000001,32017,8035797,,,,,ok,,,/mnt/ssd1/29d_kon/acm_2026/outputs/coordinator/rc2_full_metrics_20260610_143622/MeshMamba/non_texture/baseline_cone/Peanut_L3/recenter_rotx90p0_horizontaltovertical_blender_rig/Peanut_L3_report.json,/mnt/ssd1/29d_kon/acm_2026/outputs/coordinator/rc2_full_metrics_20260610_143622/MeshMamba/_logs/non_texture/cone/Peanut_L3.log,Peanut_v1_L3.csv,32868,,,53964,450,horizontal_to_vertical,json_camera_static.fov_degrees,60.000001669652114,35.98339890412515,0.08152200629235896,0.6842096371945732,0.5078670999422612,0.0563911426611685,0.17940856533506142,0.024019236073718454,0.7464303571107508,0.5917494751022513,0.5546368349756535,0.14276181651926503,0.5304778758283915,0.6044958812367958,-1.0540090145934358,11363409.930609891,9224.917730000001,,,0.8986917204061967,48497,53964,32868
non_texture,Pear_L3,ok,,,/mnt/ssd1/29d_kon/acm_2026/outputs/coordinator/rc2_full_metrics_20260610_143622/MeshMamba/non_texture/baseline_screen_space/Pear_L3/sigma0p05_recenter_rotx90p0_horizontaltovertical_blender_rig/Pear_L3_report.json,/mnt/ssd1/29d_kon/acm_2026/outputs/coordinator/rc2_full_metrics_20260610_143622/MeshMamba/_logs/non_texture/screen_space/Pear_L3.log,Pear.csv,32868,,,50966,450,horizontal_to_vertical,json_camera_static.fov_degrees,60.000001669652114,35.98339890412515,0.3108249415069521,0.5871315971956169,1.452441768667825,0.0674568296480043,0.21786416206938586,0.20117567970292377,0.6707933567922654,0.7952315951744118,0.8145879658980895,0.8756308889468247,0.9247022256498939,1.1289283682067583,1.2860566547071277,2.475189478455523,4551.196823,29610,8389940,,,,,ok,,,/mnt/ssd1/29d_kon/acm_2026/outputs/coordinator/rc2_full_metrics_20260610_143622/MeshMamba/non_texture/baseline_cone/Pear_L3/recenter_rotx90p0_horizontaltovertical_blender_rig/Pear_L3_report.json,/mnt/ssd1/29d_kon/acm_2026/outputs/coordinator/rc2_full_metrics_20260610_143622/MeshMamba/_logs/non_texture/cone/Pear_L3.log,Pear.csv,32868,,,50966,450,horizontal_to_vertical,json_camera_static.fov_degrees,60.000001669652114,35.98339890412515,0.3805615752513266,0.5731554607958398,1.2231846743495889,0.04838043075537123,0.17666479820378045,0.164542842111883,0.6831421116437211,0.7692350191443219,0.8191754128242483,0.9649014589086503,0.9866742008311509,1.3004217899295776,2.0508229708480474,9146970.706444602,4551.196823,,,0.7300945728524899,37210,50966,31443
non_texture,Penguin_V2_L3,ok,,,/mnt/ssd1/29d_kon/acm_2026/outputs/coordinator/rc2_full_metrics_20260610_143622/MeshMamba/non_texture/baseline_screen_space/Penguin_V2_L3/sigma0p05_recenter_rotx90p0_horizontaltovertical_blender_rig/Penguin_V2_L3_report.json,/mnt/ssd1/29d_kon/acm_2026/outputs/coordinator/rc2_full_metrics_20260610_143622/MeshMamba/_logs/non_texture/screen_space/Penguin_V2_L3.log,Penguin_v1_iterations-2.csv,32868,,,52465,450,horizontal_to_vertical,json_camera_static.fov_degrees,60.000001669652114,35.98339890412515,-0.14847607821323117,0.6381387470451785,1.9768568999787446,0.04792347968071888,0.15918136221287338,-0.19985365624104945,0.6519273205029027,0.4482203922511827,0.47436458861266484,0.5698197935215642,-0.2290707871842312,-0.2128631523766002,0.038463500806231433,2.4119629462873804,7470.246838,30912,8012224,,,,,ok,,,/mnt/ssd1/29d_kon/acm_2026/outputs/coordinator/rc2_full_metrics_20260610_143622/MeshMamba/non_texture/baseline_cone/Penguin_V2_L3/recenter_rotx90p0_horizontaltovertical_blender_rig/Penguin_V2_L3_report.json,/mnt/ssd1/29d_kon/acm_2026/outputs/coordinator/rc2_full_metrics_20260610_143622/MeshMamba/_logs/non_texture/cone/Penguin_V2_L3.log,Penguin_v1_iterations-2.csv,32868,,,52465,450,horizontal_to_vertical,json_camera_static.fov_degrees,60.000001669652114,35.98339890412515,-0.08431990177574648,0.5306139862722521,0.7418317604977427,0.0592920114844257,0.19637807646613437,-0.1703806600023707,0.43994748793971944,0.49454908951610715,0.5470742314540005,0.686461212642561,-0.050221500770526784,0.07519225490273237,0.5018775040289072,10461207.372205857,7470.246838,,,0.7917468788716288,41539,52465,32868
non_texture,Pierrot_Mask_v1_L3,ok,,,/mnt/ssd1/29d_kon/acm_2026/outputs/coordinator/rc2_full_metrics_20260610_143622/MeshMamba/non_texture/baseline_screen_space/Pierrot_Mask_v1_L3/sigma0p05_recenter_rotx90p0_horizontaltovertical_blender_rig/Pierrot_Mask_v1_L3_report.json,/mnt/ssd1/29d_kon/acm_2026/outputs/coordinator/rc2_full_metrics_20260610_143622/MeshMamba/_logs/non_texture/screen_space/Pierrot_Mask_v1_L3.log,Pierrot_Mask_v1_l3.csv,32868,,,53964,450,horizontal_to_vertical,json_camera_static.fov_degrees,60.000001669652114,35.98339890412515,0.2881331804515236,0.6888129038648609,0.5578454006359308,0.04378234955707209,0.16584502328731,0.28093606657975967,0.7849899250001728,0.6887627889398209,0.7073525562562456,0.6851688658669219,0.6018501885962775,0.6466406686969767,0.6105687686575373,3.792397391917307,8788.067008000002,32350,7426750,,,,,ok,,,/mnt/ssd1/29d_kon/acm_2026/outputs/coordinator/rc2_full_metrics_20260610_143622/MeshMamba/non_texture/baseline_cone/Pierrot_Mask_v1_L3/recenter_rotx90p0_horizontaltovertical_blender_rig/Pierrot_Mask_v1_L3_report.json,/mnt/ssd1/29d_kon/acm_2026/outputs/coordinator/rc2_full_metrics_20260610_143622/MeshMamba/_logs/non_texture/cone/Pierrot_Mask_v1_L3.log,Pierrot_Mask_v1_l3.csv,32868,,,53964,450,horizontal_to_vertical,json_camera_static.fov_degrees,60.000001669652114,35.98339890412515,0.2684579792226568,0.6326990157234361,0.5245764532823523,0.05577769718615619,0.18103584303443965,0.3160296829464937,0.6988906263119338,0.6818301914271743,0.6858978494925296,0.6814206398662498,0.6115113241121355,0.7571568332898962,0.9159714965122724,19246890.926889315,8788.067008000002,,,0.8299792454228745,44789,53964,32868
non_texture,Pirate_Shipmate_Old_v1_L1,ok,,,/mnt/ssd1/29d_kon/acm_2026/outputs/coordinator/rc2_full_metrics_20260610_143622/MeshMamba/non_texture/baseline_screen_space/Pirate_Shipmate_Old_v1_L1/sigma0p05_recenter_rotx90p0_horizontaltovertical_blender_rig/Pirate_Shipmate_Old_v1_L1_report.json,/mnt/ssd1/29d_kon/acm_2026/outputs/coordinator/rc2_full_metrics_20260610_143622/MeshMamba/_logs/non_texture/screen_space/Pirate_Shipmate_Old_v1_L1.log,Pirate_Shipmate_Old_v1_L1.csv,32868,,,53964,450,horizontal_to_vertical,json_camera_static.fov_degrees,60.000001669652114,35.98339890412515,-0.17678595673348094,0.5836958075178496,1.5278269999216563,0.07332894810518424,0.22366788553561118,-0.16491320575539084,0.6311648632198358,0.3607035138069276,0.41622049496519303,0.3040751378915795,-0.43523719838342867,-0.3003328293803027,-0.6857922791159065,3.3892518641606126,7821.579102,31796,7545702,,,,,ok,,,/mnt/ssd1/29d_kon/acm_2026/outputs/coordinator/rc2_full_metrics_20260610_143622/MeshMamba/non_texture/baseline_cone/Pirate_Shipmate_Old_v1_L1/recenter_rotx90p0_horizontaltovertical_blender_rig/Pirate_Shipmate_Old_v1_L1_report.json,/mnt/ssd1/29d_kon/acm_2026/outputs/coordinator/rc2_full_metrics_20260610_143622/MeshMamba/_logs/non_texture/cone/Pirate_Shipmate_Old_v1_L1.log,Pirate_Shipmate_Old_v1_L1.csv,32868,,,53964,450,horizontal_to_vertical,json_camera_static.fov_degrees,60.000001669652114,35.98339890412515,0.16062786795588707,0.4827634483366071,1.3079317672148032,0.06769878778732973,0.18689264894393848,-0.06447215257945887,0.5440717668714244,0.44222126625713865,0.5110156467699374,0.35011346216198264,0.26181423108827423,0.45945056115564853,-0.12140540599804686,16496038.885838058,7821.579102,,,0.4998517530205322,26974,53964,32868
non_texture,Plate,ok,,,/mnt/ssd1/29d_kon/acm_2026/outputs/coordinator/rc2_full_metrics_20260610_143622/MeshMamba/non_texture/baseline_screen_space/Plate/sigma0p05_recenter_rotx90p0_horizontaltovertical_blender_rig/Plate_report.json,/mnt/ssd1/29d_kon/acm_2026/outputs/coordinator/rc2_full_metrics_20260610_143622/MeshMamba/_logs/non_texture/screen_space/Plate.log,Plate.csv,32868,,,53964,450,horizontal_to_vertical,json_camera_static.fov_degrees,60.000001669652114,35.98339890412515,-0.08814146870752065,0.672954226505757,0.6348043071704856,0.06503251339420055,0.20144399249848155,-0.04652164923585919,0.7333825660283246,0.37683976469367875,0.34163824788842323,0.23904478058641995,-0.3870750797845449,-0.5175897511634446,-0.8274429744599646,2.772707985655575,8884.133427,32561,7551275,,,,,ok,,,/mnt/ssd1/29d_kon/acm_2026/outputs/coordinator/rc2_full_metrics_20260610_143622/MeshMamba/non_texture/baseline_cone/Plate/recenter_rotx90p0_horizontaltovertical_blender_rig/Plate_report.json,/mnt/ssd1/29d_kon/acm_2026/outputs/coordinator/rc2_full_metrics_20260610_143622/MeshMamba/_logs/non_texture/cone/Plate.log,Plate.csv,32868,,,53964,450,horizontal_to_vertical,json_camera_static.fov_degrees,60.000001669652114,35.98339890412515,-0.03631757787811742,0.5608748056767345,0.7296130718771666,0.06822863655121479,0.20451883784941208,0.014197748595943518,0.5525802936640328,0.4157089586289278,0.361880296085175,0.2012754673349194,-0.27027042523941824,-0.41255974400103174,-0.6057676519719546,12616405.032934172,8884.133427,,,0.8409865836483582,45383,53964,32868
non_texture,PoloTeamShirt_v2_L3,ok,,,/mnt/ssd1/29d_kon/acm_2026/outputs/coordinator/rc2_full_metrics_20260610_143622/MeshMamba/non_texture/baseline_screen_space/PoloTeamShirt_v2_L3/sigma0p05_recenter_rotx90p0_horizontaltovertical_blender_rig/PoloTeamShirt_v2_L3_report.json,/mnt/ssd1/29d_kon/acm_2026/outputs/coordinator/rc2_full_metrics_20260610_143622/MeshMamba/_logs/non_texture/screen_space/PoloTeamShirt_v2_L3.log,Polo_Team_Shirt_v2_L3.csv,32868,,,55463,450,horizontal_to_vertical,json_camera_static.fov_degrees,60.000001669652114,35.98339890412515,0.3007360556510414,0.6701416067617593,0.6841564892815573,0.041734181548986025,0.1532290282139456,0.3707806737794961,0.7485433405446229,0.6938162613054633,0.6379113748672958,0.6254382512787321,0.5030125013184701,0.30465379263281794,0.2587592613087577,3.4059506751901685,7183.263217,31961,7756730,,,,,ok,,,/mnt/ssd1/29d_kon/acm_2026/outputs/coordinator/rc2_full_metrics_20260610_143622/MeshMamba/non_texture/baseline_cone/PoloTeamShirt_v2_L3/recenter_rotx90p0_horizontaltovertical_blender_rig/PoloTeamShirt_v2_L3_report.json,/mnt/ssd1/29d_kon/acm_2026/outputs/coordinator/rc2_full_metrics_20260610_143622/MeshMamba/_logs/non_texture/cone/PoloTeamShirt_v2_L3.log,Polo_Team_Shirt_v2_L3.csv,32868,,,55463,450,horizontal_to_vertical,json_camera_static.fov_degrees,60.000001669652114,35.98339890412515,0.4484941150808176,0.6213750715082615,0.6309292860605631,0.0393118773230589,0.14738247714253117,0.36733894845767123,0.7250736203513392,0.8642449441441783,0.8165690204615204,0.7913266764007578,1.1106006932383623,0.8952538205480655,0.7759132348214386,13270803.878006313,7183.263217,,,0.8448515226367128,46858,55463,32868
non_texture,Possum_wooden_v1_L3,ok,,,/mnt/ssd1/29d_kon/acm_2026/outputs/coordinator/rc2_full_metrics_20260610_143622/MeshMamba/non_texture/baseline_screen_space/Possum_wooden_v1_L3/sigma0p05_recenter_rotx90p0_horizontaltovertical_blender_rig/Possum_wooden_v1_L3_report.json,/mnt/ssd1/29d_kon/acm_2026/outputs/coordinator/rc2_full_metrics_20260610_143622/MeshMamba/_logs/non_texture/screen_space/Possum_wooden_v1_L3.log,Possum_wooden_v1_L3.csv,32868,,,52465,450,horizontal_to_vertical,json_camera_static.fov_degrees,60.000001669652114,35.98339890412515,-0.044793250213015535,0.29979375959752763,3.6710496380703526,0.11364480816306419,0.2788929922061913,-0.035765125051960216,0.39578206355796564,0.43876721388937,0.4707149827975611,0.4742251313854751,-0.20344301573186685,-0.12264993779095466,-0.152755005569018,2.9781265251597597,4739.030841,29471,7790456,,,,,ok,,,/mnt/ssd1/29d_kon/acm_2026/outputs/coordinator/rc2_full_metrics_20260610_143622/MeshMamba/non_texture/baseline_cone/Possum_wooden_v1_L3/recenter_rotx90p0_horizontaltovertical_blender_rig/Possum_wooden_v1_L3_report.json,/mnt/ssd1/29d_kon/acm_2026/outputs/coordinator/rc2_full_metrics_20260610_143622/MeshMamba/_logs/non_texture/cone/Possum_wooden_v1_L3.log,Possum_wooden_v1_L3.csv,32868,,,52465,450,horizontal_to_vertical,json_camera_static.fov_degrees,60.000001669652114,35.98339890412515,-0.2726107465776277,0.13083092529312063,3.019791257699912,0.11701551987166359,0.23706448077100428,-0.2742644295385667,0.10629825370257587,0.17413221905578785,0.22503790793843154,0.22787044137168666,-0.6545607305144472,-0.6395801287487549,-0.6537021580973131,5309024.110660238,4739.030841,,,0.6638711521967026,34830,52465,32841
non_texture,Raptor_Claw_Fossil_v2_L3,ok,,,/mnt/ssd1/29d_kon/acm_2026/outputs/coordinator/rc2_full_metrics_20260610_143622/MeshMamba/non_texture/baseline_screen_space/Raptor_Claw_Fossil_v2_L3/sigma0p05_recenter_rotx90p0_horizontaltovertical_blender_rig/Raptor_Claw_Fossil_v2_L3_report.json,/mnt/ssd1/29d_kon/acm_2026/outputs/coordinator/rc2_full_metrics_20260610_143622/MeshMamba/_logs/non_texture/screen_space/Raptor_Claw_Fossil_v2_L3.log,Raptor_Claw_Fossil_v2_l3.csv,32868,,,55463,450,horizontal_to_vertical,json_camera_static.fov_degrees,60.000001669652114,35.98339890412515,0.045939798943299734,0.63136808306391,1.2334309115681301,0.13609098194948335,0.31173549986500854,0.01865694978573759,0.691550415491092,0.5537407217344172,0.6045873573138885,0.6820777890940505,0.07915801349500683,0.2624895216823142,0.5027851084734735,4.079486987122492,6851.097213000001,32008,8226825,,,,,ok,,,/mnt/ssd1/29d_kon/acm_2026/outputs/coordinator/rc2_full_metrics_20260610_143622/MeshMamba/non_texture/baseline_cone/Raptor_Claw_Fossil_v2_L3/recenter_rotx90p0_horizontaltovertical_blender_rig/Raptor_Claw_Fossil_v2_L3_report.json,/mnt/ssd1/29d_kon/acm_2026/outputs/coordinator/rc2_full_metrics_20260610_143622/MeshMamba/_logs/non_texture/cone/Raptor_Claw_Fossil_v2_L3.log,Raptor_Claw_Fossil_v2_l3.csv,32868,,,55463,450,horizontal_to_vertical,json_camera_static.fov_degrees,60.000001669652114,35.98339890412515,-0.04178500831862396,0.5306752990726158,0.6907048922659257,0.06300302140425829,0.1856606671257392,-0.13056306714559374,0.5435527093543076,0.4316418675284367,0.45576946783714317,0.5886504583557483,-0.24448903721644702,-0.2621881634701343,-0.13801912607191694,17267961.063562497,6851.097213000001,,,0.7862719290337703,43609,55463,32868
non_texture,Rhinoceros_v1_L3,ok,,,/mnt/ssd1/29d_kon/acm_2026/outputs/coordinator/rc2_full_metrics_20260610_143622/MeshMamba/non_texture/baseline_screen_space/Rhinoceros_v1_L3/sigma0p05_recenter_rotx90p0_horizontaltovertical_blender_rig/Rhinoceros_v1_L3_report.json,/mnt/ssd1/29d_kon/acm_2026/outputs/coordinator/rc2_full_metrics_20260610_143622/MeshMamba/_logs/non_texture/screen_space/Rhinoceros_v1_L3.log,Rhinoceros_v1_L3.csv,32868,,,55463,450,horizontal_to_vertical,json_camera_static.fov_degrees,60.000001669652114,35.98339890412515,-0.10399454921389596,0.5815028468929025,1.914708942817221,0.06270608543483085,0.19153942721268832,-0.09319319661567593,0.615995882421124,0.3961569809397651,0.4166793390105433,0.3858966621396387,-0.3112549414525802,-0.25780772527543394,-0.39390357325236697,2.540876118689062,7571.749143999999,30249,8081836,,,,,ok,,,/mnt/ssd1/29d_kon/acm_2026/outputs/coordinator/rc2_full_metrics_20260610_143622/MeshMamba/non_texture/baseline_cone/Rhinoceros_v1_L3/recenter_rotx90p0_horizontaltovertical_blender_rig/Rhinoceros_v1_L3_report.json,/mnt/ssd1/29d_kon/acm_2026/outputs/coordinator/rc2_full_metrics_20260610_143622/MeshMamba/_logs/non_texture/cone/Rhinoceros_v1_L3.log,Rhinoceros_v1_L3.csv,32868,,,55463,450,horizontal_to_vertical,json_camera_static.fov_degrees,60.000001669652114,35.98339890412515,-0.01747124607347325,0.52499891085257,0.774996810801359,0.08236863601239727,0.22148767168013417,0.02610525099594554,0.5671167507193033,0.5497295319651927,0.6399276801705345,0.7438878816544766,-0.08897072482085987,0.10713664074628208,0.4872154263952526,7122683.652511448,7571.749143999999,,,0.5757712348773056,31934,55463,32850
non_texture,Rocket_Ship_v1_L3,ok,,,/mnt/ssd1/29d_kon/acm_2026/outputs/coordinator/rc2_full_metrics_20260610_143622/MeshMamba/non_texture/baseline_screen_space/Rocket_Ship_v1_L3/sigma0p05_recenter_rotx90p0_horizontaltovertical_blender_rig/Rocket_Ship_v1_L3_report.json,/mnt/ssd1/29d_kon/acm_2026/outputs/coordinator/rc2_full_metrics_20260610_143622/MeshMamba/_logs/non_texture/screen_space/Rocket_Ship_v1_L3.log,Rocket_Ship_v1_L3.csv,32868,,,55463,450,horizontal_to_vertical,json_camera_static.fov_degrees,60.000001669652114,35.98339890412515,-0.06703472529447249,0.5356247584137407,2.4794452287413637,0.08889301109105283,0.24353675747698375,-0.05371924336046134,0.5976307977722259,0.3815629265313259,0.3372683737102846,0.3912301263734863,-0.3538266197268267,-0.5624326573379884,-0.4711583050118728,3.8585485361297733,8023.3485470000005,29870,7731095,,,,,ok,,,/mnt/ssd1/29d_kon/acm_2026/outputs/coordinator/rc2_full_metrics_20260610_143622/MeshMamba/non_texture/baseline_cone/Rocket_Ship_v1_L3/recenter_rotx90p0_horizontaltovertical_blender_rig/Rocket_Ship_v1_L3_report.json,/mnt/ssd1/29d_kon/acm_2026/outputs/coordinator/rc2_full_metrics_20260610_143622/MeshMamba/_logs/non_texture/cone/Rocket_Ship_v1_L3.log,Rocket_Ship_v1_L3.csv,32868,,,55463,450,horizontal_to_vertical,json_camera_static.fov_degrees,60.000001669652114,35.98339890412515,0.3508778511977757,0.5806020728116439,0.715385469598438,0.05957248327811647,0.18803811399544954,0.3292624225619986,0.7050096973918168,0.7794459051948824,0.7940359956125833,0.8523247436253957,0.6172670324844436,0.5887851407302935,0.7843291174921935,15237180.908783007,8023.3485470000005,,,0.6599715125398915,36604,55463,32868
non_texture,Rubber_Duck_v1_L3,ok,,,/mnt/ssd1/29d_kon/acm_2026/outputs/coordinator/rc2_full_metrics_20260610_143622/MeshMamba/non_texture/baseline_screen_space/Rubber_Duck_v1_L3/sigma0p05_recenter_rotx90p0_horizontaltovertical_blender_rig/Rubber_Duck_v1_L3_report.json,/mnt/ssd1/29d_kon/acm_2026/outputs/coordinator/rc2_full_metrics_20260610_143622/MeshMamba/_logs/non_texture/screen_space/Rubber_Duck_v1_L3.log,Rubber_Duck_v1_L3.csv,32868,,,52465,450,horizontal_to_vertical,json_camera_static.fov_degrees,60.000001669652114,35.98339890412515,0.02869659276391631,0.5032058467430578,2.963431661951675,0.09339909914283014,0.2231364092265968,0.2170694775972555,0.4377687350851126,0.5275917433454802,0.477280162788871,0.4096810738500286,0.031787787918181334,-0.13717600398240518,-0.38512294372674455,2.1981943846200958,2640.598398,27815,8093757,,,,,ok,,,/mnt/ssd1/29d_kon/acm_2026/outputs/coordinator/rc2_full_metrics_20260610_143622/MeshMamba/non_texture/baseline_cone/Rubber_Duck_v1_L3/recenter_rotx90p0_horizontaltovertical_blender_rig/Rubber_Duck_v1_L3_report.json,/mnt/ssd1/29d_kon/acm_2026/outputs/coordinator/rc2_full_metrics_20260610_143622/MeshMamba/_logs/non_texture/cone/Rubber_Duck_v1_L3.log,Rubber_Duck_v1_L3.csv,32868,,,52465,450,horizontal_to_vertical,json_camera_static.fov_degrees,60.000001669652114,35.98339890412515,-0.0511027511348209,0.42968625402922844,1.771167596947167,0.03192611994171688,0.10950401579425285,0.19076343628678574,0.32778387402040904,0.47718661594534606,0.41591004689137373,0.399743921976817,-0.25273350683204704,-0.46327098667947514,-0.534696272237977,5123855.598411834,2640.598398,,,0.7177737539311922,37658,52465,29714
non_texture,SLR_Camera_V1_L3,ok,,,/mnt/ssd1/29d_kon/acm_2026/outputs/coordinator/rc2_full_metrics_20260610_143622/MeshMamba/non_texture/baseline_screen_space/SLR_Camera_V1_L3/sigma0p05_recenter_rotx90p0_horizontaltovertical_blender_rig/SLR_Camera_V1_L3_report.json,/mnt/ssd1/29d_kon/acm_2026/outputs/coordinator/rc2_full_metrics_20260610_143622/MeshMamba/_logs/non_texture/screen_space/SLR_Camera_V1_L3.log,SLR_Camera_SG_V1_Iteration2.csv,32868,,,52465,450,horizontal_to_vertical,json_camera_static.fov_degrees,60.000001669652114,35.98339890412515,-0.1573138538528224,0.3720267933813565,2.8960703233893965,0.07960041987126928,0.2129458098996601,-0.10235349968468245,0.33152601121248393,0.35321752762986325,0.31792639310456183,0.4099064755681071,-0.45748138670443667,-0.581887966691834,-0.3917625526590199,1.4168437786006842,3402.2921220000003,30367,7402170,,,,,ok,,,/mnt/ssd1/29d_kon/acm_2026/outputs/coordinator/rc2_full_metrics_20260610_143622/MeshMamba/non_texture/baseline_cone/SLR_Camera_V1_L3/recenter_rotx90p0_horizontaltovertical_blender_rig/SLR_Camera_V1_L3_report.json,/mnt/ssd1/29d_kon/acm_2026/outputs/coordinator/rc2_full_metrics_20260610_143622/MeshMamba/_logs/non_texture/cone/SLR_Camera_V1_L3.log,SLR_Camera_SG_V1_Iteration2.csv,32868,,,52465,450,horizontal_to_vertical,json_camera_static.fov_degrees,60.000001669652114,35.98339890412515,0.10367784372193543,0.410393015623284,1.3265296704674423,0.03826179746001101,0.12643673037364853,0.16220922098205473,0.4308892171367934,0.6658385214602648,0.7273734472141649,0.6899157064830598,0.25951837606204925,0.37817959357332376,0.24799492564151995,3012781.3627572116,3402.2921220000003,,,0.9211283712951491,48327,52465,31486
non_texture,SeaHorse_v2_L3,ok,,,/mnt/ssd1/29d_kon/acm_2026/outputs/coordinator/rc2_full_metrics_20260610_143622/MeshMamba/non_texture/baseline_screen_space/SeaHorse_v2_L3/sigma0p05_recenter_rotx90p0_horizontaltovertical_blender_rig/SeaHorse_v2_L3_report.json,/mnt/ssd1/29d_kon/acm_2026/outputs/coordinator/rc2_full_metrics_20260610_143622/MeshMamba/_logs/non_texture/screen_space/SeaHorse_v2_L3.log,SeaHorse_v1_iterations-2.csv,32868,,,52465,450,horizontal_to_vertical,json_camera_static.fov_degrees,60.000001669652114,35.98339890412515,-0.0022416169726780085,0.7112734506812979,0.806842284708457,0.07200966612545527,0.20474722980464566,0.033640795654835645,0.7813239004881097,0.3886688967041114,0.2869957050007699,0.31048787748832796,-0.3371743448339151,-0.6755011702547382,-0.6739923793785872,4.41279491861885,12340.246732,32099,7594406,,,,,ok,,,/mnt/ssd1/29d_kon/acm_2026/outputs/coordinator/rc2_full_metrics_20260610_143622/MeshMamba/non_texture/baseline_cone/SeaHorse_v2_L3/recenter_rotx90p0_horizontaltovertical_blender_rig/SeaHorse_v2_L3_report.json,/mnt/ssd1/29d_kon/acm_2026/outputs/coordinator/rc2_full_metrics_20260610_143622/MeshMamba/_logs/non_texture/cone/SeaHorse_v2_L3.log,SeaHorse_v1_iterations-2.csv,32868,,,52465,450,horizontal_to_vertical,json_camera_static.fov_degrees,60.000001669652114,35.98339890412515,0.2323521394477203,0.6627878998202416,0.36409178848076074,0.08759076248836131,0.24936824978140995,0.28235874615457623,0.7390596042659671,0.7162363776475429,0.7490464280393208,0.6297341016359046,0.3533551428314791,0.3823438399222278,0.17401358976267717,26767324.892357282,12340.246732,,,0.7657867149528257,40177,52465,32868
non_texture,Seagull_v1_L3,ok,,,/mnt/ssd1/29d_kon/acm_2026/outputs/coordinator/rc2_full_metrics_20260610_143622/MeshMamba/non_texture/baseline_screen_space/Seagull_v1_L3/sigma0p05_recenter_rotx90p0_horizontaltovertical_blender_rig/Seagull_v1_L3_report.json,/mnt/ssd1/29d_kon/acm_2026/outputs/coordinator/rc2_full_metrics_20260610_143622/MeshMamba/_logs/non_texture/screen_space/Seagull_v1_L3.log,Seagull_v1_L3.csv,32868,,,52465,450,horizontal_to_vertical,json_camera_static.fov_degrees,60.000001669652114,35.98339890412515,-0.02241732174710817,0.5551128566543952,3.5956959647295728,0.12425518155423933,0.2884218546287686,-0.04930770993155538,0.6210664792972298,0.532849625083694,0.5145595588084031,0.5747183809636526,0.14625801978547287,0.10219265889300228,0.3410901711119705,2.2774389781655437,7690.103635,28366,7624630,,,,,ok,,,/mnt/ssd1/29d_kon/acm_2026/outputs/coordinator/rc2_full_metrics_20260610_143622/MeshMamba/non_texture/baseline_cone/Seagull_v1_L3/recenter_rotx90p0_horizontaltovertical_blender_rig/Seagull_v1_L3_report.json,/mnt/ssd1/29d_kon/acm_2026/outputs/coordinator/rc2_full_metrics_20260610_143622/MeshMamba/_logs/non_texture/cone/Seagull_v1_L3.log,Seagull_v1_L3.csv,32868,,,52465,450,horizontal_to_vertical,json_camera_static.fov_degrees,60.000001669652114,35.98339890412515,0.41190384440424466,0.5768429281315319,0.8188744300911379,0.05146041498209363,0.17543864515858965,0.09016067980813203,0.7032107942289335,0.7150170667939967,0.9204527071633087,0.9801063600929294,1.4811369758741983,2.6795030623142972,3.2818728009759894,7343649.285103122,7690.103635,,,0.4884589726484323,25627,52465,32821
non_texture,Seal_wooden_v1_L3,ok,,,/mnt/ssd1/29d_kon/acm_2026/outputs/coordinator/rc2_full_metrics_20260610_143622/MeshMamba/non_texture/baseline_screen_space/Seal_wooden_v1_L3/sigma0p05_recenter_rotx90p0_horizontaltovertical_blender_rig/Seal_wooden_v1_L3_report.json,/mnt/ssd1/29d_kon/acm_2026/outputs/coordinator/rc2_full_metrics_20260610_143622/MeshMamba/_logs/non_texture/screen_space/Seal_wooden_v1_L3.log,Seal_wooden_v1_L3.csv,32868,,,53964,450,horizontal_to_vertical,json_camera_static.fov_degrees,60.000001669652114,35.98339890412515,0.24646701790254222,0.6040868879921897,1.8714086296160473,0.06576744888054943,0.2097612259298307,0.2043052738721338,0.7029067492350947,0.6028877287607641,0.6897814991805542,0.951079046504961,0.4353922534487799,0.8498213927687597,1.821903137772631,2.2375644806158173,6367.140573000001,29605,7783078,,,,,ok,,,/mnt/ssd1/29d_kon/acm_2026/outputs/coordinator/rc2_full_metrics_20260610_143622/MeshMamba/non_texture/baseline_cone/Seal_wooden_v1_L3/recenter_rotx90p0_horizontaltovertical_blender_rig/Seal_wooden_v1_L3_report.json,/mnt/ssd1/29d_kon/acm_2026/outputs/coordinator/rc2_full_metrics_20260610_143622/MeshMamba/_logs/non_texture/cone/Seal_wooden_v1_L3.log,Seal_wooden_v1_L3.csv,32868,,,53964,450,horizontal_to_vertical,json_camera_static.fov_degrees,60.000001669652114,35.98339890412515,0.4086280682526434,0.5511486058733804,1.4916513819554487,0.04042399013781728,0.1471205095493095,0.1665477425881938,0.6589904630495593,0.5867695787716458,0.680861250282863,0.9877628725351882,0.8298924775780007,1.6299835202397333,4.053234230302728,7018313.657479895,6367.140573000001,,,0.7871914609739826,42480,53964,32154
non_texture,Sheep_doll_v1_L3,ok,,,/mnt/ssd1/29d_kon/acm_2026/outputs/coordinator/rc2_full_metrics_20260610_143622/MeshMamba/non_texture/baseline_screen_space/Sheep_doll_v1_L3/sigma0p05_recenter_rotx90p0_horizontaltovertical_blender_rig/Sheep_doll_v1_L3_report.json,/mnt/ssd1/29d_kon/acm_2026/outputs/coordinator/rc2_full_metrics_20260610_143622/MeshMamba/_logs/non_texture/screen_space/Sheep_doll_v1_L3.log,Sheep_doll_v1_iterations-2.csv,32868,,,52465,450,horizontal_to_vertical,json_camera_static.fov_degrees,60.000001669652114,35.98339890412515,0.25373032053073563,0.6082507063859593,1.3239549410996836,0.039071229431057126,0.14816598378652596,0.3190564722164587,0.6783235816403178,0.6815690962634224,0.6583844863549344,0.4875669421151013,0.5230138081726924,0.5091254785546845,-0.1341704496424631,2.359667041904766,5166.721262,30964,7860098,,,,,ok,,,/mnt/ssd1/29d_kon/acm_2026/outputs/coordinator/rc2_full_metrics_20260610_143622/MeshMamba/non_texture/baseline_cone/Sheep_doll_v1_L3/recenter_rotx90p0_horizontaltovertical_blender_rig/Sheep_doll_v1_L3_report.json,/mnt/ssd1/29d_kon/acm_2026/outputs/coordinator/rc2_full_metrics_20260610_143622/MeshMamba/_logs/non_texture/cone/Sheep_doll_v1_L3.log,Sheep_doll_v1_iterations-2.csv,32868,,,52465,450,horizontal_to_vertical,json_camera_static.fov_degrees,60.000001669652114,35.98339890412515,0.22105674188422894,0.5400645599625886,0.9346250806905319,0.034138659366487356,0.12967361883522494,0.21637199204124116,0.5913623859199553,0.6488692796059747,0.6245507795332432,0.3588115584655906,0.5005040335970597,0.515012052545506,-0.40436408525860024,5537435.078362111,5166.721262,,,0.6101591537215286,32012,52465,32868
non_texture,SittingBaby_v1_L1,ok,,,/mnt/ssd1/29d_kon/acm_2026/outputs/coordinator/rc2_full_metrics_20260610_143622/MeshMamba/non_texture/baseline_screen_space/SittingBaby_v1_L1/sigma0p05_recenter_rotx90p0_horizontaltovertical_blender_rig/SittingBaby_v1_L1_report.json,/mnt/ssd1/29d_kon/acm_2026/outputs/coordinator/rc2_full_metrics_20260610_143622/MeshMamba/_logs/non_texture/screen_space/SittingBaby_v1_L1.log,SittingBaby.csv,32868,,,52465,450,horizontal_to_vertical,json_camera_static.fov_degrees,60.000001669652114,35.98339890412515,0.02770720535364409,0.5417407330867943,2.221825321134261,0.09801997787126683,0.2507061192137947,0.13664376559954813,0.42424023724901405,0.5386790779447997,0.4990802079690399,0.4299325728461829,0.26189258826976586,0.180073614776728,-0.3083301750093757,2.4336335936802542,1712.867961,29981,7902073,,,,,ok,,,/mnt/ssd1/29d_kon/acm_2026/outputs/coordinator/rc2_full_metrics_20260610_143622/MeshMamba/non_texture/baseline_cone/SittingBaby_v1_L1/recenter_rotx90p0_horizontaltovertical_blender_rig/SittingBaby_v1_L1_report.json,/mnt/ssd1/29d_kon/acm_2026/outputs/coordinator/rc2_full_metrics_20260610_143622/MeshMamba/_logs/non_texture/cone/SittingBaby_v1_L1.log,SittingBaby.csv,32868,,,52465,450,horizontal_to_vertical,json_camera_static.fov_degrees,60.000001669652114,35.98339890412515,0.0837169570209641,0.4630147874883299,1.6041151848632413,0.019059203783428975,0.06858651955362201,0.09754884482771647,0.3293672519770403,0.501888468706947,0.43592044736938895,0.21310111756469743,0.8662535991404922,1.012385314628862,-0.48685270213432236,7173831.908745073,1712.867961,,,0.8296959878013914,43530,52465,32227
non_texture,Sitting_inside_an_egg_v1_L1,ok,,,/mnt/ssd1/29d_kon/acm_2026/outputs/coordinator/rc2_full_metrics_20260610_143622/MeshMamba/non_texture/baseline_screen_space/Sitting_inside_an_egg_v1_L1/sigma0p05_recenter_rotx90p0_horizontaltovertical_blender_rig/Sitting_inside_an_egg_v1_L1_report.json,/mnt/ssd1/29d_kon/acm_2026/outputs/coordinator/rc2_full_metrics_20260610_143622/MeshMamba/_logs/non_texture/screen_space/Sitting_inside_an_egg_v1_L1.log,Sitting_inside_an_egg_Texture.csv,32868,,,53964,450,horizontal_to_vertical,json_camera_static.fov_degrees,60.000001669652114,35.98339890412515,0.3153278100783849,0.5793662747078263,1.296722241403537,0.05604089389862411,0.183673527514406,0.3849923663429374,0.6548324231375096,0.6993637956150719,0.6711049870864823,0.6908446828967736,0.6340276333651327,0.55416498472193,0.6455843212246888,4.2184414891633315,3848.2654460000003,30033,7325375,,,,,ok,,,/mnt/ssd1/29d_kon/acm_2026/outputs/coordinator/rc2_full_metrics_20260610_143622/MeshMamba/non_texture/baseline_cone/Sitting_inside_an_egg_v1_L1/recenter_rotx90p0_horizontaltovertical_blender_rig/Sitting_inside_an_egg_v1_L1_report.json,/mnt/ssd1/29d_kon/acm_2026/outputs/coordinator/rc2_full_metrics_20260610_143622/MeshMamba/_logs/non_texture/cone/Sitting_inside_an_egg_v1_L1.log,Sitting_inside_an_egg_Texture.csv,32868,,,53964,450,horizontal_to_vertical,json_camera_static.fov_degrees,60.000001669652114,35.98339890412515,0.3016694407508717,0.5027925866761873,0.9010391634202134,0.03461840392202613,0.11516705173346606,0.40990130373296313,0.5473623808586666,0.7024999406835643,0.6767758561010839,0.6933583370752384,0.7785358702431254,0.7710565464457403,0.45638085102781967,14033097.158515252,3848.2654460000003,,,0.9424060484767622,50856,53964,32675
non_texture,Soda_Can_v3_L3,ok,,,/mnt/ssd1/29d_kon/acm_2026/outputs/coordinator/rc2_full_metrics_20260610_143622/MeshMamba/non_texture/baseline_screen_space/Soda_Can_v3_L3/sigma0p05_recenter_rotx90p0_horizontaltovertical_blender_rig/Soda_Can_v3_L3_report.json,/mnt/ssd1/29d_kon/acm_2026/outputs/coordinator/rc2_full_metrics_20260610_143622/MeshMamba/_logs/non_texture/screen_space/Soda_Can_v3_L3.log,Soda_Can_v3_l3.csv,32868,,,53964,450,horizontal_to_vertical,json_camera_static.fov_degrees,60.000001669652114,35.98339890412515,0.6324788374705771,0.664329903879131,1.7427801787492432,0.04633064628957138,0.13025568968185802,0.5367500716723385,0.7737501485607832,0.9179067418510762,0.9280861141189666,0.9121552150045618,1.6071014880972678,1.838307807166119,1.8361772962848384,3.7691338813863937,4650.378855,29151,7700961,,,,,ok,,,/mnt/ssd1/29d_kon/acm_2026/outputs/coordinator/rc2_full_metrics_20260610_143622/MeshMamba/non_texture/baseline_cone/Soda_Can_v3_L3/recenter_rotx90p0_horizontaltovertical_blender_rig/Soda_Can_v3_L3_report.json,/mnt/ssd1/29d_kon/acm_2026/outputs/coordinator/rc2_full_metrics_20260610_143622/MeshMamba/_logs/non_texture/cone/Soda_Can_v3_L3.log,Soda_Can_v3_l3.csv,32868,,,53964,450,horizontal_to_vertical,json_camera_static.fov_degrees,60.000001669652114,35.98339890412515,0.834721398488244,0.6961699119647935,1.2346569137567753,0.014168985164814026,0.07997853020444348,0.5689215404595162,0.8711334452582052,0.9649111733930545,0.9838876748374357,0.9747327756610236,2.3591662891249587,3.0787536415636017,3.2748999326145753,19244607.74515966,4650.378855,,,0.9735749759098659,52538,53964,31617
non_texture,Spark_Plug_v1_L3,ok,,,/mnt/ssd1/29d_kon/acm_2026/outputs/coordinator/rc2_full_metrics_20260610_143622/MeshMamba/non_texture/baseline_screen_space/Spark_Plug_v1_L3/sigma0p05_recenter_rotx90p0_horizontaltovertical_blender_rig/Spark_Plug_v1_L3_report.json,/mnt/ssd1/29d_kon/acm_2026/outputs/coordinator/rc2_full_metrics_20260610_143622/MeshMamba/_logs/non_texture/screen_space/Spark_Plug_v1_L3.log,Spark_Plug_v1_l3.csv,32868,,,52465,450,horizontal_to_vertical,json_camera_static.fov_degrees,60.000001669652114,35.98339890412515,-0.2658808317638845,0.5553356793294285,1.4376418174538508,0.09363875833343602,0.24967007267800892,-0.21414848433375316,0.5691063968290105,0.31729713961490774,0.36832408067161515,0.355614786688987,-0.5516033926577748,-0.4385456270499057,-0.5205360213877521,2.9430539233415147,6913.158081,31021,7626023,,,,,ok,,,/mnt/ssd1/29d_kon/acm_2026/outputs/coordinator/rc2_full_metrics_20260610_143622/MeshMamba/non_texture/baseline_cone/Spark_Plug_v1_L3/recenter_rotx90p0_horizontaltovertical_blender_rig/Spark_Plug_v1_L3_report.json,/mnt/ssd1/29d_kon/acm_2026/outputs/coordinator/rc2_full_metrics_20260610_143622/MeshMamba/_logs/non_texture/cone/Spark_Plug_v1_L3.log,Spark_Plug_v1_l3.csv,32868,,,52465,450,horizontal_to_vertical,json_camera_static.fov_degrees,60.000001669652114,35.98339890412515,-0.31436945576988695,0.3352007316370965,2.9340860271764493,0.08918271660167063,0.22580775826893604,-0.2728171385083733,0.2810200139147677,0.3228978041729089,0.39418828582168686,0.47732671694130707,-0.5590251311578149,-0.5192197301028061,-0.46266408020899047,6516026.005041025,6913.158081,,,0.36780710950157247,19297,52465,31464
non_texture,Spinning_Top_v1_L3,ok,,,/mnt/ssd1/29d_kon/acm_2026/outputs/coordinator/rc2_full_metrics_20260610_143622/MeshMamba/non_texture/baseline_screen_space/Spinning_Top_v1_L3/sigma0p05_recenter_rotx90p0_horizontaltovertical_blender_rig/Spinning_Top_v1_L3_report.json,/mnt/ssd1/29d_kon/acm_2026/outputs/coordinator/rc2_full_metrics_20260610_143622/MeshMamba/_logs/non_texture/screen_space/Spinning_Top_v1_L3.log,Spinning_Top_v1_L3.csv,32868,,,52465,450,horizontal_to_vertical,json_camera_static.fov_degrees,60.000001669652114,35.98339890412515,-0.2699757453076785,0.4002006230546497,5.198637001503849,0.19187450112652332,0.3664307933620445,-0.18341276188504957,0.40797700517596724,0.3435465574165049,0.5083632988972859,0.6123424394817871,-0.48746627150065236,0.020680324974745992,0.36542483221265726,2.37110689658868,7172.3753830000005,26780,7887002,,,,,ok,,,/mnt/ssd1/29d_kon/acm_2026/outputs/coordinator/rc2_full_metrics_20260610_143622/MeshMamba/non_texture/baseline_cone/Spinning_Top_v1_L3/recenter_rotx90p0_horizontaltovertical_blender_rig/Spinning_Top_v1_L3_report.json,/mnt/ssd1/29d_kon/acm_2026/outputs/coordinator/rc2_full_metrics_20260610_143622/MeshMamba/_logs/non_texture/cone/Spinning_Top_v1_L3.log,Spinning_Top_v1_L3.csv,32868,,,52465,450,horizontal_to_vertical,json_camera_static.fov_degrees,60.000001669652114,35.98339890412515,-0.2760140585730248,0.3577063075733022,8.809278979183357,0.15666634909425983,0.31016077245058954,-0.2526053411905129,0.3377241278233134,0.48742213875742907,0.6159748755246603,0.6574289482501755,-0.4345190866016057,0.04148232466411133,0.20798621915461366,9735304.359816462,7172.3753830000005,,,0.9136376632040408,47934,52465,25552
non_texture,Squirrel_wooden_v2_L3,ok,,,/mnt/ssd1/29d_kon/acm_2026/outputs/coordinator/rc2_full_metrics_20260610_143622/MeshMamba/non_texture/baseline_screen_space/Squirrel_wooden_v2_L3/sigma0p05_recenter_rotx90p0_horizontaltovertical_blender_rig/Squirrel_wooden_v2_L3_report.json,/mnt/ssd1/29d_kon/acm_2026/outputs/coordinator/rc2_full_metrics_20260610_143622/MeshMamba/_logs/non_texture/screen_space/Squirrel_wooden_v2_L3.log,Squirrel_wooden_v2_L3.csv,32868,,,53964,450,horizontal_to_vertical,json_camera_static.fov_degrees,60.000001669652114,35.98339890412515,0.08205282758757984,0.6042533149498974,1.1914663511188932,0.034936171636974024,0.14280241473006502,0.07019510089283568,0.6593575274939832,0.6264888978195792,0.6638581596725459,0.7325408714592758,0.2627988444076585,0.35737289667344696,0.6236463317236458,1.7602609245252792,5229.3140809999995,31024,7871883,,,,,ok,,,/mnt/ssd1/29d_kon/acm_2026/outputs/coordinator/rc2_full_metrics_20260610_143622/MeshMamba/non_texture/baseline_cone/Squirrel_wooden_v2_L3/recenter_rotx90p0_horizontaltovertical_blender_rig/Squirrel_wooden_v2_L3_report.json,/mnt/ssd1/29d_kon/acm_2026/outputs/coordinator/rc2_full_metrics_20260610_143622/MeshMamba/_logs/non_texture/cone/Squirrel_wooden_v2_L3.log,Squirrel_wooden_v2_L3.csv,32868,,,53964,450,horizontal_to_vertical,json_camera_static.fov_degrees,60.000001669652114,35.98339890412515,-0.05038833626379172,0.520574135293248,1.0017716467104263,0.04244417841936935,0.14558560559887135,-0.05605378078440645,0.5072155042534715,0.47379441516755666,0.444836761119558,0.5439925678150447,-0.0554000670599815,-0.22682317760725892,-0.08219892423635235,4069835.280183931,5229.3140809999995,,,0.74210584834334,40047,53964,32705
non_texture,StandingBaby_v2_L1,ok,,,/mnt/ssd1/29d_kon/acm_2026/outputs/coordinator/rc2_full_metrics_20260610_143622/MeshMamba/non_texture/baseline_screen_space/StandingBaby_v2_L1/sigma0p05_recenter_rotx90p0_horizontaltovertical_blender_rig/StandingBaby_v2_L1_report.json,/mnt/ssd1/29d_kon/acm_2026/outputs/coordinator/rc2_full_metrics_20260610_143622/MeshMamba/_logs/non_texture/screen_space/StandingBaby_v2_L1.log,StandingBaby.csv,32868,,,52465,450,horizontal_to_vertical,json_camera_static.fov_degrees,60.000001669652114,35.98339890412515,0.2650464452592512,0.6516001301715099,0.9681091112799836,0.06245435879270632,0.20400476338146742,0.14256837447057683,0.7607150466571434,0.7612182292864769,0.8042195924527457,0.9057868458247578,0.8925514944885433,1.1276440246982284,1.6057038745935042,3.713731883723832,8509.269993,31710,7843286,,,,,ok,,,/mnt/ssd1/29d_kon/acm_2026/outputs/coordinator/rc2_full_metrics_20260610_143622/MeshMamba/non_texture/baseline_cone/StandingBaby_v2_L1/recenter_rotx90p0_horizontaltovertical_blender_rig/StandingBaby_v2_L1_report.json,/mnt/ssd1/29d_kon/acm_2026/outputs/coordinator/rc2_full_metrics_20260610_143622/MeshMamba/_logs/non_texture/cone/StandingBaby_v2_L1.log,StandingBaby.csv,32868,,,52465,450,horizontal_to_vertical,json_camera_static.fov_degrees,60.000001669652114,35.98339890412515,0.5854920081913593,0.6042600892661041,0.7004857036890385,0.04604563595536852,0.15940963314886475,0.14457066356038184,0.7744258755329101,0.8323757478537555,0.8687741972610751,0.959226996344158,1.5601016342630243,1.9886174469577889,3.018155104804009,16797994.753283687,8509.269993,,,0.8300771943200229,43550,52465,32868
non_texture,Starfruit_L3,ok,,,/mnt/ssd1/29d_kon/acm_2026/outputs/coordinator/rc2_full_metrics_20260610_143622/MeshMamba/non_texture/baseline_screen_space/Starfruit_L3/sigma0p05_recenter_rotx90p0_horizontaltovertical_blender_rig/Starfruit_L3_report.json,/mnt/ssd1/29d_kon/acm_2026/outputs/coordinator/rc2_full_metrics_20260610_143622/MeshMamba/_logs/non_texture/screen_space/Starfruit_L3.log,Starfruit-L3.csv,32868,,,53964,450,horizontal_to_vertical,json_camera_static.fov_degrees,60.000001669652114,35.98339890412515,-0.17885084045883612,0.656259409814507,0.7256211082541931,0.06613451721223246,0.21357642756296324,-0.30924232644862126,0.7336093760328884,0.48728112659410927,0.4988553883156821,0.4211938425817941,0.1220797458763144,0.14589292445676835,-0.30059840539905086,3.0437838135184014,10666.68505,32363,7852004,,,,,ok,,,/mnt/ssd1/29d_kon/acm_2026/outputs/coordinator/rc2_full_metrics_20260610_143622/MeshMamba/non_texture/baseline_cone/Starfruit_L3/recenter_rotx90p0_horizontaltovertical_blender_rig/Starfruit_L3_report.json,/mnt/ssd1/29d_kon/acm_2026/outputs/coordinator/rc2_full_metrics_20260610_143622/MeshMamba/_logs/non_texture/cone/Starfruit_L3.log,Starfruit-L3.csv,32868,,,53964,450,horizontal_to_vertical,json_camera_static.fov_degrees,60.000001669652114,35.98339890412515,0.12605067434300526,0.5493761073949441,0.5715803359538864,0.10189315029879219,0.26562282660119657,-0.04690926287668442,0.5850214493130165,0.5587984467825433,0.5544440517089293,0.5206734383084466,0.48082084418114296,0.47150873412454025,-0.21182658791195438,15172171.402606763,10666.68505,,,0.9115336150025943,49190,53964,32868
non_texture,Statue_v1_L2_David,ok,,,/mnt/ssd1/29d_kon/acm_2026/outputs/coordinator/rc2_full_metrics_20260610_143622/MeshMamba/non_texture/baseline_screen_space/Statue_v1_L2_David/sigma0p05_recenter_rotx90p0_horizontaltovertical_blender_rig/Statue_v1_L2_David_report.json,/mnt/ssd1/29d_kon/acm_2026/outputs/coordinator/rc2_full_metrics_20260610_143622/MeshMamba/_logs/non_texture/screen_space/Statue_v1_L2_David.log,Statue_v1_L2_David.csv,32868,,,53964,450,horizontal_to_vertical,json_camera_static.fov_degrees,60.000001669652114,35.98339890412515,0.4629279982253707,0.6331578475173583,0.9079266824222867,0.047881402953377346,0.1756131152220109,0.4033697618262844,0.7475739486492486,0.8429667270431022,0.8206912141169092,0.834585591048049,1.0813996549388674,1.0569766668474179,1.180944659188117,3.9827162459320906,6215.5208569999995,31165,7234712,,,,,ok,,,/mnt/ssd1/29d_kon/acm_2026/outputs/coordinator/rc2_full_metrics_20260610_143622/MeshMamba/non_texture/baseline_cone/Statue_v1_L2_David/recenter_rotx90p0_horizontaltovertical_blender_rig/Statue_v1_L2_David_report.json,/mnt/ssd1/29d_kon/acm_2026/outputs/coordinator/rc2_full_metrics_20260610_143622/MeshMamba/_logs/non_texture/cone/Statue_v1_L2_David.log,Statue_v1_L2_David.csv,32868,,,53964,450,horizontal_to_vertical,json_camera_static.fov_degrees,60.000001669652114,35.98339890412515,0.7205812036044875,0.7035298751626136,0.34011021069510233,0.026341347144751066,0.11900334303943844,0.5313298105594461,0.8527739093320164,0.9450512696098158,0.9302319578551154,0.92495584676457,1.7663163025599646,1.8109677494477563,1.9387654826042726,27163147.441239357,6215.5208569999995,,,0.7717923059817656,41649,53964,32868
non_texture,Statue_v1_L2_Venus,ok,,,/mnt/ssd1/29d_kon/acm_2026/outputs/coordinator/rc2_full_metrics_20260610_143622/MeshMamba/non_texture/baseline_screen_space/Statue_v1_L2_Venus/sigma0p05_recenter_rotx90p0_horizontaltovertical_blender_rig/Statue_v1_L2_Venus_report.json,/mnt/ssd1/29d_kon/acm_2026/outputs/coordinator/rc2_full_metrics_20260610_143622/MeshMamba/_logs/non_texture/screen_space/Statue_v1_L2_Venus.log,Statue_v1_L2_Venus.csv,32868,,,52465,450,horizontal_to_vertical,json_camera_static.fov_degrees,60.000001669652114,35.98339890412515,0.5095626733154814,0.5756643954508538,0.7605834672034213,0.05875904607786934,0.19523039881072707,0.64486754006346,0.7184646527588235,0.8147602731001726,0.8265363595163244,0.8541705529702912,0.8996102229310404,0.9758012357601361,1.0961007057398537,4.2428274587732435,6256.65759,31067,7610068,,,,,ok,,,/mnt/ssd1/29d_kon/acm_2026/outputs/coordinator/rc2_full_metrics_20260610_143622/MeshMamba/non_texture/baseline_cone/Statue_v1_L2_Venus/recenter_rotx90p0_horizontaltovertical_blender_rig/Statue_v1_L2_Venus_report.json,/mnt/ssd1/29d_kon/acm_2026/outputs/coordinator/rc2_full_metrics_20260610_143622/MeshMamba/_logs/non_texture/cone/Statue_v1_L2_Venus.log,Statue_v1_L2_Venus.csv,32868,,,52465,450,horizontal_to_vertical,json_camera_static.fov_degrees,60.000001669652114,35.98339890412515,0.5113878031541714,0.5857729395381177,0.5118771400400254,0.06538100371199024,0.17358992291135578,0.6948335023769873,0.7109379398894315,0.8659187012375573,0.8828078294474336,0.8696923056372567,1.2259046807320602,1.4067199034884426,1.4177227431429895,38582149.33520135,6256.65759,,,0.8292004193271705,43504,52465,32868
non_texture,Statue_v1_L3_eagle,ok,,,/mnt/ssd1/29d_kon/acm_2026/outputs/coordinator/rc2_full_metrics_20260610_143622/MeshMamba/non_texture/baseline_screen_space/Statue_v1_L3_eagle/sigma0p05_recenter_rotx90p0_horizontaltovertical_blender_rig/Statue_v1_L3_eagle_report.json,/mnt/ssd1/29d_kon/acm_2026/outputs/coordinator/rc2_full_metrics_20260610_143622/MeshMamba/_logs/non_texture/screen_space/Statue_v1_L3_eagle.log,Statue_v1_l3_eagle.csv,32868,,,52465,450,horizontal_to_vertical,json_camera_static.fov_degrees,60.000001669652114,35.98339890412515,0.17560664622744715,0.6545503736326257,0.8326992685323875,0.09729889400182103,0.2576331740691652,0.2502526407036624,0.709989843317912,0.6176644016855761,0.5846010157823572,0.3452973569897091,0.2941371613101648,0.18139545356473413,-0.5908057730940329,3.085093945158665,5575.5405470000005,31496,6879940,,,,,ok,,,/mnt/ssd1/29d_kon/acm_2026/outputs/coordinator/rc2_full_metrics_20260610_143622/MeshMamba/non_texture/baseline_cone/Statue_v1_L3_eagle/recenter_rotx90p0_horizontaltovertical_blender_rig/Statue_v1_L3_eagle_report.json,/mnt/ssd1/29d_kon/acm_2026/outputs/coordinator/rc2_full_metrics_20260610_143622/MeshMamba/_logs/non_texture/cone/Statue_v1_L3_eagle.log,Statue_v1_l3_eagle.csv,32868,,,52465,450,horizontal_to_vertical,json_camera_static.fov_degrees,60.000001669652114,35.98339890412515,0.2810445051268557,0.6464304154246038,0.5275934033061027,0.030211406502382847,0.11473946966909777,0.3468353841139323,0.6805371047251385,0.6891274911733184,0.6353974682118005,0.25351051733010405,0.6858880415084067,0.5484636421514069,-0.6784448938771703,11244899.606160697,5575.5405470000005,,,0.6897169541599162,36186,52465,32757
non_texture,Statue_willendorf_V1_L3,ok,,,/mnt/ssd1/29d_kon/acm_2026/outputs/coordinator/rc2_full_metrics_20260610_143622/MeshMamba/non_texture/baseline_screen_space/Statue_willendorf_V1_L3/sigma0p05_recenter_rotx90p0_horizontaltovertical_blender_rig/Statue_willendorf_V1_L3_report.json,/mnt/ssd1/29d_kon/acm_2026/outputs/coordinator/rc2_full_metrics_20260610_143622/MeshMamba/_logs/non_texture/screen_space/Statue_willendorf_V1_L3.log,Statue_willendorf_V1_L3.csv,32868,,,55463,450,horizontal_to_vertical,json_camera_static.fov_degrees,60.000001669652114,35.98339890412515,0.10451069576605511,0.6391282508222045,0.9786099204224258,0.0738224520575337,0.2247621728933408,0.12170795252128203,0.7241598850039436,0.564759622599164,0.5749224620090728,0.7193332929173324,0.16736147804025034,0.17232320240970458,0.5531794641511903,3.1194546853792824,6551.697971,32235,7991742,,,,,ok,,,/mnt/ssd1/29d_kon/acm_2026/outputs/coordinator/rc2_full_metrics_20260610_143622/MeshMamba/non_texture/baseline_cone/Statue_willendorf_V1_L3/recenter_rotx90p0_horizontaltovertical_blender_rig/Statue_willendorf_V1_L3_report.json,/mnt/ssd1/29d_kon/acm_2026/outputs/coordinator/rc2_full_metrics_20260610_143622/MeshMamba/_logs/non_texture/cone/Statue_willendorf_V1_L3.log,Statue_willendorf_V1_L3.csv,32868,,,55463,450,horizontal_to_vertical,json_camera_static.fov_degrees,60.000001669652114,35.98339890412515,-0.015298743019042303,0.5147927784483795,0.9258997636944413,0.0666714726247931,0.2028125191317628,-0.07609463998975077,0.567160488113212,0.46220766034718735,0.47067209553384914,0.6560111966645402,-0.13988299175301291,-0.14970962773431928,0.21185670251658223,11448740.34462012,6551.697971,,,0.9500928546959234,52695,55463,32868
non_texture,Stone_Chess_Bishop_Side_A_v2_L1,ok,,,/mnt/ssd1/29d_kon/acm_2026/outputs/coordinator/rc2_full_metrics_20260610_143622/MeshMamba/non_texture/baseline_screen_space/Stone_Chess_Bishop_Side_A_v2_L1/sigma0p05_recenter_rotx90p0_horizontaltovertical_blender_rig/Stone_Chess_Bishop_Side_A_v2_L1_report.json,/mnt/ssd1/29d_kon/acm_2026/outputs/coordinator/rc2_full_metrics_20260610_143622/MeshMamba/_logs/non_texture/screen_space/Stone_Chess_Bishop_Side_A_v2_L1.log,Stone_Chess_Bishop_V2_l1.csv,32868,,,52465,450,horizontal_to_vertical,json_camera_static.fov_degrees,60.000001669652114,35.98339890412515,0.5188411689074625,0.6571247110777925,0.8886264139796971,0.04210022944185608,0.1634453858933323,0.572644428761837,0.7646043963428018,0.8291263487598474,0.8360524813092182,0.9188146074138203,1.079422828252648,1.1831631547826091,1.3844673780275216,4.098727458804235,5285.834689,30984,7785824,,,,,ok,,,/mnt/ssd1/29d_kon/acm_2026/outputs/coordinator/rc2_full_metrics_20260610_143622/MeshMamba/non_texture/baseline_cone/Stone_Chess_Bishop_Side_A_v2_L1/recenter_rotx90p0_horizontaltovertical_blender_rig/Stone_Chess_Bishop_Side_A_v2_L1_report.json,/mnt/ssd1/29d_kon/acm_2026/outputs/coordinator/rc2_full_metrics_20260610_143622/MeshMamba/_logs/non_texture/cone/Stone_Chess_Bishop_Side_A_v2_L1.log,Stone_Chess_Bishop_V2_l1.csv,32868,,,52465,450,horizontal_to_vertical,json_camera_static.fov_degrees,60.000001669652114,35.98339890412515,0.6090696092075384,0.6770144593161106,0.36716445079231463,0.02403312270598195,0.10490068148223398,0.6401176634460652,0.7896256290581584,0.8675387727140939,0.9093245580322828,0.9056010505420151,1.3984509893550867,1.6814392954050148,1.4316170212223325,20324444.352579206,5285.834689,,,0.9291718288382731,48749,52465,32813
non_texture,Stone_Chess_Knight_Side_A_v2_L1,ok,,,/mnt/ssd1/29d_kon/acm_2026/outputs/coordinator/rc2_full_metrics_20260610_143622/MeshMamba/non_texture/baseline_screen_space/Stone_Chess_Knight_Side_A_v2_L1/sigma0p05_recenter_rotx90p0_horizontaltovertical_blender_rig/Stone_Chess_Knight_Side_A_v2_L1_report.json,/mnt/ssd1/29d_kon/acm_2026/outputs/coordinator/rc2_full_metrics_20260610_143622/MeshMamba/_logs/non_texture/screen_space/Stone_Chess_Knight_Side_A_v2_L1.log,Stone_Chess_Knight_Side_A_v2_l1.csv,32868,,,53964,450,horizontal_to_vertical,json_camera_static.fov_degrees,60.000001669652114,35.98339890412515,0.2075304330740762,0.6209483242249965,1.1326978649373083,0.05461876560773884,0.1908249483509951,0.24345417539085826,0.7002748498937297,0.6208619458216068,0.6767719988772751,0.7235700605614156,0.35116240925727377,0.4971901878775956,0.6692527499389718,3.353244989149717,5938.732939,31265,7775342,,,,,ok,,,/mnt/ssd1/29d_kon/acm_2026/outputs/coordinator/rc2_full_metrics_20260610_143622/MeshMamba/non_texture/baseline_cone/Stone_Chess_Knight_Side_A_v2_L1/recenter_rotx90p0_horizontaltovertical_blender_rig/Stone_Chess_Knight_Side_A_v2_L1_report.json,/mnt/ssd1/29d_kon/acm_2026/outputs/coordinator/rc2_full_metrics_20260610_143622/MeshMamba/_logs/non_texture/cone/Stone_Chess_Knight_Side_A_v2_L1.log,Stone_Chess_Knight_Side_A_v2_l1.csv,32868,,,53964,450,horizontal_to_vertical,json_camera_static.fov_degrees,60.000001669652114,35.98339890412515,0.23830298813423959,0.5889203950865627,1.0265029134953578,0.04135618378150265,0.14785076560618204,0.2775303200716079,0.6529920141415874,0.601779403599489,0.6688377576859276,0.6422829896618797,0.29184149690098576,0.570753718055447,0.439214263504124,10883566.653572705,5938.732939,,,0.7466644429619747,40293,53964,32610
non_texture,TomatoBeefSteak_V1_L3,ok,,,/mnt/ssd1/29d_kon/acm_2026/outputs/coordinator/rc2_full_metrics_20260610_143622/MeshMamba/non_texture/baseline_screen_space/TomatoBeefSteak_V1_L3/sigma0p05_recenter_rotx90p0_horizontaltovertical_blender_rig/TomatoBeefSteak_V1_L3_report.json,/mnt/ssd1/29d_kon/acm_2026/outputs/coordinator/rc2_full_metrics_20260610_143622/MeshMamba/_logs/non_texture/screen_space/TomatoBeefSteak_V1_L3.log,TomatoBeefSteak_v1.csv,32868,,,52465,450,horizontal_to_vertical,json_camera_static.fov_degrees,60.000001669652114,35.98339890412515,0.4746250679668921,0.6060445182087597,2.123215736148445,0.07677379455240968,0.20079688620536912,0.45053235861304086,0.7224672992643563,0.6955757765436781,0.6546646225718191,0.6850352875590674,0.5410212350949136,0.40032907215814223,0.5988504983540448,3.5860331288233454,7835.041499,28246,7793548,,,,,ok,,,/mnt/ssd1/29d_kon/acm_2026/outputs/coordinator/rc2_full_metrics_20260610_143622/MeshMamba/non_texture/baseline_cone/TomatoBeefSteak_V1_L3/recenter_rotx90p0_horizontaltovertical_blender_rig/TomatoBeefSteak_V1_L3_report.json,/mnt/ssd1/29d_kon/acm_2026/outputs/coordinator/rc2_full_metrics_20260610_143622/MeshMamba/_logs/non_texture/cone/TomatoBeefSteak_V1_L3.log,TomatoBeefSteak_v1.csv,32868,,,52465,450,horizontal_to_vertical,json_camera_static.fov_degrees,60.000001669652114,35.98339890412515,0.5893529314752798,0.6507542131817527,1.5895921638739052,0.053451628495323034,0.15209603607648875,0.5928525159921281,0.7639527721061937,0.7492893777854492,0.6760555585166567,0.7023293347959068,0.6297357116805418,0.31623573816087047,0.5134076013416029,12529452.78192551,7835.041499,,,0.9203659582578863,48287,52465,28714
non_texture,Tricorn_Hat_v1_L2,ok,,,/mnt/ssd1/29d_kon/acm_2026/outputs/coordinator/rc2_full_metrics_20260610_143622/MeshMamba/non_texture/baseline_screen_space/Tricorn_Hat_v1_L2/sigma0p05_recenter_rotx90p0_horizontaltovertical_blender_rig/Tricorn_Hat_v1_L2_report.json,/mnt/ssd1/29d_kon/acm_2026/outputs/coordinator/rc2_full_metrics_20260610_143622/MeshMamba/_logs/non_texture/screen_space/Tricorn_Hat_v1_L2.log,Tricorn_Hat_v1_l2.csv,32868,,,52465,450,horizontal_to_vertical,json_camera_static.fov_degrees,60.000001669652114,35.98339890412515,0.01979499988074856,0.566016673681726,3.4299334608851875,0.1068995311881678,0.2604407874256206,-0.02409042779107278,0.6248122455608117,0.5184319486520318,0.5394445161342607,0.5452998604153388,0.12627991574551328,0.2143841498746187,0.15721559279255454,2.8339891638195844,8102.453899,28682,7434612,,,,,ok,,,/mnt/ssd1/29d_kon/acm_2026/outputs/coordinator/rc2_full_metrics_20260610_143622/MeshMamba/non_texture/baseline_cone/Tricorn_Hat_v1_L2/recenter_rotx90p0_horizontaltovertical_blender_rig/Tricorn_Hat_v1_L2_report.json,/mnt/ssd1/29d_kon/acm_2026/outputs/coordinator/rc2_full_metrics_20260610_143622/MeshMamba/_logs/non_texture/cone/Tricorn_Hat_v1_L2.log,Tricorn_Hat_v1_l2.csv,32868,,,52465,450,horizontal_to_vertical,json_camera_static.fov_degrees,60.000001669652114,35.98339890412515,-0.0722451282693774,0.5170649979743267,0.9490395119052741,0.07573344229513558,0.20963686614092764,-0.05611687639333896,0.541220759495113,0.4774332920985972,0.5158597159649481,0.4597133428195727,-0.11936092343509073,-0.08604037214452297,-0.19500864698370018,6587893.0702833105,8102.453899,,,0.8389974268559992,44018,52465,32868
non_texture,UFO_v1_L2,ok,,,/mnt/ssd1/29d_kon/acm_2026/outputs/coordinator/rc2_full_metrics_20260610_143622/MeshMamba/non_texture/baseline_screen_space/UFO_v1_L2/sigma0p05_recenter_rotx90p0_horizontaltovertical_blender_rig/UFO_v1_L2_report.json,/mnt/ssd1/29d_kon/acm_2026/outputs/coordinator/rc2_full_metrics_20260610_143622/MeshMamba/_logs/non_texture/screen_space/UFO_v1_L2.log,UFO_V1_l2.csv,32868,,,52465,450,horizontal_to_vertical,json_camera_static.fov_degrees,60.000001669652114,35.98339890412515,-0.1687483107700429,0.4160438633158706,5.587837914834649,0.11810478858387298,0.2644409385693528,-0.1590545844435817,0.4202810445045798,0.46386735839109844,0.4620900550328433,0.44679664738997793,-0.22744542753786903,-0.24857119554854826,-0.28289644418344967,3.0156135926970116,5251.1876010000005,22258,8155330,,,,,ok,,,/mnt/ssd1/29d_kon/acm_2026/outputs/coordinator/rc2_full_metrics_20260610_143622/MeshMamba/non_texture/baseline_cone/UFO_v1_L2/recenter_rotx90p0_horizontaltovertical_blender_rig/UFO_v1_L2_report.json,/mnt/ssd1/29d_kon/acm_2026/outputs/coordinator/rc2_full_metrics_20260610_143622/MeshMamba/_logs/non_texture/cone/UFO_v1_L2.log,UFO_V1_l2.csv,32868,,,52465,450,horizontal_to_vertical,json_camera_static.fov_degrees,60.000001669652114,35.98339890412515,-0.24906487375621064,0.33252222581246627,3.169266203141901,0.08125690388877238,0.21370701746038612,-0.23911310102600894,0.3047599086161813,0.49098011701757227,0.5132559827489366,0.5439392766090091,-0.3828860340514991,-0.3542179733221034,-0.3043391492375009,8261972.968640478,5251.1876010000005,,,0.729762698942152,38287,52465,29268
non_texture,Volto_Mask_v1_L2,ok,,,/mnt/ssd1/29d_kon/acm_2026/outputs/coordinator/rc2_full_metrics_20260610_143622/MeshMamba/non_texture/baseline_screen_space/Volto_Mask_v1_L2/sigma0p05_recenter_rotx90p0_horizontaltovertical_blender_rig/Volto_Mask_v1_L2_report.json,/mnt/ssd1/29d_kon/acm_2026/outputs/coordinator/rc2_full_metrics_20260610_143622/MeshMamba/_logs/non_texture/screen_space/Volto_Mask_v1_L2.log,Volto_Mask_L2.csv,32868,,,53964,450,horizontal_to_vertical,json_camera_static.fov_degrees,60.000001669652114,35.98339890412515,0.14617081442033716,0.6584942606582476,0.9502653556317804,0.04045040877538605,0.15917200053362215,0.06632178620612579,0.7357011677810182,0.5562789509587752,0.5877082822933011,0.6238627745372842,0.32099501232586736,0.5633123059669466,1.1615299287620513,3.4283221502838392,6551.343242999999,32254,7429667,,,,,ok,,,/mnt/ssd1/29d_kon/acm_2026/outputs/coordinator/rc2_full_metrics_20260610_143622/MeshMamba/non_texture/baseline_cone/Volto_Mask_v1_L2/recenter_rotx90p0_horizontaltovertical_blender_rig/Volto_Mask_v1_L2_report.json,/mnt/ssd1/29d_kon/acm_2026/outputs/coordinator/rc2_full_metrics_20260610_143622/MeshMamba/_logs/non_texture/cone/Volto_Mask_v1_L2.log,Volto_Mask_L2.csv,32868,,,53964,450,horizontal_to_vertical,json_camera_static.fov_degrees,60.000001669652114,35.98339890412515,0.12972279590899147,0.5580600900472203,0.7312352331863421,0.05377200064078434,0.17011461460413774,0.1012591912035638,0.6077087017378212,0.5905677333172538,0.6349220069345871,0.686965587518966,0.21599264597779666,0.3095669459069964,0.24783999346987376,16371263.587647863,6551.343242999999,,,0.8487139574531168,45800,53964,32868
non_texture,WWII_Plane-Germany_Focke-Wulf_Fw_190_v1,ok,,,/mnt/ssd1/29d_kon/acm_2026/outputs/coordinator/rc2_full_metrics_20260610_143622/MeshMamba/non_texture/baseline_screen_space/WWII_Plane-Germany_Focke-Wulf_Fw_190_v1/sigma0p05_recenter_rotx90p0_horizontaltovertical_blender_rig/WWII_Plane-Germany_Focke-Wulf_Fw_190_v1_report.json,/mnt/ssd1/29d_kon/acm_2026/outputs/coordinator/rc2_full_metrics_20260610_143622/MeshMamba/_logs/non_texture/screen_space/WWII_Plane-Germany_Focke-Wulf_Fw_190_v1.log,WWII_Plane-Germany_Focke-Wulf_FW_190_v1_l3.csv,32868,,,52465,450,horizontal_to_vertical,json_camera_static.fov_degrees,60.000001669652114,35.98339890412515,-0.06319248002630759,0.4744152498558963,3.5152129337374167,0.11696266367533557,0.2656084815699229,0.024227590837535336,0.4945747502104947,0.40919710908106843,0.4132821670647011,0.4518198923508297,-0.3734227535392826,-0.39043028852232137,-0.31244995218125604,3.4133946830016937,6027.774467,25766,7780491,,,,,ok,,,/mnt/ssd1/29d_kon/acm_2026/outputs/coordinator/rc2_full_metrics_20260610_143622/MeshMamba/non_texture/baseline_cone/WWII_Plane-Germany_Focke-Wulf_Fw_190_v1/recenter_rotx90p0_horizontaltovertical_blender_rig/WWII_Plane-Germany_Focke-Wulf_Fw_190_v1_report.json,/mnt/ssd1/29d_kon/acm_2026/outputs/coordinator/rc2_full_metrics_20260610_143622/MeshMamba/_logs/non_texture/cone/WWII_Plane-Germany_Focke-Wulf_Fw_190_v1.log,WWII_Plane-Germany_Focke-Wulf_FW_190_v1_l3.csv,32868,,,52465,450,horizontal_to_vertical,json_camera_static.fov_degrees,60.000001669652114,35.98339890412515,-0.08401018269470625,0.4210055950410069,1.2180035916886596,0.09228515755131529,0.2143493502978892,0.09767468295003234,0.4019276837161044,0.27334640049912073,0.28037754662487463,0.34999450273886906,-0.6037413399155279,-0.6166095775254276,-0.5851385379819553,10645117.939364877,6027.774467,,,0.41911750690936816,21989,52465,32821
non_texture,Watermelon_V1_L3,ok,,,/mnt/ssd1/29d_kon/acm_2026/outputs/coordinator/rc2_full_metrics_20260610_143622/MeshMamba/non_texture/baseline_screen_space/Watermelon_V1_L3/sigma0p05_recenter_rotx90p0_horizontaltovertical_blender_rig/Watermelon_V1_L3_report.json,/mnt/ssd1/29d_kon/acm_2026/outputs/coordinator/rc2_full_metrics_20260610_143622/MeshMamba/_logs/non_texture/screen_space/Watermelon_V1_L3.log,Watermelon_v1-L3.csv,32868,,,52465,450,horizontal_to_vertical,json_camera_static.fov_degrees,60.000001669652114,35.98339890412515,0.07574321277476179,0.2013537149814118,2.1158820263457496,0.12021007440419877,0.24925857928543288,-0.016203112748562305,0.33922024652640087,0.6186300742896835,0.5965535783192542,0.42755053533608633,0.24885903219710465,0.23965402919067474,-0.2272299175961181,1.2322839343340588,4276.270909,29066,8772202,,,,,ok,,,/mnt/ssd1/29d_kon/acm_2026/outputs/coordinator/rc2_full_metrics_20260610_143622/MeshMamba/non_texture/baseline_cone/Watermelon_V1_L3/recenter_rotx90p0_horizontaltovertical_blender_rig/Watermelon_V1_L3_report.json,/mnt/ssd1/29d_kon/acm_2026/outputs/coordinator/rc2_full_metrics_20260610_143622/MeshMamba/_logs/non_texture/cone/Watermelon_V1_L3.log,Watermelon_v1-L3.csv,32868,,,52465,450,horizontal_to_vertical,json_camera_static.fov_degrees,60.000001669652114,35.98339890412515,-0.08870178717127426,0.13293242025107327,2.5210319584475536,0.11570920682123483,0.15304762469049382,-0.06259902999734908,0.13706807768188142,0.47679793002248516,0.47961643259941666,0.49263156832796673,-0.2159051878244234,-0.2134333278297052,-0.2069518800563441,2976613.2861095313,4276.270909,,,0.8001334222815211,41979,52465,29103
non_texture,Whale_v4_L3,ok,,,/mnt/ssd1/29d_kon/acm_2026/outputs/coordinator/rc2_full_metrics_20260610_143622/MeshMamba/non_texture/baseline_screen_space/Whale_v4_L3/sigma0p05_recenter_rotx90p0_horizontaltovertical_blender_rig/Whale_v4_L3_report.json,/mnt/ssd1/29d_kon/acm_2026/outputs/coordinator/rc2_full_metrics_20260610_143622/MeshMamba/_logs/non_texture/screen_space/Whale_v4_L3.log,Whale_v2_L3.csv,32868,,,53964,450,horizontal_to_vertical,json_camera_static.fov_degrees,60.000001669652114,35.98339890412515,-0.09431324820141355,0.649270860193714,2.1263076869236253,0.1020749991240135,0.26554641070235535,-0.1273277938516788,0.7347122305736943,0.4854348761739705,0.5409925973251594,0.8736686889924282,-0.04206811347926058,0.11847751685015108,1.1920329993702492,3.36827774927781,11989.325719,28958,7812032,,,,,ok,,,/mnt/ssd1/29d_kon/acm_2026/outputs/coordinator/rc2_full_metrics_20260610_143622/MeshMamba/non_texture/baseline_cone/Whale_v4_L3/recenter_rotx90p0_horizontaltovertical_blender_rig/Whale_v4_L3_report.json,/mnt/ssd1/29d_kon/acm_2026/outputs/coordinator/rc2_full_metrics_20260610_143622/MeshMamba/_logs/non_texture/cone/Whale_v4_L3.log,Whale_v2_L3.csv,32868,,,53964,450,horizontal_to_vertical,json_camera_static.fov_degrees,60.000001669652114,35.98339890412515,-0.07182648373296818,0.5111459158213962,0.9821326619781681,0.11318570366427415,0.28403208049586565,-0.06706214651374352,0.5838931181726074,0.5154839757844134,0.5740887464599257,0.9462304341640627,0.06966149700794205,0.3966027376060868,2.0552996719049794,9391973.597178321,11989.325719,,,0.45105996590319475,24341,53964,32868
non_texture,White-TailedDeer_V1_L2,ok,,,/mnt/ssd1/29d_kon/acm_2026/outputs/coordinator/rc2_full_metrics_20260610_143622/MeshMamba/non_texture/baseline_screen_space/White-TailedDeer_V1_L2/sigma0p05_recenter_rotx90p0_horizontaltovertical_blender_rig/White-TailedDeer_V1_L2_report.json,/mnt/ssd1/29d_kon/acm_2026/outputs/coordinator/rc2_full_metrics_20260610_143622/MeshMamba/_logs/non_texture/screen_space/White-TailedDeer_V1_L2.log,White-Tailed_Deer_v1_l2.csv,32868,,,52465,450,horizontal_to_vertical,json_camera_static.fov_degrees,60.000001669652114,35.98339890412515,-0.32432216821419363,0.44962491052432024,2.601041468581062,0.09074955715770518,0.22813384825422778,-0.3331542584281311,0.4023448691497875,0.2811539305785529,0.1486561101074537,0.19348215389136497,-0.5719192305218351,-0.9913662351676817,-0.9133483802805537,1.550767721602503,5455.065788,30622,7906154,,,,,ok,,,/mnt/ssd1/29d_kon/acm_2026/outputs/coordinator/rc2_full_metrics_20260610_143622/MeshMamba/non_texture/baseline_cone/White-TailedDeer_V1_L2/recenter_rotx90p0_horizontaltovertical_blender_rig/White-TailedDeer_V1_L2_report.json,/mnt/ssd1/29d_kon/acm_2026/outputs/coordinator/rc2_full_metrics_20260610_143622/MeshMamba/_logs/non_texture/cone/White-TailedDeer_V1_L2.log,White-Tailed_Deer_v1_l2.csv,32868,,,52465,450,horizontal_to_vertical,json_camera_static.fov_degrees,60.000001669652114,35.98339890412515,-0.24893211420498598,0.4037297085758631,1.7036740464003257,0.07613457768805905,0.1973682185968149,-0.2330288317889856,0.34346136693894386,0.2640769163911414,0.11748881638866603,0.14929174072244938,-0.5499195276347604,-0.914304419909593,-0.9071407500966051,4510320.203822516,5455.065788,,,0.4317354426760698,22651,52465,32868
non_texture,Wicker_Basket_v1_L3,ok,,,/mnt/ssd1/29d_kon/acm_2026/outputs/coordinator/rc2_full_metrics_20260610_143622/MeshMamba/non_texture/baseline_screen_space/Wicker_Basket_v1_L3/sigma0p05_recenter_rotx90p0_horizontaltovertical_blender_rig/Wicker_Basket_v1_L3_report.json,/mnt/ssd1/29d_kon/acm_2026/outputs/coordinator/rc2_full_metrics_20260610_143622/MeshMamba/_logs/non_texture/screen_space/Wicker_Basket_v1_L3.log,Wicker_Basket_v1_L3.csv,32868,,,52465,450,horizontal_to_vertical,json_camera_static.fov_degrees,60.000001669652114,35.98339890412515,0.23144407256401195,0.6113772372307785,1.1651921811005577,0.04754591047638964,0.17144692650986637,0.11258436524162448,0.7021178719631419,0.7091188013026105,0.7461322175280978,0.937150705569029,0.679484023163019,0.9259880417224359,2.1861899302110266,2.314144422361192,6716.343569000001,31357,7472762,,,,,ok,,,/mnt/ssd1/29d_kon/acm_2026/outputs/coordinator/rc2_full_metrics_20260610_143622/MeshMamba/non_texture/baseline_cone/Wicker_Basket_v1_L3/recenter_rotx90p0_horizontaltovertical_blender_rig/Wicker_Basket_v1_L3_report.json,/mnt/ssd1/29d_kon/acm_2026/outputs/coordinator/rc2_full_metrics_20260610_143622/MeshMamba/_logs/non_texture/cone/Wicker_Basket_v1_L3.log,Wicker_Basket_v1_L3.csv,32868,,,52465,450,horizontal_to_vertical,json_camera_static.fov_degrees,60.000001669652114,35.98339890412515,0.12030933976419211,0.593917950923017,0.5061685708600304,0.10070514646800338,0.24626076011573317,0.07849605011922665,0.6736572013570579,0.6575406894551689,0.6887167203405204,0.8358375373914175,0.40520976968438027,0.5417395806499962,1.1290735752519288,8632655.636255654,6716.343569000001,,,0.6957781378061565,36504,52465,32868
non_texture,ball_car_v1_L3,ok,,,/mnt/ssd1/29d_kon/acm_2026/outputs/coordinator/rc2_full_metrics_20260610_143622/MeshMamba/non_texture/baseline_screen_space/ball_car_v1_L3/sigma0p05_recenter_rotx90p0_horizontaltovertical_blender_rig/ball_car_v1_L3_report.json,/mnt/ssd1/29d_kon/acm_2026/outputs/coordinator/rc2_full_metrics_20260610_143622/MeshMamba/_logs/non_texture/screen_space/ball_car_v1_L3.log,ball_car_v1_L3.csv,32868,,,53964,450,horizontal_to_vertical,json_camera_static.fov_degrees,60.000001669652114,35.98339890412515,0.03960099880516847,0.5965718559028841,3.4068102309438,0.18842272696859974,0.35575810091769816,0.0853970940711011,0.6380695653258336,0.5427225253648341,0.4884117600442108,0.3159817758087069,0.09266002552289868,-0.1107952453307657,-0.7936498813931486,1.0344854210415373,4009.4820019999997,28134,9123998,,,,,ok,,,/mnt/ssd1/29d_kon/acm_2026/outputs/coordinator/rc2_full_metrics_20260610_143622/MeshMamba/non_texture/baseline_cone/ball_car_v1_L3/recenter_rotx90p0_horizontaltovertical_blender_rig/ball_car_v1_L3_report.json,/mnt/ssd1/29d_kon/acm_2026/outputs/coordinator/rc2_full_metrics_20260610_143622/MeshMamba/_logs/non_texture/cone/ball_car_v1_L3.log,ball_car_v1_L3.csv,32868,,,53964,450,horizontal_to_vertical,json_camera_static.fov_degrees,60.000001669652114,35.98339890412515,0.03393058396042733,0.5328139091210109,3.377560064312051,0.05416758085555024,0.1663974330474061,0.06434223319319278,0.5609709767848663,0.5330009549149115,0.4690524901145977,0.31002278210734446,0.07282158669344817,-0.12072049202453314,-0.6253166969171489,3065908.1437343657,4009.4820019999997,,,0.904566006967608,48814,53964,29213
non_texture,barbiegirl_V1_L3,ok,,,/mnt/ssd1/29d_kon/acm_2026/outputs/coordinator/rc2_full_metrics_20260610_143622/MeshMamba/non_texture/baseline_screen_space/barbiegirl_V1_L3/sigma0p05_recenter_rotx90p0_horizontaltovertical_blender_rig/barbiegirl_V1_L3_report.json,/mnt/ssd1/29d_kon/acm_2026/outputs/coordinator/rc2_full_metrics_20260610_143622/MeshMamba/_logs/non_texture/screen_space/barbiegirl_V1_L3.log,barbiedoll_v1_L3.csv,32868,,,53964,450,horizontal_to_vertical,json_camera_static.fov_degrees,60.000001669652114,35.98339890412515,0.40199697254783884,0.6604641206509554,0.7680293049273179,0.061865336744377206,0.2129134402776413,0.48850727363409485,0.7945370133512274,0.6331336190676584,0.6449979911266709,0.5900102948708452,0.3330576461642508,0.3472697216086319,0.1881245248385036,4.777634006953573,9336.035564,31252,7797886,,,,,ok,,,/mnt/ssd1/29d_kon/acm_2026/outputs/coordinator/rc2_full_metrics_20260610_143622/MeshMamba/non_texture/baseline_cone/barbiegirl_V1_L3/recenter_rotx90p0_horizontaltovertical_blender_rig/barbiegirl_V1_L3_report.json,/mnt/ssd1/29d_kon/acm_2026/outputs/coordinator/rc2_full_metrics_20260610_143622/MeshMamba/_logs/non_texture/cone/barbiegirl_V1_L3.log,barbiedoll_v1_L3.csv,32868,,,53964,450,horizontal_to_vertical,json_camera_static.fov_degrees,60.000001669652114,35.98339890412515,0.7317467926858974,0.7508848801265218,0.23465850168824584,0.030227954181335465,0.1401076699821336,0.7326901022305535,0.8899622740054577,0.9193599713890629,0.9143262571588516,0.8918369735601822,1.4546617185200201,1.5490314772222198,1.5064237593033132,41793901.17568969,9336.035564,,,0.7587465717885998,40945,53964,32868
non_texture,cathedral_wood_radio_v2_L1,ok,,,/mnt/ssd1/29d_kon/acm_2026/outputs/coordinator/rc2_full_metrics_20260610_143622/MeshMamba/non_texture/baseline_screen_space/cathedral_wood_radio_v2_L1/sigma0p05_recenter_rotx90p0_horizontaltovertical_blender_rig/cathedral_wood_radio_v2_L1_report.json,/mnt/ssd1/29d_kon/acm_2026/outputs/coordinator/rc2_full_metrics_20260610_143622/MeshMamba/_logs/non_texture/screen_space/cathedral_wood_radio_v2_L1.log,cathedral_wood_radio_v2_NEW.csv,32868,,,52465,450,horizontal_to_vertical,json_camera_static.fov_degrees,60.000001669652114,35.98339890412515,-0.04301620795153039,0.3893298762594316,2.740098451811045,0.07728996960195468,0.20865126676295345,-0.054681799799335185,0.38628006139629767,0.45681885856829696,0.5839208002079628,0.5555798788472771,-0.16201202952581775,0.18806891829916506,0.07612945129767028,2.1038393490097573,3491.4566969999996,29927,7654262,,,,,ok,,,/mnt/ssd1/29d_kon/acm_2026/outputs/coordinator/rc2_full_metrics_20260610_143622/MeshMamba/non_texture/baseline_cone/cathedral_wood_radio_v2_L1/recenter_rotx90p0_horizontaltovertical_blender_rig/cathedral_wood_radio_v2_L1_report.json,/mnt/ssd1/29d_kon/acm_2026/outputs/coordinator/rc2_full_metrics_20260610_143622/MeshMamba/_logs/non_texture/cone/cathedral_wood_radio_v2_L1.log,cathedral_wood_radio_v2_NEW.csv,32868,,,52465,450,horizontal_to_vertical,json_camera_static.fov_degrees,60.000001669652114,35.98339890412515,-0.04638056575740918,0.37397784352117325,1.4677921189760974,0.05258816901458874,0.1443421374140209,0.06065759572461408,0.31830909107431915,0.5080151700331988,0.5758800275600588,0.38168460181193836,-0.16134147607464644,-0.08002774897314387,-0.47993599703686296,5265676.3423652835,3491.4566969999996,,,0.8775564662155723,46041,52465,32633
non_texture,doll_v3_L3,ok,,,/mnt/ssd1/29d_kon/acm_2026/outputs/coordinator/rc2_full_metrics_20260610_143622/MeshMamba/non_texture/baseline_screen_space/doll_v3_L3/sigma0p05_recenter_rotx90p0_horizontaltovertical_blender_rig/doll_v3_L3_report.json,/mnt/ssd1/29d_kon/acm_2026/outputs/coordinator/rc2_full_metrics_20260610_143622/MeshMamba/_logs/non_texture/screen_space/doll_v3_L3.log,doll_v3_L3.csv,32868,,,52465,450,horizontal_to_vertical,json_camera_static.fov_degrees,60.000001669652114,35.98339890412515,0.3607956809188646,0.6048717773019145,1.457343546481264,0.054208660493583714,0.18414146338753878,0.29327193498366966,0.7141770258861853,0.725752518336235,0.7586536231721434,0.703775810388301,0.8232811324189576,1.005689502627626,0.8066819128792675,4.027866958241777,6910.455910000001,30101,7843832,,,,,ok,,,/mnt/ssd1/29d_kon/acm_2026/outputs/coordinator/rc2_full_metrics_20260610_143622/MeshMamba/non_texture/baseline_cone/doll_v3_L3/recenter_rotx90p0_horizontaltovertical_blender_rig/doll_v3_L3_report.json,/mnt/ssd1/29d_kon/acm_2026/outputs/coordinator/rc2_full_metrics_20260610_143622/MeshMamba/_logs/non_texture/cone/doll_v3_L3.log,doll_v3_L3.csv,32868,,,52465,450,horizontal_to_vertical,json_camera_static.fov_degrees,60.000001669652114,35.98339890412515,0.13511706665732884,0.4891916295649612,0.9357305845643594,0.07689724147514679,0.20371118928389798,0.1900058868705732,0.542234826279807,0.6582078566596499,0.6674817389674047,0.6658513407946003,0.2041429735314559,0.255653158257629,0.22093557140253714,13920163.368582398,6910.455910000001,,,0.8890307824263795,46643,52465,32866
non_texture,dolphin_v1_L3,ok,,,/mnt/ssd1/29d_kon/acm_2026/outputs/coordinator/rc2_full_metrics_20260610_143622/MeshMamba/non_texture/baseline_screen_space/dolphin_v1_L3/sigma0p05_recenter_rotx90p0_horizontaltovertical_blender_rig/dolphin_v1_L3_report.json,/mnt/ssd1/29d_kon/acm_2026/outputs/coordinator/rc2_full_metrics_20260610_143622/MeshMamba/_logs/non_texture/screen_space/dolphin_v1_L3.log,dolphin_v2_max2011_it2.csv,32868,,,52465,450,horizontal_to_vertical,json_camera_static.fov_degrees,60.000001669652114,35.98339890412515,0.1581290989941491,0.6738989222884735,0.8106884500249283,0.036173634878655006,0.1503476229299835,0.0963308754381711,0.7582592915843913,0.6153329237936679,0.6490209781545545,0.7606759193153392,0.4024643003850886,0.5933978352564885,1.2890352926495288,2.2751411178048926,7671.756404,32198,7834387,,,,,ok,,,/mnt/ssd1/29d_kon/acm_2026/outputs/coordinator/rc2_full_metrics_20260610_143622/MeshMamba/non_texture/baseline_cone/dolphin_v1_L3/recenter_rotx90p0_horizontaltovertical_blender_rig/dolphin_v1_L3_report.json,/mnt/ssd1/29d_kon/acm_2026/outputs/coordinator/rc2_full_metrics_20260610_143622/MeshMamba/_logs/non_texture/cone/dolphin_v1_L3.log,dolphin_v2_max2011_it2.csv,32868,,,52465,450,horizontal_to_vertical,json_camera_static.fov_degrees,60.000001669652114,35.98339890412515,0.14382937915101698,0.5738290945154714,0.748473601114294,0.04729709383408934,0.171238291241896,0.1478838577133211,0.6160475924008231,0.6382425717130052,0.6814969324551019,0.7924905357900657,0.3925029491144875,0.46306090880482703,0.6287853124567384,5742033.207803626,7671.756404,,,0.5330029543505194,27964,52465,32868
non_texture,egypt_sphinx_V2_L3,ok,,,/mnt/ssd1/29d_kon/acm_2026/outputs/coordinator/rc2_full_metrics_20260610_143622/MeshMamba/non_texture/baseline_screen_space/egypt_sphinx_V2_L3/sigma0p05_recenter_rotx90p0_horizontaltovertical_blender_rig/egypt_sphinx_V2_L3_report.json,/mnt/ssd1/29d_kon/acm_2026/outputs/coordinator/rc2_full_metrics_20260610_143622/MeshMamba/_logs/non_texture/screen_space/egypt_sphinx_V2_L3.log,egypt_sphinx_iterations-2.csv,32868,,,52465,450,horizontal_to_vertical,json_camera_static.fov_degrees,60.000001669652114,35.98339890412515,0.1258178930993653,0.5427539437360586,2.5889614686314646,0.08407491000366915,0.22995563642173603,0.12280141252589764,0.6245757240961282,0.7110649511938606,0.6998167779728989,0.8234974705592942,0.5500366099129892,0.5303989306034256,0.9006254036776341,3.719322479092404,8242.521893,27483,7776033,,,,,ok,,,/mnt/ssd1/29d_kon/acm_2026/outputs/coordinator/rc2_full_metrics_20260610_143622/MeshMamba/non_texture/baseline_cone/egypt_sphinx_V2_L3/recenter_rotx90p0_horizontaltovertical_blender_rig/egypt_sphinx_V2_L3_report.json,/mnt/ssd1/29d_kon/acm_2026/outputs/coordinator/rc2_full_metrics_20260610_143622/MeshMamba/_logs/non_texture/cone/egypt_sphinx_V2_L3.log,egypt_sphinx_iterations-2.csv,32868,,,52465,450,horizontal_to_vertical,json_camera_static.fov_degrees,60.000001669652114,35.98339890412515,0.19514869872513652,0.5480837972976798,1.0188901792995846,0.07913297674445828,0.20436375077306812,0.14966610936981847,0.5976160282395415,0.7810848334872204,0.71560531062574,0.7547404185821064,0.6707392181850526,0.386103313067793,0.5438944173134614,12479764.305347439,8242.521893,,,0.5825788620985419,30565,52465,32561
non_texture,football_v2_L3,ok,,,/mnt/ssd1/29d_kon/acm_2026/outputs/coordinator/rc2_full_metrics_20260610_143622/MeshMamba/non_texture/baseline_screen_space/football_v2_L3/sigma0p05_recenter_rotx90p0_horizontaltovertical_blender_rig/football_v2_L3_report.json,/mnt/ssd1/29d_kon/acm_2026/outputs/coordinator/rc2_full_metrics_20260610_143622/MeshMamba/_logs/non_texture/screen_space/football_v2_L3.log,football_v2_L3.csv,32868,,,52465,450,horizontal_to_vertical,json_camera_static.fov_degrees,60.000001669652114,35.98339890412515,-0.06360283048547458,0.5899713954406889,2.4076048294615284,0.15578036835443984,0.3300060686626228,-0.014146743959669021,0.6308902995178012,0.4199979611807121,0.4021730995029714,0.23010829837956434,-0.25605864481401874,-0.33261508827492975,-0.9579608670945233,1.5881837001168668,5217.903039,29105,8681083,,,,,ok,,,/mnt/ssd1/29d_kon/acm_2026/outputs/coordinator/rc2_full_metrics_20260610_143622/MeshMamba/non_texture/baseline_cone/football_v2_L3/recenter_rotx90p0_horizontaltovertical_blender_rig/football_v2_L3_report.json,/mnt/ssd1/29d_kon/acm_2026/outputs/coordinator/rc2_full_metrics_20260610_143622/MeshMamba/_logs/non_texture/cone/football_v2_L3.log,football_v2_L3.csv,32868,,,52465,450,horizontal_to_vertical,json_camera_static.fov_degrees,60.000001669652114,35.98339890412515,-0.050887440442329325,0.5381354730474202,2.4625643675388593,0.062037959265759446,0.18613151109949236,-0.014818520173253035,0.5591900553832363,0.45554055466518906,0.44710164306824934,0.25975329487710375,-0.15784708378501092,-0.210854231841053,-0.8561529280064716,4256153.177009185,5217.903039,,,0.7774516344229486,40789,52465,30727
non_texture,modern_tabletop_radio_v1_L1,ok,,,/mnt/ssd1/29d_kon/acm_2026/outputs/coordinator/rc2_full_metrics_20260610_143622/MeshMamba/non_texture/baseline_screen_space/modern_tabletop_radio_v1_L1/sigma0p05_recenter_rotx90p0_horizontaltovertical_blender_rig/modern_tabletop_radio_v1_L1_report.json,/mnt/ssd1/29d_kon/acm_2026/outputs/coordinator/rc2_full_metrics_20260610_143622/MeshMamba/_logs/non_texture/screen_space/modern_tabletop_radio_v1_L1.log,modern_tabletop_radio_v1_NEW.csv,32868,,,52465,450,horizontal_to_vertical,json_camera_static.fov_degrees,60.000001669652114,35.98339890412515,-0.09054179078986964,0.4878758203166277,3.3454340532519113,0.0730627864422669,0.20531459575172278,-0.0147073628977789,0.475922864175735,0.4049080501654448,0.3372700685510491,0.2905831216241702,-0.2592979457852977,-0.48246066903374013,-0.6737200809469734,1.9562593916038722,4738.269517,29132,7642730,,,,,ok,,,/mnt/ssd1/29d_kon/acm_2026/outputs/coordinator/rc2_full_metrics_20260610_143622/MeshMamba/non_texture/baseline_cone/modern_tabletop_radio_v1_L1/recenter_rotx90p0_horizontaltovertical_blender_rig/modern_tabletop_radio_v1_L1_report.json,/mnt/ssd1/29d_kon/acm_2026/outputs/coordinator/rc2_full_metrics_20260610_143622/MeshMamba/_logs/non_texture/cone/modern_tabletop_radio_v1_L1.log,modern_tabletop_radio_v1_NEW.csv,32868,,,52465,450,horizontal_to_vertical,json_camera_static.fov_degrees,60.000001669652114,35.98339890412515,-0.1742804629199671,0.3862110331771206,2.1338434893371443,0.049052444849815656,0.14427327929282602,-0.1685054360831487,0.30151915467840057,0.2696021125475351,0.20952746553745855,0.04539761544972313,-0.4953972369248329,-0.5817856180891411,-0.7738933756308962,3358195.705369922,4738.269517,,,0.8405603735823882,44100,52465,32399
non_texture,robot_v1_L3,ok,,,/mnt/ssd1/29d_kon/acm_2026/outputs/coordinator/rc2_full_metrics_20260610_143622/MeshMamba/non_texture/baseline_screen_space/robot_v1_L3/sigma0p05_recenter_rotx90p0_horizontaltovertical_blender_rig/robot_v1_L3_report.json,/mnt/ssd1/29d_kon/acm_2026/outputs/coordinator/rc2_full_metrics_20260610_143622/MeshMamba/_logs/non_texture/screen_space/robot_v1_L3.log,robot_v1_L3.csv,32868,,,55463,450,horizontal_to_vertical,json_camera_static.fov_degrees,60.000001669652114,35.98339890412515,0.2961680934556334,0.6346602058912616,1.743935811672793,0.04299206555834869,0.15740270366050008,0.18854241911524758,0.7224942853544993,0.7004004679616838,0.7403222254638486,0.8696573697721257,0.8094248580619815,1.0337093458595565,1.3711494848912675,3.496425714282219,5489.629646,30190,7862574,,,,,ok,,,/mnt/ssd1/29d_kon/acm_2026/outputs/coordinator/rc2_full_metrics_20260610_143622/MeshMamba/non_texture/baseline_cone/robot_v1_L3/recenter_rotx90p0_horizontaltovertical_blender_rig/robot_v1_L3_report.json,/mnt/ssd1/29d_kon/acm_2026/outputs/coordinator/rc2_full_metrics_20260610_143622/MeshMamba/_logs/non_texture/cone/robot_v1_L3.log,robot_v1_L3.csv,32868,,,55463,450,horizontal_to_vertical,json_camera_static.fov_degrees,60.000001669652114,35.98339890412515,0.1590162143329685,0.5247778252355888,0.9536713167364039,0.03977862741656467,0.1460735688103897,0.10683863130276168,0.5413424698169306,0.6997293000474418,0.7497649528592704,0.9171758444460989,0.5424197946076894,0.8242049501052987,1.463056839853322,14748662.264533348,5489.629646,,,0.8520995979301517,47260,55463,32868
non_texture,statue_Terracotta_squat_v2_L1,ok,,,/mnt/ssd1/29d_kon/acm_2026/outputs/coordinator/rc2_full_metrics_20260610_143622/MeshMamba/non_texture/baseline_screen_space/statue_Terracotta_squat_v2_L1/sigma0p05_recenter_rotx90p0_horizontaltovertical_blender_rig/statue_Terracotta_squat_v2_L1_report.json,/mnt/ssd1/29d_kon/acm_2026/outputs/coordinator/rc2_full_metrics_20260610_143622/MeshMamba/_logs/non_texture/screen_space/statue_Terracotta_squat_v2_L1.log,statue_Terracotta_squat_v2_l1.csv,32868,,,52465,450,horizontal_to_vertical,json_camera_static.fov_degrees,60.000001669652114,35.98339890412515,0.17825015333144648,0.6367504289055874,0.8722291041088572,0.05195681089888545,0.18206884012322025,0.18104858998708057,0.7183008911871205,0.6002693413567757,0.589644482019259,0.602675845677874,0.2699727320286784,0.23779678142947866,0.2617710617130375,3.5419155892409835,7148.345846,31247,7297447,,,,,ok,,,/mnt/ssd1/29d_kon/acm_2026/outputs/coordinator/rc2_full_metrics_20260610_143622/MeshMamba/non_texture/baseline_cone/statue_Terracotta_squat_v2_L1/recenter_rotx90p0_horizontaltovertical_blender_rig/statue_Terracotta_squat_v2_L1_report.json,/mnt/ssd1/29d_kon/acm_2026/outputs/coordinator/rc2_full_metrics_20260610_143622/MeshMamba/_logs/non_texture/cone/statue_Terracotta_squat_v2_L1.log,statue_Terracotta_squat_v2_l1.csv,32868,,,52465,450,horizontal_to_vertical,json_camera_static.fov_degrees,60.000001669652114,35.98339890412515,-0.05802252983034144,0.4776094190172315,0.8851718937847628,0.07479495020941411,0.19661098053664539,0.13812726116078128,0.40870926886218023,0.5100512690441626,0.5376914176536485,0.5900499090108163,-0.19293928200754784,-0.17662335125381254,-0.10249661223279273,15579214.732849363,7148.345846,,,0.906299437720385,47549,52465,32868
non_texture,statue_Terracotta_v2_l1,ok,,,/mnt/ssd1/29d_kon/acm_2026/outputs/coordinator/rc2_full_metrics_20260610_143622/MeshMamba/non_texture/baseline_screen_space/statue_Terracotta_v2_l1/sigma0p05_recenter_rotx90p0_horizontaltovertical_blender_rig/statue_Terracotta_v2_l1_report.json,/mnt/ssd1/29d_kon/acm_2026/outputs/coordinator/rc2_full_metrics_20260610_143622/MeshMamba/_logs/non_texture/screen_space/statue_Terracotta_v2_l1.log,statue_Terracotta_v2_l1.csv,32868,,,52465,450,horizontal_to_vertical,json_camera_static.fov_degrees,60.000001669652114,35.98339890412515,0.30260132399237033,0.695772039888693,0.825870624658743,0.042051663640856454,0.16254765222430947,0.23094709872546687,0.7935413295763916,0.7720050838427921,0.8644521098001227,0.8533258803487719,0.8397470712627854,1.241672926713522,1.1440157046375485,3.8298870804081364,8833.062827,31117,7419298,,,,,ok,,,/mnt/ssd1/29d_kon/acm_2026/outputs/coordinator/rc2_full_metrics_20260610_143622/MeshMamba/non_texture/baseline_cone/statue_Terracotta_v2_l1/recenter_rotx90p0_horizontaltovertical_blender_rig/statue_Terracotta_v2_l1_report.json,/mnt/ssd1/29d_kon/acm_2026/outputs/coordinator/rc2_full_metrics_20260610_143622/MeshMamba/_logs/non_texture/cone/statue_Terracotta_v2_l1.log,statue_Terracotta_v2_l1.csv,32868,,,52465,450,horizontal_to_vertical,json_camera_static.fov_degrees,60.000001669652114,35.98339890412515,0.36216130010635694,0.5826376406757152,0.6206984804715164,0.06650297932812324,0.19931568523795562,0.24609056890381267,0.6632780080791171,0.744322666313233,0.8678630645027565,0.9277219452625985,0.8895071930678327,1.3467149129326113,2.033593909482329,26881559.52385304,8833.062827,,,0.8467359191842181,44424,52465,32868
non_texture,stuffed_animal_v1_L2,ok,,,/mnt/ssd1/29d_kon/acm_2026/outputs/coordinator/rc2_full_metrics_20260610_143622/MeshMamba/non_texture/baseline_screen_space/stuffed_animal_v1_L2/sigma0p05_recenter_rotx90p0_horizontaltovertical_blender_rig/stuffed_animal_v1_L2_report.json,/mnt/ssd1/29d_kon/acm_2026/outputs/coordinator/rc2_full_metrics_20260610_143622/MeshMamba/_logs/non_texture/screen_space/stuffed_animal_v1_L2.log,stuffed_animal_L2.csv,32868,,,52465,450,horizontal_to_vertical,json_camera_static.fov_degrees,60.000001669652114,35.98339890412515,0.19210190309226235,0.5606806277150087,1.9508474930319144,0.07063400087922461,0.20784666141388639,0.2695903080606594,0.589565883998743,0.6099660796377583,0.576633968707707,0.6328257388772005,0.2605619737375445,0.14510950248814958,0.3795114827260095,1.9159597409275442,2567.396815,29035,8096578,,,,,ok,,,/mnt/ssd1/29d_kon/acm_2026/outputs/coordinator/rc2_full_metrics_20260610_143622/MeshMamba/non_texture/baseline_cone/stuffed_animal_v1_L2/recenter_rotx90p0_horizontaltovertical_blender_rig/stuffed_animal_v1_L2_report.json,/mnt/ssd1/29d_kon/acm_2026/outputs/coordinator/rc2_full_metrics_20260610_143622/MeshMamba/_logs/non_texture/cone/stuffed_animal_v1_L2.log,stuffed_animal_L2.csv,32868,,,52465,450,horizontal_to_vertical,json_camera_static.fov_degrees,60.000001669652114,35.98339890412515,0.12549656619680238,0.4862372745556741,1.8168070288619433,0.018662705037453802,0.08532744028589807,0.29023980826843643,0.4662838111304843,0.6352651643175319,0.6012084487383528,0.440059256458301,0.17490443051628998,0.05981843121219702,-0.497188955734675,4692106.741765792,2567.396815,,,0.8965024301915563,47035,52465,30612
non_texture,watch_digital_v1_L3,ok,,,/mnt/ssd1/29d_kon/acm_2026/outputs/coordinator/rc2_full_metrics_20260610_143622/MeshMamba/non_texture/baseline_screen_space/watch_digital_v1_L3/sigma0p05_recenter_rotx90p0_horizontaltovertical_blender_rig/watch_digital_v1_L3_report.json,/mnt/ssd1/29d_kon/acm_2026/outputs/coordinator/rc2_full_metrics_20260610_143622/MeshMamba/_logs/non_texture/screen_space/watch_digital_v1_L3.log,watch_digital_v1_Iteration2.csv,32868,,,52465,450,horizontal_to_vertical,json_camera_static.fov_degrees,60.000001669652114,35.98339890412515,-0.035611304297740023,0.4039068942788897,2.3028992074813353,0.09954218295662563,0.2596216808044081,-0.013497130421905937,0.35573318538081056,0.43745422002733303,0.44552661001301014,0.4872949281063799,-0.17945186093608195,-0.1665788401603589,-0.08102870476201153,2.170904657164187,1910.108929,30447,7691150,,,,,ok,,,/mnt/ssd1/29d_kon/acm_2026/outputs/coordinator/rc2_full_metrics_20260610_143622/MeshMamba/non_texture/baseline_cone/watch_digital_v1_L3/recenter_rotx90p0_horizontaltovertical_blender_rig/watch_digital_v1_L3_report.json,/mnt/ssd1/29d_kon/acm_2026/outputs/coordinator/rc2_full_metrics_20260610_143622/MeshMamba/_logs/non_texture/cone/watch_digital_v1_L3.log,watch_digital_v1_Iteration2.csv,32868,,,52465,450,horizontal_to_vertical,json_camera_static.fov_degrees,60.000001669652114,35.98339890412515,-0.11583828513170068,0.3620148185062185,1.5196764965118594,0.04340000763431723,0.15201710720273398,-0.0005527632835519183,0.2802722883526976,0.3277205466590386,0.352478653967595,0.4711114957585151,-0.5026059292910721,-0.4753643786204151,-0.3007354559999048,5417999.739356215,1910.108929,,,0.7869246164109406,41286,52465,32868
rgb_texture,Apple_Red_v1_L3,ok,,,/mnt/ssd1/29d_kon/acm_2026/outputs/coordinator/rc2_full_metrics_20260610_143622/MeshMamba/rgb_texture/baseline_screen_space/Apple_Red_v1_L3/sigma0p05_recenter_rotx90p0_horizontaltovertical_blender_rig/Apple_Red_v1_L3_report.json,/mnt/ssd1/29d_kon/acm_2026/outputs/coordinator/rc2_full_metrics_20260610_143622/MeshMamba/_logs/rgb_texture/screen_space/Apple_Red_v1_L3.log,Apple_v01_l3.csv,32868,,,53964,450,horizontal_to_vertical,json_camera_static.fov_degrees,60.000001669652114,35.98339890412515,0.3892520868037973,0.4771856125290889,1.1801779523094031,0.06668739063386855,0.16054612272867044,0.5392405380514718,0.564472894237713,0.7966050007822982,0.7053467122115187,0.7123106235575527,0.7355945601016806,0.22570838717045646,0.2896742186997178,2.649428624103451,4181.260346,28783,8169864,,,,,ok,,,/mnt/ssd1/29d_kon/acm_2026/outputs/coordinator/rc2_full_metrics_20260610_143622/MeshMamba/rgb_texture/baseline_cone/Apple_Red_v1_L3/recenter_rotx90p0_horizontaltovertical_blender_rig/Apple_Red_v1_L3_report.json,/mnt/ssd1/29d_kon/acm_2026/outputs/coordinator/rc2_full_metrics_20260610_143622/MeshMamba/_logs/rgb_texture/cone/Apple_Red_v1_L3.log,Apple_v01_l3.csv,32868,,,53964,450,horizontal_to_vertical,json_camera_static.fov_degrees,60.000001669652114,35.98339890412515,0.6855972447621225,0.6192241819360152,0.8300385536493848,0.03211156046677065,0.08222044351399284,0.6099024903790661,0.7520081173298697,0.9407800491330354,0.8706937797551699,0.8817420498254561,1.797888602424964,1.0980813755169498,1.417338277094774,14812192.323415142,4181.260346,,,0.9119598250685642,49213,53964,28746
rgb_texture,Aquarium_Deep_Sea_Diver_v1_L1,ok,,,/mnt/ssd1/29d_kon/acm_2026/outputs/coordinator/rc2_full_metrics_20260610_143622/MeshMamba/rgb_texture/baseline_screen_space/Aquarium_Deep_Sea_Diver_v1_L1/sigma0p05_recenter_rotx90p0_horizontaltovertical_blender_rig/Aquarium_Deep_Sea_Diver_v1_L1_report.json,/mnt/ssd1/29d_kon/acm_2026/outputs/coordinator/rc2_full_metrics_20260610_143622/MeshMamba/_logs/rgb_texture/screen_space/Aquarium_Deep_Sea_Diver_v1_L1.log,Aquarium_Deep_Sea_Diver_v1_L1.csv,32868,,,52465,450,horizontal_to_vertical,json_camera_static.fov_degrees,60.000001669652114,35.98339890412515,0.04218733395424122,0.6699845567501086,2.3806802437791514,0.04829802928417765,0.17421996442386006,0.032379698525434146,0.7394536909600192,0.46569320416299664,0.45023711796341076,0.40384286109415957,-0.04627223775803352,-0.1350256379435517,-0.33680970005963484,3.288687052710106,7268.490005,28520,7796826,,,,,ok,,,/mnt/ssd1/29d_kon/acm_2026/outputs/coordinator/rc2_full_metrics_20260610_143622/MeshMamba/rgb_texture/baseline_cone/Aquarium_Deep_Sea_Diver_v1_L1/recenter_rotx90p0_horizontaltovertical_blender_rig/Aquarium_Deep_Sea_Diver_v1_L1_report.json,/mnt/ssd1/29d_kon/acm_2026/outputs/coordinator/rc2_full_metrics_20260610_143622/MeshMamba/_logs/rgb_texture/cone/Aquarium_Deep_Sea_Diver_v1_L1.log,Aquarium_Deep_Sea_Diver_v1_L1.csv,32868,,,52465,450,horizontal_to_vertical,json_camera_static.fov_degrees,60.000001669652114,35.98339890412515,0.008783874997481178,0.5869235670893395,0.7456594152183945,0.04193349991764512,0.15651569364723952,0.005954553387047269,0.6011771854568408,0.4522630631838469,0.4370240516995786,0.3576708183987959,-0.04809391521111206,-0.09353713046155203,-0.40614087497315354,12530914.689211188,7268.490005,,,0.8957209568283617,46994,52465,32868
rgb_texture,Aquarium_Skull_v1_L1,ok,,,/mnt/ssd1/29d_kon/acm_2026/outputs/coordinator/rc2_full_metrics_20260610_143622/MeshMamba/rgb_texture/baseline_screen_space/Aquarium_Skull_v1_L1/sigma0p05_recenter_rotx90p0_horizontaltovertical_blender_rig/Aquarium_Skull_v1_L1_report.json,/mnt/ssd1/29d_kon/acm_2026/outputs/coordinator/rc2_full_metrics_20260610_143622/MeshMamba/_logs/rgb_texture/screen_space/Aquarium_Skull_v1_L1.log,Aquarium_Skull_v1_L1.csv,32868,,,52465,450,horizontal_to_vertical,json_camera_static.fov_degrees,60.000001669652114,35.98339890412515,0.2902830011914818,0.5869837681248702,1.3768742009701862,0.05203382665078451,0.1728981358043474,0.33346390433016926,0.6697032093643919,0.6643830550215762,0.6816888390800513,0.7975193854351632,0.43405194590311685,0.49662891630345857,0.9072374960469082,2.106462596532597,3553.773486,28965,8246489,,,,,ok,,,/mnt/ssd1/29d_kon/acm_2026/outputs/coordinator/rc2_full_metrics_20260610_143622/MeshMamba/rgb_texture/baseline_cone/Aquarium_Skull_v1_L1/recenter_rotx90p0_horizontaltovertical_blender_rig/Aquarium_Skull_v1_L1_report.json,/mnt/ssd1/29d_kon/acm_2026/outputs/coordinator/rc2_full_metrics_20260610_143622/MeshMamba/_logs/rgb_texture/cone/Aquarium_Skull_v1_L1.log,Aquarium_Skull_v1_L1.csv,32868,,,52465,450,horizontal_to_vertical,json_camera_static.fov_degrees,60.000001669652114,35.98339890412515,0.2168663785894575,0.5432262517233811,1.1940361155951535,0.025643527182542616,0.11573286284768755,0.28521219769064066,0.6044873802780584,0.6458421821611189,0.6508662506475461,0.724603844570523,0.30010485988688695,0.3264496421524851,0.5988857808552445,5181764.414642659,3553.773486,,,0.9339750309730296,49001,52465,31391
rgb_texture,BastetCat_v2_L2,ok,,,/mnt/ssd1/29d_kon/acm_2026/outputs/coordinator/rc2_full_metrics_20260610_143622/MeshMamba/rgb_texture/baseline_screen_space/BastetCat_v2_L2/sigma0p05_recenter_rotx90p0_horizontaltovertical_blender_rig/BastetCat_v2_L2_report.json,/mnt/ssd1/29d_kon/acm_2026/outputs/coordinator/rc2_full_metrics_20260610_143622/MeshMamba/_logs/rgb_texture/screen_space/BastetCat_v2_L2.log,Bastet_Cat_v2_l2.csv,32868,,,52465,450,horizontal_to_vertical,json_camera_static.fov_degrees,60.000001669652114,35.98339890412515,0.26906910798424544,0.6139334709950603,1.1793287185722483,0.04767018688792578,0.16579943475525583,0.4594827015172499,0.7013615959063495,0.6056971577692853,0.627816143518025,0.6419836995231628,0.09687150810584653,0.1707631546711896,0.20232466791226128,2.8015761910771295,7021.170288,30864,7739348,,,,,ok,,,/mnt/ssd1/29d_kon/acm_2026/outputs/coordinator/rc2_full_metrics_20260610_143622/MeshMamba/rgb_texture/baseline_cone/BastetCat_v2_L2/recenter_rotx90p0_horizontaltovertical_blender_rig/BastetCat_v2_L2_report.json,/mnt/ssd1/29d_kon/acm_2026/outputs/coordinator/rc2_full_metrics_20260610_143622/MeshMamba/_logs/rgb_texture/cone/BastetCat_v2_L2.log,Bastet_Cat_v2_l2.csv,32868,,,52465,450,horizontal_to_vertical,json_camera_static.fov_degrees,60.000001669652114,35.98339890412515,0.29729090245087897,0.5621760804955496,0.7536696749563623,0.05581400191298995,0.16492082606424885,0.29620824485676783,0.6208039449263377,0.6292252290270068,0.7264004235465513,0.8319930509388265,0.44721556085617814,0.8449007818524372,1.5194250877478614,9423083.190095546,7021.170288,,,0.5999237586962737,31475,52465,32868
rgb_texture,Beauceron_v1_L3,ok,,,/mnt/ssd1/29d_kon/acm_2026/outputs/coordinator/rc2_full_metrics_20260610_143622/MeshMamba/rgb_texture/baseline_screen_space/Beauceron_v1_L3/sigma0p05_recenter_rotx90p0_horizontaltovertical_blender_rig/Beauceron_v1_L3_report.json,/mnt/ssd1/29d_kon/acm_2026/outputs/coordinator/rc2_full_metrics_20260610_143622/MeshMamba/_logs/rgb_texture/screen_space/Beauceron_v1_L3.log,Beauceron_v1_L3.csv,32868,,,55463,450,horizontal_to_vertical,json_camera_static.fov_degrees,60.000001669652114,35.98339890412515,-0.18770882943394823,0.43279320713146396,3.143258212820803,0.10649113352830084,0.26478949570898636,-0.17815808561455723,0.4762122964498961,0.4775715171350656,0.4468288029265653,0.29588361163237276,-0.14041922221806283,-0.24170214416685393,-0.7123905468146295,1.6767326876753752,7157.521755,30113,7961872,,,,,ok,,,/mnt/ssd1/29d_kon/acm_2026/outputs/coordinator/rc2_full_metrics_20260610_143622/MeshMamba/rgb_texture/baseline_cone/Beauceron_v1_L3/recenter_rotx90p0_horizontaltovertical_blender_rig/Beauceron_v1_L3_report.json,/mnt/ssd1/29d_kon/acm_2026/outputs/coordinator/rc2_full_metrics_20260610_143622/MeshMamba/_logs/rgb_texture/cone/Beauceron_v1_L3.log,Beauceron_v1_L3.csv,32868,,,55463,450,horizontal_to_vertical,json_camera_static.fov_degrees,60.000001669652114,35.98339890412515,-0.18791919828948686,0.36097895302601446,1.5846880054107806,0.09954280179134117,0.22519241573306964,-0.2337504011468677,0.32976585333710356,0.3501724115641822,0.30433158830969753,0.10607901801448269,-0.3117338654840428,-0.42131798423357636,-0.7567013876100662,4645862.961369151,7157.521755,,,0.4760470944593693,26403,55463,32868
rgb_texture,BellPepper_v1_L3,ok,,,/mnt/ssd1/29d_kon/acm_2026/outputs/coordinator/rc2_full_metrics_20260610_143622/MeshMamba/rgb_texture/baseline_screen_space/BellPepper_v1_L3/sigma0p05_recenter_rotx90p0_horizontaltovertical_blender_rig/BellPepper_v1_L3_report.json,/mnt/ssd1/29d_kon/acm_2026/outputs/coordinator/rc2_full_metrics_20260610_143622/MeshMamba/_logs/rgb_texture/screen_space/BellPepper_v1_L3.log,BellPepper_v01_L3.csv,32868,,,52465,450,horizontal_to_vertical,json_camera_static.fov_degrees,60.000001669652114,35.98339890412515,0.06111995248867666,0.47771494816400956,1.7012384541219916,0.059567714863096775,0.17030592172470885,-0.03321856218270499,0.4987415397636599,0.5029844677740104,0.5466481153682394,0.7116531473898379,0.10792221376828964,0.04248784761413792,0.1309417962423004,2.1607097181162764,3125.621448,31900,8207878,,,,,ok,,,/mnt/ssd1/29d_kon/acm_2026/outputs/coordinator/rc2_full_metrics_20260610_143622/MeshMamba/rgb_texture/baseline_cone/BellPepper_v1_L3/recenter_rotx90p0_horizontaltovertical_blender_rig/BellPepper_v1_L3_report.json,/mnt/ssd1/29d_kon/acm_2026/outputs/coordinator/rc2_full_metrics_20260610_143622/MeshMamba/_logs/rgb_texture/cone/BellPepper_v1_L3.log,BellPepper_v01_L3.csv,32868,,,52465,450,horizontal_to_vertical,json_camera_static.fov_degrees,60.000001669652114,35.98339890412515,0.07242713518291921,0.43861051689925384,1.939538819868122,0.03601750102193673,0.12862308217747107,-0.010375247168628044,0.4533247826467802,0.49453622348034665,0.5106370641492943,0.5740181690785647,0.0683579080261977,-0.02937240239323798,-0.19809730594291428,5526325.320629388,3125.621448,,,0.9507099971409511,49879,52465,32483
rgb_texture,Bird_Toucan_V3_L2,ok,,,/mnt/ssd1/29d_kon/acm_2026/outputs/coordinator/rc2_full_metrics_20260610_143622/MeshMamba/rgb_texture/baseline_screen_space/Bird_Toucan_V3_L2/sigma0p05_recenter_rotx90p0_horizontaltovertical_blender_rig/Bird_Toucan_V3_L2_report.json,/mnt/ssd1/29d_kon/acm_2026/outputs/coordinator/rc2_full_metrics_20260610_143622/MeshMamba/_logs/rgb_texture/screen_space/Bird_Toucan_V3_L2.log,Bird_Toucan_v3_l2.csv,32868,,,52465,450,horizontal_to_vertical,json_camera_static.fov_degrees,60.000001669652114,35.98339890412515,-0.062143193890092416,0.5763693650441345,2.5379305870534976,0.08788027425709535,0.22799819950248884,-0.013143163151167722,0.624885207469904,0.4483596303208425,0.4343609698354189,0.40522647081159846,-0.17074338229238378,-0.22652584106497067,-0.33952025200059227,3.253130191365342,9594.299801,28583,7739662,,,,,ok,,,/mnt/ssd1/29d_kon/acm_2026/outputs/coordinator/rc2_full_metrics_20260610_143622/MeshMamba/rgb_texture/baseline_cone/Bird_Toucan_V3_L2/recenter_rotx90p0_horizontaltovertical_blender_rig/Bird_Toucan_V3_L2_report.json,/mnt/ssd1/29d_kon/acm_2026/outputs/coordinator/rc2_full_metrics_20260610_143622/MeshMamba/_logs/rgb_texture/cone/Bird_Toucan_V3_L2.log,Bird_Toucan_v3_l2.csv,32868,,,52465,450,horizontal_to_vertical,json_camera_static.fov_degrees,60.000001669652114,35.98339890412515,0.14182951251930032,0.6324528280357319,0.6258560317560924,0.08399785425881716,0.20641693726850283,0.28583215699600567,0.641922074111805,0.5645160421107922,0.3711268407918795,0.1583076226227849,0.0910991560047287,-0.45856171154823766,-0.8777808263049613,10513522.412964206,9594.299801,,,0.541866005908701,28429,52465,32868
rgb_texture,Bird_v1_L3,ok,,,/mnt/ssd1/29d_kon/acm_2026/outputs/coordinator/rc2_full_metrics_20260610_143622/MeshMamba/rgb_texture/baseline_screen_space/Bird_v1_L3/sigma0p05_recenter_rotx90p0_horizontaltovertical_blender_rig/Bird_v1_L3_report.json,/mnt/ssd1/29d_kon/acm_2026/outputs/coordinator/rc2_full_metrics_20260610_143622/MeshMamba/_logs/rgb_texture/screen_space/Bird_v1_L3.log,Chick.csv,32868,,,52465,450,horizontal_to_vertical,json_camera_static.fov_degrees,60.000001669652114,35.98339890412515,-0.2838998925810113,0.37408465101060395,5.214707918272971,0.13406804551352572,0.2965336063555355,-0.25260028003992313,0.39668911324839384,0.3686413230719482,0.3554414401736016,0.3648653647421084,-0.403392077882379,-0.45066689709488833,-0.4288316494592195,2.0690074657687183,6813.040331,27988,8284233,,,,,ok,,,/mnt/ssd1/29d_kon/acm_2026/outputs/coordinator/rc2_full_metrics_20260610_143622/MeshMamba/rgb_texture/baseline_cone/Bird_v1_L3/recenter_rotx90p0_horizontaltovertical_blender_rig/Bird_v1_L3_report.json,/mnt/ssd1/29d_kon/acm_2026/outputs/coordinator/rc2_full_metrics_20260610_143622/MeshMamba/_logs/rgb_texture/cone/Bird_v1_L3.log,Chick.csv,32868,,,52465,450,horizontal_to_vertical,json_camera_static.fov_degrees,60.000001669652114,35.98339890412515,-0.19850204384649564,0.3701195959718525,1.4832883348920407,0.09183954254754433,0.22095942997943965,-0.1259991707903386,0.30778001356461393,0.40759156994710843,0.2468410018838837,0.27518476542201264,-0.30773640161106325,-0.5561532406422028,-0.5455618183581582,6003722.021319189,6813.040331,,,0.768722005146288,40331,52465,32866
rgb_texture,Blackberry_v02_L3,ok,,,/mnt/ssd1/29d_kon/acm_2026/outputs/coordinator/rc2_full_metrics_20260610_143622/MeshMamba/rgb_texture/baseline_screen_space/Blackberry_v02_L3/sigma0p05_recenter_rotx90p0_horizontaltovertical_blender_rig/Blackberry_v02_L3_report.json,/mnt/ssd1/29d_kon/acm_2026/outputs/coordinator/rc2_full_metrics_20260610_143622/MeshMamba/_logs/rgb_texture/screen_space/Blackberry_v02_L3.log,Blackberry_v2_L3.csv,32868,,,52465,450,horizontal_to_vertical,json_camera_static.fov_degrees,60.000001669652114,35.98339890412515,0.1764832915103906,0.5551934522091506,1.2029157739714522,0.05505868864316916,0.16654003436189863,0.18238043130572176,0.5664175052460357,0.7436119078277199,0.72932295241417,0.7125555949647892,0.6027103409592577,0.4926058641456918,0.3677380784785886,2.4776002363927643,3217.884181,31330,8070962,,,,,ok,,,/mnt/ssd1/29d_kon/acm_2026/outputs/coordinator/rc2_full_metrics_20260610_143622/MeshMamba/rgb_texture/baseline_cone/Blackberry_v02_L3/recenter_rotx90p0_horizontaltovertical_blender_rig/Blackberry_v02_L3_report.json,/mnt/ssd1/29d_kon/acm_2026/outputs/coordinator/rc2_full_metrics_20260610_143622/MeshMamba/_logs/rgb_texture/cone/Blackberry_v02_L3.log,Blackberry_v2_L3.csv,32868,,,52465,450,horizontal_to_vertical,json_camera_static.fov_degrees,60.000001669652114,35.98339890412515,0.5890193555388636,0.6061461519366743,0.7602093314526304,0.01768417850946417,0.0920053074767519,0.22806173558623108,0.7489929901227295,0.8739927403264665,0.9345893447581964,0.9660161371937028,1.8103027698118703,2.3946845907473633,2.67783745077593,8096423.075619833,3217.884181,,,0.9290574668826836,48743,52465,32868
rgb_texture,Boombox_v2_L3,ok,,,/mnt/ssd1/29d_kon/acm_2026/outputs/coordinator/rc2_full_metrics_20260610_143622/MeshMamba/rgb_texture/baseline_screen_space/Boombox_v2_L3/sigma0p05_recenter_rotx90p0_horizontaltovertical_blender_rig/Boombox_v2_L3_report.json,/mnt/ssd1/29d_kon/acm_2026/outputs/coordinator/rc2_full_metrics_20260610_143622/MeshMamba/_logs/rgb_texture/screen_space/Boombox_v2_L3.log,Boombox_v2_Iteration2.csv,32868,,,53964,450,horizontal_to_vertical,json_camera_static.fov_degrees,60.000001669652114,35.98339890412515,-0.029639474732614104,0.45353690029920457,1.8698728541613936,0.09049320238904163,0.24743780134526547,0.026930873652215137,0.48864043650408,0.42952837175319136,0.47286996308909546,0.45617730082330005,-0.269012627269382,-0.15928111206682133,-0.16932807600722866,3.4642772129647623,3872.5252760000003,31636,6566664,,,,,ok,,,/mnt/ssd1/29d_kon/acm_2026/outputs/coordinator/rc2_full_metrics_20260610_143622/MeshMamba/rgb_texture/baseline_cone/Boombox_v2_L3/recenter_rotx90p0_horizontaltovertical_blender_rig/Boombox_v2_L3_report.json,/mnt/ssd1/29d_kon/acm_2026/outputs/coordinator/rc2_full_metrics_20260610_143622/MeshMamba/_logs/rgb_texture/cone/Boombox_v2_L3.log,Boombox_v2_Iteration2.csv,32868,,,53964,450,horizontal_to_vertical,json_camera_static.fov_degrees,60.000001669652114,35.98339890412515,-0.08611846344976502,0.3832420785384657,1.1775884574910576,0.04307137576727395,0.14583207351379518,-0.004711002499241402,0.376981220991706,0.5685168495753802,0.5514590182827733,0.5257236791650813,-0.1028241331850372,-0.13959521898386226,-0.19095331610679195,6987329.42325149,3872.5252760000003,,,0.8347787413831443,45048,53964,32565
rgb_texture,Camel_toy_v03_L3,ok,,,/mnt/ssd1/29d_kon/acm_2026/outputs/coordinator/rc2_full_metrics_20260610_143622/MeshMamba/rgb_texture/baseline_screen_space/Camel_toy_v03_L3/sigma0p05_recenter_rotx90p0_horizontaltovertical_blender_rig/Camel_toy_v03_L3_report.json,/mnt/ssd1/29d_kon/acm_2026/outputs/coordinator/rc2_full_metrics_20260610_143622/MeshMamba/_logs/rgb_texture/screen_space/Camel_toy_v03_L3.log,Camel_toy.csv,32868,,,53964,450,horizontal_to_vertical,json_camera_static.fov_degrees,60.000001669652114,35.98339890412515,-0.05466204851676932,0.5634406213488562,1.5339697446646163,0.0810191533271619,0.2234541731533057,-0.050298015200713794,0.6171818672815221,0.4585146144230605,0.4389525369779189,0.5134495607842485,-0.14404411401021475,-0.21707064885229418,0.02885829389081225,1.7578250737066747,8050.347979000001,30550,7789539,,,,,ok,,,/mnt/ssd1/29d_kon/acm_2026/outputs/coordinator/rc2_full_metrics_20260610_143622/MeshMamba/rgb_texture/baseline_cone/Camel_toy_v03_L3/recenter_rotx90p0_horizontaltovertical_blender_rig/Camel_toy_v03_L3_report.json,/mnt/ssd1/29d_kon/acm_2026/outputs/coordinator/rc2_full_metrics_20260610_143622/MeshMamba/_logs/rgb_texture/cone/Camel_toy_v03_L3.log,Camel_toy.csv,32868,,,53964,450,horizontal_to_vertical,json_camera_static.fov_degrees,60.000001669652114,35.98339890412515,-0.10630302553215092,0.5049855103628644,0.8843958123561826,0.10629363144449494,0.24860451393930647,-0.06110489416310013,0.5217287265227232,0.36755571145182186,0.43057276695573254,0.5624087662492641,-0.3509578426276771,-0.2107548000067835,0.28743475848420985,5133353.890619087,8050.347979000001,,,0.4131458009043066,22295,53964,32868
rgb_texture,Cardigan_Welsh_Corgi_v1_L3,ok,,,/mnt/ssd1/29d_kon/acm_2026/outputs/coordinator/rc2_full_metrics_20260610_143622/MeshMamba/rgb_texture/baseline_screen_space/Cardigan_Welsh_Corgi_v1_L3/sigma0p05_recenter_rotx90p0_horizontaltovertical_blender_rig/Cardigan_Welsh_Corgi_v1_L3_report.json,/mnt/ssd1/29d_kon/acm_2026/outputs/coordinator/rc2_full_metrics_20260610_143622/MeshMamba/_logs/rgb_texture/screen_space/Cardigan_Welsh_Corgi_v1_L3.log,Cardigan_Welsh_Corgi_v1_L3.csv,32868,,,52465,450,horizontal_to_vertical,json_camera_static.fov_degrees,60.000001669652114,35.98339890412515,-0.25907980151707577,0.5245441337447612,1.9450248316951957,0.10347810164836307,0.2562272862528102,-0.3332466128577863,0.5526493831154938,0.44820564927575274,0.49023055795560594,0.45378568864428387,-0.20508981141387325,-0.08512089641631172,-0.17099028820493176,2.58003387730357,7268.839112000001,29881,8156241,,,,,ok,,,/mnt/ssd1/29d_kon/acm_2026/outputs/coordinator/rc2_full_metrics_20260610_143622/MeshMamba/rgb_texture/baseline_cone/Cardigan_Welsh_Corgi_v1_L3/recenter_rotx90p0_horizontaltovertical_blender_rig/Cardigan_Welsh_Corgi_v1_L3_report.json,/mnt/ssd1/29d_kon/acm_2026/outputs/coordinator/rc2_full_metrics_20260610_143622/MeshMamba/_logs/rgb_texture/cone/Cardigan_Welsh_Corgi_v1_L3.log,Cardigan_Welsh_Corgi_v1_L3.csv,32868,,,52465,450,horizontal_to_vertical,json_camera_static.fov_degrees,60.000001669652114,35.98339890412515,-0.28328432130630204,0.4720753167416678,0.9179779018189541,0.08125486629829559,0.21472165393321435,-0.25275519476643965,0.4029808176191026,0.527448412004651,0.46672193795651606,0.3995303368013562,-0.18572925632839354,-0.33190318422085746,-0.4530745729811954,6377736.145521473,7268.839112000001,,,0.43316496712093777,22726,52465,32868
rgb_texture,Cat_v1_L3,ok,,,/mnt/ssd1/29d_kon/acm_2026/outputs/coordinator/rc2_full_metrics_20260610_143622/MeshMamba/rgb_texture/baseline_screen_space/Cat_v1_L3/sigma0p05_recenter_rotx90p0_horizontaltovertical_blender_rig/Cat_v1_L3_report.json,/mnt/ssd1/29d_kon/acm_2026/outputs/coordinator/rc2_full_metrics_20260610_143622/MeshMamba/_logs/rgb_texture/screen_space/Cat_v1_L3.log,Cat_v1_l3.csv,32868,,,52465,450,horizontal_to_vertical,json_camera_static.fov_degrees,60.000001669652114,35.98339890412515,-0.2597350009714795,0.4213690206168803,1.7535706901377663,0.1330670475042423,0.2950811951957621,-0.34161546202628096,0.4317025134939312,0.34226738960691916,0.29926041045225055,0.2541517866192087,-0.4506752228748453,-0.5708787979255884,-0.7025631407491504,2.3323485126967265,7004.478064999999,30523,7978011,,,,,ok,,,/mnt/ssd1/29d_kon/acm_2026/outputs/coordinator/rc2_full_metrics_20260610_143622/MeshMamba/rgb_texture/baseline_cone/Cat_v1_L3/recenter_rotx90p0_horizontaltovertical_blender_rig/Cat_v1_L3_report.json,/mnt/ssd1/29d_kon/acm_2026/outputs/coordinator/rc2_full_metrics_20260610_143622/MeshMamba/_logs/rgb_texture/cone/Cat_v1_L3.log,Cat_v1_l3.csv,32868,,,52465,450,horizontal_to_vertical,json_camera_static.fov_degrees,60.000001669652114,35.98339890412515,-0.23832311202607934,0.38859364257592277,1.2580968323798285,0.11062784346144386,0.22339505827513453,-0.2704972107140295,0.2935936214856187,0.32772255729851996,0.2560157398887748,0.1570305953174171,-0.46911036932341554,-0.5433721332257473,-0.6471586598037082,5745295.622889815,7004.478064999999,,,0.4971886019250929,26085,52465,32868
rgb_texture,Charging_Bull_Statue_of_Wall_Street_v1,ok,,,/mnt/ssd1/29d_kon/acm_2026/outputs/coordinator/rc2_full_metrics_20260610_143622/MeshMamba/rgb_texture/baseline_screen_space/Charging_Bull_Statue_of_Wall_Street_v1/sigma0p05_recenter_rotx90p0_horizontaltovertical_blender_rig/Charging_Bull_Statue_of_Wall_Street_v1_report.json,/mnt/ssd1/29d_kon/acm_2026/outputs/coordinator/rc2_full_metrics_20260610_143622/MeshMamba/_logs/rgb_texture/screen_space/Charging_Bull_Statue_of_Wall_Street_v1.log,Charging_Bull_Statue_of_Wall_Street_v1_L1.csv,32868,,,52465,450,horizontal_to_vertical,json_camera_static.fov_degrees,60.000001669652114,35.98339890412515,0.025586558919214877,0.4902414392945211,2.190438840437297,0.07400090344185302,0.21245787822064993,-0.014878108708651205,0.5214878777644749,0.6152855220679923,0.5636569236310206,0.45803614105906676,0.2923583805760603,0.1431584339088296,-0.2154355126443308,2.0011488464350355,4472.733864,30615,8121016,,,,,ok,,,/mnt/ssd1/29d_kon/acm_2026/outputs/coordinator/rc2_full_metrics_20260610_143622/MeshMamba/rgb_texture/baseline_cone/Charging_Bull_Statue_of_Wall_Street_v1/recenter_rotx90p0_horizontaltovertical_blender_rig/Charging_Bull_Statue_of_Wall_Street_v1_report.json,/mnt/ssd1/29d_kon/acm_2026/outputs/coordinator/rc2_full_metrics_20260610_143622/MeshMamba/_logs/rgb_texture/cone/Charging_Bull_Statue_of_Wall_Street_v1.log,Charging_Bull_Statue_of_Wall_Street_v1_L1.csv,32868,,,52465,450,horizontal_to_vertical,json_camera_static.fov_degrees,60.000001669652114,35.98339890412515,-0.03044617334174814,0.41295316342166055,1.2142034539136959,0.05451881460378736,0.15450859652088775,-0.0034631561578089853,0.37218289414698463,0.6008380952149793,0.5025780865738688,0.2752333860578435,0.14344481269926262,-0.05704816421787277,-0.5734351994478558,4019549.726840195,4472.733864,,,0.5014199942819022,26307,52465,32868
rgb_texture,Chinese_coin,ok,,,/mnt/ssd1/29d_kon/acm_2026/outputs/coordinator/rc2_full_metrics_20260610_143622/MeshMamba/rgb_texture/baseline_screen_space/Chinese_coin/sigma0p05_recenter_rotx90p0_horizontaltovertical_blender_rig/Chinese_coin_report.json,/mnt/ssd1/29d_kon/acm_2026/outputs/coordinator/rc2_full_metrics_20260610_143622/MeshMamba/_logs/rgb_texture/screen_space/Chinese_coin.log,chinese_coin.csv,32868,,,53964,450,horizontal_to_vertical,json_camera_static.fov_degrees,60.000001669652114,35.98339890412515,-0.025961706892748623,0.6400373758296418,0.8055635964546299,0.0589606747461434,0.18185426674425534,-0.013687696278216846,0.6838583703996294,0.5262745447621116,0.5579127478831244,0.7239839197872537,0.013256745017650388,0.10566995527722305,0.5649791625482719,3.007842189707306,6439.756262000001,32195,7581742,,,,,ok,,,/mnt/ssd1/29d_kon/acm_2026/outputs/coordinator/rc2_full_metrics_20260610_143622/MeshMamba/rgb_texture/baseline_cone/Chinese_coin/recenter_rotx90p0_horizontaltovertical_blender_rig/Chinese_coin_report.json,/mnt/ssd1/29d_kon/acm_2026/outputs/coordinator/rc2_full_metrics_20260610_143622/MeshMamba/_logs/rgb_texture/cone/Chinese_coin.log,chinese_coin.csv,32868,,,53964,450,horizontal_to_vertical,json_camera_static.fov_degrees,60.000001669652114,35.98339890412515,-0.1270631905953801,0.4901115794635851,0.9845316064548861,0.05382984639488577,0.1730735392310836,-0.08327383068150118,0.42495330339340304,0.5149970583711293,0.5814043805127131,0.7803881542756596,-0.15267354190288387,-0.040917628643777286,0.2879060528783405,11325401.53684099,6439.756262000001,,,0.8753984137573197,47240,53964,32868
rgb_texture,Chips_v1_L3,ok,,,/mnt/ssd1/29d_kon/acm_2026/outputs/coordinator/rc2_full_metrics_20260610_143622/MeshMamba/rgb_texture/baseline_screen_space/Chips_v1_L3/sigma0p05_recenter_rotx90p0_horizontaltovertical_blender_rig/Chips_v1_L3_report.json,/mnt/ssd1/29d_kon/acm_2026/outputs/coordinator/rc2_full_metrics_20260610_143622/MeshMamba/_logs/rgb_texture/screen_space/Chips_v1_L3.log,Chips_v1_L3.csv,32868,,,52465,450,horizontal_to_vertical,json_camera_static.fov_degrees,60.000001669652114,35.98339890412515,-0.4828572600279457,0.3702547330628655,1.6818419199866164,0.16615099337072842,0.34544125006478826,-0.523743112757425,0.3997008826816517,0.25537758899272894,0.2412803559617563,0.23264880833670626,-0.6734309450209269,-0.7311057383440724,-0.7560467867670929,2.3321991397411344,8154.516186000001,32290,7789427,,,,,ok,,,/mnt/ssd1/29d_kon/acm_2026/outputs/coordinator/rc2_full_metrics_20260610_143622/MeshMamba/rgb_texture/baseline_cone/Chips_v1_L3/recenter_rotx90p0_horizontaltovertical_blender_rig/Chips_v1_L3_report.json,/mnt/ssd1/29d_kon/acm_2026/outputs/coordinator/rc2_full_metrics_20260610_143622/MeshMamba/_logs/rgb_texture/cone/Chips_v1_L3.log,Chips_v1_L3.csv,32868,,,52465,450,horizontal_to_vertical,json_camera_static.fov_degrees,60.000001669652114,35.98339890412515,-0.3263177529685409,0.3026296393824638,1.78006086422354,0.1281455360341179,0.2720168122061532,-0.41158720228312595,0.25135429689575106,0.15141264598849602,0.15194810452125854,0.15101518112798196,-0.6763590560712538,-0.6919757456281074,-0.7007837955774345,7133191.710571052,8154.516186000001,,,0.9074239969503478,47608,52465,32868
rgb_texture,Christmas_Bear,ok,,,/mnt/ssd1/29d_kon/acm_2026/outputs/coordinator/rc2_full_metrics_20260610_143622/MeshMamba/rgb_texture/baseline_screen_space/Christmas_Bear/sigma0p05_recenter_rotx90p0_horizontaltovertical_blender_rig/Christmas_Bear_report.json,/mnt/ssd1/29d_kon/acm_2026/outputs/coordinator/rc2_full_metrics_20260610_143622/MeshMamba/_logs/rgb_texture/screen_space/Christmas_Bear.log,Christmas_Bear.csv,32868,,,53964,450,horizontal_to_vertical,json_camera_static.fov_degrees,60.000001669652114,35.98339890412515,0.3615327167772068,0.6720180532784684,1.2066909318818149,0.03367751428820318,0.13861712192281345,0.43930078779149634,0.7536782210520461,0.6722743367519997,0.684855483460536,0.6919713645472522,0.5191194076930271,0.571670149532543,0.5007088074582601,3.1917373375688904,4777.231648999999,30191,7823582,,,,,ok,,,/mnt/ssd1/29d_kon/acm_2026/outputs/coordinator/rc2_full_metrics_20260610_143622/MeshMamba/rgb_texture/baseline_cone/Christmas_Bear/recenter_rotx90p0_horizontaltovertical_blender_rig/Christmas_Bear_report.json,/mnt/ssd1/29d_kon/acm_2026/outputs/coordinator/rc2_full_metrics_20260610_143622/MeshMamba/_logs/rgb_texture/cone/Christmas_Bear.log,Christmas_Bear.csv,32868,,,53964,450,horizontal_to_vertical,json_camera_static.fov_degrees,60.000001669652114,35.98339890412515,0.2179003690116034,0.6114974152406039,0.5418211756741551,0.024706682421465072,0.1095380598253951,0.43003239339395666,0.5842323716532709,0.6858942594720687,0.6887006193532581,0.7278178974568839,0.28195305850213737,0.2450231973472405,0.4546504885361324,8314702.386684466,4777.231648999999,,,0.8969498183974501,48403,53964,32868
rgb_texture,CrawlingBaby_v1_L1,ok,,,/mnt/ssd1/29d_kon/acm_2026/outputs/coordinator/rc2_full_metrics_20260610_143622/MeshMamba/rgb_texture/baseline_screen_space/CrawlingBaby_v1_L1/sigma0p05_recenter_rotx90p0_horizontaltovertical_blender_rig/CrawlingBaby_v1_L1_report.json,/mnt/ssd1/29d_kon/acm_2026/outputs/coordinator/rc2_full_metrics_20260610_143622/MeshMamba/_logs/rgb_texture/screen_space/CrawlingBaby_v1_L1.log,CrawlingBaby.csv,32868,,,52465,450,horizontal_to_vertical,json_camera_static.fov_degrees,60.000001669652114,35.98339890412515,-0.1955181347600566,0.5955502789948204,1.787581901162533,0.08269353707393191,0.22113426077414672,-0.20218974339024195,0.6204992930218981,0.3887292056039515,0.34913521042207846,0.3115459484624997,-0.32215992833184387,-0.44143479643845024,-0.5599000525039259,2.5269377051248645,8154.6519450000005,30538,7742956,,,,,ok,,,/mnt/ssd1/29d_kon/acm_2026/outputs/coordinator/rc2_full_metrics_20260610_143622/MeshMamba/rgb_texture/baseline_cone/CrawlingBaby_v1_L1/recenter_rotx90p0_horizontaltovertical_blender_rig/CrawlingBaby_v1_L1_report.json,/mnt/ssd1/29d_kon/acm_2026/outputs/coordinator/rc2_full_metrics_20260610_143622/MeshMamba/_logs/rgb_texture/cone/CrawlingBaby_v1_L1.log,CrawlingBaby.csv,32868,,,52465,450,horizontal_to_vertical,json_camera_static.fov_degrees,60.000001669652114,35.98339890412515,-0.12049305719161875,0.4824780175165218,1.0620078373497084,0.07124651897828564,0.20826530850813574,-0.0255395732589524,0.46633308378471144,0.5123303983173488,0.5277945118952106,0.5235450916931013,-0.1622931222588611,-0.2023584964620283,-0.3402669380013022,5091721.6985486355,8154.6519450000005,,,0.5297626989421519,27794,52465,32868
rgb_texture,Deathstroke-obj,ok,,,/mnt/ssd1/29d_kon/acm_2026/outputs/coordinator/rc2_full_metrics_20260610_143622/MeshMamba/rgb_texture/baseline_screen_space/Deathstroke-obj/sigma0p05_recenter_rotx90p0_horizontaltovertical_blender_rig/Deathstroke-obj_report.json,/mnt/ssd1/29d_kon/acm_2026/outputs/coordinator/rc2_full_metrics_20260610_143622/MeshMamba/_logs/rgb_texture/screen_space/Deathstroke-obj.log,Deathstroke.csv,32868,,,52465,450,horizontal_to_vertical,json_camera_static.fov_degrees,60.000001669652114,35.98339890412515,0.2825018040305528,0.7573299984258537,0.6912221240340832,0.037556345979909096,0.15218225464527554,0.3366834337023202,0.8380594000305486,0.6697274478936608,0.6869052667391045,0.6443102973649297,0.5029075464742307,0.5606876640680156,0.4106783590618972,4.0319929922579085,8869.612038,31698,7599387,,,,,ok,,,/mnt/ssd1/29d_kon/acm_2026/outputs/coordinator/rc2_full_metrics_20260610_143622/MeshMamba/rgb_texture/baseline_cone/Deathstroke-obj/recenter_rotx90p0_horizontaltovertical_blender_rig/Deathstroke-obj_report.json,/mnt/ssd1/29d_kon/acm_2026/outputs/coordinator/rc2_full_metrics_20260610_143622/MeshMamba/_logs/rgb_texture/cone/Deathstroke-obj.log,Deathstroke.csv,32868,,,52465,450,horizontal_to_vertical,json_camera_static.fov_degrees,60.000001669652114,35.98339890412515,0.2965984012155623,0.7084147803029053,0.27989816921084604,0.04449337166298413,0.15528673185239278,0.3633095853221845,0.7609485104092166,0.7108227334151115,0.7808991095189738,0.8534211599809477,0.5538462088023814,0.6852294042128872,0.8642658971883955,16697090.095901217,8869.612038,,,0.688782998189269,36137,52465,32868
rgb_texture,Diavolo_Mask_v1_L3,ok,,,/mnt/ssd1/29d_kon/acm_2026/outputs/coordinator/rc2_full_metrics_20260610_143622/MeshMamba/rgb_texture/baseline_screen_space/Diavolo_Mask_v1_L3/sigma0p05_recenter_rotx90p0_horizontaltovertical_blender_rig/Diavolo_Mask_v1_L3_report.json,/mnt/ssd1/29d_kon/acm_2026/outputs/coordinator/rc2_full_metrics_20260610_143622/MeshMamba/_logs/rgb_texture/screen_space/Diavolo_Mask_v1_L3.log,Diavolo_Mask_v1_l3.csv,32868,,,52465,450,horizontal_to_vertical,json_camera_static.fov_degrees,60.000001669652114,35.98339890412515,0.06582050231678314,0.5869695419223755,1.1772289316346654,0.05251870276299529,0.17772600672397693,0.07295347868667104,0.648482679943459,0.4619863974428286,0.4621728879400898,0.6199681728663972,-0.08890698022869627,-0.08078755919618873,0.5062322545270941,1.9064700494231928,7124.251009,31585,7503294,,,,,ok,,,/mnt/ssd1/29d_kon/acm_2026/outputs/coordinator/rc2_full_metrics_20260610_143622/MeshMamba/rgb_texture/baseline_cone/Diavolo_Mask_v1_L3/recenter_rotx90p0_horizontaltovertical_blender_rig/Diavolo_Mask_v1_L3_report.json,/mnt/ssd1/29d_kon/acm_2026/outputs/coordinator/rc2_full_metrics_20260610_143622/MeshMamba/_logs/rgb_texture/cone/Diavolo_Mask_v1_L3.log,Diavolo_Mask_v1_l3.csv,32868,,,52465,450,horizontal_to_vertical,json_camera_static.fov_degrees,60.000001669652114,35.98339890412515,-0.05314754421552764,0.4962466267814252,0.9573072243015301,0.06945013320148137,0.19903348207248756,-0.1338575674875299,0.5170061756624565,0.3552815493323458,0.3940284155833712,0.5272693109629212,-0.227468011411773,-0.16021535871985562,0.4554683121968829,6698513.686664526,7124.251009,,,0.6905556085009054,36230,52465,32868
rgb_texture,Domestic_cat_V2_L3,ok,,,/mnt/ssd1/29d_kon/acm_2026/outputs/coordinator/rc2_full_metrics_20260610_143622/MeshMamba/rgb_texture/baseline_screen_space/Domestic_cat_V2_L3/sigma0p05_recenter_rotx90p0_horizontaltovertical_blender_rig/Domestic_cat_V2_L3_report.json,/mnt/ssd1/29d_kon/acm_2026/outputs/coordinator/rc2_full_metrics_20260610_143622/MeshMamba/_logs/rgb_texture/screen_space/Domestic_cat_V2_L3.log,Domestic_cat_V1_iterations-2.csv,32868,,,52465,450,horizontal_to_vertical,json_camera_static.fov_degrees,60.000001669652114,35.98339890412515,0.2672328148776156,0.5793718351138017,3.1073405413541866,0.06296569974985385,0.185871449091128,0.20890789801231935,0.6494695997205504,0.6619587946023988,0.7799411835708137,0.807525428218894,0.5168710195817462,0.9187725125380579,0.9518344304519445,1.9442938075376237,3796.7092660000003,26745,8558286,,,,,ok,,,/mnt/ssd1/29d_kon/acm_2026/outputs/coordinator/rc2_full_metrics_20260610_143622/MeshMamba/rgb_texture/baseline_cone/Domestic_cat_V2_L3/recenter_rotx90p0_horizontaltovertical_blender_rig/Domestic_cat_V2_L3_report.json,/mnt/ssd1/29d_kon/acm_2026/outputs/coordinator/rc2_full_metrics_20260610_143622/MeshMamba/_logs/rgb_texture/cone/Domestic_cat_V2_L3.log,Domestic_cat_V1_iterations-2.csv,32868,,,52465,450,horizontal_to_vertical,json_camera_static.fov_degrees,60.000001669652114,35.98339890412515,0.16417382107192155,0.48376997889026474,1.8143056987981145,0.027858371707210876,0.10861938161310539,0.10575345491786353,0.49518916091160115,0.5818048470851082,0.6874621875181173,0.601295606833642,0.33965417784913,0.6555802504588808,-0.15796666615258656,6404734.437267318,3796.7092660000003,,,0.8284761269417708,43466,52465,31294
rgb_texture,Eagle_wood_v1_L3,ok,,,/mnt/ssd1/29d_kon/acm_2026/outputs/coordinator/rc2_full_metrics_20260610_143622/MeshMamba/rgb_texture/baseline_screen_space/Eagle_wood_v1_L3/sigma0p05_recenter_rotx90p0_horizontaltovertical_blender_rig/Eagle_wood_v1_L3_report.json,/mnt/ssd1/29d_kon/acm_2026/outputs/coordinator/rc2_full_metrics_20260610_143622/MeshMamba/_logs/rgb_texture/screen_space/Eagle_wood_v1_L3.log,Eagle_v1_max2011_it2.csv,32868,,,52465,450,horizontal_to_vertical,json_camera_static.fov_degrees,60.000001669652114,35.98339890412515,-0.12221215683551392,0.5491790376389618,2.519507981504061,0.061171536741107355,0.1947495537889747,-0.1309721058607855,0.5823106898366106,0.40606253775798395,0.38724890641860743,0.3853390894686021,-0.2695800100654127,-0.3390430250247555,-0.36017748082840867,2.4341619917529216,6640.40646,28801,7832798,,,,,ok,,,/mnt/ssd1/29d_kon/acm_2026/outputs/coordinator/rc2_full_metrics_20260610_143622/MeshMamba/rgb_texture/baseline_cone/Eagle_wood_v1_L3/recenter_rotx90p0_horizontaltovertical_blender_rig/Eagle_wood_v1_L3_report.json,/mnt/ssd1/29d_kon/acm_2026/outputs/coordinator/rc2_full_metrics_20260610_143622/MeshMamba/_logs/rgb_texture/cone/Eagle_wood_v1_L3.log,Eagle_v1_max2011_it2.csv,32868,,,52465,450,horizontal_to_vertical,json_camera_static.fov_degrees,60.000001669652114,35.98339890412515,-0.07557295470278612,0.5268444392768268,0.8442337005904932,0.0481031125197763,0.16180123619675865,-0.1202552127464183,0.5146698516196593,0.45124461000777855,0.4544792264731166,0.40140272169071656,-0.19084540303428912,-0.23265013518822897,-0.3264937076099536,6333774.297617601,6640.40646,,,0.7180596588201659,37673,52465,32868
rgb_texture,Elephant_v01_l3,ok,,,/mnt/ssd1/29d_kon/acm_2026/outputs/coordinator/rc2_full_metrics_20260610_143622/MeshMamba/rgb_texture/baseline_screen_space/Elephant_v01_l3/sigma0p05_recenter_rotx90p0_horizontaltovertical_blender_rig/Elephant_v01_l3_report.json,/mnt/ssd1/29d_kon/acm_2026/outputs/coordinator/rc2_full_metrics_20260610_143622/MeshMamba/_logs/rgb_texture/screen_space/Elephant_v01_l3.log,statue_Elephant_v1_L3.csv,32868,,,52465,450,horizontal_to_vertical,json_camera_static.fov_degrees,60.000001669652114,35.98339890412515,-0.234302752970032,0.4188667295591018,2.5220764949859715,0.1397692847894021,0.3164522493994888,-0.09829282233834648,0.37218179352727543,0.24060815128466956,0.2506826896522919,0.19051914415350632,-0.8170176811000022,-0.837985521492274,-1.1231298482569874,1.769672170386307,4025.626563,29386,8092782,,,,,ok,,,/mnt/ssd1/29d_kon/acm_2026/outputs/coordinator/rc2_full_metrics_20260610_143622/MeshMamba/rgb_texture/baseline_cone/Elephant_v01_l3/recenter_rotx90p0_horizontaltovertical_blender_rig/Elephant_v01_l3_report.json,/mnt/ssd1/29d_kon/acm_2026/outputs/coordinator/rc2_full_metrics_20260610_143622/MeshMamba/_logs/rgb_texture/cone/Elephant_v01_l3.log,statue_Elephant_v1_L3.csv,32868,,,52465,450,horizontal_to_vertical,json_camera_static.fov_degrees,60.000001669652114,35.98339890412515,-0.19592353900889284,0.30255070605618634,3.1942948499207042,0.05753780184809004,0.15474201950615768,-0.13264047527423603,0.22561980171332965,0.16193318594608874,0.20813022517459584,0.2272028767723296,-0.7057992640426872,-0.6918066979343905,-0.6870668455751038,3522279.8730493737,4025.626563,,,0.7923949299533022,41573,52465,31631
rgb_texture,Fighter_Jet_SG_v1_L3,ok,,,/mnt/ssd1/29d_kon/acm_2026/outputs/coordinator/rc2_full_metrics_20260610_143622/MeshMamba/rgb_texture/baseline_screen_space/Fighter_Jet_SG_v1_L3/sigma0p05_recenter_rotx90p0_horizontaltovertical_blender_rig/Fighter_Jet_SG_v1_L3_report.json,/mnt/ssd1/29d_kon/acm_2026/outputs/coordinator/rc2_full_metrics_20260610_143622/MeshMamba/_logs/rgb_texture/screen_space/Fighter_Jet_SG_v1_L3.log,Fighter_Jet_SG_v1_iterations-2.csv,32868,,,49467,450,horizontal_to_vertical,json_camera_static.fov_degrees,60.000001669652114,35.98339890412515,-0.0450517326857583,0.4797978990988635,4.30292194810177,0.11112406458905905,0.2588269082619616,0.03267005297183942,0.5190570927720807,0.5010820325790035,0.49212639319807017,0.49450535438838833,-0.1024810374018546,-0.12622552027713071,-0.13059646897174312,3.12024622385145,8103.355491,22984,7767432,,,,,ok,,,/mnt/ssd1/29d_kon/acm_2026/outputs/coordinator/rc2_full_metrics_20260610_143622/MeshMamba/rgb_texture/baseline_cone/Fighter_Jet_SG_v1_L3/recenter_rotx90p0_horizontaltovertical_blender_rig/Fighter_Jet_SG_v1_L3_report.json,/mnt/ssd1/29d_kon/acm_2026/outputs/coordinator/rc2_full_metrics_20260610_143622/MeshMamba/_logs/rgb_texture/cone/Fighter_Jet_SG_v1_L3.log,Fighter_Jet_SG_v1_iterations-2.csv,32868,,,49467,450,horizontal_to_vertical,json_camera_static.fov_degrees,60.000001669652114,35.98339890412515,-0.03311248967729921,0.5496371108266704,0.6875766389406123,0.07702332996037897,0.2062341585898436,0.05850439974216002,0.563714187818717,0.5473035334484585,0.5773599839445981,0.5762027815861088,-0.014122484070802322,0.008484408996948923,-0.01357565038512952,8707890.560995657,8103.355491,,,0.549477429397376,27181,49467,32868
rgb_texture,Flying_saucer_v1_L3,ok,,,/mnt/ssd1/29d_kon/acm_2026/outputs/coordinator/rc2_full_metrics_20260610_143622/MeshMamba/rgb_texture/baseline_screen_space/Flying_saucer_v1_L3/sigma0p05_recenter_rotx90p0_horizontaltovertical_blender_rig/Flying_saucer_v1_L3_report.json,/mnt/ssd1/29d_kon/acm_2026/outputs/coordinator/rc2_full_metrics_20260610_143622/MeshMamba/_logs/rgb_texture/screen_space/Flying_saucer_v1_L3.log,Flying_saucer_v1_L3.csv,32868,,,52465,450,horizontal_to_vertical,json_camera_static.fov_degrees,60.000001669652114,35.98339890412515,0.16785467579937058,0.39505234746224105,5.458884921564848,0.1387755777375377,0.2961195674321384,0.16119974624713201,0.41861109115181,0.6186988011353829,0.610144136271743,0.6640690979101908,0.4890734427096361,0.5055713497346163,0.5987295326736531,2.522002586394728,2581.479386,24960,7597260,,,,,ok,,,/mnt/ssd1/29d_kon/acm_2026/outputs/coordinator/rc2_full_metrics_20260610_143622/MeshMamba/rgb_texture/baseline_cone/Flying_saucer_v1_L3/recenter_rotx90p0_horizontaltovertical_blender_rig/Flying_saucer_v1_L3_report.json,/mnt/ssd1/29d_kon/acm_2026/outputs/coordinator/rc2_full_metrics_20260610_143622/MeshMamba/_logs/rgb_texture/cone/Flying_saucer_v1_L3.log,Flying_saucer_v1_L3.csv,32868,,,52465,450,horizontal_to_vertical,json_camera_static.fov_degrees,60.000001669652114,35.98339890412515,-0.27005020113093764,0.07704594701458761,16.966224934622666,0.052882396920341364,0.14805963029955788,-0.5582059931198307,0.043970705620688326,0.5,0.5,0.5,-0.7218814183941226,-0.7218814183941225,-0.7218814183941226,3537984.43034449,2581.479386,,,0.9217764223768227,48361,52465,19563
rgb_texture,Frog_v1_L3,ok,,,/mnt/ssd1/29d_kon/acm_2026/outputs/coordinator/rc2_full_metrics_20260610_143622/MeshMamba/rgb_texture/baseline_screen_space/Frog_v1_L3/sigma0p05_recenter_rotx90p0_horizontaltovertical_blender_rig/Frog_v1_L3_report.json,/mnt/ssd1/29d_kon/acm_2026/outputs/coordinator/rc2_full_metrics_20260610_143622/MeshMamba/_logs/rgb_texture/screen_space/Frog_v1_L3.log,Frog_v1_L3.csv,32868,,,52465,450,horizontal_to_vertical,json_camera_static.fov_degrees,60.000001669652114,35.98339890412515,0.1153757078591703,0.5245286137368732,3.4229581556917994,0.05448871033784417,0.17226244814572383,0.11565368304586769,0.536946709482124,0.5547093871573946,0.5980303300910834,0.6266342441910483,0.1903284705436697,0.36777442668718274,0.40681182224127727,2.789496519598547,4224.881885,27559,7588907,,,,,ok,,,/mnt/ssd1/29d_kon/acm_2026/outputs/coordinator/rc2_full_metrics_20260610_143622/MeshMamba/rgb_texture/baseline_cone/Frog_v1_L3/recenter_rotx90p0_horizontaltovertical_blender_rig/Frog_v1_L3_report.json,/mnt/ssd1/29d_kon/acm_2026/outputs/coordinator/rc2_full_metrics_20260610_143622/MeshMamba/_logs/rgb_texture/cone/Frog_v1_L3.log,Frog_v1_L3.csv,32868,,,52465,450,horizontal_to_vertical,json_camera_static.fov_degrees,60.000001669652114,35.98339890412515,-0.11761043866692533,0.31193517623901634,2.289512949640695,0.05291882730287576,0.14698350559035323,-0.023086047578238504,0.24258374447080405,0.2922800381233701,0.2910671021355461,0.3164627511283864,-0.5419385970882742,-0.5466788172331128,-0.5438140282014258,5841794.567160442,4224.881885,,,0.5560850090536548,29175,52465,32720
rgb_texture,Gold_Doubloon_v1_L1,ok,,,/mnt/ssd1/29d_kon/acm_2026/outputs/coordinator/rc2_full_metrics_20260610_143622/MeshMamba/rgb_texture/baseline_screen_space/Gold_Doubloon_v1_L1/sigma0p05_recenter_rotx90p0_horizontaltovertical_blender_rig/Gold_Doubloon_v1_L1_report.json,/mnt/ssd1/29d_kon/acm_2026/outputs/coordinator/rc2_full_metrics_20260610_143622/MeshMamba/_logs/rgb_texture/screen_space/Gold_Doubloon_v1_L1.log,Gold_Doubloon_v1_l1.csv,32868,,,52465,450,horizontal_to_vertical,json_camera_static.fov_degrees,60.000001669652114,35.98339890412515,0.34559208853585605,0.6668129594598153,0.4039552127835002,0.039500440738354535,0.1545592096593792,0.38360383889051064,0.763248150845703,0.7029155722608557,0.6785323150418325,0.6291849359912365,0.6333616155092632,0.56262982835198,0.3590307523037323,3.4620776104807973,7094.053067999999,32640,7547134,,,,,ok,,,/mnt/ssd1/29d_kon/acm_2026/outputs/coordinator/rc2_full_metrics_20260610_143622/MeshMamba/rgb_texture/baseline_cone/Gold_Doubloon_v1_L1/recenter_rotx90p0_horizontaltovertical_blender_rig/Gold_Doubloon_v1_L1_report.json,/mnt/ssd1/29d_kon/acm_2026/outputs/coordinator/rc2_full_metrics_20260610_143622/MeshMamba/_logs/rgb_texture/cone/Gold_Doubloon_v1_L1.log,Gold_Doubloon_v1_l1.csv,32868,,,52465,450,horizontal_to_vertical,json_camera_static.fov_degrees,60.000001669652114,35.98339890412515,0.2720805208356943,0.6051508919416444,0.5585901980420269,0.047176122014304205,0.15632555284690108,0.380380086930074,0.6652771698116631,0.691148430682515,0.6659575706160274,0.6278909545160257,0.46118789361837953,0.3058488356297224,0.06538027152531384,11363389.14530582,7094.053067999999,,,0.828285523682455,43456,52465,32868
rgb_texture,GrayAlien_v01_L3,ok,,,/mnt/ssd1/29d_kon/acm_2026/outputs/coordinator/rc2_full_metrics_20260610_143622/MeshMamba/rgb_texture/baseline_screen_space/GrayAlien_v01_L3/sigma0p05_recenter_rotx90p0_horizontaltovertical_blender_rig/GrayAlien_v01_L3_report.json,/mnt/ssd1/29d_kon/acm_2026/outputs/coordinator/rc2_full_metrics_20260610_143622/MeshMamba/_logs/rgb_texture/screen_space/GrayAlien_v01_L3.log,GrayAlien_v01.csv,32868,,,52465,450,horizontal_to_vertical,json_camera_static.fov_degrees,60.000001669652114,35.98339890412515,0.3518988450183668,0.5900801367622918,0.9430448343073824,0.05629346178196966,0.19361345044924988,0.18467558432427233,0.7135953468212743,0.808621199399005,0.9110820494622327,0.9036914879138253,1.1202056765865454,1.582862188514615,1.5387725775691927,3.8730366772258207,7181.619656,31690,7638881,,,,,ok,,,/mnt/ssd1/29d_kon/acm_2026/outputs/coordinator/rc2_full_metrics_20260610_143622/MeshMamba/rgb_texture/baseline_cone/GrayAlien_v01_L3/recenter_rotx90p0_horizontaltovertical_blender_rig/GrayAlien_v01_L3_report.json,/mnt/ssd1/29d_kon/acm_2026/outputs/coordinator/rc2_full_metrics_20260610_143622/MeshMamba/_logs/rgb_texture/cone/GrayAlien_v01_L3.log,GrayAlien_v01.csv,32868,,,52465,450,horizontal_to_vertical,json_camera_static.fov_degrees,60.000001669652114,35.98339890412515,0.6392150878375784,0.5831326147759336,1.1113057020502157,0.04207442215012426,0.15234777795993637,0.2233088192924814,0.7719594010937336,0.8517211541909846,0.977653972582074,0.9550379619275668,1.936629198338011,2.695757821580804,2.626259574299723,26350253.152561843,7181.619656,,,0.7461164585914419,39145,52465,32868
rgb_texture,Great_Dane_v1_L3,ok,,,/mnt/ssd1/29d_kon/acm_2026/outputs/coordinator/rc2_full_metrics_20260610_143622/MeshMamba/rgb_texture/baseline_screen_space/Great_Dane_v1_L3/sigma0p05_recenter_rotx90p0_horizontaltovertical_blender_rig/Great_Dane_v1_L3_report.json,/mnt/ssd1/29d_kon/acm_2026/outputs/coordinator/rc2_full_metrics_20260610_143622/MeshMamba/_logs/rgb_texture/screen_space/Great_Dane_v1_L3.log,Great_Dane_v1_l3.csv,32868,,,52465,450,horizontal_to_vertical,json_camera_static.fov_degrees,60.000001669652114,35.98339890412515,-0.32861649417348204,0.4822614553955919,2.0718281987116347,0.12101956430703976,0.2822417501294083,-0.3135899594562018,0.5033604309744752,0.3283554202166067,0.26238336378592053,0.15458527158104685,-0.5189210646079861,-0.7277591193224588,-1.083740741857768,2.1927020318599224,9149.205681,30580,8001193,,,,,ok,,,/mnt/ssd1/29d_kon/acm_2026/outputs/coordinator/rc2_full_metrics_20260610_143622/MeshMamba/rgb_texture/baseline_cone/Great_Dane_v1_L3/recenter_rotx90p0_horizontaltovertical_blender_rig/Great_Dane_v1_L3_report.json,/mnt/ssd1/29d_kon/acm_2026/outputs/coordinator/rc2_full_metrics_20260610_143622/MeshMamba/_logs/rgb_texture/cone/Great_Dane_v1_L3.log,Great_Dane_v1_l3.csv,32868,,,52465,450,horizontal_to_vertical,json_camera_static.fov_degrees,60.000001669652114,35.98339890412515,-0.2742060201021656,0.43463947771135125,2.394062209931681,0.1273064005838188,0.2702505314631238,-0.1373994607122337,0.37684045791846876,0.3684074409622511,0.24115065194095503,0.05584736240290002,-0.42814398794818675,-0.6083842932968221,-0.8982613664501199,5667589.555103704,9149.205681,,,0.4210616601543886,22091,52465,32022
rgb_texture,Gun_Powder_Keg_v1_L3,ok,,,/mnt/ssd1/29d_kon/acm_2026/outputs/coordinator/rc2_full_metrics_20260610_143622/MeshMamba/rgb_texture/baseline_screen_space/Gun_Powder_Keg_v1_L3/sigma0p05_recenter_rotx90p0_horizontaltovertical_blender_rig/Gun_Powder_Keg_v1_L3_report.json,/mnt/ssd1/29d_kon/acm_2026/outputs/coordinator/rc2_full_metrics_20260610_143622/MeshMamba/_logs/rgb_texture/screen_space/Gun_Powder_Keg_v1_L3.log,Gun_Powder_Keg_v1_L3.csv,32868,,,53964,450,horizontal_to_vertical,json_camera_static.fov_degrees,60.000001669652114,35.98339890412515,-0.09521504747881027,0.27815233424249475,2.332705982367922,0.07523193474212618,0.20059769087920823,-0.023697574701707823,0.26855966605168097,0.4474026379199181,0.4462411315021884,0.4785255589014482,-0.28081172963866097,-0.28301519694967364,-0.2026656727188348,1.1854364606306653,2411.3684630000002,26985,7949300,,,,,ok,,,/mnt/ssd1/29d_kon/acm_2026/outputs/coordinator/rc2_full_metrics_20260610_143622/MeshMamba/rgb_texture/baseline_cone/Gun_Powder_Keg_v1_L3/recenter_rotx90p0_horizontaltovertical_blender_rig/Gun_Powder_Keg_v1_L3_report.json,/mnt/ssd1/29d_kon/acm_2026/outputs/coordinator/rc2_full_metrics_20260610_143622/MeshMamba/_logs/rgb_texture/cone/Gun_Powder_Keg_v1_L3.log,Gun_Powder_Keg_v1_L3.csv,32868,,,53964,450,horizontal_to_vertical,json_camera_static.fov_degrees,60.000001669652114,35.98339890412515,0.011513335394776912,0.28710023895456926,1.7204885018209515,0.02969949975973244,0.10590734967119457,0.1157102850200351,0.2980819916756181,0.6018515963557011,0.6532135953658456,0.7580916928210814,0.002653032641477084,0.17200934604385223,0.5411583388209882,2673439.6971452045,2411.3684630000002,,,0.9757245571121489,52654,53964,31524
rgb_texture,Handheld_Game_unit_v1_L3,ok,,,/mnt/ssd1/29d_kon/acm_2026/outputs/coordinator/rc2_full_metrics_20260610_143622/MeshMamba/rgb_texture/baseline_screen_space/Handheld_Game_unit_v1_L3/sigma0p05_recenter_rotx90p0_horizontaltovertical_blender_rig/Handheld_Game_unit_v1_L3_report.json,/mnt/ssd1/29d_kon/acm_2026/outputs/coordinator/rc2_full_metrics_20260610_143622/MeshMamba/_logs/rgb_texture/screen_space/Handheld_Game_unit_v1_L3.log,Handheld_Game_unit_v1_L3.csv,32868,,,52465,450,horizontal_to_vertical,json_camera_static.fov_degrees,60.000001669652114,35.98339890412515,-0.06120071320803408,0.4603805316867115,2.7476816506385218,0.07580625450595344,0.21044158848047567,0.011257246674408198,0.4276611983752402,0.45188579831031617,0.4701398473505626,0.2132362371607193,-0.1690589169292901,-0.11996394966663226,-0.9049594276311259,2.811711398377167,3187.400668,29305,7566788,,,,,ok,,,/mnt/ssd1/29d_kon/acm_2026/outputs/coordinator/rc2_full_metrics_20260610_143622/MeshMamba/rgb_texture/baseline_cone/Handheld_Game_unit_v1_L3/recenter_rotx90p0_horizontaltovertical_blender_rig/Handheld_Game_unit_v1_L3_report.json,/mnt/ssd1/29d_kon/acm_2026/outputs/coordinator/rc2_full_metrics_20260610_143622/MeshMamba/_logs/rgb_texture/cone/Handheld_Game_unit_v1_L3.log,Handheld_Game_unit_v1_L3.csv,32868,,,52465,450,horizontal_to_vertical,json_camera_static.fov_degrees,60.000001669652114,35.98339890412515,-0.0027841648337388353,0.450612278974751,1.4935343947872513,0.044632751616898954,0.1405090021057003,0.0849183466755489,0.40830871868598,0.5393499836017182,0.5553891494657862,0.1388919688704628,0.09440104151176938,0.2439040749510456,-0.9781709128500179,7204963.618833608,3187.400668,,,0.8167921471457162,42853,52465,32868
rgb_texture,Holsteind_v2_L3,ok,,,/mnt/ssd1/29d_kon/acm_2026/outputs/coordinator/rc2_full_metrics_20260610_143622/MeshMamba/rgb_texture/baseline_screen_space/Holsteind_v2_L3/sigma0p05_recenter_rotx90p0_horizontaltovertical_blender_rig/Holsteind_v2_L3_report.json,/mnt/ssd1/29d_kon/acm_2026/outputs/coordinator/rc2_full_metrics_20260610_143622/MeshMamba/_logs/rgb_texture/screen_space/Holsteind_v2_L3.log,Holsteind_v2_l3.csv,32868,,,52465,450,horizontal_to_vertical,json_camera_static.fov_degrees,60.000001669652114,35.98339890412515,-0.18832198884815102,0.525825617213246,1.8102350864882681,0.08197264156851103,0.2266935492611882,-0.2907035129148396,0.568743996185418,0.5340332768753309,0.6079258624440742,0.6351336077324465,0.03321040976649052,0.24016647509600852,0.3253303893823017,1.9711172442963085,5277.208095,30714,8094445,,,,,ok,,,/mnt/ssd1/29d_kon/acm_2026/outputs/coordinator/rc2_full_metrics_20260610_143622/MeshMamba/rgb_texture/baseline_cone/Holsteind_v2_L3/recenter_rotx90p0_horizontaltovertical_blender_rig/Holsteind_v2_L3_report.json,/mnt/ssd1/29d_kon/acm_2026/outputs/coordinator/rc2_full_metrics_20260610_143622/MeshMamba/_logs/rgb_texture/cone/Holsteind_v2_L3.log,Holsteind_v2_l3.csv,32868,,,52465,450,horizontal_to_vertical,json_camera_static.fov_degrees,60.000001669652114,35.98339890412515,-0.2641811468263881,0.40991740706441404,1.1267302214093369,0.05054782698985996,0.1701001715858966,-0.325895180298321,0.35629371892891376,0.48877893987711774,0.4802925474383983,0.5366129734802221,-0.27482956099134237,-0.2903846926565352,-0.24681986719628782,4401386.151271144,5277.208095,,,0.534718383684361,28054,52465,32868
rgb_texture,Horse_v01_L3,ok,,,/mnt/ssd1/29d_kon/acm_2026/outputs/coordinator/rc2_full_metrics_20260610_143622/MeshMamba/rgb_texture/baseline_screen_space/Horse_v01_L3/sigma0p05_recenter_rotx90p0_horizontaltovertical_blender_rig/Horse_v01_L3_report.json,/mnt/ssd1/29d_kon/acm_2026/outputs/coordinator/rc2_full_metrics_20260610_143622/MeshMamba/_logs/rgb_texture/screen_space/Horse_v01_L3.log,Horse_v01-it2.csv,32868,,,52465,450,horizontal_to_vertical,json_camera_static.fov_degrees,60.000001669652114,35.98339890412515,-0.1090821619297549,0.5058298571275812,1.5052536419407474,0.08793460569455074,0.22691462108704372,-0.12075508673730447,0.5279513241159679,0.5176918584846729,0.5404667778482208,0.39831505443409454,-0.0913989237558449,-0.045436819722620744,-0.3965723593063943,1.8231220417692828,5749.785538,31138,7899641,,,,,ok,,,/mnt/ssd1/29d_kon/acm_2026/outputs/coordinator/rc2_full_metrics_20260610_143622/MeshMamba/rgb_texture/baseline_cone/Horse_v01_L3/recenter_rotx90p0_horizontaltovertical_blender_rig/Horse_v01_L3_report.json,/mnt/ssd1/29d_kon/acm_2026/outputs/coordinator/rc2_full_metrics_20260610_143622/MeshMamba/_logs/rgb_texture/cone/Horse_v01_L3.log,Horse_v01-it2.csv,32868,,,52465,450,horizontal_to_vertical,json_camera_static.fov_degrees,60.000001669652114,35.98339890412515,-0.20675213113670632,0.3942979567858681,1.2539192680000677,0.061041190836797585,0.1702379095613846,-0.12727180611502767,0.3180976560988176,0.40139154970084306,0.40069876336625454,0.3646833059155294,-0.44396734822271916,-0.4522343084423331,-0.5173936750716231,4832244.061086255,5749.785538,,,0.4974173258362718,26097,52465,32868
rgb_texture,Hover_Truck_v1_L2,ok,,,/mnt/ssd1/29d_kon/acm_2026/outputs/coordinator/rc2_full_metrics_20260610_143622/MeshMamba/rgb_texture/baseline_screen_space/Hover_Truck_v1_L2/sigma0p05_recenter_rotx90p0_horizontaltovertical_blender_rig/Hover_Truck_v1_L2_report.json,/mnt/ssd1/29d_kon/acm_2026/outputs/coordinator/rc2_full_metrics_20260610_143622/MeshMamba/_logs/rgb_texture/screen_space/Hover_Truck_v1_L2.log,Hover_Truck_V1_l2.csv,32868,,,52465,450,horizontal_to_vertical,json_camera_static.fov_degrees,60.000001669652114,35.98339890412515,0.1241688241179602,0.5883936601730081,1.8801495169095177,0.06139866312952609,0.18693039991301189,0.18902606588702772,0.642779750928516,0.5568161722305346,0.5313033582626876,0.5731387474147225,0.13308086134050623,0.05919996011984539,0.22704128601920176,2.1780588109409296,4870.425046,27911,7426494,,,,,ok,,,/mnt/ssd1/29d_kon/acm_2026/outputs/coordinator/rc2_full_metrics_20260610_143622/MeshMamba/rgb_texture/baseline_cone/Hover_Truck_v1_L2/recenter_rotx90p0_horizontaltovertical_blender_rig/Hover_Truck_v1_L2_report.json,/mnt/ssd1/29d_kon/acm_2026/outputs/coordinator/rc2_full_metrics_20260610_143622/MeshMamba/_logs/rgb_texture/cone/Hover_Truck_v1_L2.log,Hover_Truck_V1_l2.csv,32868,,,52465,450,horizontal_to_vertical,json_camera_static.fov_degrees,60.000001669652114,35.98339890412515,0.15432519672082418,0.5535124950730848,1.3968881578604855,0.05755935033648397,0.17231490030689162,0.18951815423010276,0.604961601185666,0.5581153281620235,0.5624666291697757,0.6649231583778212,0.1988948075797612,0.32029164032186574,1.1062321283587087,5153454.349378852,4870.425046,,,0.853578576193653,44783,52465,31119
rgb_texture,Ice_Cream_V1_L3,ok,,,/mnt/ssd1/29d_kon/acm_2026/outputs/coordinator/rc2_full_metrics_20260610_143622/MeshMamba/rgb_texture/baseline_screen_space/Ice_Cream_V1_L3/sigma0p05_recenter_rotx90p0_horizontaltovertical_blender_rig/Ice_Cream_V1_L3_report.json,/mnt/ssd1/29d_kon/acm_2026/outputs/coordinator/rc2_full_metrics_20260610_143622/MeshMamba/_logs/rgb_texture/screen_space/Ice_Cream_V1_L3.log,Ice_Cream_v1_LOD1.csv,32868,,,52465,450,horizontal_to_vertical,json_camera_static.fov_degrees,60.000001669652114,35.98339890412515,0.2680321795364083,0.6411955277005167,1.3591752183403856,0.08250064163424972,0.22660941557569259,0.3337140774957229,0.7162165502501072,0.6492936633786558,0.597314483898779,0.5792650876465193,0.46772260786952585,0.301049576753156,0.15411663277418897,6.555988373322339,7277.817188999999,31028,7624048,,,,,ok,,,/mnt/ssd1/29d_kon/acm_2026/outputs/coordinator/rc2_full_metrics_20260610_143622/MeshMamba/rgb_texture/baseline_cone/Ice_Cream_V1_L3/recenter_rotx90p0_horizontaltovertical_blender_rig/Ice_Cream_V1_L3_report.json,/mnt/ssd1/29d_kon/acm_2026/outputs/coordinator/rc2_full_metrics_20260610_143622/MeshMamba/_logs/rgb_texture/cone/Ice_Cream_V1_L3.log,Ice_Cream_v1_LOD1.csv,32868,,,52465,450,horizontal_to_vertical,json_camera_static.fov_degrees,60.000001669652114,35.98339890412515,0.3407304060650639,0.6072587288723623,0.5872958378326468,0.0628819635046302,0.18744645168222668,0.49363324749646603,0.7005111556709638,0.6776579653766235,0.6537199046930647,0.5934861799228814,0.28161166888625333,0.22214745882612313,0.10838509488985751,34771221.959966026,7277.817188999999,,,0.8731344705994473,45809,52465,32445
rgb_texture,Ichthyosaurus_V1_L2,ok,,,/mnt/ssd1/29d_kon/acm_2026/outputs/coordinator/rc2_full_metrics_20260610_143622/MeshMamba/rgb_texture/baseline_screen_space/Ichthyosaurus_V1_L2/sigma0p05_recenter_rotx90p0_horizontaltovertical_blender_rig/Ichthyosaurus_V1_L2_report.json,/mnt/ssd1/29d_kon/acm_2026/outputs/coordinator/rc2_full_metrics_20260610_143622/MeshMamba/_logs/rgb_texture/screen_space/Ichthyosaurus_V1_L2.log,Ichthyosaurus_v1_L2.csv,32868,,,52465,450,horizontal_to_vertical,json_camera_static.fov_degrees,60.000001669652114,35.98339890412515,-0.0696204783861685,0.5985210057652688,1.7475188590032078,0.07745034856601485,0.2142596099540337,0.0021533964158304314,0.6491857650627947,0.38238294861709504,0.43615406266188644,0.4553977826561365,-0.3556318122554104,-0.1960738875024597,-0.12454608152010456,3.7418734908044935,9063.878693999999,30355,7619612,,,,,ok,,,/mnt/ssd1/29d_kon/acm_2026/outputs/coordinator/rc2_full_metrics_20260610_143622/MeshMamba/rgb_texture/baseline_cone/Ichthyosaurus_V1_L2/recenter_rotx90p0_horizontaltovertical_blender_rig/Ichthyosaurus_V1_L2_report.json,/mnt/ssd1/29d_kon/acm_2026/outputs/coordinator/rc2_full_metrics_20260610_143622/MeshMamba/_logs/rgb_texture/cone/Ichthyosaurus_V1_L2.log,Ichthyosaurus_v1_L2.csv,32868,,,52465,450,horizontal_to_vertical,json_camera_static.fov_degrees,60.000001669652114,35.98339890412515,-0.12130499956535037,0.4356718811026019,2.184656094718174,0.11198602460372521,0.24553743164519787,-0.06084700572726356,0.4477778023480144,0.24001547544470794,0.28755390178058804,0.29379605357368216,-0.6544687213651427,-0.6393164932739508,-0.6593699387343486,10014203.542274825,9063.878693999999,,,0.42026112646526254,22049,52465,32107
rgb_texture,Impact_Driver_v2_L3,ok,,,/mnt/ssd1/29d_kon/acm_2026/outputs/coordinator/rc2_full_metrics_20260610_143622/MeshMamba/rgb_texture/baseline_screen_space/Impact_Driver_v2_L3/sigma0p05_recenter_rotx90p0_horizontaltovertical_blender_rig/Impact_Driver_v2_L3_report.json,/mnt/ssd1/29d_kon/acm_2026/outputs/coordinator/rc2_full_metrics_20260610_143622/MeshMamba/_logs/rgb_texture/screen_space/Impact_Driver_v2_L3.log,Impact_Driver_v2_L3.csv,32868,,,53964,450,horizontal_to_vertical,json_camera_static.fov_degrees,60.000001669652114,35.98339890412515,-0.0816593992180112,0.5574901822125371,1.7552534179054655,0.07903981404373255,0.214779113926333,0.004040310889024154,0.5962656259522175,0.2939357920228254,0.3171169994944309,0.3602429481162236,-0.5804316266017858,-0.5562452653084883,-0.4324298705093338,2.836177353197963,7978.725249000001,30588,7621607,,,,,ok,,,/mnt/ssd1/29d_kon/acm_2026/outputs/coordinator/rc2_full_metrics_20260610_143622/MeshMamba/rgb_texture/baseline_cone/Impact_Driver_v2_L3/recenter_rotx90p0_horizontaltovertical_blender_rig/Impact_Driver_v2_L3_report.json,/mnt/ssd1/29d_kon/acm_2026/outputs/coordinator/rc2_full_metrics_20260610_143622/MeshMamba/_logs/rgb_texture/cone/Impact_Driver_v2_L3.log,Impact_Driver_v2_L3.csv,32868,,,53964,450,horizontal_to_vertical,json_camera_static.fov_degrees,60.000001669652114,35.98339890412515,0.04517631100283968,0.5368298208430566,0.8025434094785767,0.08218865546733356,0.20289438833080456,0.15974599232070943,0.5561188660096882,0.3720219228198911,0.3650345603357078,0.5319989638807058,-0.4748387491836414,-0.5008421050758775,-0.2342077153515333,10940527.527674314,7978.725249000001,,,0.8045919501890149,43419,53964,32846
rgb_texture,Jambu_Fruit_Dove_v1_L3,ok,,,/mnt/ssd1/29d_kon/acm_2026/outputs/coordinator/rc2_full_metrics_20260610_143622/MeshMamba/rgb_texture/baseline_screen_space/Jambu_Fruit_Dove_v1_L3/sigma0p05_recenter_rotx90p0_horizontaltovertical_blender_rig/Jambu_Fruit_Dove_v1_L3_report.json,/mnt/ssd1/29d_kon/acm_2026/outputs/coordinator/rc2_full_metrics_20260610_143622/MeshMamba/_logs/rgb_texture/screen_space/Jambu_Fruit_Dove_v1_L3.log,Jambu_fruit_dove_v1_L3.csv,32868,,,52465,450,horizontal_to_vertical,json_camera_static.fov_degrees,60.000001669652114,35.98339890412515,-0.001890791924113985,0.4962299321579142,2.823939122894627,0.09510123747803823,0.23681366066320347,-0.05682515099115854,0.5209617538715743,0.5771079675451317,0.6061121100931157,0.7498519662773621,0.22153128923648,0.2764630941390188,0.802434953693995,2.397336059751426,5204.197679999999,28889,8023603,,,,,ok,,,/mnt/ssd1/29d_kon/acm_2026/outputs/coordinator/rc2_full_metrics_20260610_143622/MeshMamba/rgb_texture/baseline_cone/Jambu_Fruit_Dove_v1_L3/recenter_rotx90p0_horizontaltovertical_blender_rig/Jambu_Fruit_Dove_v1_L3_report.json,/mnt/ssd1/29d_kon/acm_2026/outputs/coordinator/rc2_full_metrics_20260610_143622/MeshMamba/_logs/rgb_texture/cone/Jambu_Fruit_Dove_v1_L3.log,Jambu_fruit_dove_v1_L3.csv,32868,,,52465,450,horizontal_to_vertical,json_camera_static.fov_degrees,60.000001669652114,35.98339890412515,0.18215126418107733,0.46377582059887995,0.9414074717280241,0.04927442055642901,0.15577708583599287,0.18029262791369016,0.4993378220539139,0.8312741231099849,0.8770024348822698,0.8984025809197306,0.7706794642902219,1.0853519564162875,1.3050583236771207,5460047.158624681,5204.197679999999,,,0.4907271514342895,25746,52465,32868
rgb_texture,Jukebox_bubbler_style_V2_L1,ok,,,/mnt/ssd1/29d_kon/acm_2026/outputs/coordinator/rc2_full_metrics_20260610_143622/MeshMamba/rgb_texture/baseline_screen_space/Jukebox_bubbler_style_V2_L1/sigma0p05_recenter_rotx90p0_horizontaltovertical_blender_rig/Jukebox_bubbler_style_V2_L1_report.json,/mnt/ssd1/29d_kon/acm_2026/outputs/coordinator/rc2_full_metrics_20260610_143622/MeshMamba/_logs/rgb_texture/screen_space/Jukebox_bubbler_style_V2_L1.log,Jukebox_bubbler_style_V2_Textured.csv,32868,,,52465,450,horizontal_to_vertical,json_camera_static.fov_degrees,60.000001669652114,35.98339890412515,0.42754447106229004,0.5675494180631856,2.1400280215301097,0.06380025124446749,0.20495965447363707,0.4729106185846153,0.6798740767304963,0.7788019143385921,0.7896241108125075,0.8084707983340264,0.866612619970973,0.8731211489803615,0.9323395037920578,3.292242363747535,3582.6426920000004,29003,7676765,,,,,ok,,,/mnt/ssd1/29d_kon/acm_2026/outputs/coordinator/rc2_full_metrics_20260610_143622/MeshMamba/rgb_texture/baseline_cone/Jukebox_bubbler_style_V2_L1/recenter_rotx90p0_horizontaltovertical_blender_rig/Jukebox_bubbler_style_V2_L1_report.json,/mnt/ssd1/29d_kon/acm_2026/outputs/coordinator/rc2_full_metrics_20260610_143622/MeshMamba/_logs/rgb_texture/cone/Jukebox_bubbler_style_V2_L1.log,Jukebox_bubbler_style_V2_Textured.csv,32868,,,52465,450,horizontal_to_vertical,json_camera_static.fov_degrees,60.000001669652114,35.98339890412515,0.6616426140047545,0.6721501294084524,0.42018592719290304,0.03721803013680089,0.12746673821709034,0.6755105728933373,0.7922840851824295,0.8853730060717095,0.8945521895628354,0.9051821938060579,1.539565201041303,1.7446134340867898,1.6141106239134224,9363024.428860366,3582.6426920000004,,,0.8347469741732584,43795,52465,32663
rgb_texture,Kangaroo_v1_L3,ok,,,/mnt/ssd1/29d_kon/acm_2026/outputs/coordinator/rc2_full_metrics_20260610_143622/MeshMamba/rgb_texture/baseline_screen_space/Kangaroo_v1_L3/sigma0p05_recenter_rotx90p0_horizontaltovertical_blender_rig/Kangaroo_v1_L3_report.json,/mnt/ssd1/29d_kon/acm_2026/outputs/coordinator/rc2_full_metrics_20260610_143622/MeshMamba/_logs/rgb_texture/screen_space/Kangaroo_v1_L3.log,Kangaroo_v1_L3.csv,32868,,,52465,450,horizontal_to_vertical,json_camera_static.fov_degrees,60.000001669652114,35.98339890412515,-0.12192331144266184,0.44243356852724874,1.7248941053877713,0.0898552909698551,0.22975858753064213,-0.06493667837465407,0.4660749727073959,0.4464360808401309,0.4341505855499513,0.2867755793818986,-0.21929600051201384,-0.2553679868827291,-0.5833815406427665,2.2045221671032063,6227.7460360000005,31024,7784272,,,,,ok,,,/mnt/ssd1/29d_kon/acm_2026/outputs/coordinator/rc2_full_metrics_20260610_143622/MeshMamba/rgb_texture/baseline_cone/Kangaroo_v1_L3/recenter_rotx90p0_horizontaltovertical_blender_rig/Kangaroo_v1_L3_report.json,/mnt/ssd1/29d_kon/acm_2026/outputs/coordinator/rc2_full_metrics_20260610_143622/MeshMamba/_logs/rgb_texture/cone/Kangaroo_v1_L3.log,Kangaroo_v1_L3.csv,32868,,,52465,450,horizontal_to_vertical,json_camera_static.fov_degrees,60.000001669652114,35.98339890412515,-0.05162498150468047,0.4008109721786353,1.0312653245472296,0.08796942409860237,0.1946480746962743,0.0589312506003709,0.37896445394522105,0.6813218133187166,0.6726433083322892,0.7052151867139839,0.04234607989141953,0.02980369346669215,0.126446802875361,4812863.745345222,6227.7460360000005,,,0.32309158486610123,16951,52465,32868
rgb_texture,King_Cake_v2_L2,ok,,,/mnt/ssd1/29d_kon/acm_2026/outputs/coordinator/rc2_full_metrics_20260610_143622/MeshMamba/rgb_texture/baseline_screen_space/King_Cake_v2_L2/sigma0p05_recenter_rotx90p0_horizontaltovertical_blender_rig/King_Cake_v2_L2_report.json,/mnt/ssd1/29d_kon/acm_2026/outputs/coordinator/rc2_full_metrics_20260610_143622/MeshMamba/_logs/rgb_texture/screen_space/King_Cake_v2_L2.log,King_Cake_v2_L2.csv,32868,,,52465,450,horizontal_to_vertical,json_camera_static.fov_degrees,60.000001669652114,35.98339890412515,0.17280396587011934,0.6236161310426946,1.509220242082759,0.13675540784055434,0.2929411633469688,0.14870334382755934,0.7089512717825472,0.5755089126505908,0.5621867077106449,0.5049634149565296,0.2890866787587121,0.2574065765022139,0.09313414908302997,3.0446427088126535,6516.072204,29048,6590149,,,,,ok,,,/mnt/ssd1/29d_kon/acm_2026/outputs/coordinator/rc2_full_metrics_20260610_143622/MeshMamba/rgb_texture/baseline_cone/King_Cake_v2_L2/recenter_rotx90p0_horizontaltovertical_blender_rig/King_Cake_v2_L2_report.json,/mnt/ssd1/29d_kon/acm_2026/outputs/coordinator/rc2_full_metrics_20260610_143622/MeshMamba/_logs/rgb_texture/cone/King_Cake_v2_L2.log,King_Cake_v2_L2.csv,32868,,,52465,450,horizontal_to_vertical,json_camera_static.fov_degrees,60.000001669652114,35.98339890412515,0.04717379806949843,0.5579101737693668,1.1014471353828976,0.14267426080449075,0.30537759428306405,0.09659084480540679,0.6294049080522464,0.49822699650766833,0.4947515846566338,0.46981751428330426,-0.0489477024839515,-0.046594273195775256,-0.1796430567367799,8190807.515379859,6516.072204,,,0.9304679310016202,48817,52465,31890
rgb_texture,Lamb_v1_L2,ok,,,/mnt/ssd1/29d_kon/acm_2026/outputs/coordinator/rc2_full_metrics_20260610_143622/MeshMamba/rgb_texture/baseline_screen_space/Lamb_v1_L2/sigma0p05_recenter_rotx90p0_horizontaltovertical_blender_rig/Lamb_v1_L2_report.json,/mnt/ssd1/29d_kon/acm_2026/outputs/coordinator/rc2_full_metrics_20260610_143622/MeshMamba/_logs/rgb_texture/screen_space/Lamb_v1_L2.log,Lamb_v1_l2.csv,32868,,,53964,450,horizontal_to_vertical,json_camera_static.fov_degrees,60.000001669652114,35.98339890412515,-0.1704499606396047,0.4794125577853303,2.8286671578454996,0.08117500376845352,0.21756807539473516,-0.09941188073139373,0.45108633850988994,0.2584815895410216,0.14760757836164456,0.10781203308893486,-0.6088301131090362,-0.9777426375522448,-1.1481982646610225,2.027893387593804,4783.453008,30825,8059071,,,,,ok,,,/mnt/ssd1/29d_kon/acm_2026/outputs/coordinator/rc2_full_metrics_20260610_143622/MeshMamba/rgb_texture/baseline_cone/Lamb_v1_L2/recenter_rotx90p0_horizontaltovertical_blender_rig/Lamb_v1_L2_report.json,/mnt/ssd1/29d_kon/acm_2026/outputs/coordinator/rc2_full_metrics_20260610_143622/MeshMamba/_logs/rgb_texture/cone/Lamb_v1_L2.log,Lamb_v1_l2.csv,32868,,,53964,450,horizontal_to_vertical,json_camera_static.fov_degrees,60.000001669652114,35.98339890412515,-0.21305989364949487,0.4010415228084694,1.505007002360058,0.04937873753773829,0.1512351017572886,-0.1877555250569977,0.32222992815855855,0.25927743767231015,0.17936577733891143,0.1394853648149693,-0.49356185463083097,-0.6685827950303729,-0.7812994096567429,5863473.3629499525,4783.453008,,,0.5943962641761175,32076,53964,32868
rgb_texture,Laser_Pistol_v2_L3,ok,,,/mnt/ssd1/29d_kon/acm_2026/outputs/coordinator/rc2_full_metrics_20260610_143622/MeshMamba/rgb_texture/baseline_screen_space/Laser_Pistol_v2_L3/sigma0p05_recenter_rotx90p0_horizontaltovertical_blender_rig/Laser_Pistol_v2_L3_report.json,/mnt/ssd1/29d_kon/acm_2026/outputs/coordinator/rc2_full_metrics_20260610_143622/MeshMamba/_logs/rgb_texture/screen_space/Laser_Pistol_v2_L3.log,Laser_Pistol_v2_l3.csv,32868,,,53964,450,horizontal_to_vertical,json_camera_static.fov_degrees,60.000001669652114,35.98339890412515,0.24513726329217564,0.5633274057479674,2.317377814656523,0.05905142157414434,0.19376268587205622,0.10011599523369459,0.6649517738428878,0.6769373491011212,0.8229009163361143,0.8559356548620496,0.710222662585891,1.2984301124609186,1.2216840915632288,2.7169930783915284,7003.3235190000005,29548,7873642,,,,,ok,,,/mnt/ssd1/29d_kon/acm_2026/outputs/coordinator/rc2_full_metrics_20260610_143622/MeshMamba/rgb_texture/baseline_cone/Laser_Pistol_v2_L3/recenter_rotx90p0_horizontaltovertical_blender_rig/Laser_Pistol_v2_L3_report.json,/mnt/ssd1/29d_kon/acm_2026/outputs/coordinator/rc2_full_metrics_20260610_143622/MeshMamba/_logs/rgb_texture/cone/Laser_Pistol_v2_L3.log,Laser_Pistol_v2_l3.csv,32868,,,53964,450,horizontal_to_vertical,json_camera_static.fov_degrees,60.000001669652114,35.98339890412515,0.20791321226692513,0.5166219919711734,0.8860987288527542,0.061618662415967626,0.18815372027800698,0.06801494333075565,0.6007046917376702,0.6131716869009163,0.8621627500649882,0.9342247334528936,0.4502354760616782,1.2173712279865354,1.8748651442866744,8452978.137941014,7003.3235190000005,,,0.5733822548365577,30942,53964,32868
rgb_texture,Mango_L3,ok,,,/mnt/ssd1/29d_kon/acm_2026/outputs/coordinator/rc2_full_metrics_20260610_143622/MeshMamba/rgb_texture/baseline_screen_space/Mango_L3/sigma0p05_recenter_rotx90p0_horizontaltovertical_blender_rig/Mango_L3_report.json,/mnt/ssd1/29d_kon/acm_2026/outputs/coordinator/rc2_full_metrics_20260610_143622/MeshMamba/_logs/rgb_texture/screen_space/Mango_L3.log,Mango-L3.csv,32868,,,52465,450,horizontal_to_vertical,json_camera_static.fov_degrees,60.000001669652114,35.98339890412515,0.3654666293114107,0.6320388848765413,2.7509018036024684,0.05343027494195382,0.19036533567806774,0.20498315979361256,0.7235338429575526,0.7074134396305806,0.7096578319098228,0.6237126157052033,1.0392580754922138,1.2346430881392516,0.7866866499586409,2.162745440421221,5543.188086,30797,8426565,,,,,ok,,,/mnt/ssd1/29d_kon/acm_2026/outputs/coordinator/rc2_full_metrics_20260610_143622/MeshMamba/rgb_texture/baseline_cone/Mango_L3/recenter_rotx90p0_horizontaltovertical_blender_rig/Mango_L3_report.json,/mnt/ssd1/29d_kon/acm_2026/outputs/coordinator/rc2_full_metrics_20260610_143622/MeshMamba/_logs/rgb_texture/cone/Mango_L3.log,Mango-L3.csv,32868,,,52465,450,horizontal_to_vertical,json_camera_static.fov_degrees,60.000001669652114,35.98339890412515,0.5366660684287211,0.6306733139725003,1.41075280610429,0.03191914394210617,0.12762179548624988,0.1696968004131906,0.7503545557159571,0.700088587438551,0.699320559766553,0.5271100445189411,1.6162140499573203,2.0561802328440555,1.5747105864262911,8393758.045857394,5543.188086,,,0.9549223291718288,50100,52465,32804
rgb_texture,MansWorkCasual_v02_L3,ok,,,/mnt/ssd1/29d_kon/acm_2026/outputs/coordinator/rc2_full_metrics_20260610_143622/MeshMamba/rgb_texture/baseline_screen_space/MansWorkCasual_v02_L3/sigma0p05_recenter_rotx90p0_horizontaltovertical_blender_rig/MansWorkCasual_v02_L3_report.json,/mnt/ssd1/29d_kon/acm_2026/outputs/coordinator/rc2_full_metrics_20260610_143622/MeshMamba/_logs/rgb_texture/screen_space/MansWorkCasual_v02_L3.log,MansWorkCasual_v02_L3.csv,32868,,,53964,450,horizontal_to_vertical,json_camera_static.fov_degrees,60.000001669652114,35.98339890412515,-0.07102295955342285,0.6367898401058669,1.3949390565776825,0.06848060140918007,0.20914166134542642,-0.07262938013418545,0.7003101054945747,0.45012808801956405,0.446551891270861,0.3989594062995343,-0.16911704854990922,-0.21204046420730327,-0.3763023565045292,3.4080715565061963,8977.135985,30758,7604595,,,,,ok,,,/mnt/ssd1/29d_kon/acm_2026/outputs/coordinator/rc2_full_metrics_20260610_143622/MeshMamba/rgb_texture/baseline_cone/MansWorkCasual_v02_L3/recenter_rotx90p0_horizontaltovertical_blender_rig/MansWorkCasual_v02_L3_report.json,/mnt/ssd1/29d_kon/acm_2026/outputs/coordinator/rc2_full_metrics_20260610_143622/MeshMamba/_logs/rgb_texture/cone/MansWorkCasual_v02_L3.log,MansWorkCasual_v02_L3.csv,32868,,,53964,450,horizontal_to_vertical,json_camera_static.fov_degrees,60.000001669652114,35.98339890412515,0.1964042553782658,0.6266369994254101,0.5326263801769967,0.06229796464573493,0.1943260153471579,0.11395873932194328,0.7058574166723849,0.6107707365297413,0.581167755416789,0.3436835348668808,0.6444618475663777,0.4958388455662352,-0.47192872869101027,16681889.758746447,8977.135985,,,0.7485360610777555,40394,53964,32868
rgb_texture,Marco_Polo_Sheep_v1_L3,ok,,,/mnt/ssd1/29d_kon/acm_2026/outputs/coordinator/rc2_full_metrics_20260610_143622/MeshMamba/rgb_texture/baseline_screen_space/Marco_Polo_Sheep_v1_L3/sigma0p05_recenter_rotx90p0_horizontaltovertical_blender_rig/Marco_Polo_Sheep_v1_L3_report.json,/mnt/ssd1/29d_kon/acm_2026/outputs/coordinator/rc2_full_metrics_20260610_143622/MeshMamba/_logs/rgb_texture/screen_space/Marco_Polo_Sheep_v1_L3.log,Marco_Polo_Sheep_v1_L3.csv,32868,,,52465,450,horizontal_to_vertical,json_camera_static.fov_degrees,60.000001669652114,35.98339890412515,-0.19475354560972155,0.45061353412881733,2.330010594234216,0.05233050149560765,0.1725177028217664,-0.2218878735473313,0.439190684008653,0.35792488203588446,0.2769476369789787,0.16037187453615398,-0.30895915908218285,-0.5371228994130359,-0.9249731945251269,1.9874734963042142,4953.424639,31000,8005791,,,,,ok,,,/mnt/ssd1/29d_kon/acm_2026/outputs/coordinator/rc2_full_metrics_20260610_143622/MeshMamba/rgb_texture/baseline_cone/Marco_Polo_Sheep_v1_L3/recenter_rotx90p0_horizontaltovertical_blender_rig/Marco_Polo_Sheep_v1_L3_report.json,/mnt/ssd1/29d_kon/acm_2026/outputs/coordinator/rc2_full_metrics_20260610_143622/MeshMamba/_logs/rgb_texture/cone/Marco_Polo_Sheep_v1_L3.log,Marco_Polo_Sheep_v1_L3.csv,32868,,,52465,450,horizontal_to_vertical,json_camera_static.fov_degrees,60.000001669652114,35.98339890412515,-0.13740262307101941,0.3896064465191562,1.514619363339456,0.054013901754699785,0.16551867092587483,-0.17061617228998097,0.35546199720865246,0.4159015017851959,0.32545648295683716,0.21578580802405828,-0.20116492480675727,-0.36772590890609563,-0.6792427629780351,4864445.920857309,4953.424639,,,0.6101210330696655,32010,52465,32868
rgb_texture,Military_Action_Figure_SG_v2_L3,ok,,,/mnt/ssd1/29d_kon/acm_2026/outputs/coordinator/rc2_full_metrics_20260610_143622/MeshMamba/rgb_texture/baseline_screen_space/Military_Action_Figure_SG_v2_L3/sigma0p05_recenter_rotx90p0_horizontaltovertical_blender_rig/Military_Action_Figure_SG_v2_L3_report.json,/mnt/ssd1/29d_kon/acm_2026/outputs/coordinator/rc2_full_metrics_20260610_143622/MeshMamba/_logs/rgb_texture/screen_space/Military_Action_Figure_SG_v2_L3.log,Military_Action_Figure_SG_v2_L3.csv,32868,,,52465,450,horizontal_to_vertical,json_camera_static.fov_degrees,60.000001669652114,35.98339890412515,0.4851747255465526,0.5550036836898783,1.4773613215885348,0.05676714673861004,0.19181835436519085,0.49525855672159086,0.6981039217932128,0.8230136602023596,0.8011244235982924,0.8011079246405365,1.0064142403741911,0.9678502700191275,1.000320591390792,4.461906780415479,5633.912237999999,31473,7631082,,,,,ok,,,/mnt/ssd1/29d_kon/acm_2026/outputs/coordinator/rc2_full_metrics_20260610_143622/MeshMamba/rgb_texture/baseline_cone/Military_Action_Figure_SG_v2_L3/recenter_rotx90p0_horizontaltovertical_blender_rig/Military_Action_Figure_SG_v2_L3_report.json,/mnt/ssd1/29d_kon/acm_2026/outputs/coordinator/rc2_full_metrics_20260610_143622/MeshMamba/_logs/rgb_texture/cone/Military_Action_Figure_SG_v2_L3.log,Military_Action_Figure_SG_v2_L3.csv,32868,,,52465,450,horizontal_to_vertical,json_camera_static.fov_degrees,60.000001669652114,35.98339890412515,0.8337146278414332,0.7358420298727776,0.4839010206357157,0.02831422178211627,0.11058672041622764,0.5565732491683217,0.8908703723169343,0.9669114717081889,0.9542826736467612,0.9618340152210146,1.9472726154647686,2.0307959718727866,2.1895831445828313,45416298.75277075,5633.912237999999,,,0.7371199847517392,38673,52465,32868
rgb_texture,Moai_v3_L3,ok,,,/mnt/ssd1/29d_kon/acm_2026/outputs/coordinator/rc2_full_metrics_20260610_143622/MeshMamba/rgb_texture/baseline_screen_space/Moai_v3_L3/sigma0p05_recenter_rotx90p0_horizontaltovertical_blender_rig/Moai_v3_L3_report.json,/mnt/ssd1/29d_kon/acm_2026/outputs/coordinator/rc2_full_metrics_20260610_143622/MeshMamba/_logs/rgb_texture/screen_space/Moai_v3_L3.log,Moai_L3.csv,32868,,,53964,450,horizontal_to_vertical,json_camera_static.fov_degrees,60.000001669652114,35.98339890412515,0.22271507421985512,0.6403975697289076,1.5538413967177318,0.09100237638583696,0.23325606655748352,0.19097437478069268,0.725979980625344,0.6521118908632706,0.6763014467940003,0.73321749696483,0.4185397750024541,0.5390691363949942,0.8343694042719729,2.9460366824537596,6807.74085,29816,8197549,,,,,ok,,,/mnt/ssd1/29d_kon/acm_2026/outputs/coordinator/rc2_full_metrics_20260610_143622/MeshMamba/rgb_texture/baseline_cone/Moai_v3_L3/recenter_rotx90p0_horizontaltovertical_blender_rig/Moai_v3_L3_report.json,/mnt/ssd1/29d_kon/acm_2026/outputs/coordinator/rc2_full_metrics_20260610_143622/MeshMamba/_logs/rgb_texture/cone/Moai_v3_L3.log,Moai_L3.csv,32868,,,53964,450,horizontal_to_vertical,json_camera_static.fov_degrees,60.000001669652114,35.98339890412515,0.21747783924184586,0.5845054030565546,0.6338347522449751,0.0462709906797778,0.15871760143467073,0.2296523096178665,0.6382495577443423,0.7011802206925205,0.7781957021331772,0.8020640837728418,0.411102154041381,0.5899291121734903,0.4768001757981462,10713531.420127232,6807.74085,,,0.9417204061967237,50819,53964,32822
rgb_texture,MushroomShitake_L3,ok,,,/mnt/ssd1/29d_kon/acm_2026/outputs/coordinator/rc2_full_metrics_20260610_143622/MeshMamba/rgb_texture/baseline_screen_space/MushroomShitake_L3/sigma0p05_recenter_rotx90p0_horizontaltovertical_blender_rig/MushroomShitake_L3_report.json,/mnt/ssd1/29d_kon/acm_2026/outputs/coordinator/rc2_full_metrics_20260610_143622/MeshMamba/_logs/rgb_texture/screen_space/MushroomShitake_L3.log,MushroomShitake_v1-L3.csv,32868,,,56962,450,horizontal_to_vertical,json_camera_static.fov_degrees,60.000001669652114,35.98339890412515,-0.11848597270778011,0.488442021949185,5.315904121930791,0.1642844916270319,0.32420160378647045,-0.14741248137310636,0.5301983162041982,0.4622239922934605,0.5027191674568131,0.592395555074383,-0.12322766297553002,0.0058357801091318395,0.22862198796599031,1.6606540216698786,6076.509468,24103,9018123,,,,,ok,,,/mnt/ssd1/29d_kon/acm_2026/outputs/coordinator/rc2_full_metrics_20260610_143622/MeshMamba/rgb_texture/baseline_cone/MushroomShitake_L3/recenter_rotx90p0_horizontaltovertical_blender_rig/MushroomShitake_L3_report.json,/mnt/ssd1/29d_kon/acm_2026/outputs/coordinator/rc2_full_metrics_20260610_143622/MeshMamba/_logs/rgb_texture/cone/MushroomShitake_L3.log,MushroomShitake_v1-L3.csv,32868,,,56962,450,horizontal_to_vertical,json_camera_static.fov_degrees,60.000001669652114,35.98339890412515,-0.06513967469144044,0.3233078334799631,6.5971981416933065,0.06381784419729937,0.20494844324042538,-0.16901460922874192,0.406743353997742,0.4523194382238321,0.5296079720322442,0.8400706619907408,0.1232727191926859,0.5919918300562291,2.2216981363963697,3401798.1600119034,6076.509468,,,0.9564973139988062,54484,56962,24372
rgb_texture,Mushroom_v2_L1,ok,,,/mnt/ssd1/29d_kon/acm_2026/outputs/coordinator/rc2_full_metrics_20260610_143622/MeshMamba/rgb_texture/baseline_screen_space/Mushroom_v2_L1/sigma0p05_recenter_rotx90p0_horizontaltovertical_blender_rig/Mushroom_v2_L1_report.json,/mnt/ssd1/29d_kon/acm_2026/outputs/coordinator/rc2_full_metrics_20260610_143622/MeshMamba/_logs/rgb_texture/screen_space/Mushroom_v2_L1.log,Mushroom_v2_NEW.csv,32868,,,55463,450,horizontal_to_vertical,json_camera_static.fov_degrees,60.000001669652114,35.98339890412515,0.23456253912493877,0.5747105127291945,2.921160780132264,0.07537948165142898,0.2070494403331994,0.2829541602436874,0.6540111683022464,0.6321259441533622,0.6515280859660638,0.587282495048495,0.3732617472439216,0.4393422221127175,0.2155122786022795,2.7963549620129156,6076.976556,25395,8002081,,,,,ok,,,/mnt/ssd1/29d_kon/acm_2026/outputs/coordinator/rc2_full_metrics_20260610_143622/MeshMamba/rgb_texture/baseline_cone/Mushroom_v2_L1/recenter_rotx90p0_horizontaltovertical_blender_rig/Mushroom_v2_L1_report.json,/mnt/ssd1/29d_kon/acm_2026/outputs/coordinator/rc2_full_metrics_20260610_143622/MeshMamba/_logs/rgb_texture/cone/Mushroom_v2_L1.log,Mushroom_v2_NEW.csv,32868,,,55463,450,horizontal_to_vertical,json_camera_static.fov_degrees,60.000001669652114,35.98339890412515,0.30836727992201723,0.5411395669022389,1.0807582102409867,0.04290726203114267,0.14930159596431253,0.3722509720279093,0.6075549009936143,0.7612610183686367,0.8315094703805732,0.8854729013049666,0.76766071226559,1.0770595187791545,1.2083340194388694,7651960.753374087,6076.976556,,,0.9620287398806412,53357,55463,31897
rgb_texture,NYC_Fire_Hydrant_v2_L3,ok,,,/mnt/ssd1/29d_kon/acm_2026/outputs/coordinator/rc2_full_metrics_20260610_143622/MeshMamba/rgb_texture/baseline_screen_space/NYC_Fire_Hydrant_v2_L3/sigma0p05_recenter_rotx90p0_horizontaltovertical_blender_rig/NYC_Fire_Hydrant_v2_L3_report.json,/mnt/ssd1/29d_kon/acm_2026/outputs/coordinator/rc2_full_metrics_20260610_143622/MeshMamba/_logs/rgb_texture/screen_space/NYC_Fire_Hydrant_v2_L3.log,NYC_Fire_Hydrant_v2_l3.csv,32868,,,52465,450,horizontal_to_vertical,json_camera_static.fov_degrees,60.000001669652114,35.98339890412515,0.20218869889994923,0.5984090058276849,1.7459963808433385,0.06116139404537546,0.20600183196370464,0.16407563604247835,0.6503048177971462,0.6975562512905246,0.7337689970220674,0.7321314492751322,0.5920245550414148,0.7831411380093976,0.6792755407105674,3.8566740525237084,3791.892776,30030,7407897,,,,,ok,,,/mnt/ssd1/29d_kon/acm_2026/outputs/coordinator/rc2_full_metrics_20260610_143622/MeshMamba/rgb_texture/baseline_cone/NYC_Fire_Hydrant_v2_L3/recenter_rotx90p0_horizontaltovertical_blender_rig/NYC_Fire_Hydrant_v2_L3_report.json,/mnt/ssd1/29d_kon/acm_2026/outputs/coordinator/rc2_full_metrics_20260610_143622/MeshMamba/_logs/rgb_texture/cone/NYC_Fire_Hydrant_v2_L3.log,NYC_Fire_Hydrant_v2_l3.csv,32868,,,52465,450,horizontal_to_vertical,json_camera_static.fov_degrees,60.000001669652114,35.98339890412515,0.14164675179428188,0.5967222254142448,0.611073139646045,0.020805839956308445,0.08905617572664626,0.14597384140404876,0.5793178076087908,0.6572566853428505,0.6958101257034175,0.6701717116453474,0.45699227217053373,0.7049319413488006,0.6577186531777288,13888504.9837402,3791.892776,,,0.9125321643000095,47876,52465,32868
rgb_texture,Peach_L3,ok,,,/mnt/ssd1/29d_kon/acm_2026/outputs/coordinator/rc2_full_metrics_20260610_143622/MeshMamba/rgb_texture/baseline_screen_space/Peach_L3/sigma0p05_recenter_rotx90p0_horizontaltovertical_blender_rig/Peach_L3_report.json,/mnt/ssd1/29d_kon/acm_2026/outputs/coordinator/rc2_full_metrics_20260610_143622/MeshMamba/_logs/rgb_texture/screen_space/Peach_L3.log,Peach.csv,32868,,,52465,450,horizontal_to_vertical,json_camera_static.fov_degrees,60.000001669652114,35.98339890412515,-0.048773219124193745,0.30888025471659497,2.1213614705688957,0.11337542999013808,0.2591306558640419,-0.024750863996294215,0.38550198316807266,0.4943869836362846,0.3997696886729467,0.4026537339200441,-0.09813742003986521,-0.4834049824477112,-0.48520670879453953,2.706715879380858,4259.352887,29869,7575912,,,,,ok,,,/mnt/ssd1/29d_kon/acm_2026/outputs/coordinator/rc2_full_metrics_20260610_143622/MeshMamba/rgb_texture/baseline_cone/Peach_L3/recenter_rotx90p0_horizontaltovertical_blender_rig/Peach_L3_report.json,/mnt/ssd1/29d_kon/acm_2026/outputs/coordinator/rc2_full_metrics_20260610_143622/MeshMamba/_logs/rgb_texture/cone/Peach_L3.log,Peach.csv,32868,,,52465,450,horizontal_to_vertical,json_camera_static.fov_degrees,60.000001669652114,35.98339890412515,0.24738390088830864,0.40341980367383096,2.6395271993216283,0.0711460610725383,0.19226622057639486,0.02008645709172281,0.4916492086640411,0.4873729012304877,0.25430338576975847,0.33287009061186434,0.32069363395114087,-0.6752484244104198,-0.6315907566712664,11756104.787808497,4259.352887,,,0.9390641379967597,49268,52465,30536
rgb_texture,Peanut_L3,ok,,,/mnt/ssd1/29d_kon/acm_2026/outputs/coordinator/rc2_full_metrics_20260610_143622/MeshMamba/rgb_texture/baseline_screen_space/Peanut_L3/sigma0p05_recenter_rotx90p0_horizontaltovertical_blender_rig/Peanut_L3_report.json,/mnt/ssd1/29d_kon/acm_2026/outputs/coordinator/rc2_full_metrics_20260610_143622/MeshMamba/_logs/rgb_texture/screen_space/Peanut_L3.log,Peanut_v1_L3.csv,32868,,,52465,450,horizontal_to_vertical,json_camera_static.fov_degrees,60.000001669652114,35.98339890412515,-0.07589683458769553,0.7052387369552943,0.7537612854139109,0.1720116956430062,0.3586867992186651,-0.055815395265411474,0.7799547187136107,0.40345828653797056,0.39588057458452636,0.3016104312888597,-0.279733835948743,-0.3118524794021678,-0.6366344081202607,3.1467066961962513,8688.371176,32017,8035797,,,,,ok,,,/mnt/ssd1/29d_kon/acm_2026/outputs/coordinator/rc2_full_metrics_20260610_143622/MeshMamba/rgb_texture/baseline_cone/Peanut_L3/recenter_rotx90p0_horizontaltovertical_blender_rig/Peanut_L3_report.json,/mnt/ssd1/29d_kon/acm_2026/outputs/coordinator/rc2_full_metrics_20260610_143622/MeshMamba/_logs/rgb_texture/cone/Peanut_L3.log,Peanut_v1_L3.csv,32868,,,52465,450,horizontal_to_vertical,json_camera_static.fov_degrees,60.000001669652114,35.98339890412515,-0.025989173415356382,0.666079905375101,0.6792770715692255,0.06210108125181735,0.19711224738297844,-0.01094378728626782,0.7304936752271278,0.4663471813667879,0.4533582061930027,0.3408331325766573,-0.13424018826949186,-0.1801724848616202,-0.5115006258767049,11122365.726472901,8688.371176,,,0.9514914705041456,49920,52465,32868
rgb_texture,Pear_L3,ok,,,/mnt/ssd1/29d_kon/acm_2026/outputs/coordinator/rc2_full_metrics_20260610_143622/MeshMamba/rgb_texture/baseline_screen_space/Pear_L3/sigma0p05_recenter_rotx90p0_horizontaltovertical_blender_rig/Pear_L3_report.json,/mnt/ssd1/29d_kon/acm_2026/outputs/coordinator/rc2_full_metrics_20260610_143622/MeshMamba/_logs/rgb_texture/screen_space/Pear_L3.log,Pear.csv,32868,,,53964,450,horizontal_to_vertical,json_camera_static.fov_degrees,60.000001669652114,35.98339890412515,0.275731843106014,0.6909266036212816,1.535725548741287,0.06154093980766439,0.20510997150729207,0.2525955672316219,0.7923774591526875,0.7021281677869288,0.755766744403363,0.8105264096925168,0.6084592553075804,0.8196808271694818,1.0227523492476123,2.629277137674504,8760.290675,29610,8389940,,,,,ok,,,/mnt/ssd1/29d_kon/acm_2026/outputs/coordinator/rc2_full_metrics_20260610_143622/MeshMamba/rgb_texture/baseline_cone/Pear_L3/recenter_rotx90p0_horizontaltovertical_blender_rig/Pear_L3_report.json,/mnt/ssd1/29d_kon/acm_2026/outputs/coordinator/rc2_full_metrics_20260610_143622/MeshMamba/_logs/rgb_texture/cone/Pear_L3.log,Pear.csv,32868,,,53964,450,horizontal_to_vertical,json_camera_static.fov_degrees,60.000001669652114,35.98339890412515,0.2557264182396264,0.6462294782315047,1.717940378341662,0.050676687197313074,0.17198383811256426,0.2390504528577912,0.7297271785510712,0.6934233638385224,0.7195514064295168,0.7270117570395535,0.5761982815943228,0.6668989908097606,0.6899719872382385,10695469.777699798,8760.290675,,,0.8065006300496628,43522,53964,30457
rgb_texture,Penguin_V2_L3,ok,,,/mnt/ssd1/29d_kon/acm_2026/outputs/coordinator/rc2_full_metrics_20260610_143622/MeshMamba/rgb_texture/baseline_screen_space/Penguin_V2_L3/sigma0p05_recenter_rotx90p0_horizontaltovertical_blender_rig/Penguin_V2_L3_report.json,/mnt/ssd1/29d_kon/acm_2026/outputs/coordinator/rc2_full_metrics_20260610_143622/MeshMamba/_logs/rgb_texture/screen_space/Penguin_V2_L3.log,Penguin_v1_iterations-2.csv,32868,,,53964,450,horizontal_to_vertical,json_camera_static.fov_degrees,60.000001669652114,35.98339890412515,0.2221922508335484,0.7337612102160517,0.8373317141445155,0.032213788426812745,0.13331982407602633,0.2663202424876927,0.8070248551253288,0.629035262163271,0.6179967134115439,0.5355416380866692,0.4334724023989614,0.42345102451895983,0.15717690201475193,2.6550342440267034,8140.140431,30912,8012224,,,,,ok,,,/mnt/ssd1/29d_kon/acm_2026/outputs/coordinator/rc2_full_metrics_20260610_143622/MeshMamba/rgb_texture/baseline_cone/Penguin_V2_L3/recenter_rotx90p0_horizontaltovertical_blender_rig/Penguin_V2_L3_report.json,/mnt/ssd1/29d_kon/acm_2026/outputs/coordinator/rc2_full_metrics_20260610_143622/MeshMamba/_logs/rgb_texture/cone/Penguin_V2_L3.log,Penguin_v1_iterations-2.csv,32868,,,53964,450,horizontal_to_vertical,json_camera_static.fov_degrees,60.000001669652114,35.98339890412515,0.14942673006487242,0.6476928606390014,0.4021731708414484,0.05429662322750445,0.18990444652322902,0.329474070222628,0.6015930614556994,0.608020737087681,0.5813704642164957,0.48690180621225077,0.24371969910272695,0.16046382899353243,-0.19256886791725913,11291580.752158236,8140.140431,,,0.8561077755540731,46199,53964,32868
rgb_texture,Pierrot_Mask_v1_L3,ok,,,/mnt/ssd1/29d_kon/acm_2026/outputs/coordinator/rc2_full_metrics_20260610_143622/MeshMamba/rgb_texture/baseline_screen_space/Pierrot_Mask_v1_L3/sigma0p05_recenter_rotx90p0_horizontaltovertical_blender_rig/Pierrot_Mask_v1_L3_report.json,/mnt/ssd1/29d_kon/acm_2026/outputs/coordinator/rc2_full_metrics_20260610_143622/MeshMamba/_logs/rgb_texture/screen_space/Pierrot_Mask_v1_L3.log,Pierrot_Mask_v1_l3.csv,32868,,,53964,450,horizontal_to_vertical,json_camera_static.fov_degrees,60.000001669652114,35.98339890412515,0.15508892015413728,0.6542140329721995,0.7524294808974762,0.043290922860551695,0.16061953860593764,0.14948265444776093,0.7238717593209856,0.5753261552921054,0.5963629963974308,0.5958660222649819,0.2642356033217124,0.2990899556899128,0.24970795870828108,3.698126433874772,6802.562759,32350,7426750,,,,,ok,,,/mnt/ssd1/29d_kon/acm_2026/outputs/coordinator/rc2_full_metrics_20260610_143622/MeshMamba/rgb_texture/baseline_cone/Pierrot_Mask_v1_L3/recenter_rotx90p0_horizontaltovertical_blender_rig/Pierrot_Mask_v1_L3_report.json,/mnt/ssd1/29d_kon/acm_2026/outputs/coordinator/rc2_full_metrics_20260610_143622/MeshMamba/_logs/rgb_texture/cone/Pierrot_Mask_v1_L3.log,Pierrot_Mask_v1_l3.csv,32868,,,53964,450,horizontal_to_vertical,json_camera_static.fov_degrees,60.000001669652114,35.98339890412515,0.05705811732201396,0.5592319272371293,0.6790439606136296,0.06557129845424557,0.1860298121208465,0.13008585600593547,0.5922194767869537,0.6252023662357293,0.6259310714884614,0.6992536241990088,0.15069172125110694,0.10616234065799734,0.2249929771875382,18100403.29712294,6802.562759,,,0.8142835964717219,43942,53964,32868
rgb_texture,Pirate_Shipmate_Old_v1_L1,ok,,,/mnt/ssd1/29d_kon/acm_2026/outputs/coordinator/rc2_full_metrics_20260610_143622/MeshMamba/rgb_texture/baseline_screen_space/Pirate_Shipmate_Old_v1_L1/sigma0p05_recenter_rotx90p0_horizontaltovertical_blender_rig/Pirate_Shipmate_Old_v1_L1_report.json,/mnt/ssd1/29d_kon/acm_2026/outputs/coordinator/rc2_full_metrics_20260610_143622/MeshMamba/_logs/rgb_texture/screen_space/Pirate_Shipmate_Old_v1_L1.log,Pirate_Shipmate_Old_v1_L1.csv,32868,,,52465,450,horizontal_to_vertical,json_camera_static.fov_degrees,60.000001669652114,35.98339890412515,0.08260211928553628,0.6049655768977951,1.0497565101757387,0.07115454721851677,0.2191739924373381,0.18627391617839587,0.6277593770962784,0.4991670913092685,0.4830544950138175,0.5019898030243063,-0.017741027145648687,-0.06108899743805148,-0.012039622661436194,3.424227809487764,5490.046625000001,31796,7545702,,,,,ok,,,/mnt/ssd1/29d_kon/acm_2026/outputs/coordinator/rc2_full_metrics_20260610_143622/MeshMamba/rgb_texture/baseline_cone/Pirate_Shipmate_Old_v1_L1/recenter_rotx90p0_horizontaltovertical_blender_rig/Pirate_Shipmate_Old_v1_L1_report.json,/mnt/ssd1/29d_kon/acm_2026/outputs/coordinator/rc2_full_metrics_20260610_143622/MeshMamba/_logs/rgb_texture/cone/Pirate_Shipmate_Old_v1_L1.log,Pirate_Shipmate_Old_v1_L1.csv,32868,,,52465,450,horizontal_to_vertical,json_camera_static.fov_degrees,60.000001669652114,35.98339890412515,0.011819050592301008,0.4478407873599657,1.405036124725989,0.059712896034124885,0.1521423052465221,0.09846137692174947,0.41442033828341013,0.29939617976647315,0.22127607249523576,0.24618127174208812,-0.47565801978712474,-0.6176062710885692,-0.611007091116212,16291649.553637521,5490.046625000001,,,0.5240064805108168,27492,52465,32868
rgb_texture,Plate,ok,,,/mnt/ssd1/29d_kon/acm_2026/outputs/coordinator/rc2_full_metrics_20260610_143622/MeshMamba/rgb_texture/baseline_screen_space/Plate/sigma0p05_recenter_rotx90p0_horizontaltovertical_blender_rig/Plate_report.json,/mnt/ssd1/29d_kon/acm_2026/outputs/coordinator/rc2_full_metrics_20260610_143622/MeshMamba/_logs/rgb_texture/screen_space/Plate.log,Plate.csv,32868,,,52465,450,horizontal_to_vertical,json_camera_static.fov_degrees,60.000001669652114,35.98339890412515,0.0034747879785791084,0.6631584106188055,0.6528824412805665,0.04589531853763525,0.16314591930481664,0.05704993963112282,0.6690152660934753,0.5221979638197406,0.5079946418096255,0.2203248549717893,0.09894513269088245,0.10109998967555807,-0.8948252027332936,2.8601203240024202,3804.376035,32561,7551275,,,,,ok,,,/mnt/ssd1/29d_kon/acm_2026/outputs/coordinator/rc2_full_metrics_20260610_143622/MeshMamba/rgb_texture/baseline_cone/Plate/recenter_rotx90p0_horizontaltovertical_blender_rig/Plate_report.json,/mnt/ssd1/29d_kon/acm_2026/outputs/coordinator/rc2_full_metrics_20260610_143622/MeshMamba/_logs/rgb_texture/cone/Plate.log,Plate.csv,32868,,,52465,450,horizontal_to_vertical,json_camera_static.fov_degrees,60.000001669652114,35.98339890412515,0.031106625218232233,0.5298650728134826,0.8401738579463505,0.020109053687101988,0.09471561588542747,-0.011454021176244776,0.3897020250995577,0.4562857717061105,0.47803767868686703,0.2511336174472326,0.09575360456312537,0.15231837605760318,-0.36577165397267314,12482653.224091511,3804.376035,,,0.8725817211474316,45780,52465,32868
rgb_texture,PoloTeamShirt_v2_L3,ok,,,/mnt/ssd1/29d_kon/acm_2026/outputs/coordinator/rc2_full_metrics_20260610_143622/MeshMamba/rgb_texture/baseline_screen_space/PoloTeamShirt_v2_L3/sigma0p05_recenter_rotx90p0_horizontaltovertical_blender_rig/PoloTeamShirt_v2_L3_report.json,/mnt/ssd1/29d_kon/acm_2026/outputs/coordinator/rc2_full_metrics_20260610_143622/MeshMamba/_logs/rgb_texture/screen_space/PoloTeamShirt_v2_L3.log,Polo_Team_Shirt_v2_L3.csv,32868,,,52465,450,horizontal_to_vertical,json_camera_static.fov_degrees,60.000001669652114,35.98339890412515,0.02622151665055878,0.5958344447596851,0.789224163438909,0.049743569487685275,0.1686847099369535,0.04723253432114166,0.6313723507146476,0.4230685162067878,0.4162569924844137,0.4952062201533049,-0.21299296568396328,-0.3429994636471161,-0.16373419930384203,3.146015447970785,6311.192399,31961,7756730,,,,,ok,,,/mnt/ssd1/29d_kon/acm_2026/outputs/coordinator/rc2_full_metrics_20260610_143622/MeshMamba/rgb_texture/baseline_cone/PoloTeamShirt_v2_L3/recenter_rotx90p0_horizontaltovertical_blender_rig/PoloTeamShirt_v2_L3_report.json,/mnt/ssd1/29d_kon/acm_2026/outputs/coordinator/rc2_full_metrics_20260610_143622/MeshMamba/_logs/rgb_texture/cone/PoloTeamShirt_v2_L3.log,Polo_Team_Shirt_v2_L3.csv,32868,,,52465,450,horizontal_to_vertical,json_camera_static.fov_degrees,60.000001669652114,35.98339890412515,0.11229552938904419,0.509734287885846,0.8291571610467265,0.0645145776600226,0.1801465128981386,0.16039848768717166,0.5402113098408378,0.5268395327759279,0.4328617955150851,0.3767533203784171,0.022979399039488438,-0.37463222938582197,-0.47320364229930506,9171315.964654207,6311.192399,,,0.8351091203659583,43814,52465,32868
rgb_texture,Possum_wooden_v1_L3,ok,,,/mnt/ssd1/29d_kon/acm_2026/outputs/coordinator/rc2_full_metrics_20260610_143622/MeshMamba/rgb_texture/baseline_screen_space/Possum_wooden_v1_L3/sigma0p05_recenter_rotx90p0_horizontaltovertical_blender_rig/Possum_wooden_v1_L3_report.json,/mnt/ssd1/29d_kon/acm_2026/outputs/coordinator/rc2_full_metrics_20260610_143622/MeshMamba/_logs/rgb_texture/screen_space/Possum_wooden_v1_L3.log,Possum_wooden_v1_L3.csv,32868,,,53964,450,horizontal_to_vertical,json_camera_static.fov_degrees,60.000001669652114,35.98339890412515,-0.061565448920605906,0.3200107777937268,3.350004062116849,0.11055941625743954,0.27647859253414375,-0.0377197126519501,0.3802447054500533,0.45825002249499336,0.4544650053954379,0.4663906702184174,-0.1429723005711764,-0.17155235556631077,-0.18488521237135366,3.09309051426953,4139.995085,29471,7790456,,,,,ok,,,/mnt/ssd1/29d_kon/acm_2026/outputs/coordinator/rc2_full_metrics_20260610_143622/MeshMamba/rgb_texture/baseline_cone/Possum_wooden_v1_L3/recenter_rotx90p0_horizontaltovertical_blender_rig/Possum_wooden_v1_L3_report.json,/mnt/ssd1/29d_kon/acm_2026/outputs/coordinator/rc2_full_metrics_20260610_143622/MeshMamba/_logs/rgb_texture/cone/Possum_wooden_v1_L3.log,Possum_wooden_v1_L3.csv,32868,,,53964,450,horizontal_to_vertical,json_camera_static.fov_degrees,60.000001669652114,35.98339890412515,-0.3483500568409661,0.11681522771169073,3.92638272078859,0.09725548900444864,0.21542529432652924,-0.49548654645046025,0.06381636038440452,0.1130210534934285,0.14568662246210257,0.16578726057139195,-0.7548637218294109,-0.7526140801751275,-0.7522955457734988,6157351.311114833,4139.995085,,,0.6816952042102142,36787,53964,32868
rgb_texture,Raptor_Claw_Fossil_v2_L3,ok,,,/mnt/ssd1/29d_kon/acm_2026/outputs/coordinator/rc2_full_metrics_20260610_143622/MeshMamba/rgb_texture/baseline_screen_space/Raptor_Claw_Fossil_v2_L3/sigma0p05_recenter_rotx90p0_horizontaltovertical_blender_rig/Raptor_Claw_Fossil_v2_L3_report.json,/mnt/ssd1/29d_kon/acm_2026/outputs/coordinator/rc2_full_metrics_20260610_143622/MeshMamba/_logs/rgb_texture/screen_space/Raptor_Claw_Fossil_v2_L3.log,Raptor_Claw_Fossil_v2_l3.csv,32868,,,52465,450,horizontal_to_vertical,json_camera_static.fov_degrees,60.000001669652114,35.98339890412515,-0.11193078745877923,0.6496163565315543,0.975549155484088,0.13786976759433137,0.32833177414219933,-0.055716218467660825,0.7220001587380315,0.3831042488185591,0.5014616150905193,0.5554690462163197,-0.45847978375912435,-0.07296244919021454,0.15534425087006995,4.1568146510320965,8015.121369,32008,8226825,,,,,ok,,,/mnt/ssd1/29d_kon/acm_2026/outputs/coordinator/rc2_full_metrics_20260610_143622/MeshMamba/rgb_texture/baseline_cone/Raptor_Claw_Fossil_v2_L3/recenter_rotx90p0_horizontaltovertical_blender_rig/Raptor_Claw_Fossil_v2_L3_report.json,/mnt/ssd1/29d_kon/acm_2026/outputs/coordinator/rc2_full_metrics_20260610_143622/MeshMamba/_logs/rgb_texture/cone/Raptor_Claw_Fossil_v2_L3.log,Raptor_Claw_Fossil_v2_l3.csv,32868,,,52465,450,horizontal_to_vertical,json_camera_static.fov_degrees,60.000001669652114,35.98339890412515,-0.11485236958067474,0.5590411501864098,0.7790233981949878,0.0673108557182034,0.19474084630456331,-0.21276395331046544,0.5868477087226482,0.26511451435183664,0.31522585915569346,0.3304454107957988,-0.6001307091702617,-0.5215488670937296,-0.504443406558079,16493056.282707144,8015.121369,,,0.7915943962641762,41531,52465,32868
rgb_texture,Rhinoceros_v1_L3,ok,,,/mnt/ssd1/29d_kon/acm_2026/outputs/coordinator/rc2_full_metrics_20260610_143622/MeshMamba/rgb_texture/baseline_screen_space/Rhinoceros_v1_L3/sigma0p05_recenter_rotx90p0_horizontaltovertical_blender_rig/Rhinoceros_v1_L3_report.json,/mnt/ssd1/29d_kon/acm_2026/outputs/coordinator/rc2_full_metrics_20260610_143622/MeshMamba/_logs/rgb_texture/screen_space/Rhinoceros_v1_L3.log,Rhinoceros_v1_L3.csv,32868,,,52465,450,horizontal_to_vertical,json_camera_static.fov_degrees,60.000001669652114,35.98339890412515,0.02664118511317398,0.634426880315099,1.8640964150889592,0.050212588414614456,0.17551161256189218,0.04436460198560272,0.7028495762794359,0.5079772764210807,0.5204658548418366,0.3739620475069851,0.004745590964573845,0.04509798730566676,-0.4491783258746311,2.676500798629383,8494.176033,30249,8081836,,,,,ok,,,/mnt/ssd1/29d_kon/acm_2026/outputs/coordinator/rc2_full_metrics_20260610_143622/MeshMamba/rgb_texture/baseline_cone/Rhinoceros_v1_L3/recenter_rotx90p0_horizontaltovertical_blender_rig/Rhinoceros_v1_L3_report.json,/mnt/ssd1/29d_kon/acm_2026/outputs/coordinator/rc2_full_metrics_20260610_143622/MeshMamba/_logs/rgb_texture/cone/Rhinoceros_v1_L3.log,Rhinoceros_v1_L3.csv,32868,,,52465,450,horizontal_to_vertical,json_camera_static.fov_degrees,60.000001669652114,35.98339890412515,0.03640744258297857,0.5735180315100874,0.7329349541908965,0.07441460469567,0.20950363201689412,0.0984394974084195,0.6188576423489269,0.5717816755706799,0.6090491230309457,0.5722544216521657,0.1346253814833254,0.24774836429509167,0.10134533244784615,6524292.150873517,8494.176033,,,0.6049747450681406,31740,52465,32868
rgb_texture,Rocket_Ship_v1_L3,ok,,,/mnt/ssd1/29d_kon/acm_2026/outputs/coordinator/rc2_full_metrics_20260610_143622/MeshMamba/rgb_texture/baseline_screen_space/Rocket_Ship_v1_L3/sigma0p05_recenter_rotx90p0_horizontaltovertical_blender_rig/Rocket_Ship_v1_L3_report.json,/mnt/ssd1/29d_kon/acm_2026/outputs/coordinator/rc2_full_metrics_20260610_143622/MeshMamba/_logs/rgb_texture/screen_space/Rocket_Ship_v1_L3.log,Rocket_Ship_v1_L3.csv,32868,,,52465,450,horizontal_to_vertical,json_camera_static.fov_degrees,60.000001669652114,35.98339890412515,-0.03678498048676931,0.4973683256313289,2.781892639716531,0.09242456310185623,0.24639495110286366,0.01137748609698166,0.550395263491012,0.4429469476985979,0.43438597360692655,0.4112411844155029,-0.1950544369816771,-0.2321746896978015,-0.38333424747803574,3.7152872303802393,6228.2789330000005,29870,7731095,,,,,ok,,,/mnt/ssd1/29d_kon/acm_2026/outputs/coordinator/rc2_full_metrics_20260610_143622/MeshMamba/rgb_texture/baseline_cone/Rocket_Ship_v1_L3/recenter_rotx90p0_horizontaltovertical_blender_rig/Rocket_Ship_v1_L3_report.json,/mnt/ssd1/29d_kon/acm_2026/outputs/coordinator/rc2_full_metrics_20260610_143622/MeshMamba/_logs/rgb_texture/cone/Rocket_Ship_v1_L3.log,Rocket_Ship_v1_L3.csv,32868,,,52465,450,horizontal_to_vertical,json_camera_static.fov_degrees,60.000001669652114,35.98339890412515,0.08984967203307737,0.5056370230184053,0.8226619015738408,0.0688077064834294,0.180706845082946,0.268515157595292,0.50973890605281,0.6701480315062992,0.6608277941261728,0.4462773733946199,0.23298409623293181,0.24586268549143175,-0.3001576204772283,14065728.367495872,6228.2789330000005,,,0.6681787858572381,35056,52465,32868
rgb_texture,Rubber_Duck_v1_L3,ok,,,/mnt/ssd1/29d_kon/acm_2026/outputs/coordinator/rc2_full_metrics_20260610_143622/MeshMamba/rgb_texture/baseline_screen_space/Rubber_Duck_v1_L3/sigma0p05_recenter_rotx90p0_horizontaltovertical_blender_rig/Rubber_Duck_v1_L3_report.json,/mnt/ssd1/29d_kon/acm_2026/outputs/coordinator/rc2_full_metrics_20260610_143622/MeshMamba/_logs/rgb_texture/screen_space/Rubber_Duck_v1_L3.log,Rubber_Duck_v1_L3.csv,32868,,,55463,450,horizontal_to_vertical,json_camera_static.fov_degrees,60.000001669652114,35.98339890412515,0.0009888162629318534,0.5579847952882917,2.703140186838092,0.08958799379978036,0.22734485554763265,0.032166788773253505,0.5806367637599789,0.5249914157007207,0.5461523062613886,0.36128233680957644,0.08123060840643154,0.15317516737096615,-0.5098157414868609,2.1993027489143304,4717.891278000001,27815,8093757,,,,,ok,,,/mnt/ssd1/29d_kon/acm_2026/outputs/coordinator/rc2_full_metrics_20260610_143622/MeshMamba/rgb_texture/baseline_cone/Rubber_Duck_v1_L3/recenter_rotx90p0_horizontaltovertical_blender_rig/Rubber_Duck_v1_L3_report.json,/mnt/ssd1/29d_kon/acm_2026/outputs/coordinator/rc2_full_metrics_20260610_143622/MeshMamba/_logs/rgb_texture/cone/Rubber_Duck_v1_L3.log,Rubber_Duck_v1_L3.csv,32868,,,55463,450,horizontal_to_vertical,json_camera_static.fov_degrees,60.000001669652114,35.98339890412515,-0.03503018404723315,0.47671357188066693,1.8524697398463157,0.033618856625634595,0.12780296679734046,0.11310554548029457,0.4534507902448225,0.518362697291685,0.5322141793261532,0.4202200753998172,-0.17946467878652148,-0.16139140554792225,-0.45112043667319246,5892438.1183257345,4717.891278000001,,,0.7797991453761968,43250,55463,29713
rgb_texture,SLR_Camera_V1_L3,ok,,,/mnt/ssd1/29d_kon/acm_2026/outputs/coordinator/rc2_full_metrics_20260610_143622/MeshMamba/rgb_texture/baseline_screen_space/SLR_Camera_V1_L3/sigma0p05_recenter_rotx90p0_horizontaltovertical_blender_rig/SLR_Camera_V1_L3_report.json,/mnt/ssd1/29d_kon/acm_2026/outputs/coordinator/rc2_full_metrics_20260610_143622/MeshMamba/_logs/rgb_texture/screen_space/SLR_Camera_V1_L3.log,SLR_Camera_SG_V1_Iteration2.csv,32868,,,52465,450,horizontal_to_vertical,json_camera_static.fov_degrees,60.000001669652114,35.98339890412515,0.15927813305015492,0.4726771053570974,1.7095343262675327,0.05277990737375019,0.17663525080333908,0.08557489916510777,0.5468006975575049,0.620930703521109,0.6810603551108294,0.8424518120924986,0.3606172070456137,0.5837031140098926,1.2528234736860793,1.5263628166552674,3082.43652,30367,7402170,,,,,ok,,,/mnt/ssd1/29d_kon/acm_2026/outputs/coordinator/rc2_full_metrics_20260610_143622/MeshMamba/rgb_texture/baseline_cone/SLR_Camera_V1_L3/recenter_rotx90p0_horizontaltovertical_blender_rig/SLR_Camera_V1_L3_report.json,/mnt/ssd1/29d_kon/acm_2026/outputs/coordinator/rc2_full_metrics_20260610_143622/MeshMamba/_logs/rgb_texture/cone/SLR_Camera_V1_L3.log,SLR_Camera_SG_V1_Iteration2.csv,32868,,,52465,450,horizontal_to_vertical,json_camera_static.fov_degrees,60.000001669652114,35.98339890412515,0.3671986493405337,0.5249118271150112,0.921024931231804,0.026323914680121907,0.10557469930782422,0.3498361038795161,0.606332111724351,0.7001324204077048,0.8086423865726845,0.8968218264339514,0.7704051171143955,1.20602993050587,1.9609677038599431,3643070.088530067,3082.43652,,,0.9524254264747927,49969,52465,31644
rgb_texture,SeaHorse_v2_L3,ok,,,/mnt/ssd1/29d_kon/acm_2026/outputs/coordinator/rc2_full_metrics_20260610_143622/MeshMamba/rgb_texture/baseline_screen_space/SeaHorse_v2_L3/sigma0p05_recenter_rotx90p0_horizontaltovertical_blender_rig/SeaHorse_v2_L3_report.json,/mnt/ssd1/29d_kon/acm_2026/outputs/coordinator/rc2_full_metrics_20260610_143622/MeshMamba/_logs/rgb_texture/screen_space/SeaHorse_v2_L3.log,SeaHorse_v1_iterations-2.csv,32868,,,53964,450,horizontal_to_vertical,json_camera_static.fov_degrees,60.000001669652114,35.98339890412515,-0.03281115645985315,0.6827642084053982,0.7935864236386143,0.06884242284587504,0.19639545647223866,0.013651654796125996,0.7437382062397693,0.3652501404696506,0.3208949067034965,0.20028147658395618,-0.3787683127750785,-0.5497230492476064,-0.9186080269115481,4.093440559573988,10811.74927,32099,7594406,,,,,ok,,,/mnt/ssd1/29d_kon/acm_2026/outputs/coordinator/rc2_full_metrics_20260610_143622/MeshMamba/rgb_texture/baseline_cone/SeaHorse_v2_L3/recenter_rotx90p0_horizontaltovertical_blender_rig/SeaHorse_v2_L3_report.json,/mnt/ssd1/29d_kon/acm_2026/outputs/coordinator/rc2_full_metrics_20260610_143622/MeshMamba/_logs/rgb_texture/cone/SeaHorse_v2_L3.log,SeaHorse_v1_iterations-2.csv,32868,,,53964,450,horizontal_to_vertical,json_camera_static.fov_degrees,60.000001669652114,35.98339890412515,0.2851127968852528,0.6673919017921855,0.36037901093401015,0.0808666183762367,0.22736085110085558,0.3091303664611121,0.714455087959849,0.7807438783972648,0.8862380410477187,0.861024287805767,0.6693382021412538,0.8739501530291209,0.5647512697199358,25894105.101789676,10811.74927,,,0.6815654881031799,36780,53964,32868
rgb_texture,Seagull_v1_L3,ok,,,/mnt/ssd1/29d_kon/acm_2026/outputs/coordinator/rc2_full_metrics_20260610_143622/MeshMamba/rgb_texture/baseline_screen_space/Seagull_v1_L3/sigma0p05_recenter_rotx90p0_horizontaltovertical_blender_rig/Seagull_v1_L3_report.json,/mnt/ssd1/29d_kon/acm_2026/outputs/coordinator/rc2_full_metrics_20260610_143622/MeshMamba/_logs/rgb_texture/screen_space/Seagull_v1_L3.log,Seagull_v1_L3.csv,32868,,,52465,450,horizontal_to_vertical,json_camera_static.fov_degrees,60.000001669652114,35.98339890412515,-0.14566396902480433,0.4773591254136873,3.980274831086308,0.1217661979315162,0.2817472729540293,-0.12580429633906573,0.5019297343482432,0.4113750329402912,0.386181409989072,0.4289321367083372,-0.32206497542391105,-0.4112479272857872,-0.31314750774902544,2.1840269619792085,6864.62943,28366,7624630,,,,,ok,,,/mnt/ssd1/29d_kon/acm_2026/outputs/coordinator/rc2_full_metrics_20260610_143622/MeshMamba/rgb_texture/baseline_cone/Seagull_v1_L3/recenter_rotx90p0_horizontaltovertical_blender_rig/Seagull_v1_L3_report.json,/mnt/ssd1/29d_kon/acm_2026/outputs/coordinator/rc2_full_metrics_20260610_143622/MeshMamba/_logs/rgb_texture/cone/Seagull_v1_L3.log,Seagull_v1_L3.csv,32868,,,52465,450,horizontal_to_vertical,json_camera_static.fov_degrees,60.000001669652114,35.98339890412515,0.07490498011643326,0.4658329626571993,1.0405051219116057,0.07378440783765196,0.1991385011854604,-0.030962032876772565,0.5019215871535128,0.6377098808079545,0.7112666448947811,0.5508094051459035,0.4612154460706866,0.7755431918378037,-0.1118790951135947,6027995.691203242,6864.62943,,,0.5048317926236539,26486,52465,32807
rgb_texture,Seal_wooden_v1_L3,ok,,,/mnt/ssd1/29d_kon/acm_2026/outputs/coordinator/rc2_full_metrics_20260610_143622/MeshMamba/rgb_texture/baseline_screen_space/Seal_wooden_v1_L3/sigma0p05_recenter_rotx90p0_horizontaltovertical_blender_rig/Seal_wooden_v1_L3_report.json,/mnt/ssd1/29d_kon/acm_2026/outputs/coordinator/rc2_full_metrics_20260610_143622/MeshMamba/_logs/rgb_texture/screen_space/Seal_wooden_v1_L3.log,Seal_wooden_v1_L3.csv,32868,,,52465,450,horizontal_to_vertical,json_camera_static.fov_degrees,60.000001669652114,35.98339890412515,0.46565834004080126,0.6442124181133536,0.9377867398479919,0.0518080488211275,0.1750313189762902,0.5039581304585927,0.7654322574204695,0.7962455539798746,0.8511786136966198,0.9263162904537935,0.928671825152767,1.2028744099586053,1.5379493685583487,2.3172407375057014,7107.087051999999,29605,7783078,,,,,ok,,,/mnt/ssd1/29d_kon/acm_2026/outputs/coordinator/rc2_full_metrics_20260610_143622/MeshMamba/rgb_texture/baseline_cone/Seal_wooden_v1_L3/recenter_rotx90p0_horizontaltovertical_blender_rig/Seal_wooden_v1_L3_report.json,/mnt/ssd1/29d_kon/acm_2026/outputs/coordinator/rc2_full_metrics_20260610_143622/MeshMamba/_logs/rgb_texture/cone/Seal_wooden_v1_L3.log,Seal_wooden_v1_L3.csv,32868,,,52465,450,horizontal_to_vertical,json_camera_static.fov_degrees,60.000001669652114,35.98339890412515,0.47006807421402136,0.5905376294313047,0.8791362651761649,0.05213782809746312,0.1596196461845805,0.4737872489195085,0.681968230117444,0.8029730714077223,0.8706319375481959,0.962834077713244,1.2852233694690125,2.0276787552216122,3.236199160745646,7119670.493584161,7107.087051999999,,,0.8442961974649766,44296,52465,31418
rgb_texture,Sheep_doll_v1_L3,ok,,,/mnt/ssd1/29d_kon/acm_2026/outputs/coordinator/rc2_full_metrics_20260610_143622/MeshMamba/rgb_texture/baseline_screen_space/Sheep_doll_v1_L3/sigma0p05_recenter_rotx90p0_horizontaltovertical_blender_rig/Sheep_doll_v1_L3_report.json,/mnt/ssd1/29d_kon/acm_2026/outputs/coordinator/rc2_full_metrics_20260610_143622/MeshMamba/_logs/rgb_texture/screen_space/Sheep_doll_v1_L3.log,Sheep_doll_v1_iterations-2.csv,32868,,,53964,450,horizontal_to_vertical,json_camera_static.fov_degrees,60.000001669652114,35.98339890412515,0.07570704647030996,0.577711163575064,1.6013197101348875,0.049516726078699225,0.17197977216789576,0.1429331917026095,0.6216810312447686,0.5334208340323863,0.49053107075597846,0.5310586379813945,0.06854866976315631,-0.06302352497292402,0.05641810972853881,2.3997445576479377,4889.002393999999,30964,7860098,,,,,ok,,,/mnt/ssd1/29d_kon/acm_2026/outputs/coordinator/rc2_full_metrics_20260610_143622/MeshMamba/rgb_texture/baseline_cone/Sheep_doll_v1_L3/recenter_rotx90p0_horizontaltovertical_blender_rig/Sheep_doll_v1_L3_report.json,/mnt/ssd1/29d_kon/acm_2026/outputs/coordinator/rc2_full_metrics_20260610_143622/MeshMamba/_logs/rgb_texture/cone/Sheep_doll_v1_L3.log,Sheep_doll_v1_iterations-2.csv,32868,,,53964,450,horizontal_to_vertical,json_camera_static.fov_degrees,60.000001669652114,35.98339890412515,0.10234165388275661,0.5471473940363485,1.0745354967348208,0.03191514932528782,0.12020545935688735,0.18308105373044847,0.5462723238928041,0.5453369686243669,0.43511140441596796,0.0931683476204519,0.1082838954255107,-0.098908603852076,-0.8757646871499823,5788644.509032508,4889.002393999999,,,0.6737639908086873,36359,53964,32868
rgb_texture,SittingBaby_v1_L1,ok,,,/mnt/ssd1/29d_kon/acm_2026/outputs/coordinator/rc2_full_metrics_20260610_143622/MeshMamba/rgb_texture/baseline_screen_space/SittingBaby_v1_L1/sigma0p05_recenter_rotx90p0_horizontaltovertical_blender_rig/SittingBaby_v1_L1_report.json,/mnt/ssd1/29d_kon/acm_2026/outputs/coordinator/rc2_full_metrics_20260610_143622/MeshMamba/_logs/rgb_texture/screen_space/SittingBaby_v1_L1.log,SittingBaby.csv,32868,,,52465,450,horizontal_to_vertical,json_camera_static.fov_degrees,60.000001669652114,35.98339890412515,0.35344202131172764,0.5944091783237955,1.568873479558527,0.05518901456709166,0.18411929881190459,0.23185943174782656,0.6633509499382699,0.6872595556721235,0.7478311687684251,0.8564660448144947,0.8793127146078722,1.2225807059713611,1.5830210353537977,2.364973583934175,3591.208147,29981,7902073,,,,,ok,,,/mnt/ssd1/29d_kon/acm_2026/outputs/coordinator/rc2_full_metrics_20260610_143622/MeshMamba/rgb_texture/baseline_cone/SittingBaby_v1_L1/recenter_rotx90p0_horizontaltovertical_blender_rig/SittingBaby_v1_L1_report.json,/mnt/ssd1/29d_kon/acm_2026/outputs/coordinator/rc2_full_metrics_20260610_143622/MeshMamba/_logs/rgb_texture/cone/SittingBaby_v1_L1.log,SittingBaby.csv,32868,,,52465,450,horizontal_to_vertical,json_camera_static.fov_degrees,60.000001669652114,35.98339890412515,0.5339683512992964,0.5625707684896613,1.056619247208567,0.017194912847336843,0.07814621689084725,0.17907979498932045,0.6658876947551248,0.6661948880247105,0.7330115200859282,0.9011250095863453,1.3955227052340204,2.2819929953098868,3.132330331798523,6848206.148706302,3591.208147,,,0.807910035261603,42387,52465,32083
rgb_texture,Sitting_inside_an_egg_v1_L1,ok,,,/mnt/ssd1/29d_kon/acm_2026/outputs/coordinator/rc2_full_metrics_20260610_143622/MeshMamba/rgb_texture/baseline_screen_space/Sitting_inside_an_egg_v1_L1/sigma0p05_recenter_rotx90p0_horizontaltovertical_blender_rig/Sitting_inside_an_egg_v1_L1_report.json,/mnt/ssd1/29d_kon/acm_2026/outputs/coordinator/rc2_full_metrics_20260610_143622/MeshMamba/_logs/rgb_texture/screen_space/Sitting_inside_an_egg_v1_L1.log,Sitting_inside_an_egg_Texture.csv,32868,,,53964,450,horizontal_to_vertical,json_camera_static.fov_degrees,60.000001669652114,35.98339890412515,0.3051667988353385,0.524299784317226,1.6279375684237913,0.05948070368653563,0.1953193288375794,0.25518472266734427,0.6148405183389296,0.732369867118945,0.7490078265798409,0.8971191082274803,0.7880283679883646,0.9016533053044598,1.3802043970431648,4.030145039262518,3683.201102,30033,7325375,,,,,ok,,,/mnt/ssd1/29d_kon/acm_2026/outputs/coordinator/rc2_full_metrics_20260610_143622/MeshMamba/rgb_texture/baseline_cone/Sitting_inside_an_egg_v1_L1/recenter_rotx90p0_horizontaltovertical_blender_rig/Sitting_inside_an_egg_v1_L1_report.json,/mnt/ssd1/29d_kon/acm_2026/outputs/coordinator/rc2_full_metrics_20260610_143622/MeshMamba/_logs/rgb_texture/cone/Sitting_inside_an_egg_v1_L1.log,Sitting_inside_an_egg_Texture.csv,32868,,,53964,450,horizontal_to_vertical,json_camera_static.fov_degrees,60.000001669652114,35.98339890412515,0.6808903923691633,0.6177752933783325,0.7495433037035795,0.01624977978858547,0.08184697033541301,0.39583184157460233,0.7783348559957549,0.8523375154668827,0.8500651130548403,0.9769203773334986,1.853526313931764,2.529431908663577,3.8269417302474067,14272018.658870364,3683.201102,,,0.9027499814691275,48716,53964,32712
rgb_texture,Soda_Can_v3_L3,ok,,,/mnt/ssd1/29d_kon/acm_2026/outputs/coordinator/rc2_full_metrics_20260610_143622/MeshMamba/rgb_texture/baseline_screen_space/Soda_Can_v3_L3/sigma0p05_recenter_rotx90p0_horizontaltovertical_blender_rig/Soda_Can_v3_L3_report.json,/mnt/ssd1/29d_kon/acm_2026/outputs/coordinator/rc2_full_metrics_20260610_143622/MeshMamba/_logs/rgb_texture/screen_space/Soda_Can_v3_L3.log,Soda_Can_v3_l3.csv,32868,,,53964,450,horizontal_to_vertical,json_camera_static.fov_degrees,60.000001669652114,35.98339890412515,-0.11987081089085275,0.567965228695231,2.160535116087916,0.1516751345675817,0.32492446715503576,-0.19506506469859713,0.635554183649119,0.43587296263469755,0.37714064232828576,0.39558426544681335,-0.11494522304703012,-0.301460499447262,-0.2415804689571357,1.9328903543809102,7743.4137519999995,29151,7700961,,,,,ok,,,/mnt/ssd1/29d_kon/acm_2026/outputs/coordinator/rc2_full_metrics_20260610_143622/MeshMamba/rgb_texture/baseline_cone/Soda_Can_v3_L3/recenter_rotx90p0_horizontaltovertical_blender_rig/Soda_Can_v3_L3_report.json,/mnt/ssd1/29d_kon/acm_2026/outputs/coordinator/rc2_full_metrics_20260610_143622/MeshMamba/_logs/rgb_texture/cone/Soda_Can_v3_L3.log,Soda_Can_v3_l3.csv,32868,,,53964,450,horizontal_to_vertical,json_camera_static.fov_degrees,60.000001669652114,35.98339890412515,-0.21092793001144192,0.4594576619773214,1.4589945962572881,0.07882974050013386,0.21953235852103087,-0.1437576944262647,0.4292855723303764,0.5103032726206943,0.4566843798955573,0.46879521987690065,-0.1943018903466383,-0.3195922405611396,-0.33115579148031726,5179599.08964745,7743.4137519999995,,,0.9531168927433104,51434,53964,31626
rgb_texture,Spark_Plug_v1_L3,ok,,,/mnt/ssd1/29d_kon/acm_2026/outputs/coordinator/rc2_full_metrics_20260610_143622/MeshMamba/rgb_texture/baseline_screen_space/Spark_Plug_v1_L3/sigma0p05_recenter_rotx90p0_horizontaltovertical_blender_rig/Spark_Plug_v1_L3_report.json,/mnt/ssd1/29d_kon/acm_2026/outputs/coordinator/rc2_full_metrics_20260610_143622/MeshMamba/_logs/rgb_texture/screen_space/Spark_Plug_v1_L3.log,Spark_Plug_v1_l3.csv,32868,,,53964,450,horizontal_to_vertical,json_camera_static.fov_degrees,60.000001669652114,35.98339890412515,-0.3647586483223111,0.5945277073203168,1.251959051285581,0.09656596402073625,0.25476953366668975,-0.392356173096916,0.6375833447285004,0.3703563214150475,0.39181798282935393,0.4934386895650401,-0.404304852199239,-0.35736671717316254,-0.08673704279470222,2.9478748607656122,10520.210308000002,31021,7626023,,,,,ok,,,/mnt/ssd1/29d_kon/acm_2026/outputs/coordinator/rc2_full_metrics_20260610_143622/MeshMamba/rgb_texture/baseline_cone/Spark_Plug_v1_L3/recenter_rotx90p0_horizontaltovertical_blender_rig/Spark_Plug_v1_L3_report.json,/mnt/ssd1/29d_kon/acm_2026/outputs/coordinator/rc2_full_metrics_20260610_143622/MeshMamba/_logs/rgb_texture/cone/Spark_Plug_v1_L3.log,Spark_Plug_v1_l3.csv,32868,,,53964,450,horizontal_to_vertical,json_camera_static.fov_degrees,60.000001669652114,35.98339890412515,-0.41262382746352894,0.3383264367752379,2.31171610214441,0.14150394881718864,0.3241351552796764,-0.3672103851039303,0.3391758852169786,0.38614362607692243,0.40311246012643587,0.5807457518128117,-0.44024753770321384,-0.39475579351254775,-0.20721570527170044,6827588.387727511,10520.210308000002,,,0.3837928989696835,20711,53964,32289
rgb_texture,Spinning_Top_v1_L3,ok,,,/mnt/ssd1/29d_kon/acm_2026/outputs/coordinator/rc2_full_metrics_20260610_143622/MeshMamba/rgb_texture/baseline_screen_space/Spinning_Top_v1_L3/sigma0p05_recenter_rotx90p0_horizontaltovertical_blender_rig/Spinning_Top_v1_L3_report.json,/mnt/ssd1/29d_kon/acm_2026/outputs/coordinator/rc2_full_metrics_20260610_143622/MeshMamba/_logs/rgb_texture/screen_space/Spinning_Top_v1_L3.log,Spinning_Top_v1_L3.csv,32868,,,55463,450,horizontal_to_vertical,json_camera_static.fov_degrees,60.000001669652114,35.98339890412515,-0.3282431596668507,0.36069348952258046,5.757420758894204,0.17846875905961515,0.3516824848208532,-0.24471085827833106,0.37251440645093375,0.2840116766422324,0.2812287268262669,0.3711682992333446,-0.7002307670356883,-0.7353395410588398,-0.516964063310846,2.636110747463864,6838.935173,26780,7887002,,,,,ok,,,/mnt/ssd1/29d_kon/acm_2026/outputs/coordinator/rc2_full_metrics_20260610_143622/MeshMamba/rgb_texture/baseline_cone/Spinning_Top_v1_L3/recenter_rotx90p0_horizontaltovertical_blender_rig/Spinning_Top_v1_L3_report.json,/mnt/ssd1/29d_kon/acm_2026/outputs/coordinator/rc2_full_metrics_20260610_143622/MeshMamba/_logs/rgb_texture/cone/Spinning_Top_v1_L3.log,Spinning_Top_v1_L3.csv,32868,,,55463,450,horizontal_to_vertical,json_camera_static.fov_degrees,60.000001669652114,35.98339890412515,-0.24120930633498763,0.32381669291787574,9.607696368383763,0.1236783841699631,0.2744488754211293,-0.2758046133439711,0.3229382724528103,0.32733252409293756,0.3251108425859951,0.5,-0.6831511768149526,-0.8123805531659388,-0.929596287207983,10835048.714605696,6838.935173,,,0.9116888736635235,50565,55463,25420
rgb_texture,Squirrel_wooden_v2_L3,ok,,,/mnt/ssd1/29d_kon/acm_2026/outputs/coordinator/rc2_full_metrics_20260610_143622/MeshMamba/rgb_texture/baseline_screen_space/Squirrel_wooden_v2_L3/sigma0p05_recenter_rotx90p0_horizontaltovertical_blender_rig/Squirrel_wooden_v2_L3_report.json,/mnt/ssd1/29d_kon/acm_2026/outputs/coordinator/rc2_full_metrics_20260610_143622/MeshMamba/_logs/rgb_texture/screen_space/Squirrel_wooden_v2_L3.log,Squirrel_wooden_v2_L3.csv,32868,,,53964,450,horizontal_to_vertical,json_camera_static.fov_degrees,60.000001669652114,35.98339890412515,0.1595229546593212,0.5982128288392026,1.1632344203785472,0.031594932861343655,0.12791444615902461,0.13956199618783485,0.6300473167001451,0.6944443521687195,0.7299912748818209,0.7229803076616688,0.5295323846022515,0.6539567835710647,0.5788895639905901,1.6855212711652514,3794.045488,31024,7871883,,,,,ok,,,/mnt/ssd1/29d_kon/acm_2026/outputs/coordinator/rc2_full_metrics_20260610_143622/MeshMamba/rgb_texture/baseline_cone/Squirrel_wooden_v2_L3/recenter_rotx90p0_horizontaltovertical_blender_rig/Squirrel_wooden_v2_L3_report.json,/mnt/ssd1/29d_kon/acm_2026/outputs/coordinator/rc2_full_metrics_20260610_143622/MeshMamba/_logs/rgb_texture/cone/Squirrel_wooden_v2_L3.log,Squirrel_wooden_v2_L3.csv,32868,,,53964,450,horizontal_to_vertical,json_camera_static.fov_degrees,60.000001669652114,35.98339890412515,0.01653537875768647,0.4865396588083579,1.403396576558876,0.026894571822210337,0.10890460123509366,0.06320574156778977,0.45851454745814607,0.6134581078944525,0.5915443303329586,0.5211778131848515,0.15639990042892507,0.09513625014718237,-0.14075175580707458,3731444.0836735694,3794.045488,,,0.7016900155659328,37866,53964,32291
rgb_texture,StandingBaby_v2_L1,ok,,,/mnt/ssd1/29d_kon/acm_2026/outputs/coordinator/rc2_full_metrics_20260610_143622/MeshMamba/rgb_texture/baseline_screen_space/StandingBaby_v2_L1/sigma0p05_recenter_rotx90p0_horizontaltovertical_blender_rig/StandingBaby_v2_L1_report.json,/mnt/ssd1/29d_kon/acm_2026/outputs/coordinator/rc2_full_metrics_20260610_143622/MeshMamba/_logs/rgb_texture/screen_space/StandingBaby_v2_L1.log,StandingBaby.csv,32868,,,52465,450,horizontal_to_vertical,json_camera_static.fov_degrees,60.000001669652114,35.98339890412515,0.2061746263815219,0.6661398053901224,1.2543968092384592,0.05857924446369073,0.19524544964869978,0.1289135304271775,0.7515774103379453,0.6010734171688062,0.687866553147401,0.9057311259222157,0.4436089886859705,0.8096479195565276,1.6232692688584032,3.590939289971608,8676.806453000001,31710,7843286,,,,,ok,,,/mnt/ssd1/29d_kon/acm_2026/outputs/coordinator/rc2_full_metrics_20260610_143622/MeshMamba/rgb_texture/baseline_cone/StandingBaby_v2_L1/recenter_rotx90p0_horizontaltovertical_blender_rig/StandingBaby_v2_L1_report.json,/mnt/ssd1/29d_kon/acm_2026/outputs/coordinator/rc2_full_metrics_20260610_143622/MeshMamba/_logs/rgb_texture/cone/StandingBaby_v2_L1.log,StandingBaby.csv,32868,,,52465,450,horizontal_to_vertical,json_camera_static.fov_degrees,60.000001669652114,35.98339890412515,0.5054922841134885,0.5708755674347425,1.0270259623899727,0.05505105940125031,0.17005961390550123,0.08859248379314637,0.7079717264220725,0.6013839401246167,0.7138863037696999,0.9546030851358074,1.307556916157816,2.044527783681354,3.049645152566979,15849862.959450867,8676.806453000001,,,0.7594968073954065,39847,52465,32868
rgb_texture,Starfruit_L3,ok,,,/mnt/ssd1/29d_kon/acm_2026/outputs/coordinator/rc2_full_metrics_20260610_143622/MeshMamba/rgb_texture/baseline_screen_space/Starfruit_L3/sigma0p05_recenter_rotx90p0_horizontaltovertical_blender_rig/Starfruit_L3_report.json,/mnt/ssd1/29d_kon/acm_2026/outputs/coordinator/rc2_full_metrics_20260610_143622/MeshMamba/_logs/rgb_texture/screen_space/Starfruit_L3.log,Starfruit-L3.csv,32868,,,52465,450,horizontal_to_vertical,json_camera_static.fov_degrees,60.000001669652114,35.98339890412515,0.17225728180136304,0.7249260007074478,0.46960832271111685,0.040809805403522165,0.1618306778776451,-0.012416803825570614,0.8206266442080937,0.7506950821825491,0.841317211930058,0.8492378703657085,0.9427886975980464,1.4002511753940559,1.8027424348888883,3.2504049863767452,8732.193847999999,32363,7852004,,,,,ok,,,/mnt/ssd1/29d_kon/acm_2026/outputs/coordinator/rc2_full_metrics_20260610_143622/MeshMamba/rgb_texture/baseline_cone/Starfruit_L3/recenter_rotx90p0_horizontaltovertical_blender_rig/Starfruit_L3_report.json,/mnt/ssd1/29d_kon/acm_2026/outputs/coordinator/rc2_full_metrics_20260610_143622/MeshMamba/_logs/rgb_texture/cone/Starfruit_L3.log,Starfruit-L3.csv,32868,,,52465,450,horizontal_to_vertical,json_camera_static.fov_degrees,60.000001669652114,35.98339890412515,0.3697489077164505,0.6758703876790968,0.3474475438114165,0.04350342513075408,0.16688048930889632,0.046392052965301384,0.7715921930838909,0.7395633798148273,0.8267626889416276,0.812098383506311,1.304328812556242,2.024960070376903,2.0314664378425604,13216291.86154164,8732.193847999999,,,0.9624130372629371,50493,52465,32868
rgb_texture,Statue_v1_L2_David,ok,,,/mnt/ssd1/29d_kon/acm_2026/outputs/coordinator/rc2_full_metrics_20260610_143622/MeshMamba/rgb_texture/baseline_screen_space/Statue_v1_L2_David/sigma0p05_recenter_rotx90p0_horizontaltovertical_blender_rig/Statue_v1_L2_David_report.json,/mnt/ssd1/29d_kon/acm_2026/outputs/coordinator/rc2_full_metrics_20260610_143622/MeshMamba/_logs/rgb_texture/screen_space/Statue_v1_L2_David.log,Statue_v1_L2_David.csv,32868,,,53964,450,horizontal_to_vertical,json_camera_static.fov_degrees,60.000001669652114,35.98339890412515,0.128715025923742,0.6168662443416694,1.0815482277453519,0.07453757725864796,0.22969610289289114,0.1035032988998385,0.6958261063117636,0.6628931968773852,0.6824692061069749,0.5325477091740555,0.48333108408915587,0.5556111574160746,0.0432775079338351,4.055090844620226,7071.216439,31165,7234712,,,,,ok,,,/mnt/ssd1/29d_kon/acm_2026/outputs/coordinator/rc2_full_metrics_20260610_143622/MeshMamba/rgb_texture/baseline_cone/Statue_v1_L2_David/recenter_rotx90p0_horizontaltovertical_blender_rig/Statue_v1_L2_David_report.json,/mnt/ssd1/29d_kon/acm_2026/outputs/coordinator/rc2_full_metrics_20260610_143622/MeshMamba/_logs/rgb_texture/cone/Statue_v1_L2_David.log,Statue_v1_L2_David.csv,32868,,,53964,450,horizontal_to_vertical,json_camera_static.fov_degrees,60.000001669652114,35.98339890412515,0.23670012985723976,0.5834694022603506,0.5470828340647511,0.057889752347872095,0.1876897160291044,0.16181653014130512,0.6760954751946423,0.8013444945662184,0.8490497962918286,0.836832976019144,0.6236408491016422,0.8598960990893834,0.8328714875244952,26335215.111760043,7071.216439,,,0.7907493884812097,42672,53964,32868
rgb_texture,Statue_v1_L2_Venus,ok,,,/mnt/ssd1/29d_kon/acm_2026/outputs/coordinator/rc2_full_metrics_20260610_143622/MeshMamba/rgb_texture/baseline_screen_space/Statue_v1_L2_Venus/sigma0p05_recenter_rotx90p0_horizontaltovertical_blender_rig/Statue_v1_L2_Venus_report.json,/mnt/ssd1/29d_kon/acm_2026/outputs/coordinator/rc2_full_metrics_20260610_143622/MeshMamba/_logs/rgb_texture/screen_space/Statue_v1_L2_Venus.log,Statue_v1_L2_Venus.csv,32868,,,52465,450,horizontal_to_vertical,json_camera_static.fov_degrees,60.000001669652114,35.98339890412515,0.4816155066758642,0.5832203543580655,0.7782124817111266,0.05993246336205463,0.1999378440610093,0.6449258930057777,0.6963085924899582,0.7954537682659526,0.7878426286193226,0.8613908808611337,0.7860198443950914,0.7947777608516728,1.0541486020091169,4.248201896824986,5311.9028530000005,31067,7610068,,,,,ok,,,/mnt/ssd1/29d_kon/acm_2026/outputs/coordinator/rc2_full_metrics_20260610_143622/MeshMamba/rgb_texture/baseline_cone/Statue_v1_L2_Venus/recenter_rotx90p0_horizontaltovertical_blender_rig/Statue_v1_L2_Venus_report.json,/mnt/ssd1/29d_kon/acm_2026/outputs/coordinator/rc2_full_metrics_20260610_143622/MeshMamba/_logs/rgb_texture/cone/Statue_v1_L2_Venus.log,Statue_v1_L2_Venus.csv,32868,,,52465,450,horizontal_to_vertical,json_camera_static.fov_degrees,60.000001669652114,35.98339890412515,0.4889525397568239,0.5800369614783134,0.5306622253607919,0.05296215612998301,0.1597836256168419,0.6477072579098331,0.6954433138807159,0.8673038004366986,0.8570121679436805,0.83157055115811,1.1227621066762183,1.0866658517998333,0.9161005592158376,32124977.724574722,5311.9028530000005,,,0.8874487753740589,46560,52465,32868
rgb_texture,Statue_v1_L3_eagle,ok,,,/mnt/ssd1/29d_kon/acm_2026/outputs/coordinator/rc2_full_metrics_20260610_143622/MeshMamba/rgb_texture/baseline_screen_space/Statue_v1_L3_eagle/sigma0p05_recenter_rotx90p0_horizontaltovertical_blender_rig/Statue_v1_L3_eagle_report.json,/mnt/ssd1/29d_kon/acm_2026/outputs/coordinator/rc2_full_metrics_20260610_143622/MeshMamba/_logs/rgb_texture/screen_space/Statue_v1_L3_eagle.log,Statue_v1_l3_eagle.csv,32868,,,52465,450,horizontal_to_vertical,json_camera_static.fov_degrees,60.000001669652114,35.98339890412515,0.3465173470510058,0.6334451633331758,0.6548958699329666,0.13142600050798672,0.30927312339037727,0.36548536199200415,0.7271443184219158,0.7187725088133116,0.7158963167330887,0.6084791306312715,0.7023959876494076,0.7526059877602047,0.4293852492990971,3.046908683757592,5278.377661,31496,6879940,,,,,ok,,,/mnt/ssd1/29d_kon/acm_2026/outputs/coordinator/rc2_full_metrics_20260610_143622/MeshMamba/rgb_texture/baseline_cone/Statue_v1_L3_eagle/recenter_rotx90p0_horizontaltovertical_blender_rig/Statue_v1_L3_eagle_report.json,/mnt/ssd1/29d_kon/acm_2026/outputs/coordinator/rc2_full_metrics_20260610_143622/MeshMamba/_logs/rgb_texture/cone/Statue_v1_L3_eagle.log,Statue_v1_l3_eagle.csv,32868,,,52465,450,horizontal_to_vertical,json_camera_static.fov_degrees,60.000001669652114,35.98339890412515,0.26547550842381207,0.6057883083305301,0.5424901886356066,0.03480584317407353,0.1281357994267295,0.3993790199124177,0.656175145174914,0.724900958521721,0.7123980290287651,0.696973825470693,0.40671015099845076,0.3706360179225783,0.3112537360323172,10758071.42770389,5278.377661,,,0.7061850757647956,37050,52465,32694
rgb_texture,Statue_willendorf_V1_L3,ok,,,/mnt/ssd1/29d_kon/acm_2026/outputs/coordinator/rc2_full_metrics_20260610_143622/MeshMamba/rgb_texture/baseline_screen_space/Statue_willendorf_V1_L3/sigma0p05_recenter_rotx90p0_horizontaltovertical_blender_rig/Statue_willendorf_V1_L3_report.json,/mnt/ssd1/29d_kon/acm_2026/outputs/coordinator/rc2_full_metrics_20260610_143622/MeshMamba/_logs/rgb_texture/screen_space/Statue_willendorf_V1_L3.log,Statue_willendorf_V1_L3.csv,32868,,,56962,450,horizontal_to_vertical,json_camera_static.fov_degrees,60.000001669652114,35.98339890412515,-0.1453937955119264,0.6045707845608375,1.1469127639581407,0.10126110023758632,0.2732711254656808,-0.09012932880206695,0.6541707965679611,0.3510091461264588,0.3554913405715112,0.23447616892929327,-0.4522754515724192,-0.38486829994127614,-0.6541430263568845,3.113398445124561,6940.340125999999,32235,7991742,,,,,ok,,,/mnt/ssd1/29d_kon/acm_2026/outputs/coordinator/rc2_full_metrics_20260610_143622/MeshMamba/rgb_texture/baseline_cone/Statue_willendorf_V1_L3/recenter_rotx90p0_horizontaltovertical_blender_rig/Statue_willendorf_V1_L3_report.json,/mnt/ssd1/29d_kon/acm_2026/outputs/coordinator/rc2_full_metrics_20260610_143622/MeshMamba/_logs/rgb_texture/cone/Statue_willendorf_V1_L3.log,Statue_willendorf_V1_L3.csv,32868,,,56962,450,horizontal_to_vertical,json_camera_static.fov_degrees,60.000001669652114,35.98339890412515,-0.07775120614243632,0.5572448258676973,0.8781954961111185,0.07254215237279414,0.2040815903081738,-0.014562124864979693,0.5793366161135832,0.4060772807334138,0.4188922458424582,0.210820711662255,-0.3275004368675755,-0.30611006348920033,-0.7961831553183506,11882773.927722428,6940.340125999999,,,0.9629402057512025,54851,56962,32868
rgb_texture,Stone_Chess_Bishop_Side_A_v2_L1,ok,,,/mnt/ssd1/29d_kon/acm_2026/outputs/coordinator/rc2_full_metrics_20260610_143622/MeshMamba/rgb_texture/baseline_screen_space/Stone_Chess_Bishop_Side_A_v2_L1/sigma0p05_recenter_rotx90p0_horizontaltovertical_blender_rig/Stone_Chess_Bishop_Side_A_v2_L1_report.json,/mnt/ssd1/29d_kon/acm_2026/outputs/coordinator/rc2_full_metrics_20260610_143622/MeshMamba/_logs/rgb_texture/screen_space/Stone_Chess_Bishop_Side_A_v2_L1.log,Stone_Chess_Bishop_V2_l1.csv,32868,,,53964,450,horizontal_to_vertical,json_camera_static.fov_degrees,60.000001669652114,35.98339890412515,0.5591814372290661,0.7053202578008091,0.7259351903588555,0.04594492332149966,0.1800752410093911,0.5697127340345747,0.7900987889518443,0.8903814730236925,0.9361319907700918,0.9294620128980599,1.3046905312606645,1.6832828524125376,1.9766539467004693,4.096971379306651,3938.411239,30984,7785824,,,,,ok,,,/mnt/ssd1/29d_kon/acm_2026/outputs/coordinator/rc2_full_metrics_20260610_143622/MeshMamba/rgb_texture/baseline_cone/Stone_Chess_Bishop_Side_A_v2_L1/recenter_rotx90p0_horizontaltovertical_blender_rig/Stone_Chess_Bishop_Side_A_v2_L1_report.json,/mnt/ssd1/29d_kon/acm_2026/outputs/coordinator/rc2_full_metrics_20260610_143622/MeshMamba/_logs/rgb_texture/cone/Stone_Chess_Bishop_Side_A_v2_L1.log,Stone_Chess_Bishop_V2_l1.csv,32868,,,53964,450,horizontal_to_vertical,json_camera_static.fov_degrees,60.000001669652114,35.98339890412515,0.399220170697529,0.6487515208754877,0.4755161431327355,0.0347186403169734,0.12906005051488853,0.5464320355987552,0.7011534891311433,0.8079675924408471,0.7570403977569191,0.7550577371218135,0.8448954856994241,0.5465013474123345,0.5161349359559652,20463952.443617634,3938.411239,,,0.9227633236972796,49796,53964,32787
rgb_texture,Stone_Chess_Knight_Side_A_v2_L1,ok,,,/mnt/ssd1/29d_kon/acm_2026/outputs/coordinator/rc2_full_metrics_20260610_143622/MeshMamba/rgb_texture/baseline_screen_space/Stone_Chess_Knight_Side_A_v2_L1/sigma0p05_recenter_rotx90p0_horizontaltovertical_blender_rig/Stone_Chess_Knight_Side_A_v2_L1_report.json,/mnt/ssd1/29d_kon/acm_2026/outputs/coordinator/rc2_full_metrics_20260610_143622/MeshMamba/_logs/rgb_texture/screen_space/Stone_Chess_Knight_Side_A_v2_L1.log,Stone_Chess_Knight_Side_A_v2_l1.csv,32868,,,52465,450,horizontal_to_vertical,json_camera_static.fov_degrees,60.000001669652114,35.98339890412515,0.004539848402263211,0.6359117502020659,1.5424892722848158,0.060817932169576844,0.1939374897260352,0.02562812658052006,0.6872176695116637,0.4372081043848324,0.4389020618926236,0.48120385067962873,-0.15988055590869493,-0.1835156953623188,0.05837298772916366,3.385986291068319,7722.510323,31265,7775342,,,,,ok,,,/mnt/ssd1/29d_kon/acm_2026/outputs/coordinator/rc2_full_metrics_20260610_143622/MeshMamba/rgb_texture/baseline_cone/Stone_Chess_Knight_Side_A_v2_L1/recenter_rotx90p0_horizontaltovertical_blender_rig/Stone_Chess_Knight_Side_A_v2_L1_report.json,/mnt/ssd1/29d_kon/acm_2026/outputs/coordinator/rc2_full_metrics_20260610_143622/MeshMamba/_logs/rgb_texture/cone/Stone_Chess_Knight_Side_A_v2_L1.log,Stone_Chess_Knight_Side_A_v2_l1.csv,32868,,,52465,450,horizontal_to_vertical,json_camera_static.fov_degrees,60.000001669652114,35.98339890412515,0.010517792409291224,0.577505419998321,1.1042044487809752,0.07625059292875662,0.20505295161701262,-0.006510778415353372,0.6079097422822294,0.4114235351182663,0.3968269775635811,0.3795407633822812,-0.19853545689302177,-0.25588559915451325,-0.3114094663875597,10646177.828083016,7722.510323,,,0.7404746021156962,38849,52465,32859
rgb_texture,TomatoBeefSteak_V1_L3,ok,,,/mnt/ssd1/29d_kon/acm_2026/outputs/coordinator/rc2_full_metrics_20260610_143622/MeshMamba/rgb_texture/baseline_screen_space/TomatoBeefSteak_V1_L3/sigma0p05_recenter_rotx90p0_horizontaltovertical_blender_rig/TomatoBeefSteak_V1_L3_report.json,/mnt/ssd1/29d_kon/acm_2026/outputs/coordinator/rc2_full_metrics_20260610_143622/MeshMamba/_logs/rgb_texture/screen_space/TomatoBeefSteak_V1_L3.log,TomatoBeefSteak_v1.csv,32868,,,53964,450,horizontal_to_vertical,json_camera_static.fov_degrees,60.000001669652114,35.98339890412515,0.45125273312488,0.6307440339798792,1.3213827679061994,0.07052667006033701,0.1724909600184799,0.5898985265505776,0.6970995854222537,0.7208509083878912,0.7155167308446371,0.619694384040998,0.6032114584369715,0.6057335593127481,0.11346479744312468,3.5187350734685667,4836.8679329999995,28246,7793548,,,,,ok,,,/mnt/ssd1/29d_kon/acm_2026/outputs/coordinator/rc2_full_metrics_20260610_143622/MeshMamba/rgb_texture/baseline_cone/TomatoBeefSteak_V1_L3/recenter_rotx90p0_horizontaltovertical_blender_rig/TomatoBeefSteak_V1_L3_report.json,/mnt/ssd1/29d_kon/acm_2026/outputs/coordinator/rc2_full_metrics_20260610_143622/MeshMamba/_logs/rgb_texture/cone/TomatoBeefSteak_V1_L3.log,TomatoBeefSteak_v1.csv,32868,,,53964,450,horizontal_to_vertical,json_camera_static.fov_degrees,60.000001669652114,35.98339890412515,0.5927209007206641,0.6845219606658101,0.8700208793275666,0.02494300301630361,0.08942655326537773,0.7345458807364469,0.7569718566785721,0.8463250452031349,0.8040209356861308,0.6720918297621998,1.1481463541683015,1.0021026320939495,0.027210740019607594,12167810.824475355,4836.8679329999995,,,0.9365502927877845,50540,53964,27800
rgb_texture,Tricorn_Hat_v1_L2,ok,,,/mnt/ssd1/29d_kon/acm_2026/outputs/coordinator/rc2_full_metrics_20260610_143622/MeshMamba/rgb_texture/baseline_screen_space/Tricorn_Hat_v1_L2/sigma0p05_recenter_rotx90p0_horizontaltovertical_blender_rig/Tricorn_Hat_v1_L2_report.json,/mnt/ssd1/29d_kon/acm_2026/outputs/coordinator/rc2_full_metrics_20260610_143622/MeshMamba/_logs/rgb_texture/screen_space/Tricorn_Hat_v1_L2.log,Tricorn_Hat_v1_l2.csv,32868,,,52465,450,horizontal_to_vertical,json_camera_static.fov_degrees,60.000001669652114,35.98339890412515,0.01828819568939027,0.4514394653056374,4.814317497004567,0.08540464502819173,0.23001832767770097,-0.004466961031918652,0.4675262881723964,0.5325420920176204,0.514076665557033,0.652179227340098,0.05327685457937096,-0.09810235607717352,-0.05210286620737108,2.4450456400710263,3896.454268,28682,7434612,,,,,ok,,,/mnt/ssd1/29d_kon/acm_2026/outputs/coordinator/rc2_full_metrics_20260610_143622/MeshMamba/rgb_texture/baseline_cone/Tricorn_Hat_v1_L2/recenter_rotx90p0_horizontaltovertical_blender_rig/Tricorn_Hat_v1_L2_report.json,/mnt/ssd1/29d_kon/acm_2026/outputs/coordinator/rc2_full_metrics_20260610_143622/MeshMamba/_logs/rgb_texture/cone/Tricorn_Hat_v1_L2.log,Tricorn_Hat_v1_l2.csv,32868,,,52465,450,horizontal_to_vertical,json_camera_static.fov_degrees,60.000001669652114,35.98339890412515,-0.06510636433272185,0.41025775200857373,1.3629810218370033,0.08672838936073068,0.22323977142844167,-0.07611961359741051,0.4053543654601276,0.51152490323039,0.4238558792350759,0.39241206086948643,-0.03537051999290746,-0.37276752202779145,-0.46760472055021984,5883263.65207285,3896.454268,,,0.7540455541789765,39561,52465,32868
rgb_texture,UFO_v1_L2,ok,,,/mnt/ssd1/29d_kon/acm_2026/outputs/coordinator/rc2_full_metrics_20260610_143622/MeshMamba/rgb_texture/baseline_screen_space/UFO_v1_L2/sigma0p05_recenter_rotx90p0_horizontaltovertical_blender_rig/UFO_v1_L2_report.json,/mnt/ssd1/29d_kon/acm_2026/outputs/coordinator/rc2_full_metrics_20260610_143622/MeshMamba/_logs/rgb_texture/screen_space/UFO_v1_L2.log,UFO_V1_l2.csv,32868,,,55463,450,horizontal_to_vertical,json_camera_static.fov_degrees,60.000001669652114,35.98339890412515,-0.10199223626231671,0.45137616728979774,5.533483625285497,0.10896947131294595,0.2550596332371317,-0.024989075551599033,0.4695827254901419,0.41334201943302085,0.42517065682833033,0.4657095609654667,-0.36516954119199563,-0.3405232913796289,-0.23997765569283835,3.3034277455814505,6430.99971,22258,8155330,,,,,ok,,,/mnt/ssd1/29d_kon/acm_2026/outputs/coordinator/rc2_full_metrics_20260610_143622/MeshMamba/rgb_texture/baseline_cone/UFO_v1_L2/recenter_rotx90p0_horizontaltovertical_blender_rig/UFO_v1_L2_report.json,/mnt/ssd1/29d_kon/acm_2026/outputs/coordinator/rc2_full_metrics_20260610_143622/MeshMamba/_logs/rgb_texture/cone/UFO_v1_L2.log,UFO_V1_l2.csv,32868,,,55463,450,horizontal_to_vertical,json_camera_static.fov_degrees,60.000001669652114,35.98339890412515,-0.08987304889435138,0.3559860996532165,2.1095912767182323,0.07408537662429464,0.1984460542255353,0.005952014200614114,0.3644108565158553,0.48959337228228256,0.48971482959954066,0.5067946988280886,-0.4145806340381166,-0.416756743500386,-0.3986251117641917,9871472.187856905,6430.99971,,,0.8173016245064277,45330,55463,30834
rgb_texture,Volto_Mask_v1_L2,ok,,,/mnt/ssd1/29d_kon/acm_2026/outputs/coordinator/rc2_full_metrics_20260610_143622/MeshMamba/rgb_texture/baseline_screen_space/Volto_Mask_v1_L2/sigma0p05_recenter_rotx90p0_horizontaltovertical_blender_rig/Volto_Mask_v1_L2_report.json,/mnt/ssd1/29d_kon/acm_2026/outputs/coordinator/rc2_full_metrics_20260610_143622/MeshMamba/_logs/rgb_texture/screen_space/Volto_Mask_v1_L2.log,Volto_Mask_L2.csv,32868,,,52465,450,horizontal_to_vertical,json_camera_static.fov_degrees,60.000001669652114,35.98339890412515,0.1631448148499956,0.6889933473668224,0.786453107872146,0.04646744656457869,0.16639671257532015,0.10335840546408036,0.7683431781786514,0.6016974147608932,0.6304916736953855,0.7360072752537965,0.41845957968806996,0.5544907519659197,1.0658516631890707,3.3454229137702423,9545.420637,32254,7429667,,,,,ok,,,/mnt/ssd1/29d_kon/acm_2026/outputs/coordinator/rc2_full_metrics_20260610_143622/MeshMamba/rgb_texture/baseline_cone/Volto_Mask_v1_L2/recenter_rotx90p0_horizontaltovertical_blender_rig/Volto_Mask_v1_L2_report.json,/mnt/ssd1/29d_kon/acm_2026/outputs/coordinator/rc2_full_metrics_20260610_143622/MeshMamba/_logs/rgb_texture/cone/Volto_Mask_v1_L2.log,Volto_Mask_L2.csv,32868,,,52465,450,horizontal_to_vertical,json_camera_static.fov_degrees,60.000001669652114,35.98339890412515,0.1477715080505777,0.6000732178424519,0.664427405570179,0.07407878979537603,0.21110860904078144,0.1016403794985455,0.6589038196685679,0.5833085534444481,0.631177304967855,0.7064711030420263,0.32457390538492736,0.42232255428811066,0.5700704412970744,15003401.837963667,9545.420637,,,0.8100638520918708,42500,52465,32868
rgb_texture,WWII_Plane-Germany_Focke-Wulf_Fw_190_v1,ok,,,/mnt/ssd1/29d_kon/acm_2026/outputs/coordinator/rc2_full_metrics_20260610_143622/MeshMamba/rgb_texture/baseline_screen_space/WWII_Plane-Germany_Focke-Wulf_Fw_190_v1/sigma0p05_recenter_rotx90p0_horizontaltovertical_blender_rig/WWII_Plane-Germany_Focke-Wulf_Fw_190_v1_report.json,/mnt/ssd1/29d_kon/acm_2026/outputs/coordinator/rc2_full_metrics_20260610_143622/MeshMamba/_logs/rgb_texture/screen_space/WWII_Plane-Germany_Focke-Wulf_Fw_190_v1.log,WWII_Plane-Germany_Focke-Wulf_FW_190_v1_l3.csv,32868,,,52465,450,horizontal_to_vertical,json_camera_static.fov_degrees,60.000001669652114,35.98339890412515,-0.04002745712201157,0.5139081839894932,3.737932548039384,0.10898428675788657,0.26515761502407165,-0.022874175762923856,0.5732854024520991,0.45304984029711726,0.45789849953214595,0.42769733135761984,-0.16367104508254932,-0.2295096807600467,-0.3986908148249737,3.6190747422002962,8263.411691000001,25766,7780491,,,,,ok,,,/mnt/ssd1/29d_kon/acm_2026/outputs/coordinator/rc2_full_metrics_20260610_143622/MeshMamba/rgb_texture/baseline_cone/WWII_Plane-Germany_Focke-Wulf_Fw_190_v1/recenter_rotx90p0_horizontaltovertical_blender_rig/WWII_Plane-Germany_Focke-Wulf_Fw_190_v1_report.json,/mnt/ssd1/29d_kon/acm_2026/outputs/coordinator/rc2_full_metrics_20260610_143622/MeshMamba/_logs/rgb_texture/cone/WWII_Plane-Germany_Focke-Wulf_Fw_190_v1.log,WWII_Plane-Germany_Focke-Wulf_FW_190_v1_l3.csv,32868,,,52465,450,horizontal_to_vertical,json_camera_static.fov_degrees,60.000001669652114,35.98339890412515,-0.06882131933515567,0.4371583256638879,1.106951263210737,0.08849606128577304,0.2356547430830761,0.02195843370076975,0.4772699907793414,0.4074257050456468,0.3670980484473544,0.2917956016493091,-0.4449779716685983,-0.5087917259061276,-0.6350314353133578,11985166.721239025,8263.411691000001,,,0.46093586200324027,24183,52465,32458
rgb_texture,Watermelon_V1_L3,ok,,,/mnt/ssd1/29d_kon/acm_2026/outputs/coordinator/rc2_full_metrics_20260610_143622/MeshMamba/rgb_texture/baseline_screen_space/Watermelon_V1_L3/sigma0p05_recenter_rotx90p0_horizontaltovertical_blender_rig/Watermelon_V1_L3_report.json,/mnt/ssd1/29d_kon/acm_2026/outputs/coordinator/rc2_full_metrics_20260610_143622/MeshMamba/_logs/rgb_texture/screen_space/Watermelon_V1_L3.log,Watermelon_v1-L3.csv,32868,,,52465,450,horizontal_to_vertical,json_camera_static.fov_degrees,60.000001669652114,35.98339890412515,0.041317346092231116,0.31502359610867703,1.8053730275389535,0.11824492072587747,0.26648891751694903,0.13363147902041791,0.38146485815245534,0.5668856038799357,0.5898637009057229,0.6339861887502591,0.09979705784119877,0.19174419795052577,0.23403843790088324,1.212617524676423,4469.440124,29066,8772202,,,,,ok,,,/mnt/ssd1/29d_kon/acm_2026/outputs/coordinator/rc2_full_metrics_20260610_143622/MeshMamba/rgb_texture/baseline_cone/Watermelon_V1_L3/recenter_rotx90p0_horizontaltovertical_blender_rig/Watermelon_V1_L3_report.json,/mnt/ssd1/29d_kon/acm_2026/outputs/coordinator/rc2_full_metrics_20260610_143622/MeshMamba/_logs/rgb_texture/cone/Watermelon_V1_L3.log,Watermelon_v1-L3.csv,32868,,,52465,450,horizontal_to_vertical,json_camera_static.fov_degrees,60.000001669652114,35.98339890412515,-0.055376401205903446,0.23462190007818998,2.275043451806912,0.0869694461111584,0.1573985647480184,0.16511313651660675,0.22510677398784346,0.6132240355196384,0.6330716012169814,0.6619480985688345,-0.16991951606019687,-0.14115190551561654,-0.0953340194488363,3286112.972671981,4469.440124,,,0.9225960163918803,48404,52465,27597
rgb_texture,Whale_v4_L3,ok,,,/mnt/ssd1/29d_kon/acm_2026/outputs/coordinator/rc2_full_metrics_20260610_143622/MeshMamba/rgb_texture/baseline_screen_space/Whale_v4_L3/sigma0p05_recenter_rotx90p0_horizontaltovertical_blender_rig/Whale_v4_L3_report.json,/mnt/ssd1/29d_kon/acm_2026/outputs/coordinator/rc2_full_metrics_20260610_143622/MeshMamba/_logs/rgb_texture/screen_space/Whale_v4_L3.log,Whale_v2_L3.csv,32868,,,52465,450,horizontal_to_vertical,json_camera_static.fov_degrees,60.000001669652114,35.98339890412515,-0.27914376440612415,0.5113541021947272,2.3289840987458614,0.11278819705439147,0.27634384039903115,-0.27644632441577127,0.548551501602657,0.2923483535850324,0.2315981495144106,0.25464640000388594,-0.6047850515723846,-0.8295896474547418,-0.7713307891834152,3.2219956914341368,7369.718583,28958,7812032,,,,,ok,,,/mnt/ssd1/29d_kon/acm_2026/outputs/coordinator/rc2_full_metrics_20260610_143622/MeshMamba/rgb_texture/baseline_cone/Whale_v4_L3/recenter_rotx90p0_horizontaltovertical_blender_rig/Whale_v4_L3_report.json,/mnt/ssd1/29d_kon/acm_2026/outputs/coordinator/rc2_full_metrics_20260610_143622/MeshMamba/_logs/rgb_texture/cone/Whale_v4_L3.log,Whale_v2_L3.csv,32868,,,52465,450,horizontal_to_vertical,json_camera_static.fov_degrees,60.000001669652114,35.98339890412515,-0.3384167911011732,0.35146318969714424,1.7567703243190134,0.10381203809533376,0.2578438943354014,-0.3381047386073941,0.33681850469204355,0.3114074417747346,0.2201937218578509,0.20236847417422216,-0.572870872006342,-0.7900151386739568,-0.8123837339811134,8625780.137683759,7369.718583,,,0.4021347565043362,21098,52465,32868
rgb_texture,White-TailedDeer_V1_L2,ok,,,/mnt/ssd1/29d_kon/acm_2026/outputs/coordinator/rc2_full_metrics_20260610_143622/MeshMamba/rgb_texture/baseline_screen_space/White-TailedDeer_V1_L2/sigma0p05_recenter_rotx90p0_horizontaltovertical_blender_rig/White-TailedDeer_V1_L2_report.json,/mnt/ssd1/29d_kon/acm_2026/outputs/coordinator/rc2_full_metrics_20260610_143622/MeshMamba/_logs/rgb_texture/screen_space/White-TailedDeer_V1_L2.log,White-Tailed_Deer_v1_l2.csv,32868,,,53964,450,horizontal_to_vertical,json_camera_static.fov_degrees,60.000001669652114,35.98339890412515,-0.3427163832946764,0.3762726829405675,2.4364835115059926,0.10939474953453428,0.2617994900143474,-0.38056478670682425,0.361345709058574,0.3538312714748253,0.36033271165794856,0.3312739699501117,-0.4970216474489481,-0.5037768378890953,-0.588867187650286,1.58037236410589,6713.039653999999,30622,7906154,,,,,ok,,,/mnt/ssd1/29d_kon/acm_2026/outputs/coordinator/rc2_full_metrics_20260610_143622/MeshMamba/rgb_texture/baseline_cone/White-TailedDeer_V1_L2/recenter_rotx90p0_horizontaltovertical_blender_rig/White-TailedDeer_V1_L2_report.json,/mnt/ssd1/29d_kon/acm_2026/outputs/coordinator/rc2_full_metrics_20260610_143622/MeshMamba/_logs/rgb_texture/cone/White-TailedDeer_V1_L2.log,White-Tailed_Deer_v1_l2.csv,32868,,,53964,450,horizontal_to_vertical,json_camera_static.fov_degrees,60.000001669652114,35.98339890412515,-0.14844216360240603,0.3671051659392856,1.3025818833586285,0.08541999023712313,0.20679946287979437,-0.2052748774743192,0.3488481975858246,0.6350046090953287,0.7417487067001303,0.8108239717202579,0.05327607371688056,0.32306703098764095,0.5059541202971474,4263614.837485733,6713.039653999999,,,0.4423875176043288,23873,53964,32868
rgb_texture,Wicker_Basket_v1_L3,ok,,,/mnt/ssd1/29d_kon/acm_2026/outputs/coordinator/rc2_full_metrics_20260610_143622/MeshMamba/rgb_texture/baseline_screen_space/Wicker_Basket_v1_L3/sigma0p05_recenter_rotx90p0_horizontaltovertical_blender_rig/Wicker_Basket_v1_L3_report.json,/mnt/ssd1/29d_kon/acm_2026/outputs/coordinator/rc2_full_metrics_20260610_143622/MeshMamba/_logs/rgb_texture/screen_space/Wicker_Basket_v1_L3.log,Wicker_Basket_v1_L3.csv,32868,,,56962,450,horizontal_to_vertical,json_camera_static.fov_degrees,60.000001669652114,35.98339890412515,0.021944194047701246,0.5433900782399151,1.2085680479702798,0.06882003864143924,0.20981350539655133,0.007582831517520427,0.6097620115666313,0.5685295150614227,0.561056930753248,0.47829987694915743,0.1702563567238876,0.18040246387826164,-0.13968891278367004,2.2561295658209035,6582.309533,31357,7472762,,,,,ok,,,/mnt/ssd1/29d_kon/acm_2026/outputs/coordinator/rc2_full_metrics_20260610_143622/MeshMamba/rgb_texture/baseline_cone/Wicker_Basket_v1_L3/recenter_rotx90p0_horizontaltovertical_blender_rig/Wicker_Basket_v1_L3_report.json,/mnt/ssd1/29d_kon/acm_2026/outputs/coordinator/rc2_full_metrics_20260610_143622/MeshMamba/_logs/rgb_texture/cone/Wicker_Basket_v1_L3.log,Wicker_Basket_v1_L3.csv,32868,,,56962,450,horizontal_to_vertical,json_camera_static.fov_degrees,60.000001669652114,35.98339890412515,0.003174259264299625,0.5455623141028005,0.6372224361494028,0.08613427237224998,0.23746955026792654,0.008779660695519189,0.6190314758212687,0.6309765268690805,0.6728911739238579,0.6421760336041922,0.25837371434664996,0.3823201714368486,0.23068137548992507,9244084.276566328,6582.309533,,,0.7121063164916962,40563,56962,32868
rgb_texture,ball_car_v1_L3,ok,,,/mnt/ssd1/29d_kon/acm_2026/outputs/coordinator/rc2_full_metrics_20260610_143622/MeshMamba/rgb_texture/baseline_screen_space/ball_car_v1_L3/sigma0p05_recenter_rotx90p0_horizontaltovertical_blender_rig/ball_car_v1_L3_report.json,/mnt/ssd1/29d_kon/acm_2026/outputs/coordinator/rc2_full_metrics_20260610_143622/MeshMamba/_logs/rgb_texture/screen_space/ball_car_v1_L3.log,ball_car_v1_L3.csv,32868,,,53964,450,horizontal_to_vertical,json_camera_static.fov_degrees,60.000001669652114,35.98339890412515,0.05657436125602155,0.5113090323833966,4.2879376653056465,0.08905431299749038,0.22703782009335183,-0.03517167918991655,0.568328568144062,0.5146331770303681,0.5814380143354698,0.7583127976145717,0.11842817673974522,0.3156426559792682,0.846132756254363,1.0518431959196053,4155.974491,28134,9123998,,,,,ok,,,/mnt/ssd1/29d_kon/acm_2026/outputs/coordinator/rc2_full_metrics_20260610_143622/MeshMamba/rgb_texture/baseline_cone/ball_car_v1_L3/recenter_rotx90p0_horizontaltovertical_blender_rig/ball_car_v1_L3_report.json,/mnt/ssd1/29d_kon/acm_2026/outputs/coordinator/rc2_full_metrics_20260610_143622/MeshMamba/_logs/rgb_texture/cone/ball_car_v1_L3.log,ball_car_v1_L3.csv,32868,,,53964,450,horizontal_to_vertical,json_camera_static.fov_degrees,60.000001669652114,35.98339890412515,0.09549237327918923,0.3824659989704814,4.829412426350125,0.030482342883463007,0.12193828094853916,-0.05777878069082612,0.3783328535163955,0.5060023399318339,0.595203735055011,0.7791052420518337,0.2270331553356961,0.4080038629168645,1.152187133142041,3177751.1992025827,4155.974491,,,0.9753910014083463,52636,53964,28360
rgb_texture,barbiegirl_V1_L3,ok,,,/mnt/ssd1/29d_kon/acm_2026/outputs/coordinator/rc2_full_metrics_20260610_143622/MeshMamba/rgb_texture/baseline_screen_space/barbiegirl_V1_L3/sigma0p05_recenter_rotx90p0_horizontaltovertical_blender_rig/barbiegirl_V1_L3_report.json,/mnt/ssd1/29d_kon/acm_2026/outputs/coordinator/rc2_full_metrics_20260610_143622/MeshMamba/_logs/rgb_texture/screen_space/barbiegirl_V1_L3.log,barbiedoll_v1_L3.csv,32868,,,52465,450,horizontal_to_vertical,json_camera_static.fov_degrees,60.000001669652114,35.98339890412515,0.387757473441767,0.6957231981465439,0.7651234352607419,0.05481848138139172,0.19172727051141503,0.5039363814516693,0.7951779037482107,0.7327999279913381,0.6729079762245399,0.6630752939820357,0.5768877105460043,0.44907759778720047,0.4051991614554414,4.845356385818439,8041.550621,31252,7797886,,,,,ok,,,/mnt/ssd1/29d_kon/acm_2026/outputs/coordinator/rc2_full_metrics_20260610_143622/MeshMamba/rgb_texture/baseline_cone/barbiegirl_V1_L3/recenter_rotx90p0_horizontaltovertical_blender_rig/barbiegirl_V1_L3_report.json,/mnt/ssd1/29d_kon/acm_2026/outputs/coordinator/rc2_full_metrics_20260610_143622/MeshMamba/_logs/rgb_texture/cone/barbiegirl_V1_L3.log,barbiedoll_v1_L3.csv,32868,,,52465,450,horizontal_to_vertical,json_camera_static.fov_degrees,60.000001669652114,35.98339890412515,0.4997586946571574,0.7077292273160286,0.29253030095340615,0.043003119228763126,0.14013376190734092,0.7068669145689948,0.788973435509859,0.7516341948047606,0.6978463697367986,0.6981719668453035,0.5041540827596369,0.06724468890326597,0.08224558150322386,43307683.125363246,8041.550621,,,0.7866196511960355,41270,52465,32868
rgb_texture,cathedral_wood_radio_v2_L1,ok,,,/mnt/ssd1/29d_kon/acm_2026/outputs/coordinator/rc2_full_metrics_20260610_143622/MeshMamba/rgb_texture/baseline_screen_space/cathedral_wood_radio_v2_L1/sigma0p05_recenter_rotx90p0_horizontaltovertical_blender_rig/cathedral_wood_radio_v2_L1_report.json,/mnt/ssd1/29d_kon/acm_2026/outputs/coordinator/rc2_full_metrics_20260610_143622/MeshMamba/_logs/rgb_texture/screen_space/cathedral_wood_radio_v2_L1.log,cathedral_wood_radio_v2_NEW.csv,32868,,,52465,450,horizontal_to_vertical,json_camera_static.fov_degrees,60.000001669652114,35.98339890412515,0.174407945456843,0.42843569607214776,2.5063529985832567,0.05925986211490721,0.18734644378165025,0.14308583185642212,0.5052863938957309,0.5978573813203076,0.7041364497987386,0.784393541871802,0.37603698209832226,0.7566507276652445,0.9672016226824633,2.2749010493373247,3505.498785,29927,7654262,,,,,ok,,,/mnt/ssd1/29d_kon/acm_2026/outputs/coordinator/rc2_full_metrics_20260610_143622/MeshMamba/rgb_texture/baseline_cone/cathedral_wood_radio_v2_L1/recenter_rotx90p0_horizontaltovertical_blender_rig/cathedral_wood_radio_v2_L1_report.json,/mnt/ssd1/29d_kon/acm_2026/outputs/coordinator/rc2_full_metrics_20260610_143622/MeshMamba/_logs/rgb_texture/cone/cathedral_wood_radio_v2_L1.log,cathedral_wood_radio_v2_NEW.csv,32868,,,52465,450,horizontal_to_vertical,json_camera_static.fov_degrees,60.000001669652114,35.98339890412515,0.15519261665526965,0.41693886310303546,1.4032393386318707,0.03467777225606787,0.11290223587476204,0.1388392637969265,0.4350436133914622,0.6027723355383552,0.7111256614164786,0.8304731539828147,0.3878994921580984,0.7496335591591878,0.811490401124397,5448551.674837863,3505.498785,,,0.9235109120365959,48452,52465,32607
rgb_texture,doll_v3_L3,ok,,,/mnt/ssd1/29d_kon/acm_2026/outputs/coordinator/rc2_full_metrics_20260610_143622/MeshMamba/rgb_texture/baseline_screen_space/doll_v3_L3/sigma0p05_recenter_rotx90p0_horizontaltovertical_blender_rig/doll_v3_L3_report.json,/mnt/ssd1/29d_kon/acm_2026/outputs/coordinator/rc2_full_metrics_20260610_143622/MeshMamba/_logs/rgb_texture/screen_space/doll_v3_L3.log,doll_v3_L3.csv,32868,,,53964,450,horizontal_to_vertical,json_camera_static.fov_degrees,60.000001669652114,35.98339890412515,0.5470228787458545,0.6051744768041244,1.214771543502149,0.04535914876055996,0.16225891423528088,0.45731230341045825,0.7400580728684274,0.8714008511967681,0.8494181709060283,0.8313542570519307,1.3692751094052833,1.4467047739373728,1.4749851750589502,3.8536121552381943,5301.94017,30101,7843832,,,,,ok,,,/mnt/ssd1/29d_kon/acm_2026/outputs/coordinator/rc2_full_metrics_20260610_143622/MeshMamba/rgb_texture/baseline_cone/doll_v3_L3/recenter_rotx90p0_horizontaltovertical_blender_rig/doll_v3_L3_report.json,/mnt/ssd1/29d_kon/acm_2026/outputs/coordinator/rc2_full_metrics_20260610_143622/MeshMamba/_logs/rgb_texture/cone/doll_v3_L3.log,doll_v3_L3.csv,32868,,,53964,450,horizontal_to_vertical,json_camera_static.fov_degrees,60.000001669652114,35.98339890412515,0.21461590183006288,0.5050393287051442,0.8244499150609823,0.05537154749578541,0.1469509713018633,0.35541408217379933,0.4955947886462356,0.8387125481500589,0.9094620057220941,0.9454251344493692,0.6873905727787175,0.9537779304694873,1.4879708114367634,13147330.492276859,5301.94017,,,0.819212808539026,44208,53964,32851
rgb_texture,dolphin_v1_L3,ok,,,/mnt/ssd1/29d_kon/acm_2026/outputs/coordinator/rc2_full_metrics_20260610_143622/MeshMamba/rgb_texture/baseline_screen_space/dolphin_v1_L3/sigma0p05_recenter_rotx90p0_horizontaltovertical_blender_rig/dolphin_v1_L3_report.json,/mnt/ssd1/29d_kon/acm_2026/outputs/coordinator/rc2_full_metrics_20260610_143622/MeshMamba/_logs/rgb_texture/screen_space/dolphin_v1_L3.log,dolphin_v2_max2011_it2.csv,32868,,,52465,450,horizontal_to_vertical,json_camera_static.fov_degrees,60.000001669652114,35.98339890412515,-0.043571853853159995,0.5775179645436948,0.9451883217622798,0.04214720923664237,0.15669382679198438,-0.1579714200126028,0.5979334276537586,0.4821852456765415,0.5511596256357796,0.6868091701228107,-0.0857636190201098,0.07749809777308096,0.5443787253733691,2.2152128168653418,3794.8916879999997,32198,7834387,,,,,ok,,,/mnt/ssd1/29d_kon/acm_2026/outputs/coordinator/rc2_full_metrics_20260610_143622/MeshMamba/rgb_texture/baseline_cone/dolphin_v1_L3/recenter_rotx90p0_horizontaltovertical_blender_rig/dolphin_v1_L3_report.json,/mnt/ssd1/29d_kon/acm_2026/outputs/coordinator/rc2_full_metrics_20260610_143622/MeshMamba/_logs/rgb_texture/cone/dolphin_v1_L3.log,dolphin_v2_max2011_it2.csv,32868,,,52465,450,horizontal_to_vertical,json_camera_static.fov_degrees,60.000001669652114,35.98339890412515,-0.04916352155819792,0.4482117772663444,0.9897617970771336,0.025424519681460953,0.11151313390519035,-0.1251025712967843,0.4200974453514199,0.5117870988464411,0.614218562690874,0.6985789136272387,-0.11701883079220214,-0.09279084055080132,0.06750838126746249,5761960.582832381,3794.8916879999997,,,0.543028685790527,28490,52465,32868
rgb_texture,egypt_sphinx_V2_L3,ok,,,/mnt/ssd1/29d_kon/acm_2026/outputs/coordinator/rc2_full_metrics_20260610_143622/MeshMamba/rgb_texture/baseline_screen_space/egypt_sphinx_V2_L3/sigma0p05_recenter_rotx90p0_horizontaltovertical_blender_rig/egypt_sphinx_V2_L3_report.json,/mnt/ssd1/29d_kon/acm_2026/outputs/coordinator/rc2_full_metrics_20260610_143622/MeshMamba/_logs/rgb_texture/screen_space/egypt_sphinx_V2_L3.log,egypt_sphinx_iterations-2.csv,32868,,,53964,450,horizontal_to_vertical,json_camera_static.fov_degrees,60.000001669652114,35.98339890412515,0.0563200587700414,0.5505221489993828,2.4238063363322877,0.07114431529479205,0.2036426475321788,0.13084567834219785,0.5961699530912926,0.5426445938013044,0.4226474577700228,0.3902839622614191,0.05807071516097104,-0.2900072858950835,-0.37806177987737444,3.7225218795422816,6606.109107,27483,7776033,,,,,ok,,,/mnt/ssd1/29d_kon/acm_2026/outputs/coordinator/rc2_full_metrics_20260610_143622/MeshMamba/rgb_texture/baseline_cone/egypt_sphinx_V2_L3/recenter_rotx90p0_horizontaltovertical_blender_rig/egypt_sphinx_V2_L3_report.json,/mnt/ssd1/29d_kon/acm_2026/outputs/coordinator/rc2_full_metrics_20260610_143622/MeshMamba/_logs/rgb_texture/cone/egypt_sphinx_V2_L3.log,egypt_sphinx_iterations-2.csv,32868,,,53964,450,horizontal_to_vertical,json_camera_static.fov_degrees,60.000001669652114,35.98339890412515,0.13267786029292353,0.560001935369264,1.3125198750477414,0.05840706784488525,0.16298919903628095,0.14377242021121703,0.5460847245774104,0.5879213820833428,0.40494721291813074,0.19406158483095945,0.47710279218553875,-0.015790390021419923,-0.8043061601534685,12683684.686069492,6606.109107,,,0.5670817582091765,30602,53964,32728
rgb_texture,football_v2_L3,ok,,,/mnt/ssd1/29d_kon/acm_2026/outputs/coordinator/rc2_full_metrics_20260610_143622/MeshMamba/rgb_texture/baseline_screen_space/football_v2_L3/sigma0p05_recenter_rotx90p0_horizontaltovertical_blender_rig/football_v2_L3_report.json,/mnt/ssd1/29d_kon/acm_2026/outputs/coordinator/rc2_full_metrics_20260610_143622/MeshMamba/_logs/rgb_texture/screen_space/football_v2_L3.log,football_v2_L3.csv,32868,,,55463,450,horizontal_to_vertical,json_camera_static.fov_degrees,60.000001669652114,35.98339890412515,0.10782942601499274,0.5459145618797855,2.3728757571413173,0.10589715401618002,0.24321857644808437,0.1318848987123242,0.6007661924675195,0.534506095976081,0.5527939683773104,0.44730681377343684,0.140250343318071,0.24231174276677817,-0.06979994019990667,1.7441934691530423,5599.625503,29105,8681083,,,,,ok,,,/mnt/ssd1/29d_kon/acm_2026/outputs/coordinator/rc2_full_metrics_20260610_143622/MeshMamba/rgb_texture/baseline_cone/football_v2_L3/recenter_rotx90p0_horizontaltovertical_blender_rig/football_v2_L3_report.json,/mnt/ssd1/29d_kon/acm_2026/outputs/coordinator/rc2_full_metrics_20260610_143622/MeshMamba/_logs/rgb_texture/cone/football_v2_L3.log,football_v2_L3.csv,32868,,,55463,450,horizontal_to_vertical,json_camera_static.fov_degrees,60.000001669652114,35.98339890412515,0.11030502279339023,0.47078785035544646,3.6951872459653954,0.04056533643974476,0.1417645754359306,0.13818521652919794,0.4727882068519275,0.5419945864534713,0.5492370820405789,0.45078480058206516,0.1777362712050691,0.2686663659646877,0.21754249920080837,5168167.915585631,5599.625503,,,0.9448280835872563,52403,55463,27312
rgb_texture,modern_tabletop_radio_v1_L1,ok,,,/mnt/ssd1/29d_kon/acm_2026/outputs/coordinator/rc2_full_metrics_20260610_143622/MeshMamba/rgb_texture/baseline_screen_space/modern_tabletop_radio_v1_L1/sigma0p05_recenter_rotx90p0_horizontaltovertical_blender_rig/modern_tabletop_radio_v1_L1_report.json,/mnt/ssd1/29d_kon/acm_2026/outputs/coordinator/rc2_full_metrics_20260610_143622/MeshMamba/_logs/rgb_texture/screen_space/modern_tabletop_radio_v1_L1.log,modern_tabletop_radio_v1_NEW.csv,32868,,,52465,450,horizontal_to_vertical,json_camera_static.fov_degrees,60.000001669652114,35.98339890412515,0.04996931524828879,0.3864645761045855,3.2199028349132313,0.07515999234939097,0.20298683498947812,0.0270621740437985,0.4336842615592675,0.566962954363513,0.5758103735008256,0.5575177451309072,0.12866065912702826,0.08255625205438166,-0.1039845635118016,1.946674504817445,4440.408199,29132,7642730,,,,,ok,,,/mnt/ssd1/29d_kon/acm_2026/outputs/coordinator/rc2_full_metrics_20260610_143622/MeshMamba/rgb_texture/baseline_cone/modern_tabletop_radio_v1_L1/recenter_rotx90p0_horizontaltovertical_blender_rig/modern_tabletop_radio_v1_L1_report.json,/mnt/ssd1/29d_kon/acm_2026/outputs/coordinator/rc2_full_metrics_20260610_143622/MeshMamba/_logs/rgb_texture/cone/modern_tabletop_radio_v1_L1.log,modern_tabletop_radio_v1_NEW.csv,32868,,,52465,450,horizontal_to_vertical,json_camera_static.fov_degrees,60.000001669652114,35.98339890412515,-0.1558068210005492,0.2475753691384771,2.2291437818510524,0.07197403897869407,0.17029556398265094,-0.19379634705377927,0.1888019319295314,0.4813836844494376,0.5314698325357062,0.4962713903941877,-0.2460299433909956,-0.2039654312361636,-0.3036513214824301,3356760.42281211,4440.408199,,,0.8276755932526446,43424,52465,32297
rgb_texture,robot_v1_L3,ok,,,/mnt/ssd1/29d_kon/acm_2026/outputs/coordinator/rc2_full_metrics_20260610_143622/MeshMamba/rgb_texture/baseline_screen_space/robot_v1_L3/sigma0p05_recenter_rotx90p0_horizontaltovertical_blender_rig/robot_v1_L3_report.json,/mnt/ssd1/29d_kon/acm_2026/outputs/coordinator/rc2_full_metrics_20260610_143622/MeshMamba/_logs/rgb_texture/screen_space/robot_v1_L3.log,robot_v1_L3.csv,32868,,,52465,450,horizontal_to_vertical,json_camera_static.fov_degrees,60.000001669652114,35.98339890412515,0.12665362129883315,0.6096866441722578,2.0183016127883313,0.05710360349748553,0.1862729294446598,0.07819130314789587,0.680009722673599,0.4923989497077564,0.5004474964046,0.6983507095670372,0.14414163728816126,0.2799898662696057,1.1837498195823652,3.4527835915404275,7556.589007999999,30190,7862574,,,,,ok,,,/mnt/ssd1/29d_kon/acm_2026/outputs/coordinator/rc2_full_metrics_20260610_143622/MeshMamba/rgb_texture/baseline_cone/robot_v1_L3/recenter_rotx90p0_horizontaltovertical_blender_rig/robot_v1_L3_report.json,/mnt/ssd1/29d_kon/acm_2026/outputs/coordinator/rc2_full_metrics_20260610_143622/MeshMamba/_logs/rgb_texture/cone/robot_v1_L3.log,robot_v1_L3.csv,32868,,,52465,450,horizontal_to_vertical,json_camera_static.fov_degrees,60.000001669652114,35.98339890412515,0.02230714778715849,0.5062881195784685,1.0751688598027642,0.06593091236721758,0.1944826945167465,0.011086693141355526,0.4912162052287501,0.48519186133864967,0.5347907171662201,0.8347792795944377,0.05484831920093023,0.27639369443645573,1.1427271142809212,13396210.151814979,7556.589007999999,,,0.8151148384637378,42765,52465,32868
rgb_texture,statue_Terracotta_squat_v2_L1,ok,,,/mnt/ssd1/29d_kon/acm_2026/outputs/coordinator/rc2_full_metrics_20260610_143622/MeshMamba/rgb_texture/baseline_screen_space/statue_Terracotta_squat_v2_L1/sigma0p05_recenter_rotx90p0_horizontaltovertical_blender_rig/statue_Terracotta_squat_v2_L1_report.json,/mnt/ssd1/29d_kon/acm_2026/outputs/coordinator/rc2_full_metrics_20260610_143622/MeshMamba/_logs/rgb_texture/screen_space/statue_Terracotta_squat_v2_L1.log,statue_Terracotta_squat_v2_l1.csv,32868,,,55463,450,horizontal_to_vertical,json_camera_static.fov_degrees,60.000001669652114,35.98339890412515,0.27840441773799457,0.6500713927322648,0.9084045476869176,0.04970161012715025,0.17098214762849423,0.35170434510752113,0.7085188979019865,0.6762695133975799,0.6128255302085301,0.5027473228058058,0.5654083997410345,0.405184454481685,-0.033531272092530366,3.555644955536838,6131.827327999999,31247,7297447,,,,,ok,,,/mnt/ssd1/29d_kon/acm_2026/outputs/coordinator/rc2_full_metrics_20260610_143622/MeshMamba/rgb_texture/baseline_cone/statue_Terracotta_squat_v2_L1/recenter_rotx90p0_horizontaltovertical_blender_rig/statue_Terracotta_squat_v2_L1_report.json,/mnt/ssd1/29d_kon/acm_2026/outputs/coordinator/rc2_full_metrics_20260610_143622/MeshMamba/_logs/rgb_texture/cone/statue_Terracotta_squat_v2_L1.log,statue_Terracotta_squat_v2_l1.csv,32868,,,55463,450,horizontal_to_vertical,json_camera_static.fov_degrees,60.000001669652114,35.98339890412515,0.24294944279371544,0.5561768332411756,0.6323104816564429,0.052430985442503394,0.14937676608411646,0.3761454451417186,0.5742461905863205,0.7801306590669501,0.7514787972693037,0.6794866034501875,0.5064414567794235,0.33781953234878803,-0.04825518175499137,15533057.2223364,6131.827327999999,,,0.8874745325712637,49222,55463,32868
rgb_texture,statue_Terracotta_v2_l1,ok,,,/mnt/ssd1/29d_kon/acm_2026/outputs/coordinator/rc2_full_metrics_20260610_143622/MeshMamba/rgb_texture/baseline_screen_space/statue_Terracotta_v2_l1/sigma0p05_recenter_rotx90p0_horizontaltovertical_blender_rig/statue_Terracotta_v2_l1_report.json,/mnt/ssd1/29d_kon/acm_2026/outputs/coordinator/rc2_full_metrics_20260610_143622/MeshMamba/_logs/rgb_texture/screen_space/statue_Terracotta_v2_l1.log,statue_Terracotta_v2_l1.csv,32868,,,52465,450,horizontal_to_vertical,json_camera_static.fov_degrees,60.000001669652114,35.98339890412515,0.06488286120656611,0.6691559281685076,0.8268817640676243,0.048840385025303905,0.1716615052229134,0.16454395586339512,0.740516214086372,0.47051387430203934,0.4437714368135311,0.40594774696830954,-0.19646106411667894,-0.2919321987246634,-0.3770970880204677,3.8653569952107834,8911.990369,31117,7419298,,,,,ok,,,/mnt/ssd1/29d_kon/acm_2026/outputs/coordinator/rc2_full_metrics_20260610_143622/MeshMamba/rgb_texture/baseline_cone/statue_Terracotta_v2_l1/recenter_rotx90p0_horizontaltovertical_blender_rig/statue_Terracotta_v2_l1_report.json,/mnt/ssd1/29d_kon/acm_2026/outputs/coordinator/rc2_full_metrics_20260610_143622/MeshMamba/_logs/rgb_texture/cone/statue_Terracotta_v2_l1.log,statue_Terracotta_v2_l1.csv,32868,,,52465,450,horizontal_to_vertical,json_camera_static.fov_degrees,60.000001669652114,35.98339890412515,-0.02584555239216802,0.4688751243909224,1.0459889363925476,0.0919667952269514,0.2389145809325499,-0.06493701607319487,0.4770128258178787,0.19242513018787796,0.12160165919845799,0.053471723573983845,-0.5047120895410744,-0.595475688829399,-0.63954646981669,29949866.96955762,8911.990369,,,0.9018583817783284,47316,52465,32868
rgb_texture,stuffed_animal_v1_L2,ok,,,/mnt/ssd1/29d_kon/acm_2026/outputs/coordinator/rc2_full_metrics_20260610_143622/MeshMamba/rgb_texture/baseline_screen_space/stuffed_animal_v1_L2/sigma0p05_recenter_rotx90p0_horizontaltovertical_blender_rig/stuffed_animal_v1_L2_report.json,/mnt/ssd1/29d_kon/acm_2026/outputs/coordinator/rc2_full_metrics_20260610_143622/MeshMamba/_logs/rgb_texture/screen_space/stuffed_animal_v1_L2.log,stuffed_animal_L2.csv,32868,,,52465,450,horizontal_to_vertical,json_camera_static.fov_degrees,60.000001669652114,35.98339890412515,0.15927549079998995,0.49532371732340197,2.476625475068292,0.06823309772803265,0.20253027910140833,0.08006971001177242,0.5669165398821578,0.5708087523229186,0.6951045654412694,0.74349527352307,0.23063762518086975,0.680130916010107,0.7442413125726207,1.8786485425190684,4611.089694,29035,8096578,,,,,ok,,,/mnt/ssd1/29d_kon/acm_2026/outputs/coordinator/rc2_full_metrics_20260610_143622/MeshMamba/rgb_texture/baseline_cone/stuffed_animal_v1_L2/recenter_rotx90p0_horizontaltovertical_blender_rig/stuffed_animal_v1_L2_report.json,/mnt/ssd1/29d_kon/acm_2026/outputs/coordinator/rc2_full_metrics_20260610_143622/MeshMamba/_logs/rgb_texture/cone/stuffed_animal_v1_L2.log,stuffed_animal_L2.csv,32868,,,52465,450,horizontal_to_vertical,json_camera_static.fov_degrees,60.000001669652114,35.98339890412515,0.03320744335388628,0.38412146697415417,2.0208365726987,0.04524805738666856,0.14408939283531963,0.006675189972152374,0.4037314085126906,0.5147576772668986,0.6436289883694182,0.608099600096438,-0.04952232283194309,0.23523076786062153,0.09699255543587665,4538390.6409299625,4611.089694,,,0.8975507481177928,47090,52465,31540
rgb_texture,watch_digital_v1_L3,ok,,,/mnt/ssd1/29d_kon/acm_2026/outputs/coordinator/rc2_full_metrics_20260610_143622/MeshMamba/rgb_texture/baseline_screen_space/watch_digital_v1_L3/sigma0p05_recenter_rotx90p0_horizontaltovertical_blender_rig/watch_digital_v1_L3_report.json,/mnt/ssd1/29d_kon/acm_2026/outputs/coordinator/rc2_full_metrics_20260610_143622/MeshMamba/_logs/rgb_texture/screen_space/watch_digital_v1_L3.log,watch_digital_v1_Iteration2.csv,32868,,,53964,450,horizontal_to_vertical,json_camera_static.fov_degrees,60.000001669652114,35.98339890412515,0.024912453704671756,0.3666173922519715,2.669412618761074,0.08618544121708119,0.2327168086589989,-0.05628671621529828,0.40003727018671353,0.5481118670852733,0.5632315965228569,0.69568755043632,0.12184818454870726,0.20266221125360526,0.5178410690938762,2.1854016873565967,2121.322712,30447,7691150,,,,,ok,,,/mnt/ssd1/29d_kon/acm_2026/outputs/coordinator/rc2_full_metrics_20260610_143622/MeshMamba/rgb_texture/baseline_cone/watch_digital_v1_L3/recenter_rotx90p0_horizontaltovertical_blender_rig/watch_digital_v1_L3_report.json,/mnt/ssd1/29d_kon/acm_2026/outputs/coordinator/rc2_full_metrics_20260610_143622/MeshMamba/_logs/rgb_texture/cone/watch_digital_v1_L3.log,watch_digital_v1_Iteration2.csv,32868,,,53964,450,horizontal_to_vertical,json_camera_static.fov_degrees,60.000001669652114,35.98339890412515,0.10124509161799553,0.3784594018361699,1.1854440526756176,0.03923316907974247,0.13674066971410312,0.06128189739262375,0.409423828167435,0.6029219867664544,0.6935207075254981,0.8570504265585063,0.2661986540565226,0.5308064268520708,1.0544512526794383,5732401.404286855,2121.322712,,,0.800533689126084,43200,53964,32868
